ISO-10303-21;
HEADER;
FILE_DESCRIPTION (( 'STEP AP214' ),
    '1' );
FILE_NAME ('base.STEP',
    '2026-07-31T21:13:50',
    ( '' ),
    ( '' ),
    'SwSTEP 2.0',
    'SolidWorks 2026',
    '' );
FILE_SCHEMA (( 'AUTOMOTIVE_DESIGN' ));
ENDSEC;

DATA;
#1 = ADVANCED_FACE ( 'NONE', ( #298 ), #2590, .F. ) ;
#2 = LINE ( 'NONE', #606, #2481 ) ;
#3 = AXIS2_PLACEMENT_3D ( 'NONE', #1440, #1155, #2341 ) ;
#4 = CARTESIAN_POINT ( 'NONE',  ( 22.80000000000000071, 0.000000000000000000, 0.000000000000000000 ) ) ;
#5 = ORIENTED_EDGE ( 'NONE', *, *, #459, .F. ) ;
#6 = VERTEX_POINT ( 'NONE', #865 ) ;
#7 = VECTOR ( 'NONE', #2212, 1000.000000000000000 ) ;
#8 = AXIS2_PLACEMENT_3D ( 'NONE', #3073, #2490, #764 ) ;
#9 = DIRECTION ( 'NONE',  ( 0.9705908265212362940, 0.2407352227506883713, 0.000000000000000000 ) ) ;
#10 = DIRECTION ( 'NONE',  ( -0.000000000000000000, -0.000000000000000000, 1.000000000000000000 ) ) ;
#11 = CARTESIAN_POINT ( 'NONE',  ( -6.498098651630353828, 21.85439804510020423, 3.500000000000000000 ) ) ;
#12 = CARTESIAN_POINT ( 'NONE',  ( 27.00000000000000355, 22.00000000000000355, 16.19749999999999801 ) ) ;
#13 = CIRCLE ( 'NONE', #1258, 1.750000000000001554 ) ;
#14 = DIRECTION ( 'NONE',  ( 1.000000000000000000, 0.000000000000000000, 0.000000000000000000 ) ) ;
#15 = CARTESIAN_POINT ( 'NONE',  ( 24.00000000000000355, 26.99999999999999645, -38.18376618407356915 ) ) ;
#16 = TOROIDAL_SURFACE ( 'NONE', #524, 23.19999999999999929, 1.000000000000000000 ) ;
#17 = ORIENTED_EDGE ( 'NONE', *, *, #789, .F. ) ;
#18 = EDGE_LOOP ( 'NONE', ( #366, #381 ) ) ;
#19 = CONICAL_SURFACE ( 'NONE', #1018, 0.7500000000000075495, 0.7853981633974566057 ) ;
#20 = ORIENTED_EDGE ( 'NONE', *, *, #789, .T. ) ;
#21 = VERTEX_POINT ( 'NONE', #2040 ) ;
#22 = CYLINDRICAL_SURFACE ( 'NONE', #3487, 22.80000000000000071 ) ;
#23 = CIRCLE ( 'NONE', #3054, 0.9999999999999991118 ) ;
#24 = ORIENTED_EDGE ( 'NONE', *, *, #1246, .F. ) ;
#25 = VECTOR ( 'NONE', #1326, 1000.000000000000000 ) ;
#26 = DIRECTION ( 'NONE',  ( -0.000000000000000000, -0.000000000000000000, 1.000000000000000000 ) ) ;
#27 = CARTESIAN_POINT ( 'NONE',  ( -21.75000000000000711, -2.602085213965210642E-15, 3.500000000000000000 ) ) ;
#28 = EDGE_LOOP ( 'NONE', ( #2338, #2822, #1554, #2573 ) ) ;
#29 = AXIS2_PLACEMENT_3D ( 'NONE', #3661, #1583, #2757 ) ;
#30 = VERTEX_POINT ( 'NONE', #573 ) ;
#31 = TOROIDAL_SURFACE ( 'NONE', #2210, 23.19999999999999929, 1.000000000000000000 ) ;
#32 = DIRECTION ( 'NONE',  ( -0.000000000000000000, -0.000000000000000000, -1.000000000000000000 ) ) ;
#33 = EDGE_CURVE ( 'NONE', #2915, #584, #2671, .T. ) ;
#34 = CARTESIAN_POINT ( 'NONE',  ( -21.75000000000000355, 3.249999999999997780, 22.00000000000000000 ) ) ;
#35 = CARTESIAN_POINT ( 'NONE',  ( -8.550676131883223619, -9.525016414035309964, 3.500000000000000000 ) ) ;
#36 = CARTESIAN_POINT ( 'NONE',  ( 8.624999999999998224, 1.056257864264591836E-15, 0.000000000000000000 ) ) ;
#37 = AXIS2_PLACEMENT_3D ( 'NONE', #1672, #2558, #774 ) ;
#38 = CIRCLE ( 'NONE', #2027, 1.750000000000001554 ) ;
#39 = DIRECTION ( 'NONE',  ( 0.000000000000000000, 0.000000000000000000, 1.000000000000000000 ) ) ;
#40 = EDGE_CURVE ( 'NONE', #3320, #30, #3106, .T. ) ;
#41 = EDGE_CURVE ( 'NONE', #917, #1504, #3296, .T. ) ;
#42 = DIRECTION ( 'NONE',  ( 0.000000000000000000, 0.000000000000000000, 1.000000000000000000 ) ) ;
#43 = ORIENTED_EDGE ( 'NONE', *, *, #3775, .F. ) ;
#44 = VERTEX_POINT ( 'NONE', #2161 ) ;
#45 = ADVANCED_FACE ( 'NONE', ( #315, #1855 ), #3257, .T. ) ;
#46 = ORIENTED_EDGE ( 'NONE', *, *, #3388, .F. ) ;
#47 = DIRECTION ( 'NONE',  ( 1.000000000000000000, -1.445602896647339410E-16, 0.000000000000000000 ) ) ;
#48 = EDGE_LOOP ( 'NONE', ( #3014, #1731, #183, #3146 ) ) ;
#49 = DIRECTION ( 'NONE',  ( 1.000000000000000000, 0.000000000000000000, 0.000000000000000000 ) ) ;
#50 = DIRECTION ( 'NONE',  ( 1.000000000000000000, 0.000000000000000000, 0.000000000000000000 ) ) ;
#51 = VERTEX_POINT ( 'NONE', #2689 ) ;
#52 = ORIENTED_EDGE ( 'NONE', *, *, #332, .F. ) ;
#53 = ORIENTED_EDGE ( 'NONE', *, *, #1087, .F. ) ;
#54 = DIRECTION ( 'NONE',  ( 1.000000000000000000, 0.000000000000000000, 0.000000000000000000 ) ) ;
#55 = CARTESIAN_POINT ( 'NONE',  ( -20.58192227520113349, 7.115087874199408802, 3.500000000000000000 ) ) ;
#56 = DIRECTION ( 'NONE',  ( 1.000000000000000000, 0.000000000000000000, 0.000000000000000000 ) ) ;
#57 = LINE ( 'NONE', #2407, #3045 ) ;
#58 = DIRECTION ( 'NONE',  ( -0.000000000000000000, 0.000000000000000000, 1.000000000000000000 ) ) ;
#59 = EDGE_CURVE ( 'NONE', #2617, #3563, #2914, .T. ) ;
#60 = DIRECTION ( 'NONE',  ( 0.000000000000000000, 0.000000000000000000, -1.000000000000000000 ) ) ;
#61 = VERTEX_POINT ( 'NONE', #1222 ) ;
#62 = AXIS2_PLACEMENT_3D ( 'NONE', #1445, #3767, #530 ) ;
#63 = EDGE_LOOP ( 'NONE', ( #81, #2846, #1580, #2588, #2514, #1806, #1567, #542, #1741, #352 ) ) ;
#64 = ORIENTED_EDGE ( 'NONE', *, *, #3265, .T. ) ;
#65 = ADVANCED_FACE ( 'NONE', ( #379 ), #1551, .F. ) ;
#66 = DIRECTION ( 'NONE',  ( 1.000000000000000000, 0.000000000000000000, 0.000000000000000000 ) ) ;
#67 = EDGE_LOOP ( 'NONE', ( #3579, #2169, #1732, #3564 ) ) ;
#68 = CARTESIAN_POINT ( 'NONE',  ( 3.147254514775084111, -21.57161999060867075, 3.500000000000000000 ) ) ;
#69 = ORIENTED_EDGE ( 'NONE', *, *, #2507, .F. ) ;
#70 = VERTEX_POINT ( 'NONE', #957 ) ;
#71 = VECTOR ( 'NONE', #3576, 1000.000000000000000 ) ;
#72 = FACE_OUTER_BOUND ( 'NONE', #682, .T. ) ;
#73 = DIRECTION ( 'NONE',  ( -1.000000000000000000, -0.000000000000000000, -0.000000000000000000 ) ) ;
#74 = CYLINDRICAL_SURFACE ( 'NONE', #1522, 2.502212389380527924 ) ;
#75 = DIRECTION ( 'NONE',  ( -0.000000000000000000, -0.000000000000000000, -1.000000000000000000 ) ) ;
#76 = AXIS2_PLACEMENT_3D ( 'NONE', #3377, #772, #496 ) ;
#77 = DIRECTION ( 'NONE',  ( -0.000000000000000000, -0.000000000000000000, -1.000000000000000000 ) ) ;
#78 = AXIS2_PLACEMENT_3D ( 'NONE', #2320, #1958, #1419 ) ;
#79 = DIRECTION ( 'NONE',  ( -0.2768125947728208858, -0.9609239238228686197, 0.000000000000000000 ) ) ;
#80 = EDGE_LOOP ( 'NONE', ( #1502, #2108, #3463, #291 ) ) ;
#81 = ORIENTED_EDGE ( 'NONE', *, *, #3444, .T. ) ;
#82 = EDGE_CURVE ( 'NONE', #926, #2898, #1757, .T. ) ;
#83 = ORIENTED_EDGE ( 'NONE', *, *, #1908, .T. ) ;
#84 = CIRCLE ( 'NONE', #3111, 1.249999999999999334 ) ;
#85 = ORIENTED_EDGE ( 'NONE', *, *, #2113, .T. ) ;
#86 = ORIENTED_EDGE ( 'NONE', *, *, #3675, .F. ) ;
#87 = AXIS2_PLACEMENT_3D ( 'NONE', #1680, #3148, #3475 ) ;
#88 = LINE ( 'NONE', #1286, #158 ) ;
#89 = CIRCLE ( 'NONE', #593, 0.9999999999999991118 ) ;
#90 = EDGE_CURVE ( 'NONE', #2323, #1501, #1569, .T. ) ;
#91 = VECTOR ( 'NONE', #1022, 1000.000000000000000 ) ;
#92 = ADVANCED_FACE ( 'NONE', ( #1795 ), #1488, .F. ) ;
#93 = CARTESIAN_POINT ( 'NONE',  ( 27.00000000000000355, 18.00000000000000355, 16.19749999999999801 ) ) ;
#94 = ORIENTED_EDGE ( 'NONE', *, *, #3355, .T. ) ;
#95 = VECTOR ( 'NONE', #388, 1000.000000000000000 ) ;
#96 = FACE_OUTER_BOUND ( 'NONE', #3636, .T. ) ;
#97 = ORIENTED_EDGE ( 'NONE', *, *, #202, .F. ) ;
#98 = CARTESIAN_POINT ( 'NONE',  ( 0.000000000000000000, 0.000000000000000000, 32.39499999999999602 ) ) ;
#99 = AXIS2_PLACEMENT_3D ( 'NONE', #2280, #1658, #2884 ) ;
#100 = LINE ( 'NONE', #3615, #2330 ) ;
#101 = DIRECTION ( 'NONE',  ( -0.1896085044679405307, 0.9818597736099747841, -0.000000000000000000 ) ) ;
#102 = CARTESIAN_POINT ( 'NONE',  ( 10.87499999999982947, -18.83605253231165122, 42.34152742581890294 ) ) ;
#103 = CARTESIAN_POINT ( 'NONE',  ( 22.00000000000000355, 18.00000000000000711, 9.447500000000005116 ) ) ;
#104 = ORIENTED_EDGE ( 'NONE', *, *, #745, .T. ) ;
#105 = CIRCLE ( 'NONE', #2759, 3.249999999999999556 ) ;
#106 = APPLICATION_CONTEXT ( 'automotive_design' ) ;
#107 = EDGE_LOOP ( 'NONE', ( #3526, #3728, #297, #3822, #330 ) ) ;
#108 = ORIENTED_EDGE ( 'NONE', *, *, #2018, .F. ) ;
#109 = CARTESIAN_POINT ( 'NONE',  ( 8.060417437700388987, -20.46105253231162280, 5.499999999999998224 ) ) ;
#110 = VERTEX_POINT ( 'NONE', #3291 ) ;
#111 = CARTESIAN_POINT ( 'NONE',  ( 6.328366630131800896, 21.46105253231151977, 5.500000000000000000 ) ) ;
#112 = VERTEX_POINT ( 'NONE', #2666 ) ;
#113 = ADVANCED_FACE ( 'NONE', ( #3559 ), #691, .F. ) ;
#114 =( NAMED_UNIT ( * ) SI_UNIT ( $, .STERADIAN. ) SOLID_ANGLE_UNIT ( ) );
#115 = FACE_OUTER_BOUND ( 'NONE', #2404, .T. ) ;
#116 = DIRECTION ( 'NONE',  ( 1.000000000000000000, 0.000000000000000000, 0.000000000000000000 ) ) ;
#117 = DIRECTION ( 'NONE',  ( 1.000000000000000000, -1.445602896647339410E-16, -0.000000000000000000 ) ) ;
#118 = DIRECTION ( 'NONE',  ( 1.000000000000000000, 0.000000000000000000, 0.000000000000000000 ) ) ;
#119 = EDGE_CURVE ( 'NONE', #3505, #362, #1574, .T. ) ;
#120 = DIRECTION ( 'NONE',  ( 0.000000000000000000, 0.000000000000000000, 1.000000000000000000 ) ) ;
#121 = ORIENTED_EDGE ( 'NONE', *, *, #3303, .F. ) ;
#122 = ORIENTED_EDGE ( 'NONE', *, *, #3388, .T. ) ;
#123 = CARTESIAN_POINT ( 'NONE',  ( -3.973568120076836685, 12.16761095676174165, 3.500000000000000000 ) ) ;
#124 = DIRECTION ( 'NONE',  ( 1.000000000000000000, 0.000000000000000000, 0.000000000000000000 ) ) ;
#125 = DIRECTION ( 'NONE',  ( 0.8660254037844364872, -0.5000000000000037748, 0.000000000000000000 ) ) ;
#126 = ORIENTED_EDGE ( 'NONE', *, *, #278, .T. ) ;
#127 = EDGE_CURVE ( 'NONE', #637, #1036, #1071, .T. ) ;
#128 = LINE ( 'NONE', #2742, #2791 ) ;
#129 = DIRECTION ( 'NONE',  ( -1.000000000000000000, 0.000000000000000000, -1.734723475976809264E-15 ) ) ;
#130 = ORIENTED_EDGE ( 'NONE', *, *, #3675, .T. ) ;
#131 = PLANE ( 'NONE',  #2023 ) ;
#132 = CIRCLE ( 'NONE', #1748, 2.000000000000000444 ) ;
#133 = EDGE_CURVE ( 'NONE', #3503, #3320, #339, .T. ) ;
#134 = CARTESIAN_POINT ( 'NONE',  ( 10.25278270824758486, 7.662926773593715879, 3.500000000000000000 ) ) ;
#135 = FACE_OUTER_BOUND ( 'NONE', #2285, .T. ) ;
#136 = VERTEX_POINT ( 'NONE', #2392 ) ;
#137 = CONICAL_SURFACE ( 'NONE', #1001, 1.750000000000001554, 0.7853981633974513876 ) ;
#138 = CARTESIAN_POINT ( 'NONE',  ( 22.99999999999997868, 18.00000000000000355, 23.69749999999999801 ) ) ;
#139 = VERTEX_POINT ( 'NONE', #2750 ) ;
#140 = AXIS2_PLACEMENT_3D ( 'NONE', #760, #3108, #469 ) ;
#141 = VERTEX_POINT ( 'NONE', #1513 ) ;
#142 = DIRECTION ( 'NONE',  ( -0.000000000000000000, -0.000000000000000000, -1.000000000000000000 ) ) ;
#143 = FACE_OUTER_BOUND ( 'NONE', #1104, .T. ) ;
#144 = DIRECTION ( 'NONE',  ( 1.000000000000000000, -1.445602896647339410E-16, 0.000000000000000000 ) ) ;
#145 = VECTOR ( 'NONE', #992, 1000.000000000000000 ) ;
#146 = DIRECTION ( 'NONE',  ( -0.000000000000000000, -0.000000000000000000, -1.000000000000000000 ) ) ;
#147 = CONICAL_SURFACE ( 'NONE', #1257, 4.000000000000000000, 0.05235987755983000091 ) ;
#148 = CIRCLE ( 'NONE', #3541, 0.7500000000000075495 ) ;
#149 = PRESENTATION_STYLE_ASSIGNMENT (( #1002 ) ) ;
#150 = CARTESIAN_POINT ( 'NONE',  ( -13.00836413501087030, 4.496939240301442098, 0.000000000000000000 ) ) ;
#151 = DIRECTION ( 'NONE',  ( 1.000000000000000000, 0.000000000000000000, 0.000000000000000000 ) ) ;
#152 = CONICAL_SURFACE ( 'NONE', #1446, 1.750000000000001554, 0.7853981633974520538 ) ;
#153 = EDGE_CURVE ( 'NONE', #3238, #1884, #775, .T. ) ;
#154 = CIRCLE ( 'NONE', #2446, 1.250000000000001110 ) ;
#155 = DIRECTION ( 'NONE',  ( -1.000000000000000000, 0.000000000000000000, 0.000000000000000000 ) ) ;
#156 = DIRECTION ( 'NONE',  ( -1.000000000000000000, 0.000000000000000000, -0.000000000000000000 ) ) ;
#157 = CARTESIAN_POINT ( 'NONE',  ( -22.23551971678631389, 5.880617563182216401, 3.500000000000000000 ) ) ;
#158 = VECTOR ( 'NONE', #1343, 1000.000000000000114 ) ;
#159 = EDGE_CURVE ( 'NONE', #565, #511, #1438, .T. ) ;
#160 = ADVANCED_FACE ( 'NONE', ( #2142 ), #3318, .F. ) ;
#161 = ORIENTED_EDGE ( 'NONE', *, *, #2340, .F. ) ;
#162 = LINE ( 'NONE', #3410, #1561 ) ;
#163 = CIRCLE ( 'NONE', #3005, 3.977877497034161713 ) ;
#164 = DIRECTION ( 'NONE',  ( 1.000000000000000000, 0.000000000000000000, 0.000000000000000000 ) ) ;
#165 = EDGE_CURVE ( 'NONE', #3469, #2983, #1189, .T. ) ;
#166 = CIRCLE ( 'NONE', #3192, 2.250000000000001332 ) ;
#167 = DIRECTION ( 'NONE',  ( 0.000000000000000000, 0.000000000000000000, 1.000000000000000000 ) ) ;
#168 = FACE_OUTER_BOUND ( 'NONE', #1205, .T. ) ;
#169 = ORIENTED_EDGE ( 'NONE', *, *, #1752, .F. ) ;
#170 = LINE ( 'NONE', #2241, #1185 ) ;
#171 = CARTESIAN_POINT ( 'NONE',  ( -8.624999999999998224, 0.000000000000000000, 0.000000000000000000 ) ) ;
#172 = DIRECTION ( 'NONE',  ( -0.000000000000000000, -0.000000000000000000, -1.000000000000000000 ) ) ;
#173 = CARTESIAN_POINT ( 'NONE',  ( -13.00836413501087030, 4.496939240301442098, 3.500000000000000000 ) ) ;
#174 = DIRECTION ( 'NONE',  ( -0.000000000000000000, -0.000000000000000000, 1.000000000000000000 ) ) ;
#175 = DIRECTION ( 'NONE',  ( 0.7071067811865453523, 8.659560562354959975E-17, 0.7071067811865496822 ) ) ;
#176 = EDGE_CURVE ( 'NONE', #1241, #1036, #897, .T. ) ;
#177 = ORIENTED_EDGE ( 'NONE', *, *, #1823, .T. ) ;
#178 = DIRECTION ( 'NONE',  ( -0.000000000000000000, -0.000000000000000000, 1.000000000000000000 ) ) ;
#179 = CARTESIAN_POINT ( 'NONE',  ( -3.973568120076836685, 12.16761095676174165, 0.000000000000000000 ) ) ;
#180 = CARTESIAN_POINT ( 'NONE',  ( 5.893437942832979282, 21.71215872700178906, 5.499999999999998224 ) ) ;
#181 = EDGE_CURVE ( 'NONE', #1898, #110, #1688, .T. ) ;
#182 = CARTESIAN_POINT ( 'NONE',  ( 26.50000000000002842, 18.00000000000000711, 8.697499999999996234 ) ) ;
#183 = ORIENTED_EDGE ( 'NONE', *, *, #3070, .T. ) ;
#184 = EDGE_LOOP ( 'NONE', ( #2680, #1416, #1114, #771 ) ) ;
#185 = DIRECTION ( 'NONE',  ( 1.000000000000000000, 0.000000000000000000, 0.000000000000000000 ) ) ;
#186 = CARTESIAN_POINT ( 'NONE',  ( -21.75000000000000355, -5.250000000000001776, 5.499999999999998224 ) ) ;
#187 = CARTESIAN_POINT ( 'NONE',  ( 10.87500000000009059, 18.83605253231149490, 3.500000000000003109 ) ) ;
#188 = CARTESIAN_POINT ( 'NONE',  ( 13.50270083414434907, -2.849047241376921225, 0.000000000000000000 ) ) ;
#189 = CARTESIAN_POINT ( 'NONE',  ( 24.00000000000000355, 23.99999999999999645, 0.000000000000000000 ) ) ;
#190 = VERTEX_POINT ( 'NONE', #1029 ) ;
#191 = LINE ( 'NONE', #3078, #521 ) ;
#192 = ORIENTED_EDGE ( 'NONE', *, *, #292, .T. ) ;
#193 = TOROIDAL_SURFACE ( 'NONE', #455, 0.5022123893805288120, 2.000000000000000000 ) ;
#194 = DIRECTION ( 'NONE',  ( 1.000000000000000000, -1.386551743839996112E-15, 0.000000000000000000 ) ) ;
#195 = DIRECTION ( 'NONE',  ( 0.000000000000000000, 0.000000000000000000, 1.000000000000000000 ) ) ;
#196 = EDGE_CURVE ( 'NONE', #321, #362, #2072, .T. ) ;
#197 = AXIS2_PLACEMENT_3D ( 'NONE', #2079, #1528, #54 ) ;
#198 = CIRCLE ( 'NONE', #1879, 3.249999999999999556 ) ;
#199 = DIRECTION ( 'NONE',  ( 0.000000000000000000, 0.000000000000000000, 1.000000000000000000 ) ) ;
#200 = EDGE_CURVE ( 'NONE', #1966, #2153, #1059, .T. ) ;
#201 = DIRECTION ( 'NONE',  ( 0.7094007025867622440, -0.7048053938282595743, 0.000000000000000000 ) ) ;
#202 = EDGE_CURVE ( 'NONE', #3809, #3238, #2818, .T. ) ;
#203 = AXIS2_PLACEMENT_3D ( 'NONE', #188, #787, #2176 ) ;
#204 = ORIENTED_EDGE ( 'NONE', *, *, #3270, .T. ) ;
#205 = EDGE_CURVE ( 'NONE', #558, #2275, #1134, .T. ) ;
#206 = AXIS2_PLACEMENT_3D ( 'NONE', #2550, #3732, #806 ) ;
#207 = CYLINDRICAL_SURFACE ( 'NONE', #890, 0.9999999999999974465 ) ;
#208 = CARTESIAN_POINT ( 'NONE',  ( 0.000000000000000000, 0.000000000000000000, -1.000000000000000000 ) ) ;
#209 = CARTESIAN_POINT ( 'NONE',  ( 17.62013484570649524, 17.73501756466905732, 5.499999999999998224 ) ) ;
#210 = VERTEX_POINT ( 'NONE', #3131 ) ;
#211 = AXIS2_PLACEMENT_3D ( 'NONE', #1888, #470, #1909 ) ;
#212 = DIRECTION ( 'NONE',  ( -1.000000000000000000, 0.000000000000000000, 0.000000000000000000 ) ) ;
#213 = DIRECTION ( 'NONE',  ( 0.000000000000000000, 0.000000000000000000, 1.000000000000000000 ) ) ;
#214 = AXIS2_PLACEMENT_3D ( 'NONE', #2453, #776, #1588 ) ;
#215 = CARTESIAN_POINT ( 'NONE',  ( 27.00000000000000000, -3.903127820947816751E-15, -38.18376618407356915 ) ) ;
#216 = ORIENTED_EDGE ( 'NONE', *, *, #598, .T. ) ;
#217 = DIRECTION ( 'NONE',  ( 0.000000000000000000, 0.000000000000000000, 1.000000000000000000 ) ) ;
#218 = FACE_OUTER_BOUND ( 'NONE', #619, .T. ) ;
#219 = AXIS2_PLACEMENT_3D ( 'NONE', #1358, #2534, #1067 ) ;
#220 = EDGE_LOOP ( 'NONE', ( #1209, #280, #1557, #627 ) ) ;
#221 = CIRCLE ( 'NONE', #3552, 1.249999999999999334 ) ;
#222 = VERTEX_POINT ( 'NONE', #3389 ) ;
#223 = DIRECTION ( 'NONE',  ( -0.000000000000000000, -0.000000000000000000, -1.000000000000000000 ) ) ;
#224 = VERTEX_POINT ( 'NONE', #709 ) ;
#225 = CIRCLE ( 'NONE', #915, 3.249999999999999556 ) ;
#226 = ORIENTED_EDGE ( 'NONE', *, *, #1705, .F. ) ;
#227 = CARTESIAN_POINT ( 'NONE',  ( 3.903127820947815962E-15, 27.00000000000000000, 0.000000000000000000 ) ) ;
#228 = PLANE ( 'NONE',  #2925 ) ;
#229 = ORIENTED_EDGE ( 'NONE', *, *, #3070, .F. ) ;
#230 = CARTESIAN_POINT ( 'NONE',  ( -23.00000000000000711, -2.602085213965210642E-15, 22.00000000000000000 ) ) ;
#231 = EDGE_CURVE ( 'NONE', #2718, #2002, #13, .T. ) ;
#232 = LINE ( 'NONE', #1392, #3167 ) ;
#233 = CARTESIAN_POINT ( 'NONE',  ( 17.10794365526374250, 13.51141235727490830, 0.000000000000000000 ) ) ;
#234 = DIRECTION ( 'NONE',  ( -0.000000000000000000, -0.000000000000000000, -1.000000000000000000 ) ) ;
#235 = VERTEX_POINT ( 'NONE', #134 ) ;
#236 = EDGE_CURVE ( 'NONE', #951, #403, #3787, .T. ) ;
#237 = VERTEX_POINT ( 'NONE', #1297 ) ;
#238 = DIRECTION ( 'NONE',  ( 0.000000000000000000, 0.000000000000000000, 1.000000000000000000 ) ) ;
#239 = PRODUCT_RELATED_PRODUCT_CATEGORY ( 'part', '', ( #2372 ) ) ;
#240 = VERTEX_POINT ( 'NONE', #173 ) ;
#241 = FACE_OUTER_BOUND ( 'NONE', #310, .T. ) ;
#242 = VERTEX_POINT ( 'NONE', #3652 ) ;
#243 = DIRECTION ( 'NONE',  ( -1.000000000000000000, 0.000000000000000000, 0.000000000000000000 ) ) ;
#244 = AXIS2_PLACEMENT_3D ( 'NONE', #1175, #2305, #552 ) ;
#245 = CARTESIAN_POINT ( 'NONE',  ( 4.000000000000055955, -10.82531754730545259, 0.000000000000000000 ) ) ;
#246 = ORIENTED_EDGE ( 'NONE', *, *, #1968, .T. ) ;
#247 = FACE_OUTER_BOUND ( 'NONE', #373, .T. ) ;
#248 = EDGE_CURVE ( 'NONE', #2325, #1120, #1573, .T. ) ;
#249 = ORIENTED_EDGE ( 'NONE', *, *, #2758, .F. ) ;
#250 = FACE_OUTER_BOUND ( 'NONE', #2940, .T. ) ;
#251 = DIRECTION ( 'NONE',  ( -0.000000000000000000, -0.000000000000000000, 1.000000000000000000 ) ) ;
#252 = DIRECTION ( 'NONE',  ( 0.000000000000000000, 0.000000000000000000, -1.000000000000000000 ) ) ;
#253 = EDGE_CURVE ( 'NONE', #3505, #2146, #2434, .T. ) ;
#254 = ORIENTED_EDGE ( 'NONE', *, *, #618, .T. ) ;
#255 = CYLINDRICAL_SURFACE ( 'NONE', #2979, 12.80000000000000071 ) ;
#256 = ORIENTED_EDGE ( 'NONE', *, *, #41, .F. ) ;
#257 = VERTEX_POINT ( 'NONE', #2248 ) ;
#258 = LINE ( 'NONE', #2559, #2861 ) ;
#259 = AXIS2_PLACEMENT_3D ( 'NONE', #718, #891, #3644 ) ;
#260 = AXIS2_PLACEMENT_3D ( 'NONE', #3345, #1887, #1307 ) ;
#261 = ORIENTED_EDGE ( 'NONE', *, *, #2071, .T. ) ;
#262 = AXIS2_PLACEMENT_3D ( 'NONE', #2609, #1796, #1451 ) ;
#263 = AXIS2_PLACEMENT_3D ( 'NONE', #1236, #2767, #359 ) ;
#264 = DIRECTION ( 'NONE',  ( -0.000000000000000000, -0.000000000000000000, -1.000000000000000000 ) ) ;
#265 = DIRECTION ( 'NONE',  ( 0.000000000000000000, 0.000000000000000000, 1.000000000000000000 ) ) ;
#266 = ORIENTED_EDGE ( 'NONE', *, *, #1035, .F. ) ;
#267 = AXIS2_PLACEMENT_3D ( 'NONE', #2101, #39, #3020 ) ;
#268 = EDGE_LOOP ( 'NONE', ( #1981, #2908, #1436, #317 ) ) ;
#269 = LINE ( 'NONE', #1444, #1692 ) ;
#270 = AXIS2_PLACEMENT_3D ( 'NONE', #1611, #3674, #2832 ) ;
#271 = DIRECTION ( 'NONE',  ( -0.000000000000000000, -0.000000000000000000, -1.000000000000000000 ) ) ;
#272 = DIRECTION ( 'NONE',  ( 1.000000000000000000, 0.000000000000000000, 0.000000000000000000 ) ) ;
#273 = EDGE_CURVE ( 'NONE', #2275, #51, #3422, .T. ) ;
#274 = AXIS2_PLACEMENT_3D ( 'NONE', #1548, #3635, #2721 ) ;
#275 = ORIENTED_EDGE ( 'NONE', *, *, #196, .F. ) ;
#276 = DIRECTION ( 'NONE',  ( 1.000000000000000000, 0.000000000000000000, 0.000000000000000000 ) ) ;
#277 = CIRCLE ( 'NONE', #2682, 2.502212389380527924 ) ;
#278 = EDGE_CURVE ( 'NONE', #2964, #2017, #3048, .T. ) ;
#279 = ORIENTED_EDGE ( 'NONE', *, *, #2104, .F. ) ;
#280 = ORIENTED_EDGE ( 'NONE', *, *, #2736, .F. ) ;
#281 = AXIS2_PLACEMENT_3D ( 'NONE', #3646, #2467, #3125 ) ;
#282 = DIRECTION ( 'NONE',  ( 0.000000000000000000, 0.000000000000000000, 1.000000000000000000 ) ) ;
#283 = ORIENTED_EDGE ( 'NONE', *, *, #153, .T. ) ;
#284 = EDGE_CURVE ( 'NONE', #224, #3233, #652, .T. ) ;
#285 = AXIS2_PLACEMENT_3D ( 'NONE', #295, #514, #2278 ) ;
#286 = AXIS2_PLACEMENT_3D ( 'NONE', #1681, #3788, #3211 ) ;
#287 = CARTESIAN_POINT ( 'NONE',  ( -15.67741456565872937, -16.55471753115924827, 3.500000000000000000 ) ) ;
#288 = DIRECTION ( 'NONE',  ( -1.000000000000000000, 1.224646799147353454E-16, 0.000000000000000000 ) ) ;
#289 = AXIS2_PLACEMENT_3D ( 'NONE', #674, #921, #1255 ) ;
#290 = VERTEX_POINT ( 'NONE', #2799 ) ;
#291 = ORIENTED_EDGE ( 'NONE', *, *, #640, .T. ) ;
#292 = EDGE_CURVE ( 'NONE', #2166, #403, #1947, .T. ) ;
#293 = DIRECTION ( 'NONE',  ( 0.7071067811865449082, 0.000000000000000000, -0.7071067811865501263 ) ) ;
#294 = CYLINDRICAL_SURFACE ( 'NONE', #792, 2.502212389380531476 ) ;
#295 = CARTESIAN_POINT ( 'NONE',  ( 15.85656205716697720, -15.95994633762142989, 5.499999999999998224 ) ) ;
#296 = CARTESIAN_POINT ( 'NONE',  ( 10.87500000000009237, 18.83605253231149845, 42.34152742581890294 ) ) ;
#297 = ORIENTED_EDGE ( 'NONE', *, *, #332, .T. ) ;
#298 = FACE_OUTER_BOUND ( 'NONE', #526, .T. ) ;
#299 = LINE ( 'NONE', #1776, #3102 ) ;
#300 = ORIENTED_EDGE ( 'NONE', *, *, #1290, .T. ) ;
#301 = ADVANCED_FACE ( 'NONE', ( #1045 ), #2232, .T. ) ;
#302 = VERTEX_POINT ( 'NONE', #766 ) ;
#303 = EDGE_LOOP ( 'NONE', ( #3804, #2373, #83, #3015 ) ) ;
#304 = CARTESIAN_POINT ( 'NONE',  ( 26.57787749703416225, 18.00000000000000355, 16.19749999999999801 ) ) ;
#305 = ORIENTED_EDGE ( 'NONE', *, *, #3583, .T. ) ;
#306 = ADVANCED_FACE ( 'NONE', ( #1943 ), #475, .F. ) ;
#307 = CARTESIAN_POINT ( 'NONE',  ( 22.00000000000000355, 18.00000000000000355, 23.69749999999999801 ) ) ;
#308 = CARTESIAN_POINT ( 'NONE',  ( 10.39864568888162211, 9.017104182447027938, 0.000000000000000000 ) ) ;
#309 = VERTEX_POINT ( 'NONE', #3440 ) ;
#310 = EDGE_LOOP ( 'NONE', ( #2902, #3049, #2754, #1636 ) ) ;
#311 = CARTESIAN_POINT ( 'NONE',  ( -14.98980866365615228, -15.82863342891542580, 3.500000000000000000 ) ) ;
#312 = DIRECTION ( 'NONE',  ( 1.000000000000000000, 0.000000000000000000, 0.000000000000000000 ) ) ;
#313 = DIRECTION ( 'NONE',  ( 0.000000000000000000, 0.000000000000000000, 1.000000000000000000 ) ) ;
#314 = DIRECTION ( 'NONE',  ( 0.000000000000000000, 0.000000000000000000, 1.000000000000000000 ) ) ;
#315 = FACE_BOUND ( 'NONE', #609, .T. ) ;
#316 = CARTESIAN_POINT ( 'NONE',  ( 0.000000000000000000, 0.000000000000000000, 5.500000000000005329 ) ) ;
#317 = ORIENTED_EDGE ( 'NONE', *, *, #1962, .F. ) ;
#318 = AXIS2_PLACEMENT_3D ( 'NONE', #1729, #10, #312 ) ;
#319 = EDGE_LOOP ( 'NONE', ( #460, #2713, #1627, #2755 ) ) ;
#320 = ORIENTED_EDGE ( 'NONE', *, *, #2082, .F. ) ;
#321 = VERTEX_POINT ( 'NONE', #1424 ) ;
#322 = EDGE_LOOP ( 'NONE', ( #5, #824 ) ) ;
#323 = FACE_OUTER_BOUND ( 'NONE', #367, .T. ) ;
#324 = AXIS2_PLACEMENT_3D ( 'NONE', #1179, #826, #1713 ) ;
#325 = EDGE_CURVE ( 'NONE', #2883, #854, #834, .T. ) ;
#326 = CARTESIAN_POINT ( 'NONE',  ( 21.00000000000000355, 14.31444667569824958, 16.19749999999999801 ) ) ;
#327 = CIRCLE ( 'NONE', #259, 8.262620455650667495 ) ;
#328 = DIRECTION ( 'NONE',  ( 1.000000000000000000, -1.445602896647339410E-16, -0.000000000000000000 ) ) ;
#329 = EDGE_LOOP ( 'NONE', ( #3391, #2281, #3624, #1401 ) ) ;
#330 = ORIENTED_EDGE ( 'NONE', *, *, #231, .F. ) ;
#331 = AXIS2_PLACEMENT_3D ( 'NONE', #2283, #836, #2844 ) ;
#332 = EDGE_CURVE ( 'NONE', #3213, #1546, #2585, .T. ) ;
#333 = DIRECTION ( 'NONE',  ( 1.000000000000000000, 0.000000000000000000, 0.000000000000000000 ) ) ;
#334 = DIRECTION ( 'NONE',  ( 1.000000000000000000, 0.000000000000000000, 0.000000000000000000 ) ) ;
#335 = AXIS2_PLACEMENT_3D ( 'NONE', #882, #2367, #978 ) ;
#336 = CARTESIAN_POINT ( 'NONE',  ( -24.90000000000000568, 3.086109933851330546E-15, -5.000000000000000000 ) ) ;
#337 = CARTESIAN_POINT ( 'NONE',  ( 13.68958256229926462, -17.21105253231167609, 22.00000000000000000 ) ) ;
#338 = EDGE_CURVE ( 'NONE', #1818, #3503, #2986, .T. ) ;
#339 = CIRCLE ( 'NONE', #3664, 0.5022123893805305883 ) ;
#340 = DIRECTION ( 'NONE',  ( 0.000000000000000000, 0.000000000000000000, 1.000000000000000000 ) ) ;
#341 = DIRECTION ( 'NONE',  ( 0.7071067811865415775, 8.659560562355008046E-17, 0.7071067811865535679 ) ) ;
#342 = TOROIDAL_SURFACE ( 'NONE', #2491, 0.5022123893805305883, 2.000000000000000000 ) ;
#343 = ORIENTED_EDGE ( 'NONE', *, *, #1336, .T. ) ;
#344 = AXIS2_PLACEMENT_3D ( 'NONE', #3128, #488, #3109 ) ;
#345 = ORIENTED_EDGE ( 'NONE', *, *, #3134, .F. ) ;
#346 = ORIENTED_EDGE ( 'NONE', *, *, #2273, .T. ) ;
#347 = AXIS2_PLACEMENT_3D ( 'NONE', #2927, #801, #3143 ) ;
#348 = ORIENTED_EDGE ( 'NONE', *, *, #1127, .T. ) ;
#349 = CIRCLE ( 'NONE', #2685, 1.750000000000001554 ) ;
#350 = PLANE ( 'NONE',  #2184 ) ;
#351 = DIRECTION ( 'NONE',  ( 1.445602896647339163E-16, 1.000000000000000000, 0.000000000000000000 ) ) ;
#352 = ORIENTED_EDGE ( 'NONE', *, *, #273, .T. ) ;
#353 = AXIS2_PLACEMENT_3D ( 'NONE', #683, #1038, #3326 ) ;
#354 = EDGE_CURVE ( 'NONE', #222, #1884, #3766, .T. ) ;
#355 = AXIS2_PLACEMENT_3D ( 'NONE', #1098, #3453, #2303 ) ;
#356 = CARTESIAN_POINT ( 'NONE',  ( 27.00000000000000355, 23.99999999999999645, 32.39499999999999602 ) ) ;
#357 = DIRECTION ( 'NONE',  ( 1.000000000000000000, 0.000000000000000000, 0.000000000000000000 ) ) ;
#358 = DIRECTION ( 'NONE',  ( 0.000000000000000000, 0.000000000000000000, 1.000000000000000000 ) ) ;
#359 = DIRECTION ( 'NONE',  ( 1.000000000000000000, 0.000000000000000000, 0.000000000000000000 ) ) ;
#360 = AXIS2_PLACEMENT_3D ( 'NONE', #3092, #174, #3390 ) ;
#361 = EDGE_CURVE ( 'NONE', #1412, #1802, #2552, .T. ) ;
#362 = VERTEX_POINT ( 'NONE', #3750 ) ;
#363 = DIRECTION ( 'NONE',  ( 1.224646799147353207E-16, 1.000000000000000000, -0.000000000000000000 ) ) ;
#364 = DIRECTION ( 'NONE',  ( -1.000000000000000000, 0.000000000000000000, 0.000000000000000000 ) ) ;
#365 = EDGE_LOOP ( 'NONE', ( #969, #1821, #1430, #3174 ) ) ;
#366 = ORIENTED_EDGE ( 'NONE', *, *, #2492, .T. ) ;
#367 = EDGE_LOOP ( 'NONE', ( #1816, #2970, #1354, #1137 ) ) ;
#368 = ORIENTED_EDGE ( 'NONE', *, *, #2316, .F. ) ;
#369 = PLANE ( 'NONE',  #29 ) ;
#370 = ORIENTED_EDGE ( 'NONE', *, *, #3697, .F. ) ;
#371 = CARTESIAN_POINT ( 'NONE',  ( 0.000000000000000000, 0.000000000000000000, 0.000000000000000000 ) ) ;
#372 = ORIENTED_EDGE ( 'NONE', *, *, #626, .T. ) ;
#373 = EDGE_LOOP ( 'NONE', ( #2630, #1005, #192, #3259 ) ) ;
#374 = CARTESIAN_POINT ( 'NONE',  ( 12.52424425195997770, -2.642594542726427242, 0.000000000000000000 ) ) ;
#375 = CYLINDRICAL_SURFACE ( 'NONE', #274, 0.9999999999999995559 ) ;
#376 = EDGE_CURVE ( 'NONE', #3007, #242, #2849, .T. ) ;
#377 = CARTESIAN_POINT ( 'NONE',  ( -22.23551971678631389, 5.880617563182216401, 5.499999999999998224 ) ) ;
#378 = DIRECTION ( 'NONE',  ( 1.000000000000000000, 0.000000000000000000, 0.000000000000000000 ) ) ;
#379 = FACE_OUTER_BOUND ( 'NONE', #184, .T. ) ;
#380 = DIRECTION ( 'NONE',  ( 0.5000000000000037748, 0.8660254037844364872, 0.000000000000000000 ) ) ;
#381 = ORIENTED_EDGE ( 'NONE', *, *, #812, .T. ) ;
#382 = ORIENTED_EDGE ( 'NONE', *, *, #3716, .F. ) ;
#383 = ADVANCED_FACE ( 'NONE', ( #2020 ), #3193, .T. ) ;
#384 = EDGE_CURVE ( 'NONE', #584, #1504, #2052, .T. ) ;
#385 = ORIENTED_EDGE ( 'NONE', *, *, #2409, .T. ) ;
#386 = ORIENTED_EDGE ( 'NONE', *, *, #354, .F. ) ;
#387 = DIRECTION ( 'NONE',  ( 1.000000000000000000, -1.445602896647339410E-16, -0.000000000000000000 ) ) ;
#388 = DIRECTION ( 'NONE',  ( -0.000000000000000000, -0.000000000000000000, 1.000000000000000000 ) ) ;
#389 = ORIENTED_EDGE ( 'NONE', *, *, #1535, .F. ) ;
#390 = ORIENTED_EDGE ( 'NONE', *, *, #1410, .F. ) ;
#391 = LINE ( 'NONE', #1329, #1251 ) ;
#392 = DIRECTION ( 'NONE',  ( 1.000000000000000000, 0.000000000000000000, 0.000000000000000000 ) ) ;
#393 = DIRECTION ( 'NONE',  ( -0.000000000000000000, -0.000000000000000000, -1.000000000000000000 ) ) ;
#394 = DIRECTION ( 'NONE',  ( 0.000000000000000000, 0.000000000000000000, 1.000000000000000000 ) ) ;
#395 = VECTOR ( 'NONE', #1603, 1000.000000000000000 ) ;
#396 = DIRECTION ( 'NONE',  ( 1.000000000000000000, 0.000000000000000000, 0.000000000000000000 ) ) ;
#397 = AXIS2_PLACEMENT_3D ( 'NONE', #1042, #1937, #3069 ) ;
#398 = CARTESIAN_POINT ( 'NONE',  ( 15.42163336986838296, 16.21105253231147714, 3.500000000000000000 ) ) ;
#399 = AXIS2_PLACEMENT_3D ( 'NONE', #632, #1834, #3000 ) ;
#400 = VERTEX_POINT ( 'NONE', #551 ) ;
#401 = CIRCLE ( 'NONE', #1377, 0.7500000000000075495 ) ;
#402 = EDGE_LOOP ( 'NONE', ( #2500, #2297, #3295, #3491 ) ) ;
#403 = VERTEX_POINT ( 'NONE', #1979 ) ;
#404 = AXIS2_PLACEMENT_3D ( 'NONE', #2493, #2781, #3351 ) ;
#405 = FACE_OUTER_BOUND ( 'NONE', #2440, .T. ) ;
#406 = EDGE_CURVE ( 'NONE', #511, #867, #1727, .T. ) ;
#407 = AXIS2_PLACEMENT_3D ( 'NONE', #2472, #2543, #989 ) ;
#408 = AXIS2_PLACEMENT_3D ( 'NONE', #3363, #1303, #3046 ) ;
#409 = CARTESIAN_POINT ( 'NONE',  ( 0.000000000000000000, 0.000000000000000000, -5.000000000000000000 ) ) ;
#410 = ORIENTED_EDGE ( 'NONE', *, *, #1054, .F. ) ;
#411 = CONICAL_SURFACE ( 'NONE', #2624, 7.750000000000000000, 0.3141592653589757589 ) ;
#412 = EDGE_CURVE ( 'NONE', #51, #321, #3166, .T. ) ;
#413 = FILL_AREA_STYLE ('',( #3384 ) ) ;
#414 = CARTESIAN_POINT ( 'NONE',  ( 27.00000000000000355, 18.00000000000000355, 16.19749999999999801 ) ) ;
#415 = CIRCLE ( 'NONE', #791, 2.249999999999981348 ) ;
#416 = ORIENTED_EDGE ( 'NONE', *, *, #1941, .T. ) ;
#417 = FACE_OUTER_BOUND ( 'NONE', #533, .T. ) ;
#418 = DIRECTION ( 'NONE',  ( 0.000000000000000000, -1.000000000000000000, 0.000000000000000000 ) ) ;
#419 = CIRCLE ( 'NONE', #1395, 12.80000000000000071 ) ;
#420 = CARTESIAN_POINT ( 'NONE',  ( 0.000000000000000000, 0.000000000000000000, 0.000000000000000000 ) ) ;
#421 = DIRECTION ( 'NONE',  ( 1.000000000000000000, 0.000000000000000000, 0.000000000000000000 ) ) ;
#422 = AXIS2_PLACEMENT_3D ( 'NONE', #2809, #167, #1345 ) ;
#423 = ORIENTED_EDGE ( 'NONE', *, *, #1749, .T. ) ;
#424 = ORIENTED_EDGE ( 'NONE', *, *, #1133, .F. ) ;
#425 = CARTESIAN_POINT ( 'NONE',  ( 12.52424425195997770, -2.642594542726427242, 0.000000000000000000 ) ) ;
#426 = FACE_OUTER_BOUND ( 'NONE', #2133, .T. ) ;
#427 = EDGE_CURVE ( 'NONE', #2882, #604, #507, .T. ) ;
#428 = CARTESIAN_POINT ( 'NONE',  ( 0.000000000000000000, 0.000000000000000000, 3.500000000000000000 ) ) ;
#429 = ORIENTED_EDGE ( 'NONE', *, *, #2362, .F. ) ;
#430 = EDGE_LOOP ( 'NONE', ( #986, #3551, #3059, #2870, #1031, #3359 ) ) ;
#431 = ADVANCED_FACE ( 'NONE', ( #862 ), #3729, .F. ) ;
#432 = CARTESIAN_POINT ( 'NONE',  ( 7.750000000000000000, 9.491012693391985815E-16, 5.077683537175356143 ) ) ;
#433 = DIRECTION ( 'NONE',  ( 0.000000000000000000, 0.000000000000000000, 1.000000000000000000 ) ) ;
#434 = DIRECTION ( 'NONE',  ( 1.000000000000000000, 0.000000000000000000, 0.000000000000000000 ) ) ;
#435 = CARTESIAN_POINT ( 'NONE',  ( 0.000000000000000000, 0.000000000000000000, -5.000000000000000000 ) ) ;
#436 = DIRECTION ( 'NONE',  ( 1.000000000000000000, 0.000000000000000000, 0.000000000000000000 ) ) ;
#437 = CARTESIAN_POINT ( 'NONE',  ( 21.20290298846044408, -5.067238386136485140, 0.000000000000000000 ) ) ;
#438 = ORIENTED_EDGE ( 'NONE', *, *, #200, .F. ) ;
#439 = DIRECTION ( 'NONE',  ( 0.000000000000000000, 0.000000000000000000, 1.000000000000000000 ) ) ;
#440 = PLANE ( 'NONE',  #1026 ) ;
#441 = LINE ( 'NONE', #3714, #3417 ) ;
#442 = LINE ( 'NONE', #1620, #3429 ) ;
#443 = EDGE_CURVE ( 'NONE', #2202, #635, #232, .T. ) ;
#444 = EDGE_CURVE ( 'NONE', #1362, #2043, #3365, .T. ) ;
#445 = DIRECTION ( 'NONE',  ( 1.000000000000000000, 0.000000000000000000, 0.000000000000000000 ) ) ;
#446 = CARTESIAN_POINT ( 'NONE',  ( 27.00000000000000355, 14.00000000000000178, 16.19749999999999801 ) ) ;
#447 = ORIENTED_EDGE ( 'NONE', *, *, #2136, .F. ) ;
#448 = DIRECTION ( 'NONE',  ( 1.000000000000000000, 0.000000000000000000, 0.000000000000000000 ) ) ;
#449 = ORIENTED_EDGE ( 'NONE', *, *, #159, .F. ) ;
#450 = ADVANCED_FACE ( 'NONE', ( #250 ), #16, .F. ) ;
#451 = EDGE_CURVE ( 'NONE', #3007, #942, #2037, .T. ) ;
#452 = AXIS2_PLACEMENT_3D ( 'NONE', #1553, #79, #1261 ) ;
#453 = DIRECTION ( 'NONE',  ( 0.000000000000000000, 0.000000000000000000, 1.000000000000000000 ) ) ;
#454 = CARTESIAN_POINT ( 'NONE',  ( 10.87499999999982947, -18.83605253231165122, 22.00000000000000000 ) ) ;
#455 = AXIS2_PLACEMENT_3D ( 'NONE', #623, #2948, #2380 ) ;
#456 = PLANE ( 'NONE',  #2852 ) ;
#457 = EDGE_CURVE ( 'NONE', #2325, #2669, #269, .T. ) ;
#458 = AXIS2_PLACEMENT_3D ( 'NONE', #2867, #2298, #1676 ) ;
#459 = EDGE_CURVE ( 'NONE', #1202, #3510, #719, .T. ) ;
#460 = ORIENTED_EDGE ( 'NONE', *, *, #700, .T. ) ;
#461 = DIRECTION ( 'NONE',  ( 1.000000000000000000, -1.734723475976807489E-15, -1.734723475976809264E-15 ) ) ;
#462 = CARTESIAN_POINT ( 'NONE',  ( 0.000000000000000000, 0.000000000000000000, 5.500000000000005329 ) ) ;
#463 = FACE_OUTER_BOUND ( 'NONE', #329, .T. ) ;
#464 = AXIS2_PLACEMENT_3D ( 'NONE', #1335, #2515, #3692 ) ;
#465 = FACE_OUTER_BOUND ( 'NONE', #48, .T. ) ;
#466 = AXIS2_PLACEMENT_3D ( 'NONE', #3082, #2258, #3414 ) ;
#467 = EDGE_LOOP ( 'NONE', ( #2478, #126 ) ) ;
#468 = AXIS2_PLACEMENT_3D ( 'NONE', #873, #3186, #1420 ) ;
#469 = DIRECTION ( 'NONE',  ( 1.000000000000000000, 0.000000000000000000, 0.000000000000000000 ) ) ;
#470 = DIRECTION ( 'NONE',  ( -0.000000000000000000, 0.000000000000000000, 1.000000000000000000 ) ) ;
#471 = CARTESIAN_POINT ( 'NONE',  ( 27.00000000000000355, 18.00000000000000711, 8.697499999999996234 ) ) ;
#472 = AXIS2_PLACEMENT_3D ( 'NONE', #1213, #1805, #2131 ) ;
#473 = EDGE_CURVE ( 'NONE', #1863, #321, #3252, .T. ) ;
#474 = VECTOR ( 'NONE', #559, 1000.000000000000000 ) ;
#475 = CYLINDRICAL_SURFACE ( 'NONE', #1379, 24.19999999999999929 ) ;
#476 = LINE ( 'NONE', #1599, #1849 ) ;
#477 = CARTESIAN_POINT ( 'NONE',  ( 12.52424425195997770, -2.642594542726427242, 3.500000000000000000 ) ) ;
#478 = TOROIDAL_SURFACE ( 'NONE', #1646, 23.00000000000000000, 2.000000000000000000 ) ;
#479 = EDGE_CURVE ( 'NONE', #2002, #3095, #611, .T. ) ;
#480 = EDGE_LOOP ( 'NONE', ( #2011, #995 ) ) ;
#481 = ADVANCED_BREP_SHAPE_REPRESENTATION ( 'base', ( #660, #8 ), #1129 ) ;
#482 = DIRECTION ( 'NONE',  ( 0.000000000000000000, 0.000000000000000000, 1.000000000000000000 ) ) ;
#483 = AXIS2_PLACEMENT_3D ( 'NONE', #955, #2139, #1549 ) ;
#484 = DIRECTION ( 'NONE',  ( 0.7071067811865453523, 0.000000000000000000, -0.7071067811865496822 ) ) ;
#485 = DIRECTION ( 'NONE',  ( -0.000000000000000000, -0.000000000000000000, -1.000000000000000000 ) ) ;
#486 = DIRECTION ( 'NONE',  ( 1.000000000000000000, 0.000000000000000000, 0.000000000000000000 ) ) ;
#487 = LINE ( 'NONE', #1660, #3465 ) ;
#488 = DIRECTION ( 'NONE',  ( -0.000000000000000000, -0.000000000000000000, 1.000000000000000000 ) ) ;
#489 = ORIENTED_EDGE ( 'NONE', *, *, #284, .T. ) ;
#490 = FACE_BOUND ( 'NONE', #1738, .T. ) ;
#491 = DIRECTION ( 'NONE',  ( 0.9609239238228686197, -0.2768125947728209413, 0.000000000000000000 ) ) ;
#492 = EDGE_CURVE ( 'NONE', #550, #400, #2854, .T. ) ;
#493 = DIRECTION ( 'NONE',  ( -0.000000000000000000, -0.000000000000000000, -1.000000000000000000 ) ) ;
#494 = DIRECTION ( 'NONE',  ( 1.000000000000000000, -1.445602896647339410E-16, -0.000000000000000000 ) ) ;
#495 = ORIENTED_EDGE ( 'NONE', *, *, #3485, .F. ) ;
#496 = DIRECTION ( 'NONE',  ( 1.000000000000000000, 0.000000000000000000, 0.000000000000000000 ) ) ;
#497 = EDGE_CURVE ( 'NONE', #2571, #539, #2137, .T. ) ;
#498 = EDGE_CURVE ( 'NONE', #1798, #3723, #973, .T. ) ;
#499 = CARTESIAN_POINT ( 'NONE',  ( 3.999999999999972466, 10.82531754730550055, 28.00000000000000000 ) ) ;
#500 = FACE_OUTER_BOUND ( 'NONE', #3012, .T. ) ;
#501 = ORIENTED_EDGE ( 'NONE', *, *, #3400, .F. ) ;
#502 = CIRCLE ( 'NONE', #3147, 12.80000000000000071 ) ;
#503 = DIRECTION ( 'NONE',  ( 0.7071067811865474617, 0.000000000000000000, 0.7071067811865474617 ) ) ;
#504 = CARTESIAN_POINT ( 'NONE',  ( 22.99999999999997868, 19.75000000000000711, 8.697499999999996234 ) ) ;
#505 = ORIENTED_EDGE ( 'NONE', *, *, #1749, .F. ) ;
#506 = CARTESIAN_POINT ( 'NONE',  ( -10.25000000000000000, 2.755455298081545764E-16, 0.000000000000000000 ) ) ;
#507 = LINE ( 'NONE', #2287, #1012 ) ;
#508 = PLANE ( 'NONE',  #1990 ) ;
#509 = FACE_OUTER_BOUND ( 'NONE', #2969, .T. ) ;
#510 = AXIS2_PLACEMENT_3D ( 'NONE', #616, #1107, #2004 ) ;
#511 = VERTEX_POINT ( 'NONE', #2720 ) ;
#512 = CIRCLE ( 'NONE', #3655, 12.80000000000000071 ) ;
#513 = CARTESIAN_POINT ( 'NONE',  ( 12.12500000000009059, 18.83605253231149490, 42.34152742581890294 ) ) ;
#514 = DIRECTION ( 'NONE',  ( 0.000000000000000000, 0.000000000000000000, 1.000000000000000000 ) ) ;
#515 = AXIS2_PLACEMENT_3D ( 'NONE', #3744, #1135, #1994 ) ;
#516 = DIRECTION ( 'NONE',  ( 1.000000000000000000, 0.000000000000000000, 0.000000000000000000 ) ) ;
#517 = EDGE_CURVE ( 'NONE', #940, #511, #3311, .T. ) ;
#518 = DIRECTION ( 'NONE',  ( 0.000000000000000000, 0.000000000000000000, -1.000000000000000000 ) ) ;
#519 = AXIS2_PLACEMENT_3D ( 'NONE', #1260, #633, #1812 ) ;
#520 = VERTEX_POINT ( 'NONE', #2952 ) ;
#521 = VECTOR ( 'NONE', #175, 1000.000000000000000 ) ;
#522 = CYLINDRICAL_SURFACE ( 'NONE', #331, 1.249999999999999334 ) ;
#523 = DIRECTION ( 'NONE',  ( 0.000000000000000000, 0.000000000000000000, 1.000000000000000000 ) ) ;
#524 = AXIS2_PLACEMENT_3D ( 'NONE', #3210, #1744, #2909 ) ;
#525 = DIRECTION ( 'NONE',  ( 0.000000000000000000, 0.000000000000000000, 1.000000000000000000 ) ) ;
#526 = EDGE_LOOP ( 'NONE', ( #1266, #1139, #1984, #2804 ) ) ;
#527 = EDGE_CURVE ( 'NONE', #814, #554, #2547, .T. ) ;
#528 = CONICAL_SURFACE ( 'NONE', #1762, 24.90000000000000568, 0.7853981633974482790 ) ;
#529 = DIRECTION ( 'NONE',  ( 0.7071067811865415775, 0.000000000000000000, -0.7071067811865535679 ) ) ;
#530 = DIRECTION ( 'NONE',  ( 1.000000000000000000, 0.000000000000000000, 0.000000000000000000 ) ) ;
#531 = VECTOR ( 'NONE', #351, 1000.000000000000000 ) ;
#532 = CYLINDRICAL_SURFACE ( 'NONE', #835, 3.250000000000000444 ) ;
#533 = EDGE_LOOP ( 'NONE', ( #1775, #3376 ) ) ;
#534 = ADVANCED_FACE ( 'NONE', ( #3823 ), #2683, .T. ) ;
#535 = ORIENTED_EDGE ( 'NONE', *, *, #3265, .F. ) ;
#536 = CARTESIAN_POINT ( 'NONE',  ( 13.68958256229950798, 17.21105253231148424, 22.00000000000000000 ) ) ;
#537 = AXIS2_PLACEMENT_3D ( 'NONE', #649, #358, #56 ) ;
#538 = CIRCLE ( 'NONE', #2691, 0.9999999999999974465 ) ;
#539 = VERTEX_POINT ( 'NONE', #3331 ) ;
#540 = EDGE_CURVE ( 'NONE', #3604, #917, #1007, .T. ) ;
#541 = DIRECTION ( 'NONE',  ( 0.000000000000000000, 0.000000000000000000, 1.000000000000000000 ) ) ;
#542 = ORIENTED_EDGE ( 'NONE', *, *, #3035, .T. ) ;
#543 = AXIS2_PLACEMENT_3D ( 'NONE', #1933, #1324, #3100 ) ;
#544 = AXIS2_PLACEMENT_3D ( 'NONE', #454, #1083, #3076 ) ;
#545 = CARTESIAN_POINT ( 'NONE',  ( 12.12499999999982947, -18.83605253231165122, 3.500000000000003109 ) ) ;
#546 = LINE ( 'NONE', #3472, #2553 ) ;
#547 = ORIENTED_EDGE ( 'NONE', *, *, #741, .T. ) ;
#548 = CARTESIAN_POINT ( 'NONE',  ( -21.75000000000000000, -5.250000000000001776, 3.500000000000000000 ) ) ;
#549 = ADVANCED_FACE ( 'NONE', ( #2405 ), #1496, .F. ) ;
#550 = VERTEX_POINT ( 'NONE', #1483 ) ;
#551 = CARTESIAN_POINT ( 'NONE',  ( -11.76268060739589849, 5.047706898027308320, 0.000000000000000000 ) ) ;
#552 = DIRECTION ( 'NONE',  ( 0.000000000000000000, 1.000000000000000000, 0.000000000000000000 ) ) ;
#553 = DIRECTION ( 'NONE',  ( -0.000000000000000000, -0.000000000000000000, -1.000000000000000000 ) ) ;
#554 = VERTEX_POINT ( 'NONE', #2662 ) ;
#555 = VERTEX_POINT ( 'NONE', #2114 ) ;
#556 = LINE ( 'NONE', #1471, #1755 ) ;
#557 = ORIENTED_EDGE ( 'NONE', *, *, #2900, .F. ) ;
#558 = VERTEX_POINT ( 'NONE', #374 ) ;
#559 = DIRECTION ( 'NONE',  ( 0.000000000000000000, 0.000000000000000000, 1.000000000000000000 ) ) ;
#560 = ORIENTED_EDGE ( 'NONE', *, *, #1935, .T. ) ;
#561 = ORIENTED_EDGE ( 'NONE', *, *, #3444, .F. ) ;
#562 = DIRECTION ( 'NONE',  ( 0.000000000000000000, 0.000000000000000000, -1.000000000000000000 ) ) ;
#563 = CIRCLE ( 'NONE', #2716, 25.00000000000021672 ) ;
#564 = CARTESIAN_POINT ( 'NONE',  ( 2.609718446129165148, -13.51404342274854109, 3.500000000000000000 ) ) ;
#565 = VERTEX_POINT ( 'NONE', #1547 ) ;
#566 = ADVANCED_FACE ( 'NONE', ( #1831 ), #2995, .F. ) ;
#567 = VERTEX_POINT ( 'NONE', #356 ) ;
#568 = DIRECTION ( 'NONE',  ( 0.000000000000000000, 0.000000000000000000, 1.000000000000000000 ) ) ;
#569 = CARTESIAN_POINT ( 'NONE',  ( 2.185751579730776939E-13, -4.770489558936219510E-15, 22.00000000000000000 ) ) ;
#570 = EDGE_CURVE ( 'NONE', #2962, #237, #1682, .T. ) ;
#571 = DIRECTION ( 'NONE',  ( 1.000000000000000000, -1.445602896647339410E-16, -0.000000000000000000 ) ) ;
#572 = ORIENTED_EDGE ( 'NONE', *, *, #1535, .T. ) ;
#573 = CARTESIAN_POINT ( 'NONE',  ( 8.395650332213207889, -21.71215872700186722, 5.499999999999998224 ) ) ;
#574 = DIRECTION ( 'NONE',  ( -0.000000000000000000, -0.000000000000000000, -1.000000000000000000 ) ) ;
#575 = ADVANCED_FACE ( 'NONE', ( #72 ), #2643, .F. ) ;
#576 = AXIS2_PLACEMENT_3D ( 'NONE', #3560, #924, #1813 ) ;
#577 = ORIENTED_EDGE ( 'NONE', *, *, #3511, .T. ) ;
#578 = CARTESIAN_POINT ( 'NONE',  ( 22.80000000000000071, 0.000000000000000000, 3.500000000000000000 ) ) ;
#579 = CIRCLE ( 'NONE', #1061, 3.249999999999999556 ) ;
#580 = VECTOR ( 'NONE', #1403, 1000.000000000000000 ) ;
#581 = VECTOR ( 'NONE', #101, 1000.000000000000114 ) ;
#582 = FACE_OUTER_BOUND ( 'NONE', #2354, .T. ) ;
#583 = DIRECTION ( 'NONE',  ( -1.445602896647339163E-16, -1.000000000000000000, 0.000000000000000000 ) ) ;
#584 = VERTEX_POINT ( 'NONE', #2361 ) ;
#585 = VERTEX_POINT ( 'NONE', #2385 ) ;
#586 = CARTESIAN_POINT ( 'NONE',  ( 2.609718446129165148, -13.51404342274854109, 0.000000000000000000 ) ) ;
#587 = AXIS2_PLACEMENT_3D ( 'NONE', #2957, #2086, #904 ) ;
#588 = FACE_BOUND ( 'NONE', #1244, .T. ) ;
#589 = EDGE_CURVE ( 'NONE', #2266, #1481, #2098, .T. ) ;
#590 = LINE ( 'NONE', #3825, #2207 ) ;
#591 = CARTESIAN_POINT ( 'NONE',  ( -24.16904317041990424, 6.391975612154583430, 5.499999999999998224 ) ) ;
#592 = EDGE_LOOP ( 'NONE', ( #2190, #2950, #535, #3041 ) ) ;
#593 = AXIS2_PLACEMENT_3D ( 'NONE', #936, #2997, #357 ) ;
#594 = AXIS2_PLACEMENT_3D ( 'NONE', #2240, #3702, #724 ) ;
#595 = ORIENTED_EDGE ( 'NONE', *, *, #3151, .F. ) ;
#596 = CARTESIAN_POINT ( 'NONE',  ( 6.548908324713590190, 24.12699317682365319, 42.34152742581890294 ) ) ;
#597 = ORIENTED_EDGE ( 'NONE', *, *, #941, .F. ) ;
#598 = EDGE_CURVE ( 'NONE', #1600, #1165, #896, .T. ) ;
#599 = AXIS2_PLACEMENT_3D ( 'NONE', #2260, #3803, #852 ) ;
#600 = ORIENTED_EDGE ( 'NONE', *, *, #3183, .T. ) ;
#601 = ORIENTED_EDGE ( 'NONE', *, *, #1080, .F. ) ;
#602 = CIRCLE ( 'NONE', #3673, 1.000000000000021760 ) ;
#603 = DIRECTION ( 'NONE',  ( -0.000000000000000000, -0.000000000000000000, -1.000000000000000000 ) ) ;
#604 = VERTEX_POINT ( 'NONE', #2170 ) ;
#605 = CIRCLE ( 'NONE', #353, 0.9999999999999991118 ) ;
#606 = CARTESIAN_POINT ( 'NONE',  ( 13.22588823937152824, -3.809971165199786736, 0.000000000000000000 ) ) ;
#607 = CARTESIAN_POINT ( 'NONE',  ( 16.45280798681594092, 14.26692361194121084, 0.000000000000000000 ) ) ;
#608 = CIRCLE ( 'NONE', #3742, 2.249999999999981348 ) ;
#609 = EDGE_LOOP ( 'NONE', ( #1405, #161 ) ) ;
#610 = ORIENTED_EDGE ( 'NONE', *, *, #2239, .T. ) ;
#611 = LINE ( 'NONE', #1808, #1017 ) ;
#612 = DIRECTION ( 'NONE',  ( 0.2556790244861834593, -0.9667617268167961742, 1.282064537683514825E-15 ) ) ;
#613 = CARTESIAN_POINT ( 'NONE',  ( 10.87500000000009237, 18.83605253231149845, 5.499999999999998224 ) ) ;
#614 = CARTESIAN_POINT ( 'NONE',  ( -3.313412302936589171, 13.35894078550946773, 0.000000000000000000 ) ) ;
#615 = CARTESIAN_POINT ( 'NONE',  ( 22.17551321728890557, -5.299680513940913329, 0.000000000000000000 ) ) ;
#616 = CARTESIAN_POINT ( 'NONE',  ( 2.185751579730776939E-13, -4.770489558936219510E-15, 22.00000000000000000 ) ) ;
#617 = EDGE_LOOP ( 'NONE', ( #595, #781, #3647, #2650 ) ) ;
#618 = EDGE_CURVE ( 'NONE', #1374, #1966, #2368, .T. ) ;
#619 = EDGE_LOOP ( 'NONE', ( #1106, #2042, #3695, #946, #3643 ) ) ;
#620 = ORIENTED_EDGE ( 'NONE', *, *, #457, .F. ) ;
#621 = DIRECTION ( 'NONE',  ( 1.000000000000000000, 0.000000000000000000, 0.000000000000000000 ) ) ;
#622 = EDGE_CURVE ( 'NONE', #1843, #1232, #988, .T. ) ;
#623 = CARTESIAN_POINT ( 'NONE',  ( 15.85656205716719924, 15.95994633762120785, 5.499999999999998224 ) ) ;
#624 = DIRECTION ( 'NONE',  ( 0.000000000000000000, 0.000000000000000000, 1.000000000000000000 ) ) ;
#625 = ORIENTED_EDGE ( 'NONE', *, *, #1582, .F. ) ;
#626 = EDGE_CURVE ( 'NONE', #3307, #814, #1644, .T. ) ;
#627 = ORIENTED_EDGE ( 'NONE', *, *, #1204, .T. ) ;
#628 = ORIENTED_EDGE ( 'NONE', *, *, #812, .F. ) ;
#629 = DIRECTION ( 'NONE',  ( 0.000000000000000000, 0.000000000000000000, 1.000000000000000000 ) ) ;
#630 = CYLINDRICAL_SURFACE ( 'NONE', #1382, 22.79999999999999716 ) ;
#631 = CARTESIAN_POINT ( 'NONE',  ( -21.75000000000000355, 5.752212389380527036, 42.34152742581890294 ) ) ;
#632 = CARTESIAN_POINT ( 'NONE',  ( 6.250000000000056843, -10.82531754730545259, 28.00000000000000000 ) ) ;
#633 = DIRECTION ( 'NONE',  ( -0.000000000000000000, -0.000000000000000000, 1.000000000000000000 ) ) ;
#634 = FACE_OUTER_BOUND ( 'NONE', #2417, .T. ) ;
#635 = VERTEX_POINT ( 'NONE', #1277 ) ;
#636 = ORIENTED_EDGE ( 'NONE', *, *, #1534, .F. ) ;
#637 = VERTEX_POINT ( 'NONE', #3418 ) ;
#638 = FACE_OUTER_BOUND ( 'NONE', #2180, .T. ) ;
#639 = ORIENTED_EDGE ( 'NONE', *, *, #1415, .F. ) ;
#640 = EDGE_CURVE ( 'NONE', #604, #3604, #391, .T. ) ;
#641 = VECTOR ( 'NONE', #341, 1000.000000000000000 ) ;
#642 = FACE_OUTER_BOUND ( 'NONE', #1814, .T. ) ;
#643 = AXIS2_PLACEMENT_3D ( 'NONE', #3523, #3361, #2639 ) ;
#644 = CARTESIAN_POINT ( 'NONE',  ( -9.912475936435020785, -9.548969620309645023, 0.000000000000000000 ) ) ;
#645 = ORIENTED_EDGE ( 'NONE', *, *, #1829, .T. ) ;
#646 = DIRECTION ( 'NONE',  ( -1.000000000000000000, 0.000000000000000000, 0.000000000000000000 ) ) ;
#647 = DIRECTION ( 'NONE',  ( -0.000000000000000000, -0.000000000000000000, -1.000000000000000000 ) ) ;
#648 = CLOSED_SHELL ( 'NONE', ( #2576, #894, #2183, #905, #1540, #2204, #1312, #977, #3578, #2944, #549, #2090, #3396, #2634, #987, #2498, #65, #2061, #777, #3582, #113, #2295, #1673, #450, #306, #1195, #3513, #1219, #2159, #1173, #1854, #832, #2455, #1019, #3330, #431, #3656, #1656, #3139, #1, #1920, #3792, #2393, #3063, #965, #1989, #3555, #1091, #2460, #3234, #1790, #3439, #566, #3638, #2538, #1013, #2659, #1456, #2606, #1558, #1344, #738, #3191, #2535, #1653, #1629, #1662, #92, #2151, #3490, #2177, #1784, #575, #2030, #1433, #383, #2704, #3282, #3203, #2572, #3086, #1388, #160, #1799, #2939, #2618, #2655, #3667, #2824, #2762, #1668, #1578, #3066, #301, #3421, #45, #1249, #3586, #2803, #2611, #664, #2819, #2996, #2947, #1380, #898, #1292, #2848, #2785, #2839, #1875, #534, #1245, #3532, #1734, #1585, #2780, #3757, #1902, #3540, #1426, #1529 ) ) ;
#649 = CARTESIAN_POINT ( 'NONE',  ( 5.893437942832979282, 21.71215872700178906, 5.499999999999998224 ) ) ;
#650 = EDGE_CURVE ( 'NONE', #3208, #1802, #128, .T. ) ;
#651 = DIRECTION ( 'NONE',  ( 0.000000000000000000, 0.000000000000000000, -1.000000000000000000 ) ) ;
#652 = CIRCLE ( 'NONE', #2005, 2.000000000000000000 ) ;
#653 = CARTESIAN_POINT ( 'NONE',  ( 0.000000000000000000, 0.000000000000000000, 32.39499999999999602 ) ) ;
#654 = LINE ( 'NONE', #1201, #3462 ) ;
#655 = ORIENTED_EDGE ( 'NONE', *, *, #2711, .F. ) ;
#656 = AXIS2_PLACEMENT_3D ( 'NONE', #3332, #647, #3031 ) ;
#657 = ORIENTED_EDGE ( 'NONE', *, *, #2470, .T. ) ;
#658 = VERTEX_POINT ( 'NONE', #3689 ) ;
#659 = DIRECTION ( 'NONE',  ( 0.000000000000000000, 0.000000000000000000, 1.000000000000000000 ) ) ;
#660 = MANIFOLD_SOLID_BREP ( 'Chamfer6', #648 ) ;
#661 = CIRCLE ( 'NONE', #3798, 25.50000000000000000 ) ;
#662 = ORIENTED_EDGE ( 'NONE', *, *, #1486, .T. ) ;
#663 = CIRCLE ( 'NONE', #1901, 25.50000000000000000 ) ;
#664 = ADVANCED_FACE ( 'NONE', ( #96 ), #1311, .F. ) ;
#665 = FACE_OUTER_BOUND ( 'NONE', #268, .T. ) ;
#666 = ORIENTED_EDGE ( 'NONE', *, *, #1055, .F. ) ;
#667 = AXIS2_PLACEMENT_3D ( 'NONE', #462, #3081, #2773 ) ;
#668 = EDGE_LOOP ( 'NONE', ( #3549, #2383, #2468, #1719 ) ) ;
#669 = AXIS2_PLACEMENT_3D ( 'NONE', #2892, #251, #2850 ) ;
#670 = VECTOR ( 'NONE', #1595, 1000.000000000000114 ) ;
#671 = CARTESIAN_POINT ( 'NONE',  ( -21.75000000000000355, 5.752212389380527036, 5.499999999999998224 ) ) ;
#672 = EDGE_CURVE ( 'NONE', #136, #2202, #2843, .T. ) ;
#673 = DIRECTION ( 'NONE',  ( 0.9667617268167961742, 0.2556790244861835149, 0.000000000000000000 ) ) ;
#674 = CARTESIAN_POINT ( 'NONE',  ( 0.000000000000000000, 0.000000000000000000, 28.00000000000000000 ) ) ;
#675 = ORIENTED_EDGE ( 'NONE', *, *, #1128, .F. ) ;
#676 = AXIS2_PLACEMENT_3D ( 'NONE', #3707, #1369, #421 ) ;
#677 = DIRECTION ( 'NONE',  ( 1.000000000000000000, 0.000000000000000000, 0.000000000000000000 ) ) ;
#678 = CYLINDRICAL_SURFACE ( 'NONE', #3834, 1.750000000000001554 ) ;
#679 = ORIENTED_EDGE ( 'NONE', *, *, #2054, .F. ) ;
#680 = ORIENTED_EDGE ( 'NONE', *, *, #3629, .F. ) ;
#681 = ORIENTED_EDGE ( 'NONE', *, *, #3355, .F. ) ;
#682 = EDGE_LOOP ( 'NONE', ( #3587, #3597, #2636, #2761 ) ) ;
#683 = CARTESIAN_POINT ( 'NONE',  ( -12.68164002984870287, 5.442058999435691824, 3.500000000000000000 ) ) ;
#684 = CARTESIAN_POINT ( 'NONE',  ( 22.99999999999997868, 18.00000000000000711, 8.697499999999996234 ) ) ;
#685 = ORIENTED_EDGE ( 'NONE', *, *, #3383, .T. ) ;
#686 = ORIENTED_EDGE ( 'NONE', *, *, #3179, .F. ) ;
#687 = DIRECTION ( 'NONE',  ( -0.2407352227506883435, 0.9705908265212361830, 0.000000000000000000 ) ) ;
#688 = CARTESIAN_POINT ( 'NONE',  ( 27.00000000000000355, 18.00000000000000355, 25.94749999999997669 ) ) ;
#689 = DIRECTION ( 'NONE',  ( 0.9451197591342491711, -0.3267241051621671555, -0.000000000000000000 ) ) ;
#690 = CARTESIAN_POINT ( 'NONE',  ( 22.00000000000000355, 18.00000000000000711, 8.697499999999996234 ) ) ;
#691 = CYLINDRICAL_SURFACE ( 'NONE', #587, 1.249999999999999334 ) ;
#692 = EDGE_CURVE ( 'NONE', #302, #2988, #2814, .T. ) ;
#693 = DIRECTION ( 'NONE',  ( 0.000000000000000000, -1.000000000000000000, 0.000000000000000000 ) ) ;
#694 = ORIENTED_EDGE ( 'NONE', *, *, #2748, .F. ) ;
#695 = EDGE_LOOP ( 'NONE', ( #2309, #2221, #1442, #808 ) ) ;
#696 = EDGE_CURVE ( 'NONE', #3510, #3207, #2189, .T. ) ;
#697 = ORIENTED_EDGE ( 'NONE', *, *, #1478, .T. ) ;
#698 = CARTESIAN_POINT ( 'NONE',  ( 0.000000000000000000, 0.000000000000000000, -5.000000000000000000 ) ) ;
#699 = DIRECTION ( 'NONE',  ( 0.000000000000000000, 0.000000000000000000, -1.000000000000000000 ) ) ;
#700 = EDGE_CURVE ( 'NONE', #2647, #1974, #2430, .T. ) ;
#701 = ORIENTED_EDGE ( 'NONE', *, *, #1962, .T. ) ;
#702 = AXIS2_PLACEMENT_3D ( 'NONE', #2772, #3061, #913 ) ;
#703 = CARTESIAN_POINT ( 'NONE',  ( -21.75000000000000355, -5.752212389380532365, 22.00000000000000000 ) ) ;
#704 = VERTEX_POINT ( 'NONE', #3401 ) ;
#705 = DIRECTION ( 'NONE',  ( 1.000000000000000000, 0.000000000000000000, 0.000000000000000000 ) ) ;
#706 = DIRECTION ( 'NONE',  ( 0.000000000000000000, 0.000000000000000000, 1.000000000000000000 ) ) ;
#707 = CARTESIAN_POINT ( 'NONE',  ( 2.609718446129165148, -13.51404342274854109, 3.500000000000000000 ) ) ;
#708 = VECTOR ( 'NONE', #3016, 1000.000000000000000 ) ;
#709 = CARTESIAN_POINT ( 'NONE',  ( 6.548908324713590190, 24.12699317682365319, 5.500000000000005329 ) ) ;
#710 = EDGE_CURVE ( 'NONE', #3723, #70, #2246, .T. ) ;
#711 = CARTESIAN_POINT ( 'NONE',  ( -13.00836413501087030, 4.496939240301442098, 0.000000000000000000 ) ) ;
#712 = CIRCLE ( 'NONE', #2130, 0.9999999999999995559 ) ;
#713 = ORIENTED_EDGE ( 'NONE', *, *, #2711, .T. ) ;
#714 = VECTOR ( 'NONE', #1598, 1000.000000000000000 ) ;
#715 = CIRCLE ( 'NONE', #3720, 1.750000000000001554 ) ;
#716 = ORIENTED_EDGE ( 'NONE', *, *, #1582, .T. ) ;
#717 = ORIENTED_EDGE ( 'NONE', *, *, #672, .F. ) ;
#718 = CARTESIAN_POINT ( 'NONE',  ( 0.000000000000000000, 0.000000000000000000, 3.500000000000000000 ) ) ;
#719 = CIRCLE ( 'NONE', #2195, 2.250000000000000444 ) ;
#720 = EDGE_CURVE ( 'NONE', #1165, #3830, #170, .T. ) ;
#721 = DIRECTION ( 'NONE',  ( -0.000000000000000000, -0.000000000000000000, 1.000000000000000000 ) ) ;
#722 = CIRCLE ( 'NONE', #656, 2.502212389380530588 ) ;
#723 = AXIS2_PLACEMENT_3D ( 'NONE', #2845, #3493, #2034 ) ;
#724 = DIRECTION ( 'NONE',  ( 1.000000000000000000, 0.000000000000000000, 0.000000000000000000 ) ) ;
#725 = VERTEX_POINT ( 'NONE', #3029 ) ;
#726 = CIRCLE ( 'NONE', #99, 25.00000000000000000 ) ;
#727 = CARTESIAN_POINT ( 'NONE',  ( 6.249999999999971578, 10.82531754730550055, 3.499999999999999556 ) ) ;
#728 = CARTESIAN_POINT ( 'NONE',  ( 27.00000000000000355, 18.00000000000000355, 20.59749999999999659 ) ) ;
#729 = TOROIDAL_SURFACE ( 'NONE', #537, 0.5022123893805301442, 2.000000000000000000 ) ;
#730 = CARTESIAN_POINT ( 'NONE',  ( 22.00000000000000355, 18.00000000000000711, 7.947499999999989129 ) ) ;
#731 = AXIS2_PLACEMENT_3D ( 'NONE', #2871, #3746, #2888 ) ;
#732 = CARTESIAN_POINT ( 'NONE',  ( 0.000000000000000000, 0.000000000000000000, 0.000000000000000000 ) ) ;
#733 = CARTESIAN_POINT ( 'NONE',  ( 26.57787749703416225, 18.00000000000000355, 16.19749999999999801 ) ) ;
#734 = ORIENTED_EDGE ( 'NONE', *, *, #2982, .T. ) ;
#735 = CIRCLE ( 'NONE', #422, 0.9999999999999991118 ) ;
#736 = ORIENTED_EDGE ( 'NONE', *, *, #991, .T. ) ;
#737 = CARTESIAN_POINT ( 'NONE',  ( 0.000000000000000000, 0.000000000000000000, 0.000000000000000000 ) ) ;
#738 = ADVANCED_FACE ( 'NONE', ( #2595 ), #207, .F. ) ;
#739 = DIRECTION ( 'NONE',  ( 0.000000000000000000, 0.000000000000000000, 1.000000000000000000 ) ) ;
#740 = DIRECTION ( 'NONE',  ( 0.000000000000000000, 0.000000000000000000, -1.000000000000000000 ) ) ;
#741 = EDGE_CURVE ( 'NONE', #1450, #3263, #800, .T. ) ;
#742 = EDGE_CURVE ( 'NONE', #1355, #190, #3778, .T. ) ;
#743 = CARTESIAN_POINT ( 'NONE',  ( 13.22588823937152824, -3.809971165199786736, 0.000000000000000000 ) ) ;
#744 = DIRECTION ( 'NONE',  ( -0.000000000000000000, -0.000000000000000000, -1.000000000000000000 ) ) ;
#745 = EDGE_CURVE ( 'NONE', #2017, #555, #3435, .T. ) ;
#746 = CARTESIAN_POINT ( 'NONE',  ( 8.500000000000058620, -10.82531754730545259, 3.499999999999999556 ) ) ;
#747 = LINE ( 'NONE', #2513, #1149 ) ;
#748 = VERTEX_POINT ( 'NONE', #3163 ) ;
#749 = EDGE_LOOP ( 'NONE', ( #1848, #1421 ) ) ;
#750 = DIRECTION ( 'NONE',  ( 0.000000000000000000, 0.000000000000000000, -1.000000000000000000 ) ) ;
#751 = CARTESIAN_POINT ( 'NONE',  ( 3.291623987929903183, -22.56114384338888357, 3.500000000000000000 ) ) ;
#752 = CARTESIAN_POINT ( 'NONE',  ( 3.147254514775084111, -21.57161999060867075, 0.000000000000000000 ) ) ;
#753 = ORIENTED_EDGE ( 'NONE', *, *, #325, .F. ) ;
#754 = CIRCLE ( 'NONE', #2897, 3.685553324301753086 ) ;
#755 = DIRECTION ( 'NONE',  ( -0.000000000000000000, -0.000000000000000000, -1.000000000000000000 ) ) ;
#756 = CARTESIAN_POINT ( 'NONE',  ( -16.50000000000000355, -2.602085213965210642E-15, 3.499999999999998668 ) ) ;
#757 = CARTESIAN_POINT ( 'NONE',  ( 3.903127820947815962E-15, 27.00000000000000000, 0.000000000000000000 ) ) ;
#758 = EDGE_CURVE ( 'NONE', #637, #1818, #770, .T. ) ;
#759 = CARTESIAN_POINT ( 'NONE',  ( -25.50000000000000000, 3.122849337825750222E-15, -5.000000000000000000 ) ) ;
#760 = CARTESIAN_POINT ( 'NONE',  ( -21.75000000000000355, 5.752212389380527036, 5.499999999999998224 ) ) ;
#761 = LINE ( 'NONE', #3385, #2010 ) ;
#762 = CARTESIAN_POINT ( 'NONE',  ( 22.99999999999997868, 18.00000000000000355, 23.69749999999999801 ) ) ;
#763 = EDGE_CURVE ( 'NONE', #44, #3341, #2580, .T. ) ;
#764 = DIRECTION ( 'NONE',  ( 1.000000000000000000, 0.000000000000000000, 0.000000000000000000 ) ) ;
#765 = VECTOR ( 'NONE', #958, 1000.000000000000114 ) ;
#766 = CARTESIAN_POINT ( 'NONE',  ( 22.99999999999997868, 16.25000000000000000, 23.69749999999999801 ) ) ;
#767 = CARTESIAN_POINT ( 'NONE',  ( -6.498098651630353828, 21.85439804510020423, 0.000000000000000000 ) ) ;
#768 = CONICAL_SURFACE ( 'NONE', #1247, 7.750000000000000000, 0.3141592653589757589 ) ;
#769 = DIRECTION ( 'NONE',  ( 1.000000000000000000, 0.000000000000000000, 0.000000000000000000 ) ) ;
#770 = CIRCLE ( 'NONE', #458, 0.5022123893805297001 ) ;
#771 = ORIENTED_EDGE ( 'NONE', *, *, #927, .F. ) ;
#772 = DIRECTION ( 'NONE',  ( 0.000000000000000000, 0.000000000000000000, 1.000000000000000000 ) ) ;
#773 = DIRECTION ( 'NONE',  ( 1.000000000000000000, 0.000000000000000000, 0.000000000000000000 ) ) ;
#774 = DIRECTION ( 'NONE',  ( 0.000000000000000000, 1.000000000000000000, 0.000000000000000000 ) ) ;
#775 = CIRCLE ( 'NONE', #2252, 25.00000000000000000 ) ;
#776 = DIRECTION ( 'NONE',  ( -0.000000000000000000, -0.000000000000000000, -1.000000000000000000 ) ) ;
#777 = ADVANCED_FACE ( 'NONE', ( #3762 ), #522, .F. ) ;
#778 = AXIS2_PLACEMENT_3D ( 'NONE', #186, #129, #3051 ) ;
#779 = DIRECTION ( 'NONE',  ( -0.000000000000000000, -0.000000000000000000, -1.000000000000000000 ) ) ;
#780 = CARTESIAN_POINT ( 'NONE',  ( -12.50000000000000000, 0.000000000000000000, 28.00000000000000000 ) ) ;
#781 = ORIENTED_EDGE ( 'NONE', *, *, #1942, .T. ) ;
#782 = CARTESIAN_POINT ( 'NONE',  ( 26.50000000000002842, 19.75000000000000711, 8.697499999999996234 ) ) ;
#783 = SHAPE_DEFINITION_REPRESENTATION ( #3162, #481 ) ;
#784 = AXIS2_PLACEMENT_3D ( 'NONE', #684, #3284, #3305 ) ;
#785 = EDGE_CURVE ( 'NONE', #555, #3079, #2542, .T. ) ;
#786 = CIRCLE ( 'NONE', #3244, 5.250000000000000888 ) ;
#787 = DIRECTION ( 'NONE',  ( 0.000000000000000000, 0.000000000000000000, 1.000000000000000000 ) ) ;
#788 = CARTESIAN_POINT ( 'NONE',  ( 10.39864568888162211, 9.017104182447027938, 3.500000000000000000 ) ) ;
#789 = EDGE_CURVE ( 'NONE', #2124, #1464, #2013, .T. ) ;
#790 = DIRECTION ( 'NONE',  ( -0.000000000000000000, -0.000000000000000000, 1.000000000000000000 ) ) ;
#791 = AXIS2_PLACEMENT_3D ( 'NONE', #1301, #2734, #2167 ) ;
#792 = AXIS2_PLACEMENT_3D ( 'NONE', #2602, #2038, #2910 ) ;
#793 = EDGE_LOOP ( 'NONE', ( #1472, #2463 ) ) ;
#794 = DIRECTION ( 'NONE',  ( -1.734723475976807094E-15, 0.000000000000000000, -1.000000000000000000 ) ) ;
#795 = AXIS2_PLACEMENT_3D ( 'NONE', #1664, #2831, #2817 ) ;
#796 = CARTESIAN_POINT ( 'NONE',  ( 16.21052405804974583, -16.31621615949575599, 3.500000000000000000 ) ) ;
#797 = DIRECTION ( 'NONE',  ( 1.000000000000000000, 0.000000000000000000, 0.000000000000000000 ) ) ;
#798 = DIRECTION ( 'NONE',  ( -0.000000000000000000, -0.000000000000000000, 1.000000000000000000 ) ) ;
#799 = CONICAL_SURFACE ( 'NONE', #970, 0.7500000000000075495, 0.7853981633974568277 ) ;
#800 = LINE ( 'NONE', #3721, #3356 ) ;
#801 = DIRECTION ( 'NONE',  ( -0.000000000000000000, -0.000000000000000000, -1.000000000000000000 ) ) ;
#802 = ORIENTED_EDGE ( 'NONE', *, *, #2797, .T. ) ;
#803 = FACE_BOUND ( 'NONE', #63, .T. ) ;
#804 = DIRECTION ( 'NONE',  ( -0.000000000000000000, -0.000000000000000000, 1.000000000000000000 ) ) ;
#805 = DIRECTION ( 'NONE',  ( -1.000000000000000000, 0.000000000000000000, 0.000000000000000000 ) ) ;
#806 = DIRECTION ( 'NONE',  ( -1.000000000000000000, 0.000000000000000000, 0.000000000000000000 ) ) ;
#807 = EDGE_CURVE ( 'NONE', #910, #3734, #2603, .T. ) ;
#808 = ORIENTED_EDGE ( 'NONE', *, *, #2432, .F. ) ;
#809 = CARTESIAN_POINT ( 'NONE',  ( 5.893437942832979282, 21.71215872700178906, 5.499999999999998224 ) ) ;
#810 = DIRECTION ( 'NONE',  ( 1.000000000000000000, 0.000000000000000000, 0.000000000000000000 ) ) ;
#811 = CARTESIAN_POINT ( 'NONE',  ( 26.57787749703416225, 21.97787749703416438, 16.19749999999999801 ) ) ;
#812 = EDGE_CURVE ( 'NONE', #1232, #2029, #1754, .T. ) ;
#813 = FACE_OUTER_BOUND ( 'NONE', #1158, .T. ) ;
#814 = VERTEX_POINT ( 'NONE', #545 ) ;
#815 = AXIS2_PLACEMENT_3D ( 'NONE', #233, #2363, #3813 ) ;
#816 = EDGE_LOOP ( 'NONE', ( #2016, #2353, #1632, #2642 ) ) ;
#817 = DIRECTION ( 'NONE',  ( -0.000000000000000000, -0.000000000000000000, -1.000000000000000000 ) ) ;
#818 = DIRECTION ( 'NONE',  ( -0.000000000000000000, -0.000000000000000000, -1.000000000000000000 ) ) ;
#819 = CARTESIAN_POINT ( 'NONE',  ( 0.000000000000000000, 0.000000000000000000, -1.000000000000000000 ) ) ;
#820 = CARTESIAN_POINT ( 'NONE',  ( 0.000000000000000000, 0.000000000000000000, 0.000000000000000000 ) ) ;
#821 = CARTESIAN_POINT ( 'NONE',  ( 21.00000000000000355, 18.00000000000000355, 16.19749999999999801 ) ) ;
#822 = CARTESIAN_POINT ( 'NONE',  ( 26.50000000000002842, 18.00000000000000711, 8.697499999999996234 ) ) ;
#823 = EDGE_CURVE ( 'NONE', #3285, #637, #2483, .T. ) ;
#824 = ORIENTED_EDGE ( 'NONE', *, *, #3662, .F. ) ;
#825 = AXIS2_PLACEMENT_3D ( 'NONE', #1229, #3283, #3566 ) ;
#826 = DIRECTION ( 'NONE',  ( 0.000000000000000000, 0.000000000000000000, 1.000000000000000000 ) ) ;
#827 = ORIENTED_EDGE ( 'NONE', *, *, #540, .F. ) ;
#828 = AXIS2_PLACEMENT_3D ( 'NONE', #703, #744, #2777 ) ;
#829 = CIRCLE ( 'NONE', #2307, 25.00000000000000000 ) ;
#830 = AXIS2_PLACEMENT_3D ( 'NONE', #2421, #394, #2458 ) ;
#831 = ORIENTED_EDGE ( 'NONE', *, *, #3309, .F. ) ;
#832 = ADVANCED_FACE ( 'NONE', ( #3781 ), #1722, .F. ) ;
#833 = DIRECTION ( 'NONE',  ( 1.000000000000000000, 0.000000000000000000, 0.000000000000000000 ) ) ;
#834 = CIRCLE ( 'NONE', #1761, 1.999999999999999334 ) ;
#835 = AXIS2_PLACEMENT_3D ( 'NONE', #3517, #880, #2056 ) ;
#836 = DIRECTION ( 'NONE',  ( -0.000000000000000000, -0.000000000000000000, -1.000000000000000000 ) ) ;
#837 = DIRECTION ( 'NONE',  ( -0.000000000000000000, -0.000000000000000000, -1.000000000000000000 ) ) ;
#838 = ORIENTED_EDGE ( 'NONE', *, *, #742, .T. ) ;
#839 = CARTESIAN_POINT ( 'NONE',  ( 2.185751579730776939E-13, -4.770489558936219510E-15, 22.00000000000000000 ) ) ;
#840 = CIRCLE ( 'NONE', #3366, 25.50000000000000000 ) ;
#841 = DIRECTION ( 'NONE',  ( -0.000000000000000000, -0.000000000000000000, 1.000000000000000000 ) ) ;
#842 = CARTESIAN_POINT ( 'NONE',  ( 6.548908324713271334, -24.12699317682378819, 5.499999999999998224 ) ) ;
#843 = CIRCLE ( 'NONE', #1697, 3.249999999999999556 ) ;
#844 = DIRECTION ( 'NONE',  ( 0.7071067811865416886, 8.659560562355005581E-17, 0.7071067811865532349 ) ) ;
#845 = VECTOR ( 'NONE', #3382, 1000.000000000000114 ) ;
#846 = ORIENTED_EDGE ( 'NONE', *, *, #2504, .T. ) ;
#847 = DIRECTION ( 'NONE',  ( 1.000000000000000000, 0.000000000000000000, 0.000000000000000000 ) ) ;
#848 = AXIS2_PLACEMENT_3D ( 'NONE', #1387, #2564, #1115 ) ;
#849 = ORIENTED_EDGE ( 'NONE', *, *, #2826, .F. ) ;
#850 = EDGE_LOOP ( 'NONE', ( #261, #2164, #2343, #2411 ) ) ;
#851 = EDGE_CURVE ( 'NONE', #2898, #867, #1434, .T. ) ;
#852 = DIRECTION ( 'NONE',  ( -1.000000000000000000, 0.000000000000000000, 0.000000000000000000 ) ) ;
#853 = CONICAL_SURFACE ( 'NONE', #1527, 3.977877497034161713, 0.7853981633974482790 ) ;
#854 = VERTEX_POINT ( 'NONE', #857 ) ;
#855 = EDGE_CURVE ( 'NONE', #928, #3301, #2033, .T. ) ;
#856 = EDGE_CURVE ( 'NONE', #1157, #951, #3529, .T. ) ;
#857 = CARTESIAN_POINT ( 'NONE',  ( 17.62013484570628918, -17.73501756466933088, 5.500000000000005329 ) ) ;
#858 = DIRECTION ( 'NONE',  ( 1.000000000000000000, 0.000000000000000000, 0.000000000000000000 ) ) ;
#859 = VERTEX_POINT ( 'NONE', #3508 ) ;
#860 = EDGE_LOOP ( 'NONE', ( #3333, #2049, #2106, #1846 ) ) ;
#861 = EDGE_CURVE ( 'NONE', #3779, #926, #487, .T. ) ;
#862 = FACE_OUTER_BOUND ( 'NONE', #668, .T. ) ;
#863 = CYLINDRICAL_SURFACE ( 'NONE', #669, 1.000000000000000888 ) ;
#864 = CYLINDRICAL_SURFACE ( 'NONE', #1014, 2.249999999999999556 ) ;
#865 = CARTESIAN_POINT ( 'NONE',  ( 13.68958256229926462, -17.21105253231167609, 5.499999999999998224 ) ) ;
#866 = DIRECTION ( 'NONE',  ( -0.000000000000000000, -0.000000000000000000, 1.000000000000000000 ) ) ;
#867 = VERTEX_POINT ( 'NONE', #2829 ) ;
#868 = VERTEX_POINT ( 'NONE', #1075 ) ;
#869 = ORIENTED_EDGE ( 'NONE', *, *, #376, .F. ) ;
#870 = DIRECTION ( 'NONE',  ( -0.000000000000000000, -0.000000000000000000, 1.000000000000000000 ) ) ;
#871 = EDGE_CURVE ( 'NONE', #61, #930, #1817, .T. ) ;
#872 = DIRECTION ( 'NONE',  ( 0.000000000000000000, 0.000000000000000000, 1.000000000000000000 ) ) ;
#873 = CARTESIAN_POINT ( 'NONE',  ( 17.10794365526374250, 13.51141235727490830, 3.500000000000000000 ) ) ;
#874 = ORIENTED_EDGE ( 'NONE', *, *, #2974, .T. ) ;
#875 = ORIENTED_EDGE ( 'NONE', *, *, #855, .F. ) ;
#876 = CARTESIAN_POINT ( 'NONE',  ( -25.00000000000000000, 3.061616997868382254E-15, -70.71067811865478347 ) ) ;
#877 = EDGE_CURVE ( 'NONE', #558, #3494, #1186, .T. ) ;
#878 = DIRECTION ( 'NONE',  ( -0.7555112546663028672, -0.6551356684478025771, 0.000000000000000000 ) ) ;
#879 = DIRECTION ( 'NONE',  ( -0.000000000000000000, -0.000000000000000000, 1.000000000000000000 ) ) ;
#880 = DIRECTION ( 'NONE',  ( -0.000000000000000000, -0.000000000000000000, -1.000000000000000000 ) ) ;
#881 = ORIENTED_EDGE ( 'NONE', *, *, #3546, .F. ) ;
#882 = CARTESIAN_POINT ( 'NONE',  ( 6.395650332213207889, -21.71215872700186722, 5.499999999999998224 ) ) ;
#883 = CARTESIAN_POINT ( 'NONE',  ( -23.00000000000000711, -2.602085213965210642E-15, 42.34152742581890294 ) ) ;
#884 = AXIS2_PLACEMENT_3D ( 'NONE', #2060, #2574, #3258 ) ;
#885 = EDGE_CURVE ( 'NONE', #2275, #1863, #2, .T. ) ;
#886 = ORIENTED_EDGE ( 'NONE', *, *, #2504, .F. ) ;
#887 = VERTEX_POINT ( 'NONE', #326 ) ;
#888 = DIRECTION ( 'NONE',  ( -0.000000000000000000, -0.000000000000000000, -1.000000000000000000 ) ) ;
#889 = VECTOR ( 'NONE', #3711, 1000.000000000000000 ) ;
#890 = AXIS2_PLACEMENT_3D ( 'NONE', #3127, #1700, #3142 ) ;
#891 = DIRECTION ( 'NONE',  ( 0.000000000000000000, 0.000000000000000000, 1.000000000000000000 ) ) ;
#892 = CARTESIAN_POINT ( 'NONE',  ( 26.50000000000002842, 18.00000000000000355, 23.69749999999999801 ) ) ;
#893 = ORIENTED_EDGE ( 'NONE', *, *, #1874, .F. ) ;
#894 = ADVANCED_FACE ( 'NONE', ( #582 ), #137, .F. ) ;
#895 = CIRCLE ( 'NONE', #1439, 24.99999999999989697 ) ;
#896 = LINE ( 'NONE', #432, #2128 ) ;
#897 = CIRCLE ( 'NONE', #270, 2.502212389380531476 ) ;
#898 = ADVANCED_FACE ( 'NONE', ( #1785 ), #193, .F. ) ;
#899 = FACE_BOUND ( 'NONE', #3088, .T. ) ;
#900 = CARTESIAN_POINT ( 'NONE',  ( 22.99999999999997868, 18.00000000000000355, 25.44749999999999801 ) ) ;
#901 = CYLINDRICAL_SURFACE ( 'NONE', #3606, 1.000000000000021760 ) ;
#902 = VECTOR ( 'NONE', #837, 1000.000000000000000 ) ;
#903 = EDGE_CURVE ( 'NONE', #1011, #6, #2540, .T. ) ;
#904 = DIRECTION ( 'NONE',  ( -1.000000000000000000, 0.000000000000000000, 0.000000000000000000 ) ) ;
#905 = ADVANCED_FACE ( 'NONE', ( #1763 ), #2665, .F. ) ;
#906 = DIRECTION ( 'NONE',  ( -0.000000000000000000, -0.000000000000000000, -1.000000000000000000 ) ) ;
#907 = EDGE_LOOP ( 'NONE', ( #2701, #1423, #2487, #169, #2936 ) ) ;
#908 = AXIS2_PLACEMENT_3D ( 'NONE', #2863, #3761, #1110 ) ;
#909 = ORIENTED_EDGE ( 'NONE', *, *, #2345, .T. ) ;
#910 = VERTEX_POINT ( 'NONE', #2965 ) ;
#911 = AXIS2_PLACEMENT_3D ( 'NONE', #2364, #2083, #3154 ) ;
#912 = DIRECTION ( 'NONE',  ( -1.000000000000000000, 0.000000000000000000, 0.000000000000000000 ) ) ;
#913 = DIRECTION ( 'NONE',  ( 1.000000000000000000, 0.000000000000000000, 0.000000000000000000 ) ) ;
#914 = DIRECTION ( 'NONE',  ( 0.000000000000000000, 0.000000000000000000, -1.000000000000000000 ) ) ;
#915 = AXIS2_PLACEMENT_3D ( 'NONE', #1991, #3123, #797 ) ;
#916 = ORIENTED_EDGE ( 'NONE', *, *, #443, .F. ) ;
#917 = VERTEX_POINT ( 'NONE', #287 ) ;
#918 = ORIENTED_EDGE ( 'NONE', *, *, #1459, .T. ) ;
#919 = DIRECTION ( 'NONE',  ( -0.1896085044679405307, 0.9818597736099747841, 0.000000000000000000 ) ) ;
#920 = FACE_OUTER_BOUND ( 'NONE', #2179, .T. ) ;
#921 = DIRECTION ( 'NONE',  ( -0.000000000000000000, -0.000000000000000000, -1.000000000000000000 ) ) ;
#922 = CARTESIAN_POINT ( 'NONE',  ( 24.00000000000000355, 26.99999999999999645, 32.39499999999999602 ) ) ;
#923 = CARTESIAN_POINT ( 'NONE',  ( 0.000000000000000000, 0.000000000000000000, 3.500000000000000000 ) ) ;
#924 = DIRECTION ( 'NONE',  ( -0.000000000000000000, -0.000000000000000000, -1.000000000000000000 ) ) ;
#925 = ORIENTED_EDGE ( 'NONE', *, *, #2527, .F. ) ;
#926 = VERTEX_POINT ( 'NONE', #1212 ) ;
#927 = EDGE_CURVE ( 'NONE', #190, #3598, #1499, .T. ) ;
#928 = VERTEX_POINT ( 'NONE', #2656 ) ;
#929 = FACE_OUTER_BOUND ( 'NONE', #3641, .T. ) ;
#930 = VERTEX_POINT ( 'NONE', #123 ) ;
#931 = EDGE_CURVE ( 'NONE', #2315, #3233, #2601, .T. ) ;
#932 = FACE_BOUND ( 'NONE', #1539, .T. ) ;
#933 = CARTESIAN_POINT ( 'NONE',  ( 0.000000000000000000, 0.000000000000000000, 0.000000000000000000 ) ) ;
#934 = ORIENTED_EDGE ( 'NONE', *, *, #991, .F. ) ;
#935 = CARTESIAN_POINT ( 'NONE',  ( 10.87499999999982947, -18.83605253231165122, 3.500000000000003109 ) ) ;
#936 = CARTESIAN_POINT ( 'NONE',  ( 3.147254514775084111, -21.57161999060867075, 0.000000000000000000 ) ) ;
#937 = CARTESIAN_POINT ( 'NONE',  ( -21.75000000000000355, 3.249999999999997780, 5.499999999999998224 ) ) ;
#938 = CARTESIAN_POINT ( 'NONE',  ( 22.00000000000000355, 18.00000000000000355, 23.69749999999999801 ) ) ;
#939 = CARTESIAN_POINT ( 'NONE',  ( 6.328366630131500692, -21.46105253231160503, 5.500000000000000000 ) ) ;
#940 = VERTEX_POINT ( 'NONE', #2465 ) ;
#941 = EDGE_CURVE ( 'NONE', #725, #1712, #2110, .T. ) ;
#942 = VERTEX_POINT ( 'NONE', #2401 ) ;
#943 = ORIENTED_EDGE ( 'NONE', *, *, #2638, .T. ) ;
#944 = ORIENTED_EDGE ( 'NONE', *, *, #1171, .F. ) ;
#945 = DIRECTION ( 'NONE',  ( -0.000000000000000000, -0.000000000000000000, -1.000000000000000000 ) ) ;
#946 = ORIENTED_EDGE ( 'NONE', *, *, #2129, .T. ) ;
#947 = EDGE_CURVE ( 'NONE', #2315, #2812, #1997, .T. ) ;
#948 = CIRCLE ( 'NONE', #1124, 2.502212389380527924 ) ;
#949 = DIRECTION ( 'NONE',  ( 1.000000000000000000, 0.000000000000000000, 0.000000000000000000 ) ) ;
#950 = ORIENTED_EDGE ( 'NONE', *, *, #1823, .F. ) ;
#951 = VERTEX_POINT ( 'NONE', #2357 ) ;
#952 = AXIS2_PLACEMENT_3D ( 'NONE', #2175, #1532, #1811 ) ;
#953 = CARTESIAN_POINT ( 'NONE',  ( -21.75000000000000355, 3.249999999999997780, 42.34152742581890294 ) ) ;
#954 = DIRECTION ( 'NONE',  ( -0.000000000000000000, -0.000000000000000000, -1.000000000000000000 ) ) ;
#955 = CARTESIAN_POINT ( 'NONE',  ( -4.284003129457846448, 13.11820556275877436, 3.500000000000000000 ) ) ;
#956 = CARTESIAN_POINT ( 'NONE',  ( 4.147254514775083223, -21.57161999060867075, 0.000000000000000000 ) ) ;
#957 = CARTESIAN_POINT ( 'NONE',  ( -24.25221238938053148, 5.752212389380527036, 5.499999999999998224 ) ) ;
#958 = DIRECTION ( 'NONE',  ( 0.7071067811865474617, 0.000000000000000000, -0.7071067811865474617 ) ) ;
#959 = ORIENTED_EDGE ( 'NONE', *, *, #444, .T. ) ;
#960 = EDGE_CURVE ( 'NONE', #3233, #3539, #1431, .T. ) ;
#961 = AXIS2_PLACEMENT_3D ( 'NONE', #1764, #3722, #288 ) ;
#962 = ORIENTED_EDGE ( 'NONE', *, *, #2527, .T. ) ;
#963 = ORIENTED_EDGE ( 'NONE', *, *, #931, .T. ) ;
#964 = ORIENTED_EDGE ( 'NONE', *, *, #497, .T. ) ;
#965 = ADVANCED_FACE ( 'NONE', ( #932, #642 ), #350, .F. ) ;
#966 = AXIS2_PLACEMENT_3D ( 'NONE', #2126, #1208, #1542 ) ;
#967 = FACE_OUTER_BOUND ( 'NONE', #1470, .T. ) ;
#968 = CIRCLE ( 'NONE', #1960, 2.250000000000000444 ) ;
#969 = ORIENTED_EDGE ( 'NONE', *, *, #1779, .T. ) ;
#970 = AXIS2_PLACEMENT_3D ( 'NONE', #3373, #436, #1613 ) ;
#971 = EDGE_CURVE ( 'NONE', #585, #1600, #327, .T. ) ;
#972 = TOROIDAL_SURFACE ( 'NONE', #2150, 23.00000000000000000, 2.000000000000000000 ) ;
#973 = LINE ( 'NONE', #953, #2000 ) ;
#974 = PLANE ( 'NONE',  #3607 ) ;
#975 = CARTESIAN_POINT ( 'NONE',  ( -21.75000000000000711, -2.602085213965210642E-15, 5.499999999999998224 ) ) ;
#976 = CARTESIAN_POINT ( 'NONE',  ( -16.50000000000000355, -2.602085213965210642E-15, 5.499999999999998224 ) ) ;
#977 = ADVANCED_FACE ( 'NONE', ( #2699 ), #1623, .F. ) ;
#978 = DIRECTION ( 'NONE',  ( 0.000000000000000000, 0.000000000000000000, -1.000000000000000000 ) ) ;
#979 = LINE ( 'NONE', #103, #641 ) ;
#980 = ORIENTED_EDGE ( 'NONE', *, *, #1622, .T. ) ;
#981 = ORIENTED_EDGE ( 'NONE', *, *, #3195, .T. ) ;
#982 = VERTEX_POINT ( 'NONE', #3220 ) ;
#983 = ORIENTED_EDGE ( 'NONE', *, *, #2740, .T. ) ;
#984 = CARTESIAN_POINT ( 'NONE',  ( 22.00000000000000355, 16.25000000000000355, 8.697499999999996234 ) ) ;
#985 = DIRECTION ( 'NONE',  ( -0.7201887010721879090, -0.6937782317484130212, 0.000000000000000000 ) ) ;
#986 = ORIENTED_EDGE ( 'NONE', *, *, #692, .F. ) ;
#987 = ADVANCED_FACE ( 'NONE', ( #996 ), #2789, .F. ) ;
#988 = LINE ( 'NONE', #1348, #7 ) ;
#989 = DIRECTION ( 'NONE',  ( 1.000000000000000000, 0.000000000000000000, 0.000000000000000000 ) ) ;
#990 = CARTESIAN_POINT ( 'NONE',  ( 10.39864568888162211, 9.017104182447027938, 3.500000000000000000 ) ) ;
#991 = EDGE_CURVE ( 'NONE', #3006, #3263, #948, .T. ) ;
#992 = DIRECTION ( 'NONE',  ( -0.000000000000000000, -0.000000000000000000, -1.000000000000000000 ) ) ;
#993 = ORIENTED_EDGE ( 'NONE', *, *, #2499, .F. ) ;
#994 = ORIENTED_EDGE ( 'NONE', *, *, #823, .T. ) ;
#995 = ORIENTED_EDGE ( 'NONE', *, *, #2661, .T. ) ;
#996 = FACE_OUTER_BOUND ( 'NONE', #1418, .T. ) ;
#997 = DIRECTION ( 'NONE',  ( 1.000000000000000000, 0.000000000000000000, 0.000000000000000000 ) ) ;
#998 = CARTESIAN_POINT ( 'NONE',  ( 27.00000000000000355, 18.00000000000000711, 10.94749999999997847 ) ) ;
#999 = CIRCLE ( 'NONE', #3773, 0.9999999999999991118 ) ;
#1000 = VERTEX_POINT ( 'NONE', #2805 ) ;
#1001 = AXIS2_PLACEMENT_3D ( 'NONE', #2095, #49, #1824 ) ;
#1002 = SURFACE_STYLE_USAGE ( .BOTH. , #3648 ) ;
#1003 = ORIENTED_EDGE ( 'NONE', *, *, #2974, .F. ) ;
#1004 = CARTESIAN_POINT ( 'NONE',  ( 13.22588823937152824, -3.809971165199786736, 3.500000000000000000 ) ) ;
#1005 = ORIENTED_EDGE ( 'NONE', *, *, #3336, .F. ) ;
#1006 = DIRECTION ( 'NONE',  ( -1.000000000000000000, 0.000000000000000000, 0.000000000000000000 ) ) ;
#1007 = CIRCLE ( 'NONE', #3228, 0.9999999999999991118 ) ;
#1008 = EDGE_CURVE ( 'NONE', #3723, #1263, #2976, .T. ) ;
#1009 = DIRECTION ( 'NONE',  ( -0.000000000000000000, -0.000000000000000000, -1.000000000000000000 ) ) ;
#1010 = LINE ( 'NONE', #2249, #1034 ) ;
#1011 = VERTEX_POINT ( 'NONE', #2857 ) ;
#1012 = VECTOR ( 'NONE', #2627, 1000.000000000000114 ) ;
#1013 = ADVANCED_FACE ( 'NONE', ( #1637 ), #1089, .F. ) ;
#1014 = AXIS2_PLACEMENT_3D ( 'NONE', #3212, #1746, #2348 ) ;
#1015 = ORIENTED_EDGE ( 'NONE', *, *, #1342, .T. ) ;
#1016 = CARTESIAN_POINT ( 'NONE',  ( 10.87500000000009237, 18.83605253231149845, 22.00000000000000000 ) ) ;
#1017 = VECTOR ( 'NONE', #1233, 1000.000000000000000 ) ;
#1018 = AXIS2_PLACEMENT_3D ( 'NONE', #1349, #1645, #1609 ) ;
#1019 = ADVANCED_FACE ( 'NONE', ( #1655 ), #768, .F. ) ;
#1020 = CYLINDRICAL_SURFACE ( 'NONE', #2211, 2.250000000000001332 ) ;
#1021 = CIRCLE ( 'NONE', #784, 1.750000000000001554 ) ;
#1022 = DIRECTION ( 'NONE',  ( -0.000000000000000000, -0.000000000000000000, 1.000000000000000000 ) ) ;
#1023 = CIRCLE ( 'NONE', #2145, 1.750000000000001554 ) ;
#1024 = CARTESIAN_POINT ( 'NONE',  ( 22.00000000000000355, 16.25000000000000000, 23.69749999999999801 ) ) ;
#1025 = DIRECTION ( 'NONE',  ( 0.000000000000000000, 0.000000000000000000, 1.000000000000000000 ) ) ;
#1026 = AXIS2_PLACEMENT_3D ( 'NONE', #1559, #2451, #2182 ) ;
#1027 = FACE_BOUND ( 'NONE', #3817, .T. ) ;
#1028 = CIRCLE ( 'NONE', #37, 2.249999999999981348 ) ;
#1029 = CARTESIAN_POINT ( 'NONE',  ( -24.16904317041990424, 6.391975612154583430, 22.00000000000000000 ) ) ;
#1030 = FACE_BOUND ( 'NONE', #3654, .T. ) ;
#1031 = ORIENTED_EDGE ( 'NONE', *, *, #3278, .T. ) ;
#1032 = CARTESIAN_POINT ( 'NONE',  ( -9.218697704686608319, -10.26915832138183049, 0.000000000000000000 ) ) ;
#1033 = CIRCLE ( 'NONE', #2874, 3.685553324301753086 ) ;
#1034 = VECTOR ( 'NONE', #1298, 1000.000000000000000 ) ;
#1035 = EDGE_CURVE ( 'NONE', #2733, #3281, #2203, .T. ) ;
#1036 = VERTEX_POINT ( 'NONE', #3080 ) ;
#1037 = CARTESIAN_POINT ( 'NONE',  ( -21.75000000000000000, 5.249999999999997335, 5.499999999999998224 ) ) ;
#1038 = DIRECTION ( 'NONE',  ( 0.000000000000000000, 0.000000000000000000, 1.000000000000000000 ) ) ;
#1039 = CARTESIAN_POINT ( 'NONE',  ( 12.12499999999982947, -18.83605253231165122, 22.00000000000000000 ) ) ;
#1040 = EDGE_CURVE ( 'NONE', #6, #539, #1751, .T. ) ;
#1041 = CYLINDRICAL_SURFACE ( 'NONE', #214, 3.250000000000000444 ) ;
#1042 = CARTESIAN_POINT ( 'NONE',  ( -21.75000000000000355, -5.752212389380532365, 5.499999999999998224 ) ) ;
#1043 = CARTESIAN_POINT ( 'NONE',  ( -22.25221238938053148, 5.752212389380527036, 3.500000000000000000 ) ) ;
#1044 = CARTESIAN_POINT ( 'NONE',  ( -21.75000000000000355, -5.752212389380532365, 22.00000000000000000 ) ) ;
#1045 = FACE_OUTER_BOUND ( 'NONE', #1094, .T. ) ;
#1046 = CARTESIAN_POINT ( 'NONE',  ( 17.62013484570649524, 17.73501756466905732, 22.00000000000000000 ) ) ;
#1047 = CARTESIAN_POINT ( 'NONE',  ( 10.87499999999982947, -18.83605253231165122, 22.00000000000000000 ) ) ;
#1048 = ORIENTED_EDGE ( 'NONE', *, *, #82, .F. ) ;
#1049 = CARTESIAN_POINT ( 'NONE',  ( 5.893437942832677301, -21.71215872700186722, 5.499999999999998224 ) ) ;
#1050 = DIRECTION ( 'NONE',  ( 1.000000000000000000, 0.000000000000000000, 0.000000000000000000 ) ) ;
#1051 = EDGE_CURVE ( 'NONE', #2043, #2962, #162, .T. ) ;
#1052 = CARTESIAN_POINT ( 'NONE',  ( 26.50000000000000000, 0.000000000000000000, -1.000000000000000000 ) ) ;
#1053 = CARTESIAN_POINT ( 'NONE',  ( -3.284003129457824244, 13.11820556275877436, 0.000000000000000000 ) ) ;
#1054 = EDGE_CURVE ( 'NONE', #290, #1319, #3413, .T. ) ;
#1055 = EDGE_CURVE ( 'NONE', #136, #2032, #2823, .T. ) ;
#1056 = DIRECTION ( 'NONE',  ( 1.000000000000000000, 0.000000000000000000, 0.000000000000000000 ) ) ;
#1057 = LINE ( 'NONE', #1350, #3126 ) ;
#1058 = AXIS2_PLACEMENT_3D ( 'NONE', #939, #2119, #3293 ) ;
#1059 = LINE ( 'NONE', #2216, #145 ) ;
#1060 = FACE_OUTER_BOUND ( 'NONE', #1227, .T. ) ;
#1061 = AXIS2_PLACEMENT_3D ( 'NONE', #3735, #3428, #1670 ) ;
#1062 = DIRECTION ( 'NONE',  ( 1.000000000000000000, 0.000000000000000000, 0.000000000000000000 ) ) ;
#1063 = STYLED_ITEM ( 'NONE', ( #149 ), #660 ) ;
#1064 = CIRCLE ( 'NONE', #952, 8.262620455650667495 ) ;
#1065 = ORIENTED_EDGE ( 'NONE', *, *, #292, .F. ) ;
#1066 = CYLINDRICAL_SURFACE ( 'NONE', #3158, 2.999999999999999112 ) ;
#1067 = DIRECTION ( 'NONE',  ( 1.000000000000000000, 0.000000000000000000, 0.000000000000000000 ) ) ;
#1068 = AXIS2_PLACEMENT_3D ( 'NONE', #2724, #77, #3575 ) ;
#1069 = AXIS2_PLACEMENT_3D ( 'NONE', #752, #3708, #1062 ) ;
#1070 = DIRECTION ( 'NONE',  ( -0.000000000000000000, -0.000000000000000000, -1.000000000000000000 ) ) ;
#1071 = CIRCLE ( 'NONE', #3299, 1.999999999999998224 ) ;
#1072 = CYLINDRICAL_SURFACE ( 'NONE', #1517, 0.9999999999999991118 ) ;
#1073 = AXIS2_PLACEMENT_3D ( 'NONE', #2794, #1025, #2213 ) ;
#1074 = CIRCLE ( 'NONE', #3731, 24.19999999999999929 ) ;
#1075 = CARTESIAN_POINT ( 'NONE',  ( 17.62013484570628918, -17.73501756466933088, 22.00000000000000000 ) ) ;
#1076 = DIRECTION ( 'NONE',  ( 1.000000000000000000, -1.445602896647339163E-16, 0.000000000000000000 ) ) ;
#1077 = ORIENTED_EDGE ( 'NONE', *, *, #2227, .T. ) ;
#1078 = CARTESIAN_POINT ( 'NONE',  ( 0.000000000000000000, 0.000000000000000000, 0.000000000000000000 ) ) ;
#1079 = CIRCLE ( 'NONE', #1271, 0.9999999999999991118 ) ;
#1080 = EDGE_CURVE ( 'NONE', #2882, #237, #1950, .T. ) ;
#1081 = AXIS2_PLACEMENT_3D ( 'NONE', #1604, #2788, #164 ) ;
#1082 = DIRECTION ( 'NONE',  ( 0.000000000000000000, 1.000000000000000000, 0.000000000000000000 ) ) ;
#1083 = DIRECTION ( 'NONE',  ( 0.000000000000000000, 0.000000000000000000, 1.000000000000000000 ) ) ;
#1084 = ORIENTED_EDGE ( 'NONE', *, *, #1364, .F. ) ;
#1085 = DIRECTION ( 'NONE',  ( -0.000000000000000000, -0.000000000000000000, -1.000000000000000000 ) ) ;
#1086 = AXIS2_PLACEMENT_3D ( 'NONE', #1758, #282, #1458 ) ;
#1087 = EDGE_CURVE ( 'NONE', #1876, #3830, #3039, .T. ) ;
#1088 = EDGE_LOOP ( 'NONE', ( #3176, #2028, #1883, #3024, #1597 ) ) ;
#1089 = CYLINDRICAL_SURFACE ( 'NONE', #3777, 0.9999999999999991118 ) ;
#1090 = DIRECTION ( 'NONE',  ( -0.000000000000000000, -0.000000000000000000, -1.000000000000000000 ) ) ;
#1091 = ADVANCED_FACE ( 'NONE', ( #2533 ), #1066, .T. ) ;
#1092 = DIRECTION ( 'NONE',  ( 1.000000000000000000, 0.000000000000000000, 0.000000000000000000 ) ) ;
#1093 = DIRECTION ( 'NONE',  ( 1.000000000000000000, 0.000000000000000000, 0.000000000000000000 ) ) ;
#1094 = EDGE_LOOP ( 'NONE', ( #2951, #94, #1826, #3459, #1285 ) ) ;
#1095 = ORIENTED_EDGE ( 'NONE', *, *, #823, .F. ) ;
#1096 = DIRECTION ( 'NONE',  ( 1.000000000000000000, 0.000000000000000000, 0.000000000000000000 ) ) ;
#1097 = CARTESIAN_POINT ( 'NONE',  ( 12.80000000000000071, 0.000000000000000000, 3.500000000000000000 ) ) ;
#1098 = CARTESIAN_POINT ( 'NONE',  ( 26.50000000000002842, 18.00000000000000355, 23.69749999999999801 ) ) ;
#1099 = EDGE_LOOP ( 'NONE', ( #2448, #1606 ) ) ;
#1100 = EDGE_CURVE ( 'NONE', #3339, #1876, #3153, .T. ) ;
#1101 = CARTESIAN_POINT ( 'NONE',  ( 27.00000000000000000, -3.903127820947816751E-15, -38.18376618407356915 ) ) ;
#1102 = FACE_OUTER_BOUND ( 'NONE', #2592, .T. ) ;
#1103 = DIRECTION ( 'NONE',  ( 0.000000000000000000, 1.000000000000000000, 0.000000000000000000 ) ) ;
#1104 = EDGE_LOOP ( 'NONE', ( #1109, #1747 ) ) ;
#1105 = EDGE_CURVE ( 'NONE', #1966, #1798, #579, .T. ) ;
#1106 = ORIENTED_EDGE ( 'NONE', *, *, #861, .T. ) ;
#1107 = DIRECTION ( 'NONE',  ( 0.000000000000000000, 0.000000000000000000, 1.000000000000000000 ) ) ;
#1108 = LINE ( 'NONE', #3254, #1391 ) ;
#1109 = ORIENTED_EDGE ( 'NONE', *, *, #1803, .T. ) ;
#1110 = DIRECTION ( 'NONE',  ( 1.000000000000000000, 0.000000000000000000, 0.000000000000000000 ) ) ;
#1111 = ORIENTED_EDGE ( 'NONE', *, *, #2136, .T. ) ;
#1112 = CARTESIAN_POINT ( 'NONE',  ( 24.90000000000000568, 0.000000000000000000, -5.000000000000000000 ) ) ;
#1113 = CARTESIAN_POINT ( 'NONE',  ( 3.147254514775084111, -21.57161999060867075, 3.500000000000000000 ) ) ;
#1114 = ORIENTED_EDGE ( 'NONE', *, *, #2082, .T. ) ;
#1115 = DIRECTION ( 'NONE',  ( -0.2619563329885307157, 0.9650797270729511990, 0.000000000000000000 ) ) ;
#1116 = CARTESIAN_POINT ( 'NONE',  ( 27.00000000000000355, 18.00000000000000355, 16.19749999999999801 ) ) ;
#1117 = DIRECTION ( 'NONE',  ( 1.000000000000000000, 0.000000000000000000, -0.000000000000000000 ) ) ;
#1118 = EDGE_LOOP ( 'NONE', ( #2956, #216, #625, #229 ) ) ;
#1119 = LINE ( 'NONE', #2308, #1505 ) ;
#1120 = VERTEX_POINT ( 'NONE', #2276 ) ;
#1121 = TOROIDAL_SURFACE ( 'NONE', #3221, 23.00000000000000000, 2.000000000000000000 ) ;
#1122 = EDGE_CURVE ( 'NONE', #2812, #2032, #1679, .T. ) ;
#1123 = VERTEX_POINT ( 'NONE', #3660 ) ;
#1124 = AXIS2_PLACEMENT_3D ( 'NONE', #2222, #755, #194 ) ;
#1125 = CARTESIAN_POINT ( 'NONE',  ( 8.500000000000058620, -10.82531754730545259, 0.000000000000000000 ) ) ;
#1126 = VECTOR ( 'NONE', #503, 1000.000000000000114 ) ;
#1127 = EDGE_CURVE ( 'NONE', #2202, #1231, #198, .T. ) ;
#1128 = EDGE_CURVE ( 'NONE', #2127, #3483, #512, .T. ) ;
#1129 =( GEOMETRIC_REPRESENTATION_CONTEXT ( 3 ) GLOBAL_UNCERTAINTY_ASSIGNED_CONTEXT ( ( #3093 ) ) GLOBAL_UNIT_ASSIGNED_CONTEXT ( ( #1571, #1256, #3616 ) ) REPRESENTATION_CONTEXT ( 'NONE', 'WORKASPACE' ) );
#1130 = ORIENTED_EDGE ( 'NONE', *, *, #3726, .T. ) ;
#1131 = AXIS2_PLACEMENT_3D ( 'NONE', #1178, #2350, #3519 ) ;
#1132 = CYLINDRICAL_SURFACE ( 'NONE', #599, 1.250000000000001110 ) ;
#1133 = EDGE_CURVE ( 'NONE', #3320, #2147, #1306, .T. ) ;
#1134 = CIRCLE ( 'NONE', #203, 0.9999999999999974465 ) ;
#1135 = DIRECTION ( 'NONE',  ( 0.000000000000000000, 0.000000000000000000, 1.000000000000000000 ) ) ;
#1136 = CARTESIAN_POINT ( 'NONE',  ( -8.550676131883223619, -9.525016414035309964, 0.000000000000000000 ) ) ;
#1137 = ORIENTED_EDGE ( 'NONE', *, *, #1742, .T. ) ;
#1138 = FACE_OUTER_BOUND ( 'NONE', #2605, .T. ) ;
#1139 = ORIENTED_EDGE ( 'NONE', *, *, #1166, .T. ) ;
#1140 = AXIS2_PLACEMENT_3D ( 'NONE', #3704, #1594, #1056 ) ;
#1141 = CARTESIAN_POINT ( 'NONE',  ( 3.291623987929903183, -22.56114384338888357, 0.000000000000000000 ) ) ;
#1142 = DIRECTION ( 'NONE',  ( 1.000000000000000000, 0.000000000000000000, 0.000000000000000000 ) ) ;
#1143 = AXIS2_PLACEMENT_3D ( 'NONE', #2342, #3763, #2048 ) ;
#1144 = DIRECTION ( 'NONE',  ( 1.000000000000000000, 0.000000000000000000, 0.000000000000000000 ) ) ;
#1145 = ORIENTED_EDGE ( 'NONE', *, *, #2541, .F. ) ;
#1146 = CARTESIAN_POINT ( 'NONE',  ( 0.000000000000000000, 0.000000000000000000, -5.000000000000000000 ) ) ;
#1147 = VECTOR ( 'NONE', #879, 1000.000000000000000 ) ;
#1148 = EDGE_CURVE ( 'NONE', #1481, #1717, #1565, .T. ) ;
#1149 = VECTOR ( 'NONE', #1626, 1000.000000000000114 ) ;
#1150 = ORIENTED_EDGE ( 'NONE', *, *, #2223, .T. ) ;
#1151 = ORIENTED_EDGE ( 'NONE', *, *, #2301, .F. ) ;
#1152 = CARTESIAN_POINT ( 'NONE',  ( 3.903127820947815962E-15, 27.00000000000000000, -38.18376618407356915 ) ) ;
#1153 = AXIS2_PLACEMENT_3D ( 'NONE', #2217, #1666, #156 ) ;
#1154 = EDGE_CURVE ( 'NONE', #1374, #1036, #299, .T. ) ;
#1155 = DIRECTION ( 'NONE',  ( 1.224646799147353207E-16, 1.000000000000000000, -0.000000000000000000 ) ) ;
#1156 = DIRECTION ( 'NONE',  ( 0.000000000000000000, 0.000000000000000000, 1.000000000000000000 ) ) ;
#1157 = VERTEX_POINT ( 'NONE', #2370 ) ;
#1158 = EDGE_LOOP ( 'NONE', ( #3387, #1188, #2077, #2035 ) ) ;
#1159 = DIRECTION ( 'NONE',  ( -0.000000000000000000, -0.000000000000000000, 1.000000000000000000 ) ) ;
#1160 = DIRECTION ( 'NONE',  ( -0.000000000000000000, -0.000000000000000000, -1.000000000000000000 ) ) ;
#1161 = LINE ( 'NONE', #12, #2798 ) ;
#1162 = ORIENTED_EDGE ( 'NONE', *, *, #406, .F. ) ;
#1163 = DIRECTION ( 'NONE',  ( -0.000000000000000000, -0.000000000000000000, -1.000000000000000000 ) ) ;
#1164 = ORIENTED_EDGE ( 'NONE', *, *, #497, .F. ) ;
#1165 = VERTEX_POINT ( 'NONE', #2025 ) ;
#1166 = EDGE_CURVE ( 'NONE', #1974, #2647, #1885, .T. ) ;
#1167 = DIRECTION ( 'NONE',  ( 1.000000000000000000, 0.000000000000000000, 0.000000000000000000 ) ) ;
#1168 = DIRECTION ( 'NONE',  ( 1.000000000000000000, 0.000000000000000000, 0.000000000000000000 ) ) ;
#1169 = PLANE ( 'NONE',  #1269 ) ;
#1170 = ORIENTED_EDGE ( 'NONE', *, *, #1296, .F. ) ;
#1171 = EDGE_CURVE ( 'NONE', #2921, #21, #2484, .T. ) ;
#1172 = EDGE_LOOP ( 'NONE', ( #1015, #3406, #108, #1151, #3306 ) ) ;
#1173 = ADVANCED_FACE ( 'NONE', ( #3795 ), #2958, .F. ) ;
#1174 = DIRECTION ( 'NONE',  ( 1.445602896647339410E-16, 1.000000000000000000, 0.000000000000000000 ) ) ;
#1175 = CARTESIAN_POINT ( 'NONE',  ( 22.00000000000000355, 18.00000000000000355, 23.69749999999999801 ) ) ;
#1176 = DIRECTION ( 'NONE',  ( -0.000000000000000000, -0.000000000000000000, 1.000000000000000000 ) ) ;
#1177 = DIRECTION ( 'NONE',  ( -0.000000000000000000, -0.000000000000000000, -1.000000000000000000 ) ) ;
#1178 = CARTESIAN_POINT ( 'NONE',  ( 0.000000000000000000, 0.000000000000000000, 0.000000000000000000 ) ) ;
#1179 = CARTESIAN_POINT ( 'NONE',  ( 0.000000000000000000, 0.000000000000000000, 3.500000000000000000 ) ) ;
#1180 = ORIENTED_EDGE ( 'NONE', *, *, #1983, .F. ) ;
#1181 = VECTOR ( 'NONE', #142, 1000.000000000000000 ) ;
#1182 = ORIENTED_EDGE ( 'NONE', *, *, #1587, .F. ) ;
#1183 = EDGE_LOOP ( 'NONE', ( #1614, #246, #2658, #2371 ) ) ;
#1184 = CARTESIAN_POINT ( 'NONE',  ( -5.242503498283227259, 21.13660703780264072, 0.000000000000000000 ) ) ;
#1185 = VECTOR ( 'NONE', #779, 1000.000000000000000 ) ;
#1186 = LINE ( 'NONE', #425, #395 ) ;
#1187 = CARTESIAN_POINT ( 'NONE',  ( 0.000000000000000000, 0.000000000000000000, 3.500000000000000000 ) ) ;
#1188 = ORIENTED_EDGE ( 'NONE', *, *, #1728, .T. ) ;
#1189 = CIRCLE ( 'NONE', #2488, 0.9999999999999974465 ) ;
#1190 = EDGE_LOOP ( 'NONE', ( #266, #305, #909, #2103 ) ) ;
#1191 = AXIS2_PLACEMENT_3D ( 'NONE', #1794, #2604, #2913 ) ;
#1192 = DIRECTION ( 'NONE',  ( 1.000000000000000000, 0.000000000000000000, 0.000000000000000000 ) ) ;
#1193 = AXIS2_PLACEMENT_3D ( 'NONE', #1506, #3570, #646 ) ;
#1194 = FACE_OUTER_BOUND ( 'NONE', #2765, .T. ) ;
#1195 = ADVANCED_FACE ( 'NONE', ( #1414 ), #3502, .T. ) ;
#1196 = CARTESIAN_POINT ( 'NONE',  ( 4.129114288385057563, -21.38201148614072977, 0.000000000000000000 ) ) ;
#1197 = LINE ( 'NONE', #2955, #3236 ) ;
#1198 = CIRCLE ( 'NONE', #2924, 0.9999999999999974465 ) ;
#1199 = AXIS2_PLACEMENT_3D ( 'NONE', #3807, #2868, #3206 ) ;
#1200 = DIRECTION ( 'NONE',  ( 0.000000000000000000, 0.000000000000000000, 1.000000000000000000 ) ) ;
#1201 = CARTESIAN_POINT ( 'NONE',  ( -21.18433570077469241, 8.429941928440706889, 0.000000000000000000 ) ) ;
#1202 = VERTEX_POINT ( 'NONE', #2332 ) ;
#1203 = AXIS2_PLACEMENT_3D ( 'NONE', #1437, #3488, #486 ) ;
#1204 = EDGE_CURVE ( 'NONE', #3642, #3037, #556, .T. ) ;
#1205 = EDGE_LOOP ( 'NONE', ( #3279, #964, #3329, #620 ) ) ;
#1206 = ORIENTED_EDGE ( 'NONE', *, *, #2356, .T. ) ;
#1207 = ORIENTED_EDGE ( 'NONE', *, *, #59, .F. ) ;
#1208 = DIRECTION ( 'NONE',  ( 0.000000000000000000, 0.000000000000000000, 1.000000000000000000 ) ) ;
#1209 = ORIENTED_EDGE ( 'NONE', *, *, #2692, .T. ) ;
#1210 = PRODUCT_DEFINITION ( 'UNKNOWN', '', #2187, #1872 ) ;
#1211 = VECTOR ( 'NONE', #689, 1000.000000000000114 ) ;
#1212 = CARTESIAN_POINT ( 'NONE',  ( 3.469446951953614189E-15, 27.00000000000000000, 32.39499999999999602 ) ) ;
#1213 = CARTESIAN_POINT ( 'NONE',  ( 0.000000000000000000, 0.000000000000000000, 0.000000000000000000 ) ) ;
#1214 = CIRCLE ( 'NONE', #3558, 1.249999999999999334 ) ;
#1215 = EDGE_LOOP ( 'NONE', ( #685, #3353, #1469, #983, #1788, #2864, #959, #846, #2171 ) ) ;
#1216 = ORIENTED_EDGE ( 'NONE', *, *, #3416, .T. ) ;
#1217 = DIRECTION ( 'NONE',  ( 0.000000000000000000, 0.000000000000000000, 1.000000000000000000 ) ) ;
#1218 = CARTESIAN_POINT ( 'NONE',  ( -27.00000000000000000, 0.000000000000000000, 28.00000000000000000 ) ) ;
#1219 = ADVANCED_FACE ( 'NONE', ( #3235 ), #255, .T. ) ;
#1220 = CARTESIAN_POINT ( 'NONE',  ( -13.00836413501087030, 4.496939240301442098, 3.500000000000000000 ) ) ;
#1221 = CARTESIAN_POINT ( 'NONE',  ( 22.99999999999997868, 18.00000000000000711, 8.697499999999996234 ) ) ;
#1222 = CARTESIAN_POINT ( 'NONE',  ( -11.76268060739589849, 5.047706898027308320, 3.500000000000000000 ) ) ;
#1223 = LINE ( 'NONE', #3621, #3409 ) ;
#1224 = ORIENTED_EDGE ( 'NONE', *, *, #2758, .T. ) ;
#1225 = EDGE_CURVE ( 'NONE', #3263, #3809, #829, .T. ) ;
#1226 = ORIENTED_EDGE ( 'NONE', *, *, #2862, .F. ) ;
#1227 = EDGE_LOOP ( 'NONE', ( #1556, #2710, #993, #447, #52 ) ) ;
#1228 = DIRECTION ( 'NONE',  ( 0.000000000000000000, 1.000000000000000000, 0.000000000000000000 ) ) ;
#1229 = CARTESIAN_POINT ( 'NONE',  ( 6.395650332213509870, 21.71215872700178906, 5.499999999999998224 ) ) ;
#1230 = DIRECTION ( 'NONE',  ( 0.000000000000000000, 0.000000000000000000, 1.000000000000000000 ) ) ;
#1231 = VERTEX_POINT ( 'NONE', #536 ) ;
#1232 = VERTEX_POINT ( 'NONE', #1125 ) ;
#1233 = DIRECTION ( 'NONE',  ( 1.000000000000000000, -1.445602896647339410E-16, -0.000000000000000000 ) ) ;
#1234 = CARTESIAN_POINT ( 'NONE',  ( 0.000000000000000000, 0.000000000000000000, 3.500000000000000000 ) ) ;
#1235 = CARTESIAN_POINT ( 'NONE',  ( 26.57787749703416225, 18.00000000000000355, 16.19749999999999801 ) ) ;
#1236 = CARTESIAN_POINT ( 'NONE',  ( 0.000000000000000000, 0.000000000000000000, 3.500000000000000000 ) ) ;
#1237 = DIRECTION ( 'NONE',  ( 1.000000000000000000, 0.000000000000000000, 0.000000000000000000 ) ) ;
#1238 = DIRECTION ( 'NONE',  ( 0.000000000000000000, 1.000000000000000000, 0.000000000000000000 ) ) ;
#1239 = ORIENTED_EDGE ( 'NONE', *, *, #1649, .T. ) ;
#1240 = EDGE_CURVE ( 'NONE', #3248, #859, #2041, .T. ) ;
#1241 = VERTEX_POINT ( 'NONE', #2087 ) ;
#1242 = ORIENTED_EDGE ( 'NONE', *, *, #2729, .T. ) ;
#1243 = DIRECTION ( 'NONE',  ( -0.000000000000000000, -0.000000000000000000, 1.000000000000000000 ) ) ;
#1244 = EDGE_LOOP ( 'NONE', ( #3328, #2424 ) ) ;
#1245 = ADVANCED_FACE ( 'NONE', ( #1753 ), #1304, .F. ) ;
#1246 = EDGE_CURVE ( 'NONE', #1782, #224, #3520, .T. ) ;
#1247 = AXIS2_PLACEMENT_3D ( 'NONE', #2520, #3696, #1341 ) ;
#1248 = CYLINDRICAL_SURFACE ( 'NONE', #1770, 12.79999999999998117 ) ;
#1249 = ADVANCED_FACE ( 'NONE', ( #2591 ), #2649, .T. ) ;
#1250 = EDGE_LOOP ( 'NONE', ( #925, #675, #662, #980 ) ) ;
#1251 = VECTOR ( 'NONE', #2510, 1000.000000000000000 ) ;
#1252 = DIRECTION ( 'NONE',  ( 0.9818597736099747841, 0.1896085044679405307, 0.000000000000000000 ) ) ;
#1253 = FACE_OUTER_BOUND ( 'NONE', #850, .T. ) ;
#1254 = AXIS2_PLACEMENT_3D ( 'NONE', #923, #340, #677 ) ;
#1255 = DIRECTION ( 'NONE',  ( -1.000000000000000000, 0.000000000000000000, 0.000000000000000000 ) ) ;
#1256 =( NAMED_UNIT ( * ) PLANE_ANGLE_UNIT ( ) SI_UNIT ( $, .RADIAN. ) );
#1257 = AXIS2_PLACEMENT_3D ( 'NONE', #1447, #571, #2001 ) ;
#1258 = AXIS2_PLACEMENT_3D ( 'NONE', #1893, #3639, #750 ) ;
#1259 = ORIENTED_EDGE ( 'NONE', *, *, #1622, .F. ) ;
#1260 = CARTESIAN_POINT ( 'NONE',  ( -14.98980866365615228, -15.82863342891542580, 0.000000000000000000 ) ) ;
#1261 = DIRECTION ( 'NONE',  ( 0.9609239238228685087, -0.2768125947728208303, 0.000000000000000000 ) ) ;
#1262 = CIRCLE ( 'NONE', #2989, 12.79999999999998117 ) ;
#1263 = VERTEX_POINT ( 'NONE', #3536 ) ;
#1264 = ORIENTED_EDGE ( 'NONE', *, *, #165, .T. ) ;
#1265 = CIRCLE ( 'NONE', #1073, 2.250000000000001332 ) ;
#1266 = ORIENTED_EDGE ( 'NONE', *, *, #3819, .F. ) ;
#1267 = ORIENTED_EDGE ( 'NONE', *, *, #720, .T. ) ;
#1268 = CARTESIAN_POINT ( 'NONE',  ( -5.242503498283227259, 21.13660703780264072, 0.000000000000000000 ) ) ;
#1269 = AXIS2_PLACEMENT_3D ( 'NONE', #644, #2700, #1862 ) ;
#1270 = EDGE_CURVE ( 'NONE', #1450, #1782, #1621, .T. ) ;
#1271 = AXIS2_PLACEMENT_3D ( 'NONE', #1820, #2946, #3565 ) ;
#1272 = CARTESIAN_POINT ( 'NONE',  ( 10.39864568888162211, 9.017104182447027938, 0.000000000000000000 ) ) ;
#1273 = AXIS2_PLACEMENT_3D ( 'NONE', #2575, #3712, #3533 ) ;
#1274 = ORIENTED_EDGE ( 'NONE', *, *, #3506, .F. ) ;
#1275 = EDGE_CURVE ( 'NONE', #139, #3809, #2299, .T. ) ;
#1276 = AXIS2_PLACEMENT_3D ( 'NONE', #1078, #3651, #434 ) ;
#1277 = CARTESIAN_POINT ( 'NONE',  ( 7.625000000000092371, 18.83605253231149845, 5.499999999999998224 ) ) ;
#1278 = ORIENTED_EDGE ( 'NONE', *, *, #758, .T. ) ;
#1279 = DIRECTION ( 'NONE',  ( 0.000000000000000000, 0.000000000000000000, -1.000000000000000000 ) ) ;
#1280 = LINE ( 'NONE', #990, #670 ) ;
#1281 = DIRECTION ( 'NONE',  ( 1.000000000000000000, 0.000000000000000000, 0.000000000000000000 ) ) ;
#1282 = DIRECTION ( 'NONE',  ( -1.000000000000000000, 0.000000000000000000, 0.000000000000000000 ) ) ;
#1283 = EDGE_LOOP ( 'NONE', ( #2598, #1048, #2121, #1759 ) ) ;
#1284 = ORIENTED_EDGE ( 'NONE', *, *, #947, .T. ) ;
#1285 = ORIENTED_EDGE ( 'NONE', *, *, #1105, .F. ) ;
#1286 = CARTESIAN_POINT ( 'NONE',  ( -3.313412302936612708, 13.35894078550946240, 3.500000000000000000 ) ) ;
#1287 = CARTESIAN_POINT ( 'NONE',  ( -21.75000000000000711, -2.602085213965210642E-15, 22.00000000000000000 ) ) ;
#1288 = ORIENTED_EDGE ( 'NONE', *, *, #2912, .T. ) ;
#1289 = EDGE_LOOP ( 'NONE', ( #2382, #2544, #1696, #2579 ) ) ;
#1290 = EDGE_CURVE ( 'NONE', #1000, #3412, #654, .T. ) ;
#1291 = DIRECTION ( 'NONE',  ( 1.000000000000000000, -1.445602896647339410E-16, -0.000000000000000000 ) ) ;
#1292 = ADVANCED_FACE ( 'NONE', ( #2410 ), #1121, .F. ) ;
#1293 = FACE_OUTER_BOUND ( 'NONE', #1383, .T. ) ;
#1294 = FACE_BOUND ( 'NONE', #1537, .T. ) ;
#1295 = DIRECTION ( 'NONE',  ( 0.000000000000000000, 0.000000000000000000, 1.000000000000000000 ) ) ;
#1296 = EDGE_CURVE ( 'NONE', #21, #1412, #2751, .T. ) ;
#1297 = CARTESIAN_POINT ( 'NONE',  ( -9.912475936435033219, -9.548969620309632589, 3.500000000000000000 ) ) ;
#1298 = DIRECTION ( 'NONE',  ( -0.000000000000000000, -0.000000000000000000, 1.000000000000000000 ) ) ;
#1299 = ORIENTED_EDGE ( 'NONE', *, *, #763, .F. ) ;
#1300 = DIRECTION ( 'NONE',  ( -0.8660254037844425934, -0.4999999999999933942, 0.000000000000000000 ) ) ;
#1301 = CARTESIAN_POINT ( 'NONE',  ( 27.00000000000000355, 18.00000000000000355, 23.69749999999999801 ) ) ;
#1302 = DIRECTION ( 'NONE',  ( -0.000000000000000000, -0.000000000000000000, 1.000000000000000000 ) ) ;
#1303 = DIRECTION ( 'NONE',  ( 0.000000000000000000, 0.000000000000000000, -1.000000000000000000 ) ) ;
#1304 = TOROIDAL_SURFACE ( 'NONE', #884, 26.50000000000000000, 1.000000000000000000 ) ;
#1305 = EDGE_LOOP ( 'NONE', ( #1413, #3360 ) ) ;
#1306 = CIRCLE ( 'NONE', #262, 0.5022123893805305883 ) ;
#1307 = DIRECTION ( 'NONE',  ( 1.000000000000000000, 0.000000000000000000, 0.000000000000000000 ) ) ;
#1308 = CARTESIAN_POINT ( 'NONE',  ( 21.00000000000000355, 21.68555332430175397, 16.19749999999999801 ) ) ;
#1309 = DIRECTION ( 'NONE',  ( -1.000000000000000000, -0.000000000000000000, -0.000000000000000000 ) ) ;
#1310 = ORIENTED_EDGE ( 'NONE', *, *, #1040, .T. ) ;
#1311 = TOROIDAL_SURFACE ( 'NONE', #397, 0.5022123893805305883, 2.000000000000000000 ) ;
#1312 = ADVANCED_FACE ( 'NONE', ( #2178 ), #678, .F. ) ;
#1313 = CARTESIAN_POINT ( 'NONE',  ( 5.893437942832677301, -21.71215872700186722, 22.00000000000000000 ) ) ;
#1314 = DIRECTION ( 'NONE',  ( 1.000000000000000000, 0.000000000000000000, 0.000000000000000000 ) ) ;
#1315 = EDGE_LOOP ( 'NONE', ( #3785, #1457, #1591, #320 ) ) ;
#1316 = CARTESIAN_POINT ( 'NONE',  ( -24.90000000000000568, 3.049370529876910474E-15, -5.000000000000000000 ) ) ;
#1317 = AXIS2_PLACEMENT_3D ( 'NONE', #1116, #2304, #1082 ) ;
#1318 = VECTOR ( 'NONE', #1302, 1000.000000000000000 ) ;
#1319 = VERTEX_POINT ( 'NONE', #398 ) ;
#1320 = DIRECTION ( 'NONE',  ( 0.000000000000000000, 0.000000000000000000, -1.000000000000000000 ) ) ;
#1321 = FACE_OUTER_BOUND ( 'NONE', #1910, .T. ) ;
#1322 = EDGE_CURVE ( 'NONE', #44, #3779, #3003, .T. ) ;
#1323 = CIRCLE ( 'NONE', #3480, 3.249999999999999556 ) ;
#1324 = DIRECTION ( 'NONE',  ( -0.000000000000000000, -0.000000000000000000, -1.000000000000000000 ) ) ;
#1325 = AXIS2_PLACEMENT_3D ( 'NONE', #27, #2657, #1847 ) ;
#1326 = DIRECTION ( 'NONE',  ( -0.000000000000000000, -0.000000000000000000, 1.000000000000000000 ) ) ;
#1327 = EDGE_CURVE ( 'NONE', #1464, #235, #999, .T. ) ;
#1328 = CONICAL_SURFACE ( 'NONE', #3733, 3.977877497034161713, 0.7853981633974482790 ) ;
#1329 = CARTESIAN_POINT ( 'NONE',  ( -15.68358689540456652, -15.10844472784323500, 0.000000000000000000 ) ) ;
#1330 = DIRECTION ( 'NONE',  ( 0.9986295347545739443, -0.05233595624294409832, 6.409306129323724811E-18 ) ) ;
#1331 = AXIS2_PLACEMENT_3D ( 'NONE', #1801, #603, #2963 ) ;
#1332 = DIRECTION ( 'NONE',  ( 0.000000000000000000, 0.000000000000000000, 1.000000000000000000 ) ) ;
#1333 = ORIENTED_EDGE ( 'NONE', *, *, #1410, .T. ) ;
#1334 = AXIS2_PLACEMENT_3D ( 'NONE', #762, #1309, #3672 ) ;
#1335 = CARTESIAN_POINT ( 'NONE',  ( 23.19999999999999929, 0.000000000000000000, -1.000000000000000000 ) ) ;
#1336 = EDGE_CURVE ( 'NONE', #2988, #2266, #1815, .T. ) ;
#1337 = DIRECTION ( 'NONE',  ( 0.000000000000000000, 0.000000000000000000, -1.000000000000000000 ) ) ;
#1338 = CARTESIAN_POINT ( 'NONE',  ( 6.024995658736209236, -22.19683372267788712, 3.500000000000000000 ) ) ;
#1339 = CIRCLE ( 'NONE', #676, 0.9999999999999974465 ) ;
#1340 = ORIENTED_EDGE ( 'NONE', *, *, #1828, .F. ) ;
#1341 = DIRECTION ( 'NONE',  ( -1.000000000000000000, 0.000000000000000000, 0.000000000000000000 ) ) ;
#1342 = EDGE_CURVE ( 'NONE', #1319, #3006, #132, .T. ) ;
#1343 = DIRECTION ( 'NONE',  ( -0.2407352227506883435, 0.9705908265212361830, 0.000000000000000000 ) ) ;
#1344 = ADVANCED_FACE ( 'NONE', ( #634 ), #2668, .F. ) ;
#1345 = DIRECTION ( 'NONE',  ( 1.000000000000000000, 0.000000000000000000, 0.000000000000000000 ) ) ;
#1346 = CARTESIAN_POINT ( 'NONE',  ( 13.68958256229926462, -17.21105253231167609, 42.34152742581890294 ) ) ;
#1347 = EDGE_LOOP ( 'NONE', ( #2397, #86, #2293, #1288, #831 ) ) ;
#1348 = CARTESIAN_POINT ( 'NONE',  ( 8.500000000000058620, -10.82531754730545259, 28.00000000000000000 ) ) ;
#1349 = CARTESIAN_POINT ( 'NONE',  ( 22.00000000000000355, 18.00000000000000355, 23.69749999999999801 ) ) ;
#1350 = CARTESIAN_POINT ( 'NONE',  ( -7.750000000000000000, 0.000000000000000000, 5.077683537175356143 ) ) ;
#1351 = DIRECTION ( 'NONE',  ( -0.9650797270729476462, 0.2619563329885441494, -1.291495029887388025E-15 ) ) ;
#1352 = DIRECTION ( 'NONE',  ( 1.000000000000000000, 8.881784197001250351E-16, 0.000000000000000000 ) ) ;
#1353 = DIRECTION ( 'NONE',  ( 0.000000000000000000, 0.000000000000000000, 1.000000000000000000 ) ) ;
#1354 = ORIENTED_EDGE ( 'NONE', *, *, #176, .F. ) ;
#1355 = VERTEX_POINT ( 'NONE', #2443 ) ;
#1356 = DIRECTION ( 'NONE',  ( -1.000000000000000000, 0.000000000000000000, 0.000000000000000000 ) ) ;
#1357 = EDGE_CURVE ( 'NONE', #1460, #2983, #1223, .T. ) ;
#1358 = CARTESIAN_POINT ( 'NONE',  ( 15.85656205716697720, -15.95994633762142989, 3.500000000000000000 ) ) ;
#1359 = DIRECTION ( 'NONE',  ( 1.000000000000000000, -1.386551743839994534E-15, 0.000000000000000000 ) ) ;
#1360 = EDGE_CURVE ( 'NONE', #1123, #2718, #979, .T. ) ;
#1361 = CARTESIAN_POINT ( 'NONE',  ( 16.21052405804997321, 16.31621615949552861, 5.500000000000000000 ) ) ;
#1362 = VERTEX_POINT ( 'NONE', #1894 ) ;
#1363 = DIRECTION ( 'NONE',  ( -1.000000000000000000, 1.445602896647339410E-16, -0.000000000000000000 ) ) ;
#1364 = EDGE_CURVE ( 'NONE', #550, #240, #1871, .T. ) ;
#1365 = CARTESIAN_POINT ( 'NONE',  ( -25.00000000000000000, 3.061616997868382254E-15, 32.39499999999999602 ) ) ;
#1366 = DIRECTION ( 'NONE',  ( 0.000000000000000000, 0.000000000000000000, 1.000000000000000000 ) ) ;
#1367 = ORIENTED_EDGE ( 'NONE', *, *, #2050, .T. ) ;
#1368 = DIRECTION ( 'NONE',  ( -0.1896085044679405307, 0.9818597736099747841, -0.000000000000000000 ) ) ;
#1369 = DIRECTION ( 'NONE',  ( 0.000000000000000000, 0.000000000000000000, 1.000000000000000000 ) ) ;
#1370 = AXIS2_PLACEMENT_3D ( 'NONE', #935, #2971, #333 ) ;
#1371 = AXIS2_PLACEMENT_3D ( 'NONE', #1049, #217, #1985 ) ;
#1372 = CARTESIAN_POINT ( 'NONE',  ( 26.50000000000002842, 18.00000000000000355, 23.69749999999999801 ) ) ;
#1373 = CIRCLE ( 'NONE', #830, 3.249999999999999556 ) ;
#1374 = VERTEX_POINT ( 'NONE', #1575 ) ;
#1375 = CARTESIAN_POINT ( 'NONE',  ( 10.87499999999982947, -18.83605253231165122, 5.499999999999998224 ) ) ;
#1376 = FACE_OUTER_BOUND ( 'NONE', #1190, .T. ) ;
#1377 = AXIS2_PLACEMENT_3D ( 'NONE', #1772, #1427, #3826 ) ;
#1378 = CARTESIAN_POINT ( 'NONE',  ( 6.395650332213207889, -21.71215872700186722, 3.500000000000000000 ) ) ;
#1379 = AXIS2_PLACEMENT_3D ( 'NONE', #3706, #2459, #1998 ) ;
#1380 = ADVANCED_FACE ( 'NONE', ( #3640 ), #2596, .F. ) ;
#1381 = CARTESIAN_POINT ( 'NONE',  ( 0.000000000000000000, 0.000000000000000000, 0.000000000000000000 ) ) ;
#1382 = AXIS2_PLACEMENT_3D ( 'NONE', #2437, #1809, #334 ) ;
#1383 = EDGE_LOOP ( 'NONE', ( #2670, #2530, #1663, #2003, #874 ) ) ;
#1384 = AXIS2_PLACEMENT_3D ( 'NONE', #1544, #2717, #2075 ) ;
#1385 = CARTESIAN_POINT ( 'NONE',  ( 10.39864568888162211, 9.017104182447027938, 0.000000000000000000 ) ) ;
#1386 = DIRECTION ( 'NONE',  ( 1.000000000000000000, 0.000000000000000000, 0.000000000000000000 ) ) ;
#1387 = CARTESIAN_POINT ( 'NONE',  ( 6.024995658736209236, -22.19683372267788712, 5.499999999999998224 ) ) ;
#1388 = ADVANCED_FACE ( 'NONE', ( #3352 ), #1489, .T. ) ;
#1389 = ORIENTED_EDGE ( 'NONE', *, *, #1133, .T. ) ;
#1390 = AXIS2_PLACEMENT_3D ( 'NONE', #3833, #3544, #3264 ) ;
#1391 = VECTOR ( 'NONE', #484, 1000.000000000000000 ) ;
#1392 = CARTESIAN_POINT ( 'NONE',  ( 7.625000000000092371, 18.83605253231149845, 42.34152742581890294 ) ) ;
#1393 = CARTESIAN_POINT ( 'NONE',  ( 0.000000000000000000, 0.000000000000000000, 3.500000000000000000 ) ) ;
#1394 = FACE_OUTER_BOUND ( 'NONE', #3178, .T. ) ;
#1395 = AXIS2_PLACEMENT_3D ( 'NONE', #3314, #393, #2722 ) ;
#1396 = ORIENTED_EDGE ( 'NONE', *, *, #710, .T. ) ;
#1397 = DIRECTION ( 'NONE',  ( 1.000000000000000000, 0.000000000000000000, 0.000000000000000000 ) ) ;
#1398 = AXIS2_PLACEMENT_3D ( 'NONE', #1921, #2506, #516 ) ;
#1399 = DIRECTION ( 'NONE',  ( 0.000000000000000000, 0.000000000000000000, 1.000000000000000000 ) ) ;
#1400 = ORIENTED_EDGE ( 'NONE', *, *, #384, .T. ) ;
#1401 = ORIENTED_EDGE ( 'NONE', *, *, #3426, .F. ) ;
#1402 = DIRECTION ( 'NONE',  ( -0.000000000000000000, -0.000000000000000000, -1.000000000000000000 ) ) ;
#1403 = DIRECTION ( 'NONE',  ( -0.000000000000000000, -0.000000000000000000, 1.000000000000000000 ) ) ;
#1404 = FACE_OUTER_BOUND ( 'NONE', #3026, .T. ) ;
#1405 = ORIENTED_EDGE ( 'NONE', *, *, #2386, .F. ) ;
#1406 = CYLINDRICAL_SURFACE ( 'NONE', #731, 25.00000000000000000 ) ;
#1407 = EDGE_CURVE ( 'NONE', #112, #1717, #2980, .T. ) ;
#1408 = DIRECTION ( 'NONE',  ( 1.000000000000000000, 0.000000000000000000, 0.000000000000000000 ) ) ;
#1409 = DIRECTION ( 'NONE',  ( 0.000000000000000000, 0.000000000000000000, 1.000000000000000000 ) ) ;
#1410 = EDGE_CURVE ( 'NONE', #2147, #2669, #2727, .T. ) ;
#1411 = FACE_OUTER_BOUND ( 'NONE', #319, .T. ) ;
#1412 = VERTEX_POINT ( 'NONE', #2820 ) ;
#1413 = ORIENTED_EDGE ( 'NONE', *, *, #3179, .T. ) ;
#1414 = FACE_OUTER_BOUND ( 'NONE', #816, .T. ) ;
#1415 = EDGE_CURVE ( 'NONE', #555, #2473, #3524, .T. ) ;
#1416 = ORIENTED_EDGE ( 'NONE', *, *, #3260, .T. ) ;
#1417 = CYLINDRICAL_SURFACE ( 'NONE', #3121, 8.624999999999998224 ) ;
#1418 = EDGE_LOOP ( 'NONE', ( #424, #3204, #2873, #390 ) ) ;
#1419 = DIRECTION ( 'NONE',  ( 1.000000000000000000, 0.000000000000000000, 0.000000000000000000 ) ) ;
#1420 = DIRECTION ( 'NONE',  ( 1.000000000000000000, 0.000000000000000000, 0.000000000000000000 ) ) ;
#1421 = ORIENTED_EDGE ( 'NONE', *, *, #3583, .F. ) ;
#1422 = CARTESIAN_POINT ( 'NONE',  ( -20.25519817003896250, 8.060207633333655863, 3.500000000000000000 ) ) ;
#1423 = ORIENTED_EDGE ( 'NONE', *, *, #1803, .F. ) ;
#1424 = CARTESIAN_POINT ( 'NONE',  ( 20.92609039368762325, -6.028162309959353315, 3.500000000000000000 ) ) ;
#1425 = CARTESIAN_POINT ( 'NONE',  ( 8.262620455650667495, 1.034068516811397526E-15, 3.500000000000000000 ) ) ;
#1426 = ADVANCED_FACE ( 'NONE', ( #1651 ), #2333, .F. ) ;
#1427 = DIRECTION ( 'NONE',  ( 1.000000000000000000, -1.445602896647339410E-16, 0.000000000000000000 ) ) ;
#1428 = ORIENTED_EDGE ( 'NONE', *, *, #133, .T. ) ;
#1429 = AXIS2_PLACEMENT_3D ( 'NONE', #2394, #3056, #2102 ) ;
#1430 = ORIENTED_EDGE ( 'NONE', *, *, #205, .F. ) ;
#1431 = CIRCLE ( 'NONE', #643, 23.00000000000000000 ) ;
#1432 = CARTESIAN_POINT ( 'NONE',  ( 27.00000000000000355, 18.00000000000000355, 23.69749999999999801 ) ) ;
#1433 = ADVANCED_FACE ( 'NONE', ( #2800, #1030 ), #3730, .T. ) ;
#1434 = CIRCLE ( 'NONE', #78, 27.00000000000000000 ) ;
#1435 = AXIS2_PLACEMENT_3D ( 'NONE', #1221, #1550, #651 ) ;
#1436 = ORIENTED_EDGE ( 'NONE', *, *, #59, .T. ) ;
#1437 = CARTESIAN_POINT ( 'NONE',  ( 6.250000000000056843, -10.82531754730545259, 0.000000000000000000 ) ) ;
#1438 = CIRCLE ( 'NONE', #3602, 27.00000000000000000 ) ;
#1439 = AXIS2_PLACEMENT_3D ( 'NONE', #2220, #2821, #2234 ) ;
#1440 = CARTESIAN_POINT ( 'NONE',  ( -23.19999999999999929, 2.841180574021859066E-15, -1.000000000000000000 ) ) ;
#1441 = DIRECTION ( 'NONE',  ( 1.000000000000000000, 0.000000000000000000, 0.000000000000000000 ) ) ;
#1442 = ORIENTED_EDGE ( 'NONE', *, *, #284, .F. ) ;
#1443 = ORIENTED_EDGE ( 'NONE', *, *, #1946, .T. ) ;
#1444 = CARTESIAN_POINT ( 'NONE',  ( 8.060417437700388987, -20.46105253231162280, 42.34152742581890294 ) ) ;
#1445 = CARTESIAN_POINT ( 'NONE',  ( 0.000000000000000000, 0.000000000000000000, 0.000000000000000000 ) ) ;
#1446 = AXIS2_PLACEMENT_3D ( 'NONE', #892, #3584, #914 ) ;
#1447 = CARTESIAN_POINT ( 'NONE',  ( 27.00000000000000355, 18.00000000000000355, 16.19749999999999801 ) ) ;
#1448 = AXIS2_PLACEMENT_3D ( 'NONE', #1361, #201, #3740 ) ;
#1449 = EDGE_CURVE ( 'NONE', #112, #2988, #38, .T. ) ;
#1450 = VERTEX_POINT ( 'NONE', #1046 ) ;
#1451 = DIRECTION ( 'NONE',  ( 1.000000000000000000, 0.000000000000000000, 0.000000000000000000 ) ) ;
#1452 = AXIS2_PLACEMENT_3D ( 'NONE', #3758, #2055, #1050 ) ;
#1453 = ORIENTED_EDGE ( 'NONE', *, *, #3703, .T. ) ;
#1454 = CIRCLE ( 'NONE', #2452, 2.502212389380530588 ) ;
#1455 = ORIENTED_EDGE ( 'NONE', *, *, #960, .T. ) ;
#1456 = ADVANCED_FACE ( 'NONE', ( #2494 ), #3132, .F. ) ;
#1457 = ORIENTED_EDGE ( 'NONE', *, *, #1584, .F. ) ;
#1458 = DIRECTION ( 'NONE',  ( 1.000000000000000000, 0.000000000000000000, 0.000000000000000000 ) ) ;
#1459 = EDGE_CURVE ( 'NONE', #3801, #2571, #1715, .T. ) ;
#1460 = VERTEX_POINT ( 'NONE', #767 ) ;
#1461 = DIRECTION ( 'NONE',  ( -0.000000000000000000, -0.000000000000000000, -1.000000000000000000 ) ) ;
#1462 = CARTESIAN_POINT ( 'NONE',  ( 3.903127820947815962E-15, 27.00000000000000000, -38.18376618407356915 ) ) ;
#1463 = VERTEX_POINT ( 'NONE', #2529 ) ;
#1464 = VERTEX_POINT ( 'NONE', #788 ) ;
#1465 = CARTESIAN_POINT ( 'NONE',  ( 2.609718446129165148, -13.51404342274854109, 0.000000000000000000 ) ) ;
#1466 = CARTESIAN_POINT ( 'NONE',  ( 4.000000000000055955, -10.82531754730545259, 3.499999999999999556 ) ) ;
#1467 = CARTESIAN_POINT ( 'NONE',  ( 27.00000000000000355, 27.00000000000000355, 32.39500000000000313 ) ) ;
#1468 = CARTESIAN_POINT ( 'NONE',  ( 15.85656205716697720, -15.95994633762142989, 22.00000000000000000 ) ) ;
#1469 = ORIENTED_EDGE ( 'NONE', *, *, #1720, .T. ) ;
#1470 = EDGE_LOOP ( 'NONE', ( #3135, #2743, #2495, #343, #3650, #875 ) ) ;
#1471 = CARTESIAN_POINT ( 'NONE',  ( -3.313412302936589171, 13.35894078550946773, 0.000000000000000000 ) ) ;
#1472 = ORIENTED_EDGE ( 'NONE', *, *, #3316, .T. ) ;
#1473 = EDGE_LOOP ( 'NONE', ( #3182, #122, #3324, #666, #2262 ) ) ;
#1474 = EDGE_LOOP ( 'NONE', ( #1224, #1226, #1842, #2272 ) ) ;
#1475 = EDGE_LOOP ( 'NONE', ( #1340, #697, #2294, #893 ) ) ;
#1476 = CARTESIAN_POINT ( 'NONE',  ( 1.627858672519191696, -13.70365192721648384, 0.000000000000000000 ) ) ;
#1477 = ORIENTED_EDGE ( 'NONE', *, *, #700, .F. ) ;
#1478 = EDGE_CURVE ( 'NONE', #940, #44, #2816, .T. ) ;
#1479 = CARTESIAN_POINT ( 'NONE',  ( -24.16904317041990424, 6.391975612154583430, 42.34152742581890294 ) ) ;
#1480 = CARTESIAN_POINT ( 'NONE',  ( -21.75000000000000355, -3.250000000000002220, 5.499999999999998224 ) ) ;
#1481 = VERTEX_POINT ( 'NONE', #1980 ) ;
#1482 = ORIENTED_EDGE ( 'NONE', *, *, #2889, .F. ) ;
#1483 = CARTESIAN_POINT ( 'NONE',  ( -13.00836413501087030, 4.496939240301442098, 0.000000000000000000 ) ) ;
#1484 = LINE ( 'NONE', #1218, #2741 ) ;
#1485 = CARTESIAN_POINT ( 'NONE',  ( 10.87499999999982947, -18.83605253231165122, 22.00000000000000000 ) ) ;
#1486 = EDGE_CURVE ( 'NONE', #2127, #235, #1010, .T. ) ;
#1487 = CARTESIAN_POINT ( 'NONE',  ( 17.89271171284464756, 14.13120191494806832, 3.500000000000000000 ) ) ;
#1488 = CYLINDRICAL_SURFACE ( 'NONE', #519, 0.9999999999999991118 ) ;
#1489 = CYLINDRICAL_SURFACE ( 'NONE', #576, 3.250000000000000444 ) ;
#1490 = ORIENTED_EDGE ( 'NONE', *, *, #1478, .F. ) ;
#1491 = ORIENTED_EDGE ( 'NONE', *, *, #444, .F. ) ;
#1492 = VECTOR ( 'NONE', #1461, 1000.000000000000000 ) ;
#1493 = ORIENTED_EDGE ( 'NONE', *, *, #1552, .T. ) ;
#1494 = ORIENTED_EDGE ( 'NONE', *, *, #941, .T. ) ;
#1495 = CARTESIAN_POINT ( 'NONE',  ( 7.624999999999828582, -18.83605253231165122, 22.00000000000000000 ) ) ;
#1496 = TOROIDAL_SURFACE ( 'NONE', #1940, 0.5022123893805297001, 2.000000000000000000 ) ;
#1497 = ORIENTED_EDGE ( 'NONE', *, *, #2541, .T. ) ;
#1498 = EDGE_CURVE ( 'NONE', #1263, #2712, #3496, .T. ) ;
#1499 = LINE ( 'NONE', #1479, #1492 ) ;
#1500 = CARTESIAN_POINT ( 'NONE',  ( 10.25278270824758486, 7.662926773593715879, 0.000000000000000000 ) ) ;
#1501 = VERTEX_POINT ( 'NONE', #3114 ) ;
#1502 = ORIENTED_EDGE ( 'NONE', *, *, #540, .T. ) ;
#1503 = AXIS2_PLACEMENT_3D ( 'NONE', #2932, #3226, #212 ) ;
#1504 = VERTEX_POINT ( 'NONE', #751 ) ;
#1505 = VECTOR ( 'NONE', #844, 1000.000000000000114 ) ;
#1506 = CARTESIAN_POINT ( 'NONE',  ( -12.68164002984870287, 5.442058999435691824, 0.000000000000000000 ) ) ;
#1507 = AXIS2_PLACEMENT_3D ( 'NONE', #820, #2891, #1408 ) ;
#1508 = EDGE_CURVE ( 'NONE', #1581, #1843, #166, .T. ) ;
#1509 = DIRECTION ( 'NONE',  ( 0.000000000000000000, 0.000000000000000000, 1.000000000000000000 ) ) ;
#1510 = FACE_OUTER_BOUND ( 'NONE', #3030, .T. ) ;
#1511 = LINE ( 'NONE', #2687, #2793 ) ;
#1512 = AXIS2_PLACEMENT_3D ( 'NONE', #1187, #3548, #3013 ) ;
#1513 = CARTESIAN_POINT ( 'NONE',  ( -3.973568120076836685, 12.16761095676174165, 0.000000000000000000 ) ) ;
#1514 = CARTESIAN_POINT ( 'NONE',  ( 26.50000000000002842, 18.00000000000000355, 25.44749999999999801 ) ) ;
#1515 = ORIENTED_EDGE ( 'NONE', *, *, #1699, .T. ) ;
#1516 = ORIENTED_EDGE ( 'NONE', *, *, #2764, .T. ) ;
#1517 = AXIS2_PLACEMENT_3D ( 'NONE', #3433, #798, #833 ) ;
#1518 = EDGE_LOOP ( 'NONE', ( #1264, #1949, #1616, #3129 ) ) ;
#1519 = ORIENTED_EDGE ( 'NONE', *, *, #1829, .F. ) ;
#1520 = AXIS2_PLACEMENT_3D ( 'NONE', #698, #3684, #124 ) ;
#1521 = CYLINDRICAL_SURFACE ( 'NONE', #1331, 2.502212389380530144 ) ;
#1522 = AXIS2_PLACEMENT_3D ( 'NONE', #631, #2438, #1006 ) ;
#1523 = DIRECTION ( 'NONE',  ( 0.000000000000000000, 0.000000000000000000, 1.000000000000000000 ) ) ;
#1524 = CARTESIAN_POINT ( 'NONE',  ( 6.328366630131498916, -21.46105253231160503, 3.500000000000000000 ) ) ;
#1525 = AXIS2_PLACEMENT_3D ( 'NONE', #180, #3381, #1359 ) ;
#1526 = VERTEX_POINT ( 'NONE', #2476 ) ;
#1527 = AXIS2_PLACEMENT_3D ( 'NONE', #733, #3405, #1928 ) ;
#1528 = DIRECTION ( 'NONE',  ( 0.000000000000000000, 0.000000000000000000, 1.000000000000000000 ) ) ;
#1529 = ADVANCED_FACE ( 'NONE', ( #135 ), #853, .F. ) ;
#1530 = DIRECTION ( 'NONE',  ( 1.000000000000000000, 0.000000000000000000, -0.000000000000000000 ) ) ;
#1531 = DIRECTION ( 'NONE',  ( 0.000000000000000000, 1.000000000000000000, 0.000000000000000000 ) ) ;
#1532 = DIRECTION ( 'NONE',  ( 0.000000000000000000, 0.000000000000000000, 1.000000000000000000 ) ) ;
#1533 = DIRECTION ( 'NONE',  ( -1.000000000000000000, 0.000000000000000000, 0.000000000000000000 ) ) ;
#1534 = EDGE_CURVE ( 'NONE', #982, #2967, #1339, .T. ) ;
#1535 = EDGE_CURVE ( 'NONE', #1362, #2302, #476, .T. ) ;
#1536 = CARTESIAN_POINT ( 'NONE',  ( 26.57787749703416225, 18.00000000000000355, 12.21962250296583541 ) ) ;
#1537 = EDGE_LOOP ( 'NONE', ( #53, #881 ) ) ;
#1538 = ORIENTED_EDGE ( 'NONE', *, *, #1055, .T. ) ;
#1539 = EDGE_LOOP ( 'NONE', ( #3561, #2344 ) ) ;
#1540 = ADVANCED_FACE ( 'NONE', ( #1060 ), #799, .F. ) ;
#1541 = ORIENTED_EDGE ( 'NONE', *, *, #2862, .T. ) ;
#1542 = DIRECTION ( 'NONE',  ( 1.000000000000000000, 0.000000000000000000, 0.000000000000000000 ) ) ;
#1543 = ORIENTED_EDGE ( 'NONE', *, *, #2470, .F. ) ;
#1544 = CARTESIAN_POINT ( 'NONE',  ( 26.57787749703416225, 18.00000000000000355, 16.19749999999999801 ) ) ;
#1545 = ORIENTED_EDGE ( 'NONE', *, *, #412, .T. ) ;
#1546 = VERTEX_POINT ( 'NONE', #1965 ) ;
#1547 = CARTESIAN_POINT ( 'NONE',  ( -27.00000000000000000, 0.000000000000000000, 0.000000000000000000 ) ) ;
#1548 = CARTESIAN_POINT ( 'NONE',  ( 1.627858672519191696, -13.70365192721648384, 0.000000000000000000 ) ) ;
#1549 = DIRECTION ( 'NONE',  ( 1.000000000000000000, 0.000000000000000000, 0.000000000000000000 ) ) ;
#1550 = DIRECTION ( 'NONE',  ( -1.000000000000000000, -0.000000000000000000, -0.000000000000000000 ) ) ;
#1551 = CYLINDRICAL_SURFACE ( 'NONE', #1068, 2.502212389380527924 ) ;
#1552 = EDGE_CURVE ( 'NONE', #1798, #1355, #3124, .T. ) ;
#1553 = CARTESIAN_POINT ( 'NONE',  ( 13.22588823937152824, -3.809971165199786736, 0.000000000000000000 ) ) ;
#1554 = ORIENTED_EDGE ( 'NONE', *, *, #119, .T. ) ;
#1555 = ORIENTED_EDGE ( 'NONE', *, *, #517, .F. ) ;
#1556 = ORIENTED_EDGE ( 'NONE', *, *, #2638, .F. ) ;
#1557 = ORIENTED_EDGE ( 'NONE', *, *, #3184, .F. ) ;
#1558 = ADVANCED_FACE ( 'NONE', ( #3676 ), #863, .F. ) ;
#1559 = CARTESIAN_POINT ( 'NONE',  ( 0.000000000000000000, 0.000000000000000000, 22.00000000000000000 ) ) ;
#1560 = VECTOR ( 'NONE', #2690, 1000.000000000000000 ) ;
#1561 = VECTOR ( 'NONE', #1931, 1000.000000000000000 ) ;
#1562 = CARTESIAN_POINT ( 'NONE',  ( 8.060417437700388987, -20.46105253231162280, 22.00000000000000000 ) ) ;
#1563 = EDGE_LOOP ( 'NONE', ( #3074, #17, #3297, #1150 ) ) ;
#1564 = AXIS2_PLACEMENT_3D ( 'NONE', #1465, #1252, #919 ) ;
#1565 = CIRCLE ( 'NONE', #1628, 2.249999999999981348 ) ;
#1566 = DIRECTION ( 'NONE',  ( -0.000000000000000000, -0.000000000000000000, -1.000000000000000000 ) ) ;
#1567 = ORIENTED_EDGE ( 'NONE', *, *, #1128, .T. ) ;
#1568 = DIRECTION ( 'NONE',  ( 0.000000000000000000, 0.000000000000000000, 1.000000000000000000 ) ) ;
#1569 = CIRCLE ( 'NONE', #3719, 0.7500000000000075495 ) ;
#1570 = PLANE ( 'NONE',  #2391 ) ;
#1571 =( LENGTH_UNIT ( ) NAMED_UNIT ( * ) SI_UNIT ( .MILLI., .METRE. ) );
#1572 = CIRCLE ( 'NONE', #2070, 1.249999999999999334 ) ;
#1573 = CIRCLE ( 'NONE', #2134, 2.502212389380530588 ) ;
#1574 = LINE ( 'NONE', #615, #1634 ) ;
#1575 = CARTESIAN_POINT ( 'NONE',  ( -24.25221238938053503, -5.752212389380532365, 22.00000000000000000 ) ) ;
#1576 = AXIS2_PLACEMENT_3D ( 'NONE', #414, #1924, #3347 ) ;
#1577 = ORIENTED_EDGE ( 'NONE', *, *, #1828, .T. ) ;
#1578 = ADVANCED_FACE ( 'NONE', ( #1102 ), #294, .F. ) ;
#1579 = AXIS2_PLACEMENT_3D ( 'NONE', #371, #3567, #1825 ) ;
#1580 = ORIENTED_EDGE ( 'NONE', *, *, #3562, .T. ) ;
#1581 = VERTEX_POINT ( 'NONE', #1466 ) ;
#1582 = EDGE_CURVE ( 'NONE', #3339, #1165, #3618, .T. ) ;
#1583 = DIRECTION ( 'NONE',  ( -0.3267241051621671000, -0.9451197591342491711, 0.000000000000000000 ) ) ;
#1584 = EDGE_CURVE ( 'NONE', #3539, #1819, #2942, .T. ) ;
#1585 = ADVANCED_FACE ( 'NONE', ( #2644 ), #3824, .F. ) ;
#1586 = AXIS2_PLACEMENT_3D ( 'NONE', #2205, #3698, #2149 ) ;
#1587 = EDGE_CURVE ( 'NONE', #887, #1907, #754, .T. ) ;
#1588 = DIRECTION ( 'NONE',  ( -1.000000000000000000, 0.000000000000000000, 0.000000000000000000 ) ) ;
#1589 = ORIENTED_EDGE ( 'NONE', *, *, #640, .F. ) ;
#1590 = AXIS2_PLACEMENT_3D ( 'NONE', #1911, #2779, #1996 ) ;
#1591 = ORIENTED_EDGE ( 'NONE', *, *, #3017, .F. ) ;
#1592 = CIRCLE ( 'NONE', #1590, 0.5022123893805297001 ) ;
#1593 =( NAMED_UNIT ( * ) PLANE_ANGLE_UNIT ( ) SI_UNIT ( $, .RADIAN. ) );
#1594 = DIRECTION ( 'NONE',  ( 0.000000000000000000, 0.000000000000000000, 1.000000000000000000 ) ) ;
#1595 = DIRECTION ( 'NONE',  ( -0.7555112546663027562, -0.6551356684478024661, -0.000000000000000000 ) ) ;
#1596 = FACE_OUTER_BOUND ( 'NONE', #3543, .T. ) ;
#1597 = ORIENTED_EDGE ( 'NONE', *, *, #2661, .F. ) ;
#1598 = DIRECTION ( 'NONE',  ( -0.000000000000000000, -0.000000000000000000, 1.000000000000000000 ) ) ;
#1599 = CARTESIAN_POINT ( 'NONE',  ( 1.509897899148234579, -12.71063367162108548, 0.000000000000000000 ) ) ;
#1600 = VERTEX_POINT ( 'NONE', #1425 ) ;
#1601 = EDGE_LOOP ( 'NONE', ( #3797, #3277 ) ) ;
#1602 = ORIENTED_EDGE ( 'NONE', *, *, #196, .T. ) ;
#1603 = DIRECTION ( 'NONE',  ( -0.000000000000000000, -0.000000000000000000, 1.000000000000000000 ) ) ;
#1604 = CARTESIAN_POINT ( 'NONE',  ( 5.893437942832677301, -21.71215872700186722, 5.499999999999998224 ) ) ;
#1605 = CARTESIAN_POINT ( 'NONE',  ( 26.50000000000002842, 18.00000000000000355, 21.94749999999999446 ) ) ;
#1606 = ORIENTED_EDGE ( 'NONE', *, *, #236, .T. ) ;
#1607 = CARTESIAN_POINT ( 'NONE',  ( 12.12499999999982947, -18.83605253231165122, 42.34152742581890294 ) ) ;
#1608 = EDGE_CURVE ( 'NONE', #400, #141, #3399, .T. ) ;
#1609 = DIRECTION ( 'NONE',  ( 0.000000000000000000, 0.000000000000000000, -1.000000000000000000 ) ) ;
#1610 = CARTESIAN_POINT ( 'NONE',  ( 0.000000000000000000, 0.000000000000000000, 0.000000000000000000 ) ) ;
#1611 = CARTESIAN_POINT ( 'NONE',  ( -21.75000000000000355, -5.752212389380532365, 5.499999999999998224 ) ) ;
#1612 = EDGE_CURVE ( 'NONE', #222, #704, #563, .T. ) ;
#1613 = DIRECTION ( 'NONE',  ( 0.000000000000000000, 0.000000000000000000, -1.000000000000000000 ) ) ;
#1614 = ORIENTED_EDGE ( 'NONE', *, *, #2386, .T. ) ;
#1615 = CARTESIAN_POINT ( 'NONE',  ( -6.213094324804461444, 20.89587181505195446, 0.000000000000000000 ) ) ;
#1616 = ORIENTED_EDGE ( 'NONE', *, *, #1699, .F. ) ;
#1617 = DIRECTION ( 'NONE',  ( 1.000000000000000000, 0.000000000000000000, 0.000000000000000000 ) ) ;
#1618 = CARTESIAN_POINT ( 'NONE',  ( 3.147254514775084111, -21.57161999060867075, 0.000000000000000000 ) ) ;
#1619 = FACE_OUTER_BOUND ( 'NONE', #1518, .T. ) ;
#1620 = CARTESIAN_POINT ( 'NONE',  ( -9.912475936435020785, -9.548969620309645023, 3.500000000000000000 ) ) ;
#1621 = CIRCLE ( 'NONE', #510, 24.99999999999990408 ) ;
#1622 = EDGE_CURVE ( 'NONE', #235, #2066, #502, .T. ) ;
#1623 = TOROIDAL_SURFACE ( 'NONE', #3713, 26.50000000000000000, 1.000000000000000000 ) ;
#1624 = DIRECTION ( 'NONE',  ( 0.000000000000000000, 1.000000000000000000, 0.000000000000000000 ) ) ;
#1625 = ORIENTED_EDGE ( 'NONE', *, *, #2499, .T. ) ;
#1626 = DIRECTION ( 'NONE',  ( -0.2407352227506883435, 0.9705908265212361830, 0.000000000000000000 ) ) ;
#1627 = ORIENTED_EDGE ( 'NONE', *, *, #181, .F. ) ;
#1628 = AXIS2_PLACEMENT_3D ( 'NONE', #1432, #2351, #3199 ) ;
#1629 = ADVANCED_FACE ( 'NONE', ( #2877 ), #2628, .F. ) ;
#1630 = CARTESIAN_POINT ( 'NONE',  ( 6.249999999999971578, 10.82531754730550055, 0.000000000000000000 ) ) ;
#1631 = DIRECTION ( 'NONE',  ( 1.000000000000000000, 0.000000000000000000, 0.000000000000000000 ) ) ;
#1632 = ORIENTED_EDGE ( 'NONE', *, *, #2226, .T. ) ;
#1633 = CARTESIAN_POINT ( 'NONE',  ( 10.87500000000009059, 18.83605253231149490, 3.500000000000003109 ) ) ;
#1634 = VECTOR ( 'NONE', #1837, 1000.000000000000000 ) ;
#1635 = AXIS2_PLACEMENT_3D ( 'NONE', #296, #234, #1709 ) ;
#1636 = ORIENTED_EDGE ( 'NONE', *, *, #1087, .T. ) ;
#1637 = FACE_OUTER_BOUND ( 'NONE', #1474, .T. ) ;
#1638 = FACE_BOUND ( 'NONE', #749, .T. ) ;
#1639 = CIRCLE ( 'NONE', #778, 2.000000000000000000 ) ;
#1640 = CARTESIAN_POINT ( 'NONE',  ( 21.00000000000000355, 18.00000000000000355, 16.19749999999999801 ) ) ;
#1641 = AXIS2_PLACEMENT_3D ( 'NONE', #3246, #328, #3028 ) ;
#1642 = DIRECTION ( 'NONE',  ( -1.000000000000000000, 0.000000000000000000, 0.000000000000000000 ) ) ;
#1643 = CIRCLE ( 'NONE', #281, 2.502212389380527924 ) ;
#1644 = LINE ( 'NONE', #1607, #2978 ) ;
#1645 = DIRECTION ( 'NONE',  ( 1.000000000000000000, 0.000000000000000000, 0.000000000000000000 ) ) ;
#1646 = AXIS2_PLACEMENT_3D ( 'NONE', #2934, #195, #2645 ) ;
#1647 = CARTESIAN_POINT ( 'NONE',  ( 0.000000000000000000, 0.000000000000000000, 0.000000000000000000 ) ) ;
#1648 = CONICAL_SURFACE ( 'NONE', #1780, 24.90000000000000568, 0.7853981633974482790 ) ;
#1649 = EDGE_CURVE ( 'NONE', #868, #854, #2568, .T. ) ;
#1650 = DIRECTION ( 'NONE',  ( 1.000000000000000000, 0.000000000000000000, 0.000000000000000000 ) ) ;
#1651 = FACE_OUTER_BOUND ( 'NONE', #1347, .T. ) ;
#1652 = FACE_OUTER_BOUND ( 'NONE', #2648, .T. ) ;
#1653 = ADVANCED_FACE ( 'NONE', ( #2288 ), #508, .F. ) ;
#1654 = VERTEX_POINT ( 'NONE', #2053 ) ;
#1655 = FACE_OUTER_BOUND ( 'NONE', #1118, .T. ) ;
#1656 = ADVANCED_FACE ( 'NONE', ( #3227, #588, #3455, #1769, #2933, #899, #3149, #1999 ), #3477, .T. ) ;
#1657 = DIRECTION ( 'NONE',  ( 1.000000000000000000, 0.000000000000000000, 0.000000000000000000 ) ) ;
#1658 = DIRECTION ( 'NONE',  ( -0.000000000000000000, -0.000000000000000000, -1.000000000000000000 ) ) ;
#1659 = VERTEX_POINT ( 'NONE', #842 ) ;
#1660 = CARTESIAN_POINT ( 'NONE',  ( 24.00000000000000355, 26.99999999999999645, 32.39499999999999602 ) ) ;
#1661 = DIRECTION ( 'NONE',  ( -0.000000000000000000, -0.000000000000000000, -1.000000000000000000 ) ) ;
#1662 = ADVANCED_FACE ( 'NONE', ( #2021 ), #3194, .F. ) ;
#1663 = ORIENTED_EDGE ( 'NONE', *, *, #3634, .T. ) ;
#1664 = CARTESIAN_POINT ( 'NONE',  ( 26.50000000000002842, 18.00000000000000711, 8.697499999999996234 ) ) ;
#1665 = DIRECTION ( 'NONE',  ( -0.000000000000000000, -0.000000000000000000, -1.000000000000000000 ) ) ;
#1666 = DIRECTION ( 'NONE',  ( 0.000000000000000000, 0.000000000000000000, -1.000000000000000000 ) ) ;
#1667 = CYLINDRICAL_SURFACE ( 'NONE', #1760, 0.9999999999999974465 ) ;
#1668 = ADVANCED_FACE ( 'NONE', ( #1194 ), #3253, .T. ) ;
#1669 = ORIENTED_EDGE ( 'NONE', *, *, #2239, .F. ) ;
#1670 = DIRECTION ( 'NONE',  ( 1.000000000000000000, 0.000000000000000000, 0.000000000000000000 ) ) ;
#1671 = CYLINDRICAL_SURFACE ( 'NONE', #2931, 1.249999999999999334 ) ;
#1672 = CARTESIAN_POINT ( 'NONE',  ( 27.00000000000000355, 18.00000000000000711, 8.697499999999996234 ) ) ;
#1673 = ADVANCED_FACE ( 'NONE', ( #2115 ), #528, .T. ) ;
#1674 = CYLINDRICAL_SURFACE ( 'NONE', #3614, 12.79999999999997407 ) ;
#1675 = ORIENTED_EDGE ( 'NONE', *, *, #176, .T. ) ;
#1676 = DIRECTION ( 'NONE',  ( 1.000000000000000000, 0.000000000000000000, 0.000000000000000000 ) ) ;
#1677 = DIRECTION ( 'NONE',  ( 1.000000000000000000, -1.386551743839994140E-15, 0.000000000000000000 ) ) ;
#1678 = ORIENTED_EDGE ( 'NONE', *, *, #626, .F. ) ;
#1679 = CIRCLE ( 'NONE', #3225, 2.502212389380530588 ) ;
#1680 = CARTESIAN_POINT ( 'NONE',  ( 0.000000000000000000, 0.000000000000000000, 3.500000000000000000 ) ) ;
#1681 = CARTESIAN_POINT ( 'NONE',  ( 0.000000000000000000, 0.000000000000000000, 2.384710442146979581 ) ) ;
#1682 = CIRCLE ( 'NONE', #197, 1.000000000000014655 ) ;
#1683 = AXIS2_PLACEMENT_3D ( 'NONE', #3482, #2941, #3829 ) ;
#1684 = DIRECTION ( 'NONE',  ( -0.7071067811865474617, 8.659560562354932858E-17, 0.7071067811865474617 ) ) ;
#1685 = ORIENTED_EDGE ( 'NONE', *, *, #2919, .F. ) ;
#1686 = CARTESIAN_POINT ( 'NONE',  ( 8.060417437700671428, 20.46105253231151266, 42.34152742581890294 ) ) ;
#1687 = DIRECTION ( 'NONE',  ( -0.000000000000000000, 0.000000000000000000, 1.000000000000000000 ) ) ;
#1688 = CIRCLE ( 'NONE', #3724, 2.249999999999999556 ) ;
#1689 = ORIENTED_EDGE ( 'NONE', *, *, #2269, .T. ) ;
#1690 = AXIS2_PLACEMENT_3D ( 'NONE', #1032, #790, #3116 ) ;
#1691 = CARTESIAN_POINT ( 'NONE',  ( -21.75000000000000711, -2.602085213965210642E-15, 5.499999999999998224 ) ) ;
#1692 = VECTOR ( 'NONE', #3812, 1000.000000000000000 ) ;
#1693 = EDGE_CURVE ( 'NONE', #1782, #136, #722, .T. ) ;
#1694 = CARTESIAN_POINT ( 'NONE',  ( 0.000000000000000000, 0.000000000000000000, 28.00000000000000000 ) ) ;
#1695 = CIRCLE ( 'NONE', #211, 2.999999999999999112 ) ;
#1696 = ORIENTED_EDGE ( 'NONE', *, *, #1240, .T. ) ;
#1697 = AXIS2_PLACEMENT_3D ( 'NONE', #2284, #523, #1441 ) ;
#1698 = ORIENTED_EDGE ( 'NONE', *, *, #3260, .F. ) ;
#1699 = EDGE_CURVE ( 'NONE', #2607, #1460, #1198, .T. ) ;
#1700 = DIRECTION ( 'NONE',  ( -0.000000000000000000, -0.000000000000000000, 1.000000000000000000 ) ) ;
#1701 = CYLINDRICAL_SURFACE ( 'NONE', #1199, 2.502212389380531476 ) ;
#1702 = ORIENTED_EDGE ( 'NONE', *, *, #90, .F. ) ;
#1703 = CARTESIAN_POINT ( 'NONE',  ( 12.12500000000009059, 18.83605253231149490, 3.500000000000003109 ) ) ;
#1704 = AXIS2_PLACEMENT_3D ( 'NONE', #3084, #3630, #3398 ) ;
#1705 = EDGE_CURVE ( 'NONE', #1884, #3238, #3424, .T. ) ;
#1706 = TOROIDAL_SURFACE ( 'NONE', #3550, 5.250000000000000000, 2.000000000000000000 ) ;
#1707 = DIRECTION ( 'NONE',  ( -0.000000000000000000, -0.000000000000000000, 1.000000000000000000 ) ) ;
#1708 = DIRECTION ( 'NONE',  ( 0.000000000000000000, 1.000000000000000000, 0.000000000000000000 ) ) ;
#1709 = DIRECTION ( 'NONE',  ( -1.000000000000000000, 0.000000000000000000, 0.000000000000000000 ) ) ;
#1710 = ORIENTED_EDGE ( 'NONE', *, *, #1908, .F. ) ;
#1711 = CIRCLE ( 'NONE', #355, 1.750000000000001554 ) ;
#1712 = VERTEX_POINT ( 'NONE', #55 ) ;
#1713 = DIRECTION ( 'NONE',  ( 1.000000000000000000, 0.000000000000000000, -0.000000000000000000 ) ) ;
#1714 = CIRCLE ( 'NONE', #3190, 24.19999999999999929 ) ;
#1715 = CIRCLE ( 'NONE', #544, 3.249999999999999556 ) ;
#1716 = ORIENTED_EDGE ( 'NONE', *, *, #785, .T. ) ;
#1717 = VERTEX_POINT ( 'NONE', #688 ) ;
#1718 = CARTESIAN_POINT ( 'NONE',  ( 22.99999999999997868, 18.00000000000000711, 8.697499999999996234 ) ) ;
#1719 = ORIENTED_EDGE ( 'NONE', *, *, #1946, .F. ) ;
#1720 = EDGE_CURVE ( 'NONE', #584, #3828, #89, .T. ) ;
#1721 = ORIENTED_EDGE ( 'NONE', *, *, #3021, .F. ) ;
#1722 = CYLINDRICAL_SURFACE ( 'NONE', #3101, 8.624999999999998224 ) ;
#1723 = DIRECTION ( 'NONE',  ( -0.000000000000000000, -0.000000000000000000, -1.000000000000000000 ) ) ;
#1724 = EDGE_LOOP ( 'NONE', ( #3816, #1284, #46, #489 ) ) ;
#1725 = CARTESIAN_POINT ( 'NONE',  ( 26.50000000000002842, 19.75000000000000355, 23.69749999999999801 ) ) ;
#1726 = ORIENTED_EDGE ( 'NONE', *, *, #2223, .F. ) ;
#1727 = LINE ( 'NONE', #1101, #2674 ) ;
#1728 = EDGE_CURVE ( 'NONE', #2898, #565, #1484, .T. ) ;
#1729 = CARTESIAN_POINT ( 'NONE',  ( 0.000000000000000000, 0.000000000000000000, 0.000000000000000000 ) ) ;
#1730 = FACE_OUTER_BOUND ( 'NONE', #3408, .T. ) ;
#1731 = ORIENTED_EDGE ( 'NONE', *, *, #3800, .T. ) ;
#1732 = ORIENTED_EDGE ( 'NONE', *, *, #1498, .F. ) ;
#1733 = DIRECTION ( 'NONE',  ( 1.000000000000000000, 0.000000000000000000, 0.000000000000000000 ) ) ;
#1734 = ADVANCED_FACE ( 'NONE', ( #920 ), #2663, .T. ) ;
#1735 = ORIENTED_EDGE ( 'NONE', *, *, #2301, .T. ) ;
#1736 = ORIENTED_EDGE ( 'NONE', *, *, #2071, .F. ) ;
#1737 = CARTESIAN_POINT ( 'NONE',  ( -3.284003129457824244, 13.11820556275877436, 0.000000000000000000 ) ) ;
#1738 = EDGE_LOOP ( 'NONE', ( #1515, #2414, #2930, #645, #2901, #2008, #657, #802, #3008 ) ) ;
#1739 = DIRECTION ( 'NONE',  ( 1.000000000000000000, -1.445602896647339410E-16, -0.000000000000000000 ) ) ;
#1740 = DIRECTION ( 'NONE',  ( -0.000000000000000000, -0.000000000000000000, -1.000000000000000000 ) ) ;
#1741 = ORIENTED_EDGE ( 'NONE', *, *, #205, .T. ) ;
#1742 = EDGE_CURVE ( 'NONE', #1241, #1818, #2253, .T. ) ;
#1743 = ORIENTED_EDGE ( 'NONE', *, *, #2113, .F. ) ;
#1744 = DIRECTION ( 'NONE',  ( 0.000000000000000000, 0.000000000000000000, 1.000000000000000000 ) ) ;
#1745 = DIRECTION ( 'NONE',  ( 1.000000000000000000, 0.000000000000000000, 0.000000000000000000 ) ) ;
#1746 = DIRECTION ( 'NONE',  ( -0.000000000000000000, -0.000000000000000000, -1.000000000000000000 ) ) ;
#1747 = ORIENTED_EDGE ( 'NONE', *, *, #90, .T. ) ;
#1748 = AXIS2_PLACEMENT_3D ( 'NONE', #3319, #380, #3338 ) ;
#1749 = EDGE_CURVE ( 'NONE', #2473, #555, #840, .T. ) ;
#1750 = ORIENTED_EDGE ( 'NONE', *, *, #2310, .T. ) ;
#1751 = CIRCLE ( 'NONE', #2731, 3.249999999999999556 ) ;
#1752 = EDGE_CURVE ( 'NONE', #928, #1800, #2199, .T. ) ;
#1753 = FACE_OUTER_BOUND ( 'NONE', #2006, .T. ) ;
#1754 = CIRCLE ( 'NONE', #3038, 2.250000000000001332 ) ;
#1755 = VECTOR ( 'NONE', #3215, 1000.000000000000000 ) ;
#1756 = ORIENTED_EDGE ( 'NONE', *, *, #3270, .F. ) ;
#1757 = CIRCLE ( 'NONE', #3232, 27.00000000000000000 ) ;
#1758 = CARTESIAN_POINT ( 'NONE',  ( 10.87499999999982947, -18.83605253231165122, 5.499999999999998224 ) ) ;
#1759 = ORIENTED_EDGE ( 'NONE', *, *, #2584, .T. ) ;
#1760 = AXIS2_PLACEMENT_3D ( 'NONE', #1615, #1945, #2835 ) ;
#1761 = AXIS2_PLACEMENT_3D ( 'NONE', #2548, #3786, #3498 ) ;
#1762 = AXIS2_PLACEMENT_3D ( 'NONE', #3288, #2703, #3589 ) ;
#1763 = FACE_OUTER_BOUND ( 'NONE', #3219, .T. ) ;
#1764 = CARTESIAN_POINT ( 'NONE',  ( -26.50000000000000000, 3.245314017740485765E-15, -1.000000000000000000 ) ) ;
#1765 = ORIENTED_EDGE ( 'NONE', *, *, #618, .F. ) ;
#1766 = ORIENTED_EDGE ( 'NONE', *, *, #570, .T. ) ;
#1767 = CIRCLE ( 'NONE', #2319, 1.000000000000021760 ) ;
#1768 = DIRECTION ( 'NONE',  ( -0.000000000000000000, -0.000000000000000000, 1.000000000000000000 ) ) ;
#1769 = FACE_BOUND ( 'NONE', #322, .T. ) ;
#1770 = AXIS2_PLACEMENT_3D ( 'NONE', #933, #3608, #50 ) ;
#1771 = PLANE ( 'NONE',  #2450 ) ;
#1772 = CARTESIAN_POINT ( 'NONE',  ( 22.00000000000000355, 18.00000000000000711, 8.697499999999996234 ) ) ;
#1773 = ORIENTED_EDGE ( 'NONE', *, *, #2990, .F. ) ;
#1774 = AXIS2_PLACEMENT_3D ( 'NONE', #3688, #3343, #2523 ) ;
#1775 = ORIENTED_EDGE ( 'NONE', *, *, #3323, .F. ) ;
#1776 = CARTESIAN_POINT ( 'NONE',  ( -24.25221238938053503, -5.752212389380532365, 42.34152742581890294 ) ) ;
#1777 = AXIS2_PLACEMENT_3D ( 'NONE', #3379, #739, #3098 ) ;
#1778 = ORIENTED_EDGE ( 'NONE', *, *, #3107, .T. ) ;
#1779 = EDGE_CURVE ( 'NONE', #3494, #1863, #3173, .T. ) ;
#1780 = AXIS2_PLACEMENT_3D ( 'NONE', #3725, #2267, #3438 ) ;
#1781 = ORIENTED_EDGE ( 'NONE', *, *, #231, .T. ) ;
#1782 = VERTEX_POINT ( 'NONE', #3018 ) ;
#1783 = CARTESIAN_POINT ( 'NONE',  ( 3.999999999999972466, 10.82531754730550055, 3.499999999999999556 ) ) ;
#1784 = ADVANCED_FACE ( 'NONE', ( #2972 ), #375, .F. ) ;
#1785 = FACE_OUTER_BOUND ( 'NONE', #3631, .T. ) ;
#1786 = DIRECTION ( 'NONE',  ( 1.000000000000000000, 0.000000000000000000, 0.000000000000000000 ) ) ;
#1787 = AXIS2_PLACEMENT_3D ( 'NONE', #2586, #213, #1142 ) ;
#1788 = ORIENTED_EDGE ( 'NONE', *, *, #451, .T. ) ;
#1789 = ORIENTED_EDGE ( 'NONE', *, *, #1459, .F. ) ;
#1790 = ADVANCED_FACE ( 'NONE', ( #1253 ), #630, .F. ) ;
#1791 = DIRECTION ( 'NONE',  ( -1.445602896647339410E-16, -1.000000000000000000, 0.000000000000000000 ) ) ;
#1792 = DIRECTION ( 'NONE',  ( -0.000000000000000000, 0.000000000000000000, 1.000000000000000000 ) ) ;
#1793 = DIRECTION ( 'NONE',  ( -0.000000000000000000, -0.000000000000000000, 1.000000000000000000 ) ) ;
#1794 = CARTESIAN_POINT ( 'NONE',  ( -12.50000000000000000, 0.000000000000000000, 3.499999999999999556 ) ) ;
#1795 = FACE_OUTER_BOUND ( 'NONE', #80, .T. ) ;
#1796 = DIRECTION ( 'NONE',  ( 0.000000000000000000, 0.000000000000000000, 1.000000000000000000 ) ) ;
#1797 = ORIENTED_EDGE ( 'NONE', *, *, #1127, .F. ) ;
#1798 = VERTEX_POINT ( 'NONE', #34 ) ;
#1799 = ADVANCED_FACE ( 'NONE', ( #3613, #3571 ), #974, .T. ) ;
#1800 = VERTEX_POINT ( 'NONE', #2080 ) ;
#1801 = CARTESIAN_POINT ( 'NONE',  ( 5.893437942832979282, 21.71215872700178906, 42.34152742581890294 ) ) ;
#1802 = VERTEX_POINT ( 'NONE', #728 ) ;
#1803 = EDGE_CURVE ( 'NONE', #1501, #2323, #148, .T. ) ;
#1804 = DIRECTION ( 'NONE',  ( 0.000000000000000000, 0.000000000000000000, -1.000000000000000000 ) ) ;
#1805 = DIRECTION ( 'NONE',  ( -0.000000000000000000, -0.000000000000000000, -1.000000000000000000 ) ) ;
#1806 = ORIENTED_EDGE ( 'NONE', *, *, #2565, .T. ) ;
#1807 = EDGE_LOOP ( 'NONE', ( #2322, #918, #3144, #3600, #3298 ) ) ;
#1808 = CARTESIAN_POINT ( 'NONE',  ( 22.00000000000000355, 19.75000000000000711, 8.697499999999996234 ) ) ;
#1809 = DIRECTION ( 'NONE',  ( -0.000000000000000000, -0.000000000000000000, 1.000000000000000000 ) ) ;
#1810 = DIRECTION ( 'NONE',  ( 0.000000000000000000, 0.000000000000000000, 1.000000000000000000 ) ) ;
#1811 = DIRECTION ( 'NONE',  ( 1.000000000000000000, 0.000000000000000000, 0.000000000000000000 ) ) ;
#1812 = DIRECTION ( 'NONE',  ( 1.000000000000000000, 0.000000000000000000, 0.000000000000000000 ) ) ;
#1813 = DIRECTION ( 'NONE',  ( -1.000000000000000000, 0.000000000000000000, 0.000000000000000000 ) ) ;
#1814 = EDGE_LOOP ( 'NONE', ( #2339, #1299, #1490, #3747, #449 ) ) ;
#1815 = CIRCLE ( 'NONE', #2120, 1.750000000000001554 ) ;
#1816 = ORIENTED_EDGE ( 'NONE', *, *, #758, .F. ) ;
#1817 = CIRCLE ( 'NONE', #2366, 12.79999999999997407 ) ;
#1818 = VERTEX_POINT ( 'NONE', #3670 ) ;
#1819 = VERTEX_POINT ( 'NONE', #1043 ) ;
#1820 = CARTESIAN_POINT ( 'NONE',  ( 11.05378135732942368, 8.261592927780727180, 0.000000000000000000 ) ) ;
#1821 = ORIENTED_EDGE ( 'NONE', *, *, #885, .F. ) ;
#1822 = COLOUR_RGB ( '',0.7529411764705882248, 0.7529411764705882248, 0.7529411764705882248 ) ;
#1823 = EDGE_CURVE ( 'NONE', #1843, #1581, #1265, .T. ) ;
#1824 = DIRECTION ( 'NONE',  ( 0.000000000000000000, 0.000000000000000000, -1.000000000000000000 ) ) ;
#1825 = DIRECTION ( 'NONE',  ( 1.000000000000000000, 0.000000000000000000, 0.000000000000000000 ) ) ;
#1826 = ORIENTED_EDGE ( 'NONE', *, *, #1903, .T. ) ;
#1827 = AXIS2_PLACEMENT_3D ( 'NONE', #102, #3620, #1282 ) ;
#1828 = EDGE_CURVE ( 'NONE', #940, #567, #761, .T. ) ;
#1829 = EDGE_CURVE ( 'NONE', #725, #550, #2242, .T. ) ;
#1830 = CIRCLE ( 'NONE', #3302, 1.249999999999999334 ) ;
#1831 = FACE_OUTER_BOUND ( 'NONE', #220, .T. ) ;
#1832 = CARTESIAN_POINT ( 'NONE',  ( -6.213094324804461444, 20.89587181505195446, 0.000000000000000000 ) ) ;
#1833 = DIRECTION ( 'NONE',  ( -0.2556790244861835149, -0.9667617268167962852, -0.000000000000000000 ) ) ;
#1834 = DIRECTION ( 'NONE',  ( -0.000000000000000000, -0.000000000000000000, -1.000000000000000000 ) ) ;
#1835 = AXIS2_PLACEMENT_3D ( 'NONE', #3312, #612, #673 ) ;
#1836 = EDGE_CURVE ( 'NONE', #887, #2921, #3402, .T. ) ;
#1837 = DIRECTION ( 'NONE',  ( -0.000000000000000000, -0.000000000000000000, 1.000000000000000000 ) ) ;
#1838 = DIRECTION ( 'NONE',  ( 0.000000000000000000, 0.000000000000000000, 1.000000000000000000 ) ) ;
#1839 = ORIENTED_EDGE ( 'NONE', *, *, #3195, .F. ) ;
#1840 = AXIS2_PLACEMENT_3D ( 'NONE', #111, #1882, #125 ) ;
#1841 = ORIENTED_EDGE ( 'NONE', *, *, #1051, .F. ) ;
#1842 = ORIENTED_EDGE ( 'NONE', *, *, #492, .F. ) ;
#1843 = VERTEX_POINT ( 'NONE', #746 ) ;
#1844 = CIRCLE ( 'NONE', #2505, 0.7500000000000075495 ) ;
#1845 = FACE_OUTER_BOUND ( 'NONE', #3671, .T. ) ;
#1846 = ORIENTED_EDGE ( 'NONE', *, *, #2522, .T. ) ;
#1847 = DIRECTION ( 'NONE',  ( 1.000000000000000000, 0.000000000000000000, 0.000000000000000000 ) ) ;
#1848 = ORIENTED_EDGE ( 'NONE', *, *, #1935, .F. ) ;
#1849 = VECTOR ( 'NONE', #3653, 1000.000000000000000 ) ;
#1850 = EDGE_CURVE ( 'NONE', #2147, #1011, #1895, .T. ) ;
#1851 = CARTESIAN_POINT ( 'NONE',  ( 13.22588823937152824, -3.809971165199786736, 3.500000000000000000 ) ) ;
#1852 = CARTESIAN_POINT ( 'NONE',  ( 13.50270083414434907, -2.849047241376921225, 3.500000000000000000 ) ) ;
#1853 = CARTESIAN_POINT ( 'NONE',  ( 0.000000000000000000, 0.000000000000000000, 3.500000000000000000 ) ) ;
#1854 = ADVANCED_FACE ( 'NONE', ( #2511 ), #3690, .F. ) ;
#1855 = FACE_OUTER_BOUND ( 'NONE', #3141, .T. ) ;
#1856 = DIRECTION ( 'NONE',  ( 1.000000000000000000, 0.000000000000000000, 0.000000000000000000 ) ) ;
#1857 = ORIENTED_EDGE ( 'NONE', *, *, #947, .F. ) ;
#1858 = ORIENTED_EDGE ( 'NONE', *, *, #3768, .T. ) ;
#1859 = ORIENTED_EDGE ( 'NONE', *, *, #2227, .F. ) ;
#1860 = ORIENTED_EDGE ( 'NONE', *, *, #3683, .T. ) ;
#1861 = LINE ( 'NONE', #984, #3375 ) ;
#1862 = DIRECTION ( 'NONE',  ( -0.7201887010721879090, -0.6937782317484130212, 0.000000000000000000 ) ) ;
#1863 = VERTEX_POINT ( 'NONE', #1004 ) ;
#1864 = CARTESIAN_POINT ( 'NONE',  ( 26.50000000000002842, 18.00000000000000355, 21.94749999999999446 ) ) ;
#1865 = ORIENTED_EDGE ( 'NONE', *, *, #2919, .T. ) ;
#1866 = DIRECTION ( 'NONE',  ( 0.000000000000000000, 0.000000000000000000, 1.000000000000000000 ) ) ;
#1867 = EDGE_CURVE ( 'NONE', #2153, #3285, #1639, .T. ) ;
#1868 = CARTESIAN_POINT ( 'NONE',  ( 0.000000000000000000, 0.000000000000000000, 5.500000000000005329 ) ) ;
#1869 = DIRECTION ( 'NONE',  ( 0.000000000000000000, 0.000000000000000000, -1.000000000000000000 ) ) ;
#1870 = DIRECTION ( 'NONE',  ( 0.000000000000000000, 0.000000000000000000, 1.000000000000000000 ) ) ;
#1871 = LINE ( 'NONE', #711, #3286 ) ;
#1872 = PRODUCT_DEFINITION_CONTEXT ( 'detailed design', #106, 'design' ) ;
#1873 = ORIENTED_EDGE ( 'NONE', *, *, #1322, .F. ) ;
#1874 = EDGE_CURVE ( 'NONE', #567, #3779, #1695, .T. ) ;
#1875 = ADVANCED_FACE ( 'NONE', ( #1293 ), #2855, .F. ) ;
#1876 = VERTEX_POINT ( 'NONE', #171 ) ;
#1877 = ORIENTED_EDGE ( 'NONE', *, *, #1275, .T. ) ;
#1878 = LINE ( 'NONE', #1919, #2265 ) ;
#1879 = AXIS2_PLACEMENT_3D ( 'NONE', #1016, #439, #1617 ) ;
#1880 = AXIS2_PLACEMENT_3D ( 'NONE', #727, #3085, #445 ) ;
#1881 = AXIS2_PLACEMENT_3D ( 'NONE', #737, #1320, #1356 ) ;
#1882 = DIRECTION ( 'NONE',  ( -0.5000000000000041078, -0.8660254037844362651, -0.000000000000000000 ) ) ;
#1883 = ORIENTED_EDGE ( 'NONE', *, *, #2893, .F. ) ;
#1884 = VERTEX_POINT ( 'NONE', #1365 ) ;
#1885 = CIRCLE ( 'NONE', #2369, 2.249999999999999556 ) ;
#1886 = CIRCLE ( 'NONE', #1435, 1.750000000000001554 ) ;
#1887 = DIRECTION ( 'NONE',  ( 0.000000000000000000, 0.000000000000000000, 1.000000000000000000 ) ) ;
#1888 = CARTESIAN_POINT ( 'NONE',  ( 24.00000000000000355, 23.99999999999999645, 32.39499999999999602 ) ) ;
#1889 = CARTESIAN_POINT ( 'NONE',  ( 16.45280798681594092, 14.26692361194121084, 0.000000000000000000 ) ) ;
#1890 = CARTESIAN_POINT ( 'NONE',  ( 26.50000000000002842, 18.00000000000000711, 6.947499999999995346 ) ) ;
#1891 = CIRCLE ( 'NONE', #3171, 1.000000000000000888 ) ;
#1892 = VECTOR ( 'NONE', #804, 1000.000000000000000 ) ;
#1893 = CARTESIAN_POINT ( 'NONE',  ( 22.99999999999997868, 18.00000000000000711, 8.697499999999996234 ) ) ;
#1894 = CARTESIAN_POINT ( 'NONE',  ( 1.509897899148234579, -12.71063367162108548, 0.000000000000000000 ) ) ;
#1895 = CIRCLE ( 'NONE', #2439, 5.250000000000000888 ) ;
#1896 = ORIENTED_EDGE ( 'NONE', *, *, #1612, .T. ) ;
#1897 = CIRCLE ( 'NONE', #1840, 2.000000000000000444 ) ;
#1898 = VERTEX_POINT ( 'NONE', #2763 ) ;
#1899 = ORIENTED_EDGE ( 'NONE', *, *, #807, .T. ) ;
#1900 = CARTESIAN_POINT ( 'NONE',  ( 9.625000000000092371, 18.83605253231149490, 22.00000000000000000 ) ) ;
#1901 = AXIS2_PLACEMENT_3D ( 'NONE', #3300, #2376, #2923 ) ;
#1902 = ADVANCED_FACE ( 'NONE', ( #2230 ), #19, .F. ) ;
#1903 = EDGE_CURVE ( 'NONE', #3677, #3723, #1323, .T. ) ;
#1904 = CIRCLE ( 'NONE', #219, 0.5022123893805297001 ) ;
#1905 = DIRECTION ( 'NONE',  ( 1.000000000000000000, 0.000000000000000000, 0.000000000000000000 ) ) ;
#1906 = CIRCLE ( 'NONE', #3256, 26.50000000000000000 ) ;
#1907 = VERTEX_POINT ( 'NONE', #1308 ) ;
#1908 = EDGE_CURVE ( 'NONE', #748, #3037, #1767, .T. ) ;
#1909 = DIRECTION ( 'NONE',  ( 1.000000000000000000, 0.000000000000000000, 0.000000000000000000 ) ) ;
#1910 = EDGE_LOOP ( 'NONE', ( #2625, #1689, #713, #3799 ) ) ;
#1911 = CARTESIAN_POINT ( 'NONE',  ( -21.75000000000000355, 5.752212389380527036, 3.500000000000000000 ) ) ;
#1912 = EDGE_CURVE ( 'NONE', #1000, #725, #3727, .T. ) ;
#1913 = DIRECTION ( 'NONE',  ( 1.000000000000000000, 0.000000000000000000, 0.000000000000000000 ) ) ;
#1914 = CARTESIAN_POINT ( 'NONE',  ( 26.50000000000002842, 18.00000000000000355, 23.69749999999999801 ) ) ;
#1915 = ORIENTED_EDGE ( 'NONE', *, *, #3577, .T. ) ;
#1916 = CARTESIAN_POINT ( 'NONE',  ( 12.80000000000000071, 0.000000000000000000, 0.000000000000000000 ) ) ;
#1917 = VERTEX_POINT ( 'NONE', #1959 ) ;
#1918 = DIRECTION ( 'NONE',  ( 1.000000000000000000, 0.000000000000000000, 0.000000000000000000 ) ) ;
#1919 = CARTESIAN_POINT ( 'NONE',  ( 24.19999999999999929, 0.000000000000000000, -5.000000000000000000 ) ) ;
#1920 = ADVANCED_FACE ( 'NONE', ( #115 ), #3649, .F. ) ;
#1921 = CARTESIAN_POINT ( 'NONE',  ( 10.87499999999982947, -18.83605253231165122, 5.499999999999998224 ) ) ;
#1922 = LINE ( 'NONE', #2228, #3802 ) ;
#1923 = CARTESIAN_POINT ( 'NONE',  ( -10.25000000000000000, 2.755455298081545271E-16, 28.00000000000000000 ) ) ;
#1924 = DIRECTION ( 'NONE',  ( 1.000000000000000000, -1.445602896647339410E-16, -0.000000000000000000 ) ) ;
#1925 = DIRECTION ( 'NONE',  ( -0.3090169943749440651, 0.000000000000000000, -0.9510565162951546414 ) ) ;
#1926 = PRODUCT_CONTEXT ( 'NONE', #2938, 'mechanical' ) ;
#1927 = DIRECTION ( 'NONE',  ( 0.000000000000000000, 0.000000000000000000, -1.000000000000000000 ) ) ;
#1928 = DIRECTION ( 'NONE',  ( 0.000000000000000000, 0.000000000000000000, -1.000000000000000000 ) ) ;
#1929 = FACE_OUTER_BOUND ( 'NONE', #1088, .T. ) ;
#1930 = ORIENTED_EDGE ( 'NONE', *, *, #527, .T. ) ;
#1931 = DIRECTION ( 'NONE',  ( -0.000000000000000000, -0.000000000000000000, 1.000000000000000000 ) ) ;
#1932 = DIRECTION ( 'NONE',  ( 0.000000000000000000, 0.000000000000000000, 1.000000000000000000 ) ) ;
#1933 = CARTESIAN_POINT ( 'NONE',  ( -21.75000000000000711, -2.602085213965210642E-15, 3.500000000000003109 ) ) ;
#1934 = DIRECTION ( 'NONE',  ( 0.000000000000000000, 0.000000000000000000, 1.000000000000000000 ) ) ;
#1935 = EDGE_CURVE ( 'NONE', #2752, #2733, #3304, .T. ) ;
#1936 = AXIS2_PLACEMENT_3D ( 'NONE', #3547, #3266, #1300 ) ;
#1937 = DIRECTION ( 'NONE',  ( 0.000000000000000000, 0.000000000000000000, 1.000000000000000000 ) ) ;
#1938 = DIRECTION ( 'NONE',  ( 1.000000000000000000, 0.000000000000000000, 0.000000000000000000 ) ) ;
#1939 = FACE_BOUND ( 'NONE', #2105, .T. ) ;
#1940 = AXIS2_PLACEMENT_3D ( 'NONE', #671, #3553, #3530 ) ;
#1941 = EDGE_CURVE ( 'NONE', #3563, #309, #1952, .T. ) ;
#1942 = EDGE_CURVE ( 'NONE', #520, #658, #2616, .T. ) ;
#1943 = FACE_OUTER_BOUND ( 'NONE', #2377, .T. ) ;
#1944 = DIRECTION ( 'NONE',  ( 1.000000000000000000, 0.000000000000000000, 0.000000000000000000 ) ) ;
#1945 = DIRECTION ( 'NONE',  ( -0.000000000000000000, -0.000000000000000000, 1.000000000000000000 ) ) ;
#1946 = EDGE_CURVE ( 'NONE', #1202, #2464, #2907, .T. ) ;
#1947 = CIRCLE ( 'NONE', #464, 1.000000000000000000 ) ;
#1948 = CIRCLE ( 'NONE', #206, 8.624999999999998224 ) ;
#1949 = ORIENTED_EDGE ( 'NONE', *, *, #1357, .F. ) ;
#1950 = LINE ( 'NONE', #2501, #2059 ) ;
#1951 = DIRECTION ( 'NONE',  ( 1.000000000000000000, 0.000000000000000000, 0.000000000000000000 ) ) ;
#1952 = CIRCLE ( 'NONE', #468, 0.9999999999999974465 ) ;
#1953 = CARTESIAN_POINT ( 'NONE',  ( 6.250000000000056843, -10.82531754730545259, 28.00000000000000000 ) ) ;
#1954 = AXIS2_PLACEMENT_3D ( 'NONE', #93, #1955, #3415 ) ;
#1955 = DIRECTION ( 'NONE',  ( -1.000000000000000000, 1.445602896647339410E-16, -0.000000000000000000 ) ) ;
#1956 = ORIENTED_EDGE ( 'NONE', *, *, #2352, .T. ) ;
#1957 = VECTOR ( 'NONE', #945, 1000.000000000000000 ) ;
#1958 = DIRECTION ( 'NONE',  ( -0.000000000000000000, 0.000000000000000000, 1.000000000000000000 ) ) ;
#1959 = CARTESIAN_POINT ( 'NONE',  ( -20.50000000000000355, -2.449004364071791312E-15, 22.00000000000000000 ) ) ;
#1960 = AXIS2_PLACEMENT_3D ( 'NONE', #2502, #2480, #3362 ) ;
#1961 = CARTESIAN_POINT ( 'NONE',  ( 5.893437942832677301, -21.71215872700186722, 5.499999999999998224 ) ) ;
#1962 = EDGE_CURVE ( 'NONE', #982, #3563, #546, .T. ) ;
#1963 = TOROIDAL_SURFACE ( 'NONE', #3062, 5.250000000000000000, 2.000000000000000000 ) ;
#1964 = CARTESIAN_POINT ( 'NONE',  ( 25.00000000000000000, 0.000000000000000000, -70.71067811865478347 ) ) ;
#1965 = CARTESIAN_POINT ( 'NONE',  ( 22.99999999999997868, 18.00000000000000711, 6.947499999999995346 ) ) ;
#1966 = VERTEX_POINT ( 'NONE', #1976 ) ;
#1967 = DIRECTION ( 'NONE',  ( 1.000000000000000000, 0.000000000000000000, 0.000000000000000000 ) ) ;
#1968 = EDGE_CURVE ( 'NONE', #1917, #2896, #2597, .T. ) ;
#1969 = ORIENTED_EDGE ( 'NONE', *, *, #2894, .T. ) ;
#1970 = CARTESIAN_POINT ( 'NONE',  ( 24.00000000000000355, 23.99999999999999645, -38.18376618407356915 ) ) ;
#1971 = CARTESIAN_POINT ( 'NONE',  ( 8.395650332213509870, 21.71215872700178906, 5.499999999999998224 ) ) ;
#1972 = LINE ( 'NONE', #2279, #1318 ) ;
#1973 = DIRECTION ( 'NONE',  ( -1.000000000000000000, 0.000000000000000000, 0.000000000000000000 ) ) ;
#1974 = VERTEX_POINT ( 'NONE', #3164 ) ;
#1975 = DIRECTION ( 'NONE',  ( 1.000000000000000000, 0.000000000000000000, 0.000000000000000000 ) ) ;
#1976 = CARTESIAN_POINT ( 'NONE',  ( -21.75000000000000355, -3.250000000000002220, 22.00000000000000000 ) ) ;
#1977 = DIRECTION ( 'NONE',  ( 0.000000000000000000, 1.000000000000000000, 0.000000000000000000 ) ) ;
#1978 = APPLICATION_PROTOCOL_DEFINITION ( 'draft international standard', 'automotive_design', 1998, #106 ) ;
#1979 = CARTESIAN_POINT ( 'NONE',  ( 23.19999999999999929, 0.000000000000000000, 0.000000000000000000 ) ) ;
#1980 = CARTESIAN_POINT ( 'NONE',  ( 27.00000000000000355, 18.00000000000000355, 21.44750000000001577 ) ) ;
#1981 = ORIENTED_EDGE ( 'NONE', *, *, #3562, .F. ) ;
#1982 = DIRECTION ( 'NONE',  ( 0.000000000000000000, 0.000000000000000000, -1.000000000000000000 ) ) ;
#1983 = EDGE_CURVE ( 'NONE', #1036, #2153, #3050, .T. ) ;
#1984 = ORIENTED_EDGE ( 'NONE', *, *, #3357, .T. ) ;
#1985 = DIRECTION ( 'NONE',  ( 1.000000000000000000, 0.000000000000000000, 0.000000000000000000 ) ) ;
#1986 = VECTOR ( 'NONE', #1160, 1000.000000000000000 ) ;
#1987 = EDGE_CURVE ( 'NONE', #3495, #242, #23, .T. ) ;
#1988 = CARTESIAN_POINT ( 'NONE',  ( -27.00000000000000000, 0.000000000000000000, 32.39499999999999602 ) ) ;
#1989 = ADVANCED_FACE ( 'NONE', ( #2264 ), #228, .F. ) ;
#1990 = AXIS2_PLACEMENT_3D ( 'NONE', #2347, #3515, #878 ) ;
#1991 = CARTESIAN_POINT ( 'NONE',  ( -21.75000000000000711, -2.602085213965210642E-15, 5.499999999999998224 ) ) ;
#1992 = CARTESIAN_POINT ( 'NONE',  ( 0.000000000000000000, 0.000000000000000000, 2.000000000000000000 ) ) ;
#1993 = ORIENTED_EDGE ( 'NONE', *, *, #1154, .T. ) ;
#1994 = DIRECTION ( 'NONE',  ( 1.000000000000000000, 0.000000000000000000, 0.000000000000000000 ) ) ;
#1995 = CARTESIAN_POINT ( 'NONE',  ( -20.50000000000000355, -2.449004364071791312E-15, 42.34152742581890294 ) ) ;
#1996 = DIRECTION ( 'NONE',  ( 1.000000000000000000, 0.000000000000000000, 0.000000000000000000 ) ) ;
#1997 = CIRCLE ( 'NONE', #825, 2.000000000000000000 ) ;
#1998 = DIRECTION ( 'NONE',  ( 1.000000000000000000, 0.000000000000000000, 0.000000000000000000 ) ) ;
#1999 = FACE_BOUND ( 'NONE', #3155, .T. ) ;
#2000 = VECTOR ( 'NONE', #32, 1000.000000000000000 ) ;
#2001 = DIRECTION ( 'NONE',  ( 0.000000000000000000, 1.000000000000000000, 0.000000000000000000 ) ) ;
#2002 = VERTEX_POINT ( 'NONE', #504 ) ;
#2003 = ORIENTED_EDGE ( 'NONE', *, *, #2197, .T. ) ;
#2004 = DIRECTION ( 'NONE',  ( 1.000000000000000000, 0.000000000000000000, 0.000000000000000000 ) ) ;
#2005 = AXIS2_PLACEMENT_3D ( 'NONE', #3113, #1351, #3091 ) ;
#2006 = EDGE_LOOP ( 'NONE', ( #2569, #2092, #1216, #2374 ) ) ;
#2007 = CIRCLE ( 'NONE', #2920, 22.80000000000000071 ) ;
#2008 = ORIENTED_EDGE ( 'NONE', *, *, #1608, .T. ) ;
#2009 = DIRECTION ( 'NONE',  ( -1.000000000000000000, 0.000000000000000000, 0.000000000000000000 ) ) ;
#2010 = VECTOR ( 'NONE', #433, 1000.000000000000000 ) ;
#2011 = ORIENTED_EDGE ( 'NONE', *, *, #1148, .T. ) ;
#2012 = CIRCLE ( 'NONE', #1384, 3.977877497034161713 ) ;
#2013 = LINE ( 'NONE', #1385, #580 ) ;
#2014 = CARTESIAN_POINT ( 'NONE',  ( 3.147254514775084111, -21.57161999060867075, 0.000000000000000000 ) ) ;
#2015 = DIRECTION ( 'NONE',  ( 0.000000000000000000, 0.000000000000000000, 1.000000000000000000 ) ) ;
#2016 = ORIENTED_EDGE ( 'NONE', *, *, #1415, .T. ) ;
#2017 = VERTEX_POINT ( 'NONE', #2562 ) ;
#2018 = EDGE_CURVE ( 'NONE', #2032, #635, #843, .T. ) ;
#2019 = AXIS2_PLACEMENT_3D ( 'NONE', #3395, #3064, #2806 ) ;
#2020 = FACE_OUTER_BOUND ( 'NONE', #2097, .T. ) ;
#2021 = FACE_OUTER_BOUND ( 'NONE', #860, .T. ) ;
#2022 = CARTESIAN_POINT ( 'NONE',  ( 0.000000000000000000, 0.000000000000000000, 3.500000000000000000 ) ) ;
#2023 = AXIS2_PLACEMENT_3D ( 'NONE', #3089, #3705, #3386 ) ;
#2024 = ORIENTED_EDGE ( 'NONE', *, *, #2155, .T. ) ;
#2025 = CARTESIAN_POINT ( 'NONE',  ( 8.624999999999998224, 1.056257864264591639E-15, 2.384710442146979581 ) ) ;
#2026 = AXIS2_PLACEMENT_3D ( 'NONE', #1691, #199, #1092 ) ;
#2027 = AXIS2_PLACEMENT_3D ( 'NONE', #1914, #1944, #1337 ) ;
#2028 = ORIENTED_EDGE ( 'NONE', *, *, #3278, .F. ) ;
#2029 = VERTEX_POINT ( 'NONE', #245 ) ;
#2030 = ADVANCED_FACE ( 'NONE', ( #3509 ), #2321, .F. ) ;
#2031 = DIRECTION ( 'NONE',  ( 0.000000000000000000, 0.000000000000000000, -1.000000000000000000 ) ) ;
#2032 = VERTEX_POINT ( 'NONE', #2300 ) ;
#2033 = LINE ( 'NONE', #2905, #2123 ) ;
#2034 = DIRECTION ( 'NONE',  ( 1.000000000000000000, 0.000000000000000000, 0.000000000000000000 ) ) ;
#2035 = ORIENTED_EDGE ( 'NONE', *, *, #406, .T. ) ;
#2036 = ORIENTED_EDGE ( 'NONE', *, *, #903, .T. ) ;
#2037 = LINE ( 'NONE', #586, #3172 ) ;
#2038 = DIRECTION ( 'NONE',  ( -0.000000000000000000, -0.000000000000000000, -1.000000000000000000 ) ) ;
#2039 = DIRECTION ( 'NONE',  ( 1.000000000000000000, 0.000000000000000000, 0.000000000000000000 ) ) ;
#2040 = CARTESIAN_POINT ( 'NONE',  ( 26.57787749703416225, 18.00000000000000355, 12.21962250296583541 ) ) ;
#2041 = LINE ( 'NONE', #883, #3717 ) ;
#2042 = ORIENTED_EDGE ( 'NONE', *, *, #82, .T. ) ;
#2043 = VERTEX_POINT ( 'NONE', #1136 ) ;
#2044 = ORIENTED_EDGE ( 'NONE', *, *, #877, .F. ) ;
#2045 = DIRECTION ( 'NONE',  ( -0.000000000000000000, -0.000000000000000000, 1.000000000000000000 ) ) ;
#2046 = ORIENTED_EDGE ( 'NONE', *, *, #473, .T. ) ;
#2047 = DIRECTION ( 'NONE',  ( 1.000000000000000000, 0.000000000000000000, 0.000000000000000000 ) ) ;
#2048 = DIRECTION ( 'NONE',  ( 1.000000000000000000, 0.000000000000000000, 0.000000000000000000 ) ) ;
#2049 = ORIENTED_EDGE ( 'NONE', *, *, #384, .F. ) ;
#2050 = EDGE_CURVE ( 'NONE', #854, #6, #2384, .T. ) ;
#2051 = ORIENTED_EDGE ( 'NONE', *, *, #1225, .T. ) ;
#2052 = LINE ( 'NONE', #1141, #3476 ) ;
#2053 = CARTESIAN_POINT ( 'NONE',  ( 9.624999999999829470, -18.83605253231165122, 22.00000000000000000 ) ) ;
#2054 = EDGE_CURVE ( 'NONE', #2896, #859, #2994, .T. ) ;
#2055 = DIRECTION ( 'NONE',  ( -0.000000000000000000, -0.000000000000000000, -1.000000000000000000 ) ) ;
#2056 = DIRECTION ( 'NONE',  ( -1.000000000000000000, 0.000000000000000000, 0.000000000000000000 ) ) ;
#2057 = ORIENTED_EDGE ( 'NONE', *, *, #2425, .T. ) ;
#2058 = ORIENTED_EDGE ( 'NONE', *, *, #479, .F. ) ;
#2059 = VECTOR ( 'NONE', #2555, 1000.000000000000000 ) ;
#2060 = CARTESIAN_POINT ( 'NONE',  ( 0.000000000000000000, 0.000000000000000000, -1.000000000000000000 ) ) ;
#2061 = ADVANCED_FACE ( 'NONE', ( #1404 ), #1701, .F. ) ;
#2062 = AXIS2_PLACEMENT_3D ( 'NONE', #3185, #1975, #562 ) ;
#2063 = EDGE_CURVE ( 'NONE', #1157, #2166, #3177, .T. ) ;
#2064 = EDGE_LOOP ( 'NONE', ( #2577, #226 ) ) ;
#2065 = AXIS2_PLACEMENT_3D ( 'NONE', #690, #378, #3315 ) ;
#2066 = VERTEX_POINT ( 'NONE', #1097 ) ;
#2067 = VERTEX_POINT ( 'NONE', #564 ) ;
#2068 = DIRECTION ( 'NONE',  ( -1.000000000000000000, 0.000000000000000000, 0.000000000000000000 ) ) ;
#2069 = ORIENTED_EDGE ( 'NONE', *, *, #3310, .F. ) ;
#2070 = AXIS2_PLACEMENT_3D ( 'NONE', #3196, #314, #272 ) ;
#2071 = EDGE_CURVE ( 'NONE', #2983, #3412, #3370, .T. ) ;
#2072 = CIRCLE ( 'NONE', #404, 1.000000000000000888 ) ;
#2073 = AXIS2_PLACEMENT_3D ( 'NONE', #2387, #2138, #3554 ) ;
#2074 = DIRECTION ( 'NONE',  ( -0.000000000000000000, -0.000000000000000000, -1.000000000000000000 ) ) ;
#2075 = DIRECTION ( 'NONE',  ( 0.000000000000000000, 1.000000000000000000, 0.000000000000000000 ) ) ;
#2076 = ORIENTED_EDGE ( 'NONE', *, *, #3768, .F. ) ;
#2077 = ORIENTED_EDGE ( 'NONE', *, *, #159, .T. ) ;
#2078 = CIRCLE ( 'NONE', #408, 24.19999999999999929 ) ;
#2079 = CARTESIAN_POINT ( 'NONE',  ( -9.218697704686608319, -10.26915832138183049, 3.500000000000000000 ) ) ;
#2080 = CARTESIAN_POINT ( 'NONE',  ( 22.99999999999997868, 18.00000000000000355, 21.94749999999999446 ) ) ;
#2081 = CIRCLE ( 'NONE', #1448, 1.999999999999999112 ) ;
#2082 = EDGE_CURVE ( 'NONE', #70, #3598, #277, .T. ) ;
#2083 = DIRECTION ( 'NONE',  ( 0.000000000000000000, 0.000000000000000000, 1.000000000000000000 ) ) ;
#2084 = DIRECTION ( 'NONE',  ( 0.000000000000000000, 0.000000000000000000, 1.000000000000000000 ) ) ;
#2085 = AXIS2_PLACEMENT_3D ( 'NONE', #1476, #659, #912 ) ;
#2086 = DIRECTION ( 'NONE',  ( -0.000000000000000000, -0.000000000000000000, -1.000000000000000000 ) ) ;
#2087 = CARTESIAN_POINT ( 'NONE',  ( -24.16904317041991135, -6.391975612154586983, 5.500000000000005329 ) ) ;
#2088 = AXIS2_PLACEMENT_3D ( 'NONE', #377, #1833, #3590 ) ;
#2089 = ORIENTED_EDGE ( 'NONE', *, *, #1498, .T. ) ;
#2090 = ADVANCED_FACE ( 'NONE', ( #3745 ), #2859, .F. ) ;
#2091 = AXIS2_PLACEMENT_3D ( 'NONE', #3448, #740, #2790 ) ;
#2092 = ORIENTED_EDGE ( 'NONE', *, *, #3112, .F. ) ;
#2093 = ORIENTED_EDGE ( 'NONE', *, *, #2776, .T. ) ;
#2094 = FACE_OUTER_BOUND ( 'NONE', #3473, .T. ) ;
#2095 = CARTESIAN_POINT ( 'NONE',  ( 26.50000000000002842, 18.00000000000000711, 8.697499999999996234 ) ) ;
#2096 = ORIENTED_EDGE ( 'NONE', *, *, #1608, .F. ) ;
#2097 = EDGE_LOOP ( 'NONE', ( #429, #423, #1716, #2693 ) ) ;
#2098 = LINE ( 'NONE', #1864, #2735 ) ;
#2099 = CARTESIAN_POINT ( 'NONE',  ( 0.000000000000000000, 0.000000000000000000, -4.400000000000007461 ) ) ;
#2100 = FACE_OUTER_BOUND ( 'NONE', #107, .T. ) ;
#2101 = CARTESIAN_POINT ( 'NONE',  ( 0.000000000000000000, 0.000000000000000000, 22.00000000000000000 ) ) ;
#2102 = DIRECTION ( 'NONE',  ( 1.000000000000000000, 0.000000000000000000, 0.000000000000000000 ) ) ;
#2103 = ORIENTED_EDGE ( 'NONE', *, *, #3467, .T. ) ;
#2104 = EDGE_CURVE ( 'NONE', #403, #951, #2557, .T. ) ;
#2105 = EDGE_LOOP ( 'NONE', ( #3486, #385 ) ) ;
#2106 = ORIENTED_EDGE ( 'NONE', *, *, #33, .F. ) ;
#2107 = CARTESIAN_POINT ( 'NONE',  ( 10.87500000000009237, 18.83605253231149845, 3.500000000000000000 ) ) ;
#2108 = ORIENTED_EDGE ( 'NONE', *, *, #2522, .F. ) ;
#2109 = EDGE_CURVE ( 'NONE', #1504, #3495, #2619, .T. ) ;
#2110 = LINE ( 'NONE', #2678, #2841 ) ;
#2111 = DIRECTION ( 'NONE',  ( 0.000000000000000000, 0.000000000000000000, 1.000000000000000000 ) ) ;
#2112 = ORIENTED_EDGE ( 'NONE', *, *, #473, .F. ) ;
#2113 = EDGE_CURVE ( 'NONE', #2712, #3285, #2441, .T. ) ;
#2114 = CARTESIAN_POINT ( 'NONE',  ( 25.50000000000000000, 0.000000000000000000, -4.400000000000007461 ) ) ;
#2115 = FACE_OUTER_BOUND ( 'NONE', #3755, .T. ) ;
#2116 = DIRECTION ( 'NONE',  ( 1.000000000000000000, 0.000000000000000000, 0.000000000000000000 ) ) ;
#2117 = DIRECTION ( 'NONE',  ( -0.000000000000000000, -0.000000000000000000, 1.000000000000000000 ) ) ;
#2118 = DIRECTION ( 'NONE',  ( 1.000000000000000000, -1.445602896647339410E-16, 0.000000000000000000 ) ) ;
#2119 = DIRECTION ( 'NONE',  ( 0.4999999999999916733, -0.8660254037844434816, 0.000000000000000000 ) ) ;
#2120 = AXIS2_PLACEMENT_3D ( 'NONE', #3596, #2162, #2725 ) ;
#2121 = ORIENTED_EDGE ( 'NONE', *, *, #2518, .F. ) ;
#2122 = ORIENTED_EDGE ( 'NONE', *, *, #2968, .F. ) ;
#2123 = VECTOR ( 'NONE', #1739, 1000.000000000000000 ) ;
#2124 = VERTEX_POINT ( 'NONE', #308 ) ;
#2125 = ORIENTED_EDGE ( 'NONE', *, *, #1941, .F. ) ;
#2126 = CARTESIAN_POINT ( 'NONE',  ( 0.000000000000000000, 0.000000000000000000, 0.000000000000000000 ) ) ;
#2127 = VERTEX_POINT ( 'NONE', #1500 ) ;
#2128 = VECTOR ( 'NONE', #2471, 1000.000000000000227 ) ;
#2129 = EDGE_CURVE ( 'NONE', #867, #567, #2402, .T. ) ;
#2130 = AXIS2_PLACEMENT_3D ( 'NONE', #3557, #1295, #2158 ) ;
#2131 = DIRECTION ( 'NONE',  ( 1.000000000000000000, 0.000000000000000000, 0.000000000000000000 ) ) ;
#2132 = ORIENTED_EDGE ( 'NONE', *, *, #871, .T. ) ;
#2133 = EDGE_LOOP ( 'NONE', ( #1857, #1859, #1735, #2469 ) ) ;
#2134 = AXIS2_PLACEMENT_3D ( 'NONE', #1313, #1009, #3372 ) ;
#2135 = ORIENTED_EDGE ( 'NONE', *, *, #2692, .F. ) ;
#2136 = EDGE_CURVE ( 'NONE', #1546, #1463, #1021, .T. ) ;
#2137 = LINE ( 'NONE', #2418, #708 ) ;
#2138 = DIRECTION ( 'NONE',  ( 1.000000000000000000, -1.445602896647339410E-16, 0.000000000000000000 ) ) ;
#2139 = DIRECTION ( 'NONE',  ( 0.000000000000000000, 0.000000000000000000, 1.000000000000000000 ) ) ;
#2140 = AXIS2_PLACEMENT_3D ( 'NONE', #2406, #73, #1279 ) ;
#2141 = AXIS2_PLACEMENT_3D ( 'NONE', #2949, #624, #1905 ) ;
#2142 = FACE_OUTER_BOUND ( 'NONE', #2449, .T. ) ;
#2143 = DIRECTION ( 'NONE',  ( 1.000000000000000000, -1.445602896647339410E-16, -0.000000000000000000 ) ) ;
#2144 = ORIENTED_EDGE ( 'NONE', *, *, #3703, .F. ) ;
#2145 = AXIS2_PLACEMENT_3D ( 'NONE', #182, #2318, #2031 ) ;
#2146 = VERTEX_POINT ( 'NONE', #4 ) ;
#2147 = VERTEX_POINT ( 'NONE', #1524 ) ;
#2148 = AXIS2_PLACEMENT_3D ( 'NONE', #1485, #313, #773 ) ;
#2149 = DIRECTION ( 'NONE',  ( 1.000000000000000000, 0.000000000000000000, 0.000000000000000000 ) ) ;
#2150 = AXIS2_PLACEMENT_3D ( 'NONE', #1868, #2999, #2745 ) ;
#2151 = ADVANCED_FACE ( 'NONE', ( #2415 ), #1169, .F. ) ;
#2152 = CYLINDRICAL_SURFACE ( 'NONE', #1641, 1.750000000000001554 ) ;
#2153 = VERTEX_POINT ( 'NONE', #1480 ) ;
#2154 = CARTESIAN_POINT ( 'NONE',  ( 27.00000000000000000, -3.903127820947816751E-15, 0.000000000000000000 ) ) ;
#2155 = EDGE_CURVE ( 'NONE', #2883, #139, #3484, .T. ) ;
#2156 = CARTESIAN_POINT ( 'NONE',  ( 0.000000000000000000, 0.000000000000000000, 22.00000000000000000 ) ) ;
#2157 = CARTESIAN_POINT ( 'NONE',  ( 10.87500000000009237, 18.83605253231149845, 5.499999999999998224 ) ) ;
#2158 = DIRECTION ( 'NONE',  ( -1.000000000000000000, 0.000000000000000000, 0.000000000000000000 ) ) ;
#2159 = ADVANCED_FACE ( 'NONE', ( #665 ), #2966, .F. ) ;
#2160 = ORIENTED_EDGE ( 'NONE', *, *, #2507, .T. ) ;
#2161 = CARTESIAN_POINT ( 'NONE',  ( 24.00000000000000355, 26.99999999999999645, 0.000000000000000000 ) ) ;
#2162 = DIRECTION ( 'NONE',  ( 1.000000000000000000, 0.000000000000000000, 0.000000000000000000 ) ) ;
#2163 = ORIENTED_EDGE ( 'NONE', *, *, #3323, .T. ) ;
#2164 = ORIENTED_EDGE ( 'NONE', *, *, #1290, .F. ) ;
#2165 = ORIENTED_EDGE ( 'NONE', *, *, #457, .T. ) ;
#2166 = VERTEX_POINT ( 'NONE', #2358 ) ;
#2167 = DIRECTION ( 'NONE',  ( 0.000000000000000000, 1.000000000000000000, 0.000000000000000000 ) ) ;
#2168 = CARTESIAN_POINT ( 'NONE',  ( 0.000000000000000000, 0.000000000000000000, 5.077683537175356143 ) ) ;
#2169 = ORIENTED_EDGE ( 'NONE', *, *, #3716, .T. ) ;
#2170 = CARTESIAN_POINT ( 'NONE',  ( -15.68358689540456652, -15.10844472784323500, 0.000000000000000000 ) ) ;
#2171 = ORIENTED_EDGE ( 'NONE', *, *, #427, .T. ) ;
#2172 = DIRECTION ( 'NONE',  ( -0.000000000000000000, -0.000000000000000000, -1.000000000000000000 ) ) ;
#2173 = ORIENTED_EDGE ( 'NONE', *, *, #3577, .F. ) ;
#2174 = DIRECTION ( 'NONE',  ( 0.000000000000000000, 0.000000000000000000, 1.000000000000000000 ) ) ;
#2175 = CARTESIAN_POINT ( 'NONE',  ( 0.000000000000000000, 0.000000000000000000, 3.500000000000000000 ) ) ;
#2176 = DIRECTION ( 'NONE',  ( 1.000000000000000000, 0.000000000000000000, 0.000000000000000000 ) ) ;
#2177 = ADVANCED_FACE ( 'NONE', ( #2381 ), #1248, .T. ) ;
#2178 = FACE_OUTER_BOUND ( 'NONE', #2783, .T. ) ;
#2179 = EDGE_LOOP ( 'NONE', ( #3790, #943 ) ) ;
#2180 = EDGE_LOOP ( 'NONE', ( #1333, #2069, #2519, #3216, #3585 ) ) ;
#2181 = CARTESIAN_POINT ( 'NONE',  ( 0.000000000000000000, 0.000000000000000000, -1.000000000000000000 ) ) ;
#2182 = DIRECTION ( 'NONE',  ( 1.000000000000000000, 0.000000000000000000, -0.000000000000000000 ) ) ;
#2183 = ADVANCED_FACE ( 'NONE', ( #3525 ), #152, .F. ) ;
#2184 = AXIS2_PLACEMENT_3D ( 'NONE', #2479, #1523, #2926 ) ;
#2185 = AXIS2_PLACEMENT_3D ( 'NONE', #2621, #264, #1096 ) ;
#2186 = DIRECTION ( 'NONE',  ( 0.000000000000000000, 0.000000000000000000, -1.000000000000000000 ) ) ;
#2187 = PRODUCT_DEFINITION_FORMATION_WITH_SPECIFIED_SOURCE ( 'ANY', '', #2372, .NOT_KNOWN. ) ;
#2188 = AXIS2_PLACEMENT_3D ( 'NONE', #3481, #3501, #2632 ) ;
#2189 = LINE ( 'NONE', #1923, #3595 ) ;
#2190 = ORIENTED_EDGE ( 'NONE', *, *, #40, .F. ) ;
#2191 = CARTESIAN_POINT ( 'NONE',  ( 22.00000000000000355, 18.00000000000000355, 23.69749999999999801 ) ) ;
#2192 = VECTOR ( 'NONE', #529, 1000.000000000000000 ) ;
#2193 = DIRECTION ( 'NONE',  ( 1.000000000000000000, 0.000000000000000000, 0.000000000000000000 ) ) ;
#2194 = CIRCLE ( 'NONE', #2436, 1.750000000000001554 ) ;
#2195 = AXIS2_PLACEMENT_3D ( 'NONE', #2346, #629, #1192 ) ;
#2196 = DIRECTION ( 'NONE',  ( 0.000000000000000000, 0.000000000000000000, 1.000000000000000000 ) ) ;
#2197 = EDGE_CURVE ( 'NONE', #3346, #3208, #2012, .T. ) ;
#2198 = DIRECTION ( 'NONE',  ( 1.000000000000000000, 0.000000000000000000, 0.000000000000000000 ) ) ;
#2199 = CIRCLE ( 'NONE', #2140, 1.750000000000001554 ) ;
#2200 = ORIENTED_EDGE ( 'NONE', *, *, #3662, .T. ) ;
#2201 = AXIS2_PLACEMENT_3D ( 'NONE', #68, #2111, #2992 ) ;
#2202 = VERTEX_POINT ( 'NONE', #2433 ) ;
#2203 = LINE ( 'NONE', #513, #889 ) ;
#2204 = ADVANCED_FACE ( 'NONE', ( #967 ), #2152, .F. ) ;
#2205 = CARTESIAN_POINT ( 'NONE',  ( -4.284003129457846448, 13.11820556275877436, 0.000000000000000000 ) ) ;
#2206 = CIRCLE ( 'NONE', #2998, 2.249999999999999556 ) ;
#2207 = VECTOR ( 'NONE', #1176, 1000.000000000000000 ) ;
#2208 = DIRECTION ( 'NONE',  ( -0.000000000000000000, -0.000000000000000000, -1.000000000000000000 ) ) ;
#2209 = LINE ( 'NONE', #1346, #2388 ) ;
#2210 = AXIS2_PLACEMENT_3D ( 'NONE', #819, #2015, #3188 ) ;
#2211 = AXIS2_PLACEMENT_3D ( 'NONE', #1953, #3663, #2827 ) ;
#2212 = DIRECTION ( 'NONE',  ( -0.000000000000000000, -0.000000000000000000, -1.000000000000000000 ) ) ;
#2213 = DIRECTION ( 'NONE',  ( 1.000000000000000000, 0.000000000000000000, 0.000000000000000000 ) ) ;
#2214 = FACE_BOUND ( 'NONE', #1215, .T. ) ;
#2215 = APPLICATION_PROTOCOL_DEFINITION ( 'draft international standard', 'automotive_design', 1998, #2938 ) ;
#2216 = CARTESIAN_POINT ( 'NONE',  ( -21.75000000000000355, -3.250000000000002220, 42.34152742581890294 ) ) ;
#2217 = CARTESIAN_POINT ( 'NONE',  ( 0.000000000000000000, 0.000000000000000000, -5.000000000000000000 ) ) ;
#2218 = UNCERTAINTY_MEASURE_WITH_UNIT (LENGTH_MEASURE( 1.000000000000000082E-05 ), #2524, 'distance_accuracy_value', 'NONE');
#2219 = ORIENTED_EDGE ( 'NONE', *, *, #1779, .F. ) ;
#2220 = CARTESIAN_POINT ( 'NONE',  ( 2.185751579730776939E-13, -4.770489558936219510E-15, 22.00000000000000000 ) ) ;
#2221 = ORIENTED_EDGE ( 'NONE', *, *, #960, .F. ) ;
#2222 = CARTESIAN_POINT ( 'NONE',  ( 15.85656205716719924, 15.95994633762120785, 5.499999999999998224 ) ) ;
#2223 = EDGE_CURVE ( 'NONE', #2967, #309, #3327, .T. ) ;
#2224 = PLANE ( 'NONE',  #2019 ) ;
#2225 = DIRECTION ( 'NONE',  ( 0.000000000000000000, 1.000000000000000000, 0.000000000000000000 ) ) ;
#2226 = EDGE_CURVE ( 'NONE', #658, #3079, #661, .T. ) ;
#2227 = EDGE_CURVE ( 'NONE', #2651, #2315, #2259, .T. ) ;
#2228 = CARTESIAN_POINT ( 'NONE',  ( 9.625000000000092371, 18.83605253231149490, 42.34152742581890294 ) ) ;
#2229 = EDGE_CURVE ( 'NONE', #1460, #1000, #3117, .T. ) ;
#2230 = FACE_OUTER_BOUND ( 'NONE', #907, .T. ) ;
#2231 = DIRECTION ( 'NONE',  ( -0.000000000000000000, -0.000000000000000000, -1.000000000000000000 ) ) ;
#2232 = CYLINDRICAL_SURFACE ( 'NONE', #2917, 3.249999999999999556 ) ;
#2233 = CARTESIAN_POINT ( 'NONE',  ( 6.250000000000056843, -10.82531754730545259, 3.499999999999999556 ) ) ;
#2234 = DIRECTION ( 'NONE',  ( 1.000000000000000000, 0.000000000000000000, 0.000000000000000000 ) ) ;
#2235 = ORIENTED_EDGE ( 'NONE', *, *, #589, .F. ) ;
#2236 = DIRECTION ( 'NONE',  ( 1.000000000000000000, 0.000000000000000000, 0.000000000000000000 ) ) ;
#2237 = FACE_OUTER_BOUND ( 'NONE', #1172, .T. ) ;
#2238 = CYLINDRICAL_SURFACE ( 'NONE', #466, 1.250000000000001110 ) ;
#2239 = EDGE_CURVE ( 'NONE', #1802, #1412, #3611, .T. ) ;
#2240 = CARTESIAN_POINT ( 'NONE',  ( 0.000000000000000000, 0.000000000000000000, 0.000000000000000000 ) ) ;
#2241 = CARTESIAN_POINT ( 'NONE',  ( 8.624999999999998224, 1.056257864264591836E-15, 2.000000000000000000 ) ) ;
#2242 = LINE ( 'NONE', #150, #3239 ) ;
#2243 = ORIENTED_EDGE ( 'NONE', *, *, #202, .T. ) ;
#2244 = FACE_OUTER_BOUND ( 'NONE', #3593, .T. ) ;
#2245 = EDGE_CURVE ( 'NONE', #2416, #748, #2774, .T. ) ;
#2246 = CIRCLE ( 'NONE', #140, 2.502212389380527924 ) ;
#2247 = CIRCLE ( 'NONE', #3470, 3.977877497034161713 ) ;
#2248 = CARTESIAN_POINT ( 'NONE',  ( 24.19999999999999929, 0.000000000000000000, -5.000000000000000000 ) ) ;
#2249 = CARTESIAN_POINT ( 'NONE',  ( 10.25278270824758486, 7.662926773593715879, 0.000000000000000000 ) ) ;
#2250 = CYLINDRICAL_SURFACE ( 'NONE', #1690, 1.000000000000014655 ) ;
#2251 = VECTOR ( 'NONE', #1684, 1000.000000000000114 ) ;
#2252 = AXIS2_PLACEMENT_3D ( 'NONE', #2442, #58, #1237 ) ;
#2253 = CIRCLE ( 'NONE', #1835, 1.999999999999999556 ) ;
#2254 = EDGE_LOOP ( 'NONE', ( #3632, #610 ) ) ;
#2255 = DIRECTION ( 'NONE',  ( 0.000000000000000000, 0.000000000000000000, 1.000000000000000000 ) ) ;
#2256 = CARTESIAN_POINT ( 'NONE',  ( 26.57787749703416225, 14.02212250296584095, 16.19749999999999801 ) ) ;
#2257 = CIRCLE ( 'NONE', #3545, 22.80000000000000071 ) ;
#2258 = DIRECTION ( 'NONE',  ( -0.000000000000000000, -0.000000000000000000, -1.000000000000000000 ) ) ;
#2259 = CIRCLE ( 'NONE', #2141, 0.5022123893805305883 ) ;
#2260 = CARTESIAN_POINT ( 'NONE',  ( -21.75000000000000711, -2.602085213965210642E-15, 42.34152742581890294 ) ) ;
#2261 = EDGE_CURVE ( 'NONE', #362, #2617, #2257, .T. ) ;
#2262 = ORIENTED_EDGE ( 'NONE', *, *, #1693, .F. ) ;
#2263 = CARTESIAN_POINT ( 'NONE',  ( 0.000000000000000000, 0.000000000000000000, 3.500000000000000000 ) ) ;
#2264 = FACE_OUTER_BOUND ( 'NONE', #3680, .T. ) ;
#2265 = VECTOR ( 'NONE', #721, 1000.000000000000000 ) ;
#2266 = VERTEX_POINT ( 'NONE', #1605 ) ;
#2267 = DIRECTION ( 'NONE',  ( 0.000000000000000000, 0.000000000000000000, 1.000000000000000000 ) ) ;
#2268 = AXIS2_PLACEMENT_3D ( 'NONE', #2526, #2489, #3110 ) ;
#2269 = EDGE_CURVE ( 'NONE', #210, #257, #1074, .T. ) ;
#2270 = CARTESIAN_POINT ( 'NONE',  ( 4.129114288385057563, -21.38201148614072977, 0.000000000000000000 ) ) ;
#2271 = DIRECTION ( 'NONE',  ( 0.000000000000000000, 0.000000000000000000, -1.000000000000000000 ) ) ;
#2272 = ORIENTED_EDGE ( 'NONE', *, *, #1364, .T. ) ;
#2273 = EDGE_CURVE ( 'NONE', #257, #210, #2078, .T. ) ;
#2274 = LINE ( 'NONE', #1316, #2251 ) ;
#2275 = VERTEX_POINT ( 'NONE', #743 ) ;
#2276 = CARTESIAN_POINT ( 'NONE',  ( 6.548908324713271334, -24.12699317682378819, 22.00000000000000000 ) ) ;
#2277 = AXIS2_PLACEMENT_3D ( 'NONE', #2782, #493, #1314 ) ;
#2278 = DIRECTION ( 'NONE',  ( 1.000000000000000000, 0.000000000000000000, 0.000000000000000000 ) ) ;
#2279 = CARTESIAN_POINT ( 'NONE',  ( 2.609718446129165148, -13.51404342274854109, 0.000000000000000000 ) ) ;
#2280 = CARTESIAN_POINT ( 'NONE',  ( 0.000000000000000000, 0.000000000000000000, 5.500000000000005329 ) ) ;
#2281 = ORIENTED_EDGE ( 'NONE', *, *, #622, .T. ) ;
#2282 = ORIENTED_EDGE ( 'NONE', *, *, #622, .F. ) ;
#2283 = CARTESIAN_POINT ( 'NONE',  ( 10.87500000000009059, 18.83605253231149490, 42.34152742581890294 ) ) ;
#2284 = CARTESIAN_POINT ( 'NONE',  ( 10.87500000000009237, 18.83605253231149845, 5.499999999999998224 ) ) ;
#2285 = EDGE_LOOP ( 'NONE', ( #3189, #3815, #2144, #3601, #1669 ) ) ;
#2286 = DIRECTION ( 'NONE',  ( 1.000000000000000000, 0.000000000000000000, 0.000000000000000000 ) ) ;
#2287 = CARTESIAN_POINT ( 'NONE',  ( -9.912475936435020785, -9.548969620309645023, 0.000000000000000000 ) ) ;
#2288 = FACE_OUTER_BOUND ( 'NONE', #1563, .T. ) ;
#2289 = DIRECTION ( 'NONE',  ( 1.000000000000000000, 0.000000000000000000, 0.000000000000000000 ) ) ;
#2290 = ORIENTED_EDGE ( 'NONE', *, *, #3025, .T. ) ;
#2291 = DIRECTION ( 'NONE',  ( -0.000000000000000000, -0.000000000000000000, 1.000000000000000000 ) ) ;
#2292 = FACE_BOUND ( 'NONE', #2064, .T. ) ;
#2293 = ORIENTED_EDGE ( 'NONE', *, *, #3183, .F. ) ;
#2294 = ORIENTED_EDGE ( 'NONE', *, *, #1322, .T. ) ;
#2295 = ADVANCED_FACE ( 'NONE', ( #168 ), #1041, .T. ) ;
#2296 = LINE ( 'NONE', #3464, #3180 ) ;
#2297 = ORIENTED_EDGE ( 'NONE', *, *, #2853, .T. ) ;
#2298 = DIRECTION ( 'NONE',  ( 0.000000000000000000, 0.000000000000000000, 1.000000000000000000 ) ) ;
#2299 = CIRCLE ( 'NONE', #3096, 2.000000000000000000 ) ;
#2300 = CARTESIAN_POINT ( 'NONE',  ( 8.060417437700671428, 20.46105253231151266, 5.499999999999998224 ) ) ;
#2301 = EDGE_CURVE ( 'NONE', #2651, #2032, #1897, .T. ) ;
#2302 = VERTEX_POINT ( 'NONE', #2485 ) ;
#2303 = DIRECTION ( 'NONE',  ( 0.000000000000000000, 0.000000000000000000, -1.000000000000000000 ) ) ;
#2304 = DIRECTION ( 'NONE',  ( -1.000000000000000000, 1.445602896647339410E-16, -0.000000000000000000 ) ) ;
#2305 = DIRECTION ( 'NONE',  ( 1.000000000000000000, -1.445602896647339410E-16, -0.000000000000000000 ) ) ;
#2306 = ORIENTED_EDGE ( 'NONE', *, *, #1486, .F. ) ;
#2307 = AXIS2_PLACEMENT_3D ( 'NONE', #316, #1163, #2312 ) ;
#2308 = CARTESIAN_POINT ( 'NONE',  ( 22.00000000000000355, 18.00000000000000355, 24.44750000000000512 ) ) ;
#2309 = ORIENTED_EDGE ( 'NONE', *, *, #3017, .T. ) ;
#2310 = EDGE_CURVE ( 'NONE', #1231, #1450, #1643, .T. ) ;
#2311 = VERTEX_POINT ( 'NONE', #998 ) ;
#2312 = DIRECTION ( 'NONE',  ( 1.000000000000000000, 8.881784197001252323E-16, 0.000000000000000000 ) ) ;
#2313 = AXIS2_PLACEMENT_3D ( 'NONE', #420, #2768, #118 ) ;
#2314 = CONICAL_SURFACE ( 'NONE', #3537, 1.750000000000001554, 0.7853981633974520538 ) ;
#2315 = VERTEX_POINT ( 'NONE', #3665 ) ;
#2316 = EDGE_CURVE ( 'NONE', #3801, #6, #2209, .T. ) ;
#2317 = ORIENTED_EDGE ( 'NONE', *, *, #2155, .F. ) ;
#2318 = DIRECTION ( 'NONE',  ( 1.000000000000000000, 0.000000000000000000, 0.000000000000000000 ) ) ;
#2319 = AXIS2_PLACEMENT_3D ( 'NONE', #3087, #2525, #705 ) ;
#2320 = CARTESIAN_POINT ( 'NONE',  ( 0.000000000000000000, 0.000000000000000000, 32.39499999999999602 ) ) ;
#2321 = CYLINDRICAL_SURFACE ( 'NONE', #2497, 0.9999999999999991118 ) ;
#2322 = ORIENTED_EDGE ( 'NONE', *, *, #3629, .T. ) ;
#2323 = VERTEX_POINT ( 'NONE', #2760 ) ;
#2324 = CIRCLE ( 'NONE', #1203, 2.250000000000001332 ) ;
#2325 = VERTEX_POINT ( 'NONE', #1562 ) ;
#2326 = AXIS2_PLACEMENT_3D ( 'NONE', #1618, #1932, #997 ) ;
#2327 = DIRECTION ( 'NONE',  ( 1.000000000000000000, 0.000000000000000000, 0.000000000000000000 ) ) ;
#2328 = DIRECTION ( 'NONE',  ( 1.000000000000000000, -1.445602896647339410E-16, 0.000000000000000000 ) ) ;
#2329 = CARTESIAN_POINT ( 'NONE',  ( 22.99999999999997868, 18.00000000000000355, 23.69749999999999801 ) ) ;
#2330 = VECTOR ( 'NONE', #3052, 1000.000000000000000 ) ;
#2331 = ORIENTED_EDGE ( 'NONE', *, *, #3634, .F. ) ;
#2332 = CARTESIAN_POINT ( 'NONE',  ( -14.75000000000000178, 0.000000000000000000, 3.499999999999999556 ) ) ;
#2333 = CONICAL_SURFACE ( 'NONE', #3010, 1.750000000000001554, 0.7853981633974513876 ) ;
#2334 = EDGE_LOOP ( 'NONE', ( #495, #501, #104, #505 ) ) ;
#2335 = ORIENTED_EDGE ( 'NONE', *, *, #498, .T. ) ;
#2336 = EDGE_CURVE ( 'NONE', #2967, #2124, #2738, .T. ) ;
#2337 = LINE ( 'NONE', #3507, #2749 ) ;
#2338 = ORIENTED_EDGE ( 'NONE', *, *, #3701, .F. ) ;
#2339 = ORIENTED_EDGE ( 'NONE', *, *, #2584, .F. ) ;
#2340 = EDGE_CURVE ( 'NONE', #1917, #3248, #2929, .T. ) ;
#2341 = DIRECTION ( 'NONE',  ( -1.000000000000000000, 1.224646799147353454E-16, 0.000000000000000000 ) ) ;
#2342 = CARTESIAN_POINT ( 'NONE',  ( 0.000000000000000000, 0.000000000000000000, 3.500000000000000000 ) ) ;
#2343 = ORIENTED_EDGE ( 'NONE', *, *, #2229, .F. ) ;
#2344 = ORIENTED_EDGE ( 'NONE', *, *, #3151, .T. ) ;
#2345 = EDGE_CURVE ( 'NONE', #2752, #2698, #1922, .T. ) ;
#2346 = CARTESIAN_POINT ( 'NONE',  ( -12.50000000000000000, 0.000000000000000000, 3.499999999999999556 ) ) ;
#2347 = CARTESIAN_POINT ( 'NONE',  ( 10.39864568888162211, 9.017104182447027938, 0.000000000000000000 ) ) ;
#2348 = DIRECTION ( 'NONE',  ( -1.000000000000000000, 0.000000000000000000, 0.000000000000000000 ) ) ;
#2349 = EDGE_LOOP ( 'NONE', ( #1164, #1789, #3198, #1310 ) ) ;
#2350 = DIRECTION ( 'NONE',  ( 0.000000000000000000, 0.000000000000000000, 1.000000000000000000 ) ) ;
#2351 = DIRECTION ( 'NONE',  ( -1.000000000000000000, 1.445602896647339410E-16, -0.000000000000000000 ) ) ;
#2352 = EDGE_CURVE ( 'NONE', #3207, #2464, #3371, .T. ) ;
#2353 = ORIENTED_EDGE ( 'NONE', *, *, #2362, .T. ) ;
#2354 = EDGE_LOOP ( 'NONE', ( #69, #577, #686, #3247, #3619 ) ) ;
#2355 = CARTESIAN_POINT ( 'NONE',  ( 6.328366630131800896, 21.46105253231151977, 3.500000000000000000 ) ) ;
#2356 = EDGE_CURVE ( 'NONE', #237, #3604, #442, .T. ) ;
#2357 = CARTESIAN_POINT ( 'NONE',  ( -23.19999999999999929, 2.902412913979227034E-15, 0.000000000000000000 ) ) ;
#2358 = CARTESIAN_POINT ( 'NONE',  ( 24.19999999999999929, 0.000000000000000000, -1.000000000000000000 ) ) ;
#2359 = ORIENTED_EDGE ( 'NONE', *, *, #3458, .T. ) ;
#2360 = ORIENTED_EDGE ( 'NONE', *, *, #361, .F. ) ;
#2361 = CARTESIAN_POINT ( 'NONE',  ( 3.291623987929903183, -22.56114384338888357, 0.000000000000000000 ) ) ;
#2362 = EDGE_CURVE ( 'NONE', #2473, #658, #2792, .T. ) ;
#2363 = DIRECTION ( 'NONE',  ( -0.000000000000000000, -0.000000000000000000, 1.000000000000000000 ) ) ;
#2364 = CARTESIAN_POINT ( 'NONE',  ( 0.000000000000000000, 0.000000000000000000, 3.500000000000000000 ) ) ;
#2365 = DIRECTION ( 'NONE',  ( 0.000000000000000000, 0.000000000000000000, 1.000000000000000000 ) ) ;
#2366 = AXIS2_PLACEMENT_3D ( 'NONE', #2263, #2074, #3245 ) ;
#2367 = DIRECTION ( 'NONE',  ( 0.000000000000000000, -1.000000000000000000, 0.000000000000000000 ) ) ;
#2368 = CIRCLE ( 'NONE', #828, 2.502212389380531476 ) ;
#2369 = AXIS2_PLACEMENT_3D ( 'NONE', #3460, #238, #276 ) ;
#2370 = CARTESIAN_POINT ( 'NONE',  ( -24.19999999999999929, 2.963645253936594609E-15, -1.000000000000000000 ) ) ;
#2371 = ORIENTED_EDGE ( 'NONE', *, *, #1240, .F. ) ;
#2372 = PRODUCT ( 'base', 'base', '', ( #1926 ) ) ;
#2373 = ORIENTED_EDGE ( 'NONE', *, *, #2245, .T. ) ;
#2374 = ORIENTED_EDGE ( 'NONE', *, *, #2226, .F. ) ;
#2375 = AXIS2_PLACEMENT_3D ( 'NONE', #2567, #1707, #2327 ) ;
#2376 = DIRECTION ( 'NONE',  ( -0.000000000000000000, -0.000000000000000000, -1.000000000000000000 ) ) ;
#2377 = EDGE_LOOP ( 'NONE', ( #346, #1969, #3569, #655 ) ) ;
#2378 = VECTOR ( 'NONE', #1159, 1000.000000000000000 ) ;
#2379 = AXIS2_PLACEMENT_3D ( 'NONE', #1852, #1509, #2684 ) ;
#2380 = DIRECTION ( 'NONE',  ( 1.000000000000000000, 0.000000000000000000, 0.000000000000000000 ) ) ;
#2381 = FACE_OUTER_BOUND ( 'NONE', #3770, .T. ) ;
#2382 = ORIENTED_EDGE ( 'NONE', *, *, #1968, .F. ) ;
#2383 = ORIENTED_EDGE ( 'NONE', *, *, #696, .T. ) ;
#2384 = CIRCLE ( 'NONE', #3243, 2.502212389380531476 ) ;
#2385 = CARTESIAN_POINT ( 'NONE',  ( -8.262620455650667495, 0.000000000000000000, 3.500000000000000000 ) ) ;
#2386 = EDGE_CURVE ( 'NONE', #3248, #1917, #154, .T. ) ;
#2387 = CARTESIAN_POINT ( 'NONE',  ( 22.00000000000000355, 18.00000000000000711, 8.697499999999996234 ) ) ;
#2388 = VECTOR ( 'NONE', #2508, 1000.000000000000000 ) ;
#2389 = FACE_OUTER_BOUND ( 'NONE', #1283, .T. ) ;
#2390 = FACE_OUTER_BOUND ( 'NONE', #2399, .T. ) ;
#2391 = AXIS2_PLACEMENT_3D ( 'NONE', #1853, #2174, #3348 ) ;
#2392 = CARTESIAN_POINT ( 'NONE',  ( 8.060417437700671428, 20.46105253231151266, 22.00000000000000000 ) ) ;
#2393 = ADVANCED_FACE ( 'NONE', ( #465 ), #411, .F. ) ;
#2394 = CARTESIAN_POINT ( 'NONE',  ( -21.75000000000000355, 5.752212389380527036, 5.499999999999998224 ) ) ;
#2395 = VERTEX_POINT ( 'NONE', #3449 ) ;
#2396 = CIRCLE ( 'NONE', #543, 1.250000000000001110 ) ;
#2397 = ORIENTED_EDGE ( 'NONE', *, *, #3511, .F. ) ;
#2398 = EDGE_CURVE ( 'NONE', #290, #3263, #2081, .T. ) ;
#2399 = EDGE_LOOP ( 'NONE', ( #916, #717, #1538, #3442 ) ) ;
#2400 = LINE ( 'NONE', #2428, #1957 ) ;
#2401 = CARTESIAN_POINT ( 'NONE',  ( 2.609718446129165148, -13.51404342274854109, 0.000000000000000000 ) ) ;
#2402 = LINE ( 'NONE', #2679, #531 ) ;
#2403 = ORIENTED_EDGE ( 'NONE', *, *, #354, .T. ) ;
#2404 = EDGE_LOOP ( 'NONE', ( #2681, #2200, #1443, #2635 ) ) ;
#2405 = FACE_OUTER_BOUND ( 'NONE', #402, .T. ) ;
#2406 = CARTESIAN_POINT ( 'NONE',  ( 22.99999999999997868, 18.00000000000000355, 23.69749999999999801 ) ) ;
#2407 = CARTESIAN_POINT ( 'NONE',  ( 22.80000000000000071, 0.000000000000000000, 0.000000000000000000 ) ) ;
#2408 = CARTESIAN_POINT ( 'NONE',  ( 0.000000000000000000, 0.000000000000000000, 3.500000000000000000 ) ) ;
#2409 = EDGE_CURVE ( 'NONE', #110, #1898, #2206, .T. ) ;
#2410 = FACE_OUTER_BOUND ( 'NONE', #695, .T. ) ;
#2411 = ORIENTED_EDGE ( 'NONE', *, *, #1357, .T. ) ;
#2412 = ORIENTED_EDGE ( 'NONE', *, *, #1327, .T. ) ;
#2413 = DIRECTION ( 'NONE',  ( 1.000000000000000000, 0.000000000000000000, 0.000000000000000000 ) ) ;
#2414 = ORIENTED_EDGE ( 'NONE', *, *, #2229, .T. ) ;
#2415 = FACE_OUTER_BOUND ( 'NONE', #2444, .T. ) ;
#2416 = VERTEX_POINT ( 'NONE', #1737 ) ;
#2417 = EDGE_LOOP ( 'NONE', ( #2046, #2985, #3504, #3241 ) ) ;
#2418 = CARTESIAN_POINT ( 'NONE',  ( 7.624999999999828582, -18.83605253231165122, 42.34152742581890294 ) ) ;
#2419 = DIRECTION ( 'NONE',  ( 0.000000000000000000, 0.000000000000000000, 1.000000000000000000 ) ) ;
#2420 = DIRECTION ( 'NONE',  ( 1.000000000000000000, -1.445602896647339410E-16, -0.000000000000000000 ) ) ;
#2421 = CARTESIAN_POINT ( 'NONE',  ( 10.87499999999982947, -18.83605253231165122, 22.00000000000000000 ) ) ;
#2422 = CARTESIAN_POINT ( 'NONE',  ( 0.000000000000000000, 0.000000000000000000, 0.000000000000000000 ) ) ;
#2423 = CARTESIAN_POINT ( 'NONE',  ( 11.05378135732942368, 8.261592927780727180, 3.500000000000000000 ) ) ;
#2424 = ORIENTED_EDGE ( 'NONE', *, *, #3800, .F. ) ;
#2425 = EDGE_CURVE ( 'NONE', #3828, #3495, #258, .T. ) ;
#2426 = ORIENTED_EDGE ( 'NONE', *, *, #2050, .F. ) ;
#2427 = EDGE_LOOP ( 'NONE', ( #2879, #2057, #3625, #869 ) ) ;
#2428 = CARTESIAN_POINT ( 'NONE',  ( -24.16904317041991135, -6.391975612154586983, 42.34152742581890294 ) ) ;
#2429 = ORIENTED_EDGE ( 'NONE', *, *, #745, .F. ) ;
#2430 = CIRCLE ( 'NONE', #1880, 2.249999999999999556 ) ;
#2431 = AXIS2_PLACEMENT_3D ( 'NONE', #3274, #2117, #3053 ) ;
#2432 = EDGE_CURVE ( 'NONE', #3598, #224, #726, .T. ) ;
#2433 = CARTESIAN_POINT ( 'NONE',  ( 7.625000000000092371, 18.83605253231149845, 22.00000000000000000 ) ) ;
#2434 = CIRCLE ( 'NONE', #2610, 22.80000000000000071 ) ;
#2435 = ORIENTED_EDGE ( 'NONE', *, *, #2398, .T. ) ;
#2436 = AXIS2_PLACEMENT_3D ( 'NONE', #822, #2878, #2587 ) ;
#2437 = CARTESIAN_POINT ( 'NONE',  ( 0.000000000000000000, 0.000000000000000000, 0.000000000000000000 ) ) ;
#2438 = DIRECTION ( 'NONE',  ( -0.000000000000000000, -0.000000000000000000, -1.000000000000000000 ) ) ;
#2439 = AXIS2_PLACEMENT_3D ( 'NONE', #3071, #2172, #1938 ) ;
#2440 = EDGE_LOOP ( 'NONE', ( #3325, #2866, #348, #1750, #2653 ) ) ;
#2441 = CIRCLE ( 'NONE', #1325, 5.250000000000000888 ) ;
#2442 = CARTESIAN_POINT ( 'NONE',  ( 0.000000000000000000, 0.000000000000000000, 32.39499999999999602 ) ) ;
#2443 = CARTESIAN_POINT ( 'NONE',  ( -24.25221238938053148, 5.752212389380527036, 22.00000000000000000 ) ) ;
#2444 = EDGE_LOOP ( 'NONE', ( #1206, #1589, #3118, #2623 ) ) ;
#2445 = ORIENTED_EDGE ( 'NONE', *, *, #3546, .T. ) ;
#2446 = AXIS2_PLACEMENT_3D ( 'NONE', #1287, #1934, #3103 ) ;
#2447 = ORIENTED_EDGE ( 'NONE', *, *, #2109, .F. ) ;
#2448 = ORIENTED_EDGE ( 'NONE', *, *, #2104, .T. ) ;
#2449 = EDGE_LOOP ( 'NONE', ( #1678, #2359, #1915, #2163 ) ) ;
#2450 = AXIS2_PLACEMENT_3D ( 'NONE', #1467, #1687, #810 ) ;
#2451 = DIRECTION ( 'NONE',  ( 0.000000000000000000, 0.000000000000000000, 1.000000000000000000 ) ) ;
#2452 = AXIS2_PLACEMENT_3D ( 'NONE', #1961, #2231, #151 ) ;
#2453 = CARTESIAN_POINT ( 'NONE',  ( 10.87499999999982947, -18.83605253231165122, 42.34152742581890294 ) ) ;
#2454 = EDGE_LOOP ( 'NONE', ( #3197, #950 ) ) ;
#2455 = ADVANCED_FACE ( 'NONE', ( #813 ), #3181, .T. ) ;
#2456 = DIRECTION ( 'NONE',  ( 0.000000000000000000, 0.000000000000000000, 1.000000000000000000 ) ) ;
#2457 = LINE ( 'NONE', #1220, #1211 ) ;
#2458 = DIRECTION ( 'NONE',  ( 1.000000000000000000, 0.000000000000000000, 0.000000000000000000 ) ) ;
#2459 = DIRECTION ( 'NONE',  ( -0.000000000000000000, -0.000000000000000000, 1.000000000000000000 ) ) ;
#2460 = ADVANCED_FACE ( 'NONE', ( #241 ), #1417, .F. ) ;
#2461 = DIRECTION ( 'NONE',  ( -0.000000000000000000, -0.000000000000000000, 1.000000000000000000 ) ) ;
#2462 = ORIENTED_EDGE ( 'NONE', *, *, #3224, .T. ) ;
#2463 = ORIENTED_EDGE ( 'NONE', *, *, #1587, .T. ) ;
#2464 = VERTEX_POINT ( 'NONE', #2578 ) ;
#2465 = CARTESIAN_POINT ( 'NONE',  ( 27.00000000000000355, 23.99999999999999645, 0.000000000000000000 ) ) ;
#2466 = CARTESIAN_POINT ( 'NONE',  ( 22.99999999999997868, 18.00000000000000711, 10.44749999999999801 ) ) ;
#2467 = DIRECTION ( 'NONE',  ( -0.000000000000000000, -0.000000000000000000, -1.000000000000000000 ) ) ;
#2468 = ORIENTED_EDGE ( 'NONE', *, *, #2776, .F. ) ;
#2469 = ORIENTED_EDGE ( 'NONE', *, *, #1122, .F. ) ;
#2470 = EDGE_CURVE ( 'NONE', #141, #2416, #602, .T. ) ;
#2471 = DIRECTION ( 'NONE',  ( 0.3090169943749440651, 3.784366730434108033E-17, -0.9510565162951546414 ) ) ;
#2472 = CARTESIAN_POINT ( 'NONE',  ( 10.87500000000009059, 18.83605253231149490, 22.00000000000000000 ) ) ;
#2473 = VERTEX_POINT ( 'NONE', #2840 ) ;
#2474 = DIRECTION ( 'NONE',  ( -0.000000000000000000, -0.000000000000000000, -1.000000000000000000 ) ) ;
#2475 = DIRECTION ( 'NONE',  ( 1.000000000000000000, 0.000000000000000000, 0.000000000000000000 ) ) ;
#2476 = CARTESIAN_POINT ( 'NONE',  ( 26.50000000000002842, 18.00000000000000711, 10.44749999999999801 ) ) ;
#2477 = ORIENTED_EDGE ( 'NONE', *, *, #2729, .F. ) ;
#2478 = ORIENTED_EDGE ( 'NONE', *, *, #3400, .T. ) ;
#2479 = CARTESIAN_POINT ( 'NONE',  ( 0.000000000000000000, 0.000000000000000000, 0.000000000000000000 ) ) ;
#2480 = DIRECTION ( 'NONE',  ( 0.000000000000000000, 0.000000000000000000, 1.000000000000000000 ) ) ;
#2481 = VECTOR ( 'NONE', #2991, 1000.000000000000000 ) ;
#2482 = CARTESIAN_POINT ( 'NONE',  ( 10.87499999999982947, -18.83605253231165122, 3.500000000000003109 ) ) ;
#2483 = CIRCLE ( 'NONE', #515, 0.5022123893805297001 ) ;
#2484 = CIRCLE ( 'NONE', #1683, 3.977877497034161713 ) ;
#2485 = CARTESIAN_POINT ( 'NONE',  ( 1.509897899148234579, -12.71063367162108548, 3.500000000000000000 ) ) ;
#2486 = DIRECTION ( 'NONE',  ( 0.9451197591342491711, -0.3267241051621671555, -0.000000000000000000 ) ) ;
#2487 = ORIENTED_EDGE ( 'NONE', *, *, #2990, .T. ) ;
#2488 = AXIS2_PLACEMENT_3D ( 'NONE', #3034, #2196, #1650 ) ;
#2489 = DIRECTION ( 'NONE',  ( -0.000000000000000000, -0.000000000000000000, -1.000000000000000000 ) ) ;
#2490 = DIRECTION ( 'NONE',  ( 0.000000000000000000, 0.000000000000000000, 1.000000000000000000 ) ) ;
#2491 = AXIS2_PLACEMENT_3D ( 'NONE', #2895, #2084, #1144 ) ;
#2492 = EDGE_CURVE ( 'NONE', #2029, #1232, #2324, .T. ) ;
#2493 = CARTESIAN_POINT ( 'NONE',  ( 21.20290298846044408, -5.067238386136485140, 3.500000000000000000 ) ) ;
#2494 = FACE_OUTER_BOUND ( 'NONE', #2672, .T. ) ;
#2495 = ORIENTED_EDGE ( 'NONE', *, *, #692, .T. ) ;
#2496 = CARTESIAN_POINT ( 'NONE',  ( -10.25000000000000000, 2.755455298081545764E-16, 3.499999999999999556 ) ) ;
#2497 = AXIS2_PLACEMENT_3D ( 'NONE', #2014, #3782, #3452 ) ;
#2498 = ADVANCED_FACE ( 'NONE', ( #2615 ), #1132, .F. ) ;
#2499 = EDGE_CURVE ( 'NONE', #1463, #2718, #349, .T. ) ;
#2500 = ORIENTED_EDGE ( 'NONE', *, *, #3224, .F. ) ;
#2501 = CARTESIAN_POINT ( 'NONE',  ( -9.912475936435033219, -9.548969620309632589, 0.000000000000000000 ) ) ;
#2502 = CARTESIAN_POINT ( 'NONE',  ( -12.50000000000000000, 0.000000000000000000, 0.000000000000000000 ) ) ;
#2503 = CIRCLE ( 'NONE', #966, 27.00000000000000000 ) ;
#2504 = EDGE_CURVE ( 'NONE', #2043, #2882, #2753, .T. ) ;
#2505 = AXIS2_PLACEMENT_3D ( 'NONE', #2697, #47, #1228 ) ;
#2506 = DIRECTION ( 'NONE',  ( 0.000000000000000000, 0.000000000000000000, 1.000000000000000000 ) ) ;
#2507 = EDGE_CURVE ( 'NONE', #1526, #910, #1023, .T. ) ;
#2508 = DIRECTION ( 'NONE',  ( -0.000000000000000000, -0.000000000000000000, -1.000000000000000000 ) ) ;
#2509 = AXIS2_PLACEMENT_3D ( 'NONE', #839, #525, #2286 ) ;
#2510 = DIRECTION ( 'NONE',  ( -0.000000000000000000, -0.000000000000000000, 1.000000000000000000 ) ) ;
#2511 = FACE_OUTER_BOUND ( 'NONE', #2771, .T. ) ;
#2512 = AXIS2_PLACEMENT_3D ( 'NONE', #2516, #3423, #1352 ) ;
#2513 = CARTESIAN_POINT ( 'NONE',  ( -3.313412302936612708, 13.35894078550946240, 0.000000000000000000 ) ) ;
#2514 = ORIENTED_EDGE ( 'NONE', *, *, #2336, .T. ) ;
#2515 = DIRECTION ( 'NONE',  ( 0.000000000000000000, -1.000000000000000000, 0.000000000000000000 ) ) ;
#2516 = CARTESIAN_POINT ( 'NONE',  ( -21.75000000000000711, -2.602085213965210642E-15, 3.500000000000000000 ) ) ;
#2517 = DIRECTION ( 'NONE',  ( 1.445602896647339410E-16, 1.000000000000000000, 0.000000000000000000 ) ) ;
#2518 = EDGE_CURVE ( 'NONE', #3341, #926, #3202, .T. ) ;
#2519 = ORIENTED_EDGE ( 'NONE', *, *, #1040, .F. ) ;
#2520 = CARTESIAN_POINT ( 'NONE',  ( 0.000000000000000000, 0.000000000000000000, 5.077683537175356143 ) ) ;
#2521 = CARTESIAN_POINT ( 'NONE',  ( 27.00000000000000355, 18.00000000000000711, 6.447500000000015774 ) ) ;
#2522 = EDGE_CURVE ( 'NONE', #2915, #917, #2337, .T. ) ;
#2523 = DIRECTION ( 'NONE',  ( 1.000000000000000000, 0.000000000000000000, 0.000000000000000000 ) ) ;
#2524 =( LENGTH_UNIT ( ) NAMED_UNIT ( * ) SI_UNIT ( .MILLI., .METRE. ) );
#2525 = DIRECTION ( 'NONE',  ( 0.000000000000000000, 0.000000000000000000, 1.000000000000000000 ) ) ;
#2526 = CARTESIAN_POINT ( 'NONE',  ( 5.893437942832677301, -21.71215872700186722, 42.34152742581890294 ) ) ;
#2527 = EDGE_CURVE ( 'NONE', #3483, #2066, #2296, .T. ) ;
#2528 = DIRECTION ( 'NONE',  ( -1.000000000000000000, 0.000000000000000000, 0.000000000000000000 ) ) ;
#2529 = CARTESIAN_POINT ( 'NONE',  ( 22.99999999999997868, 16.25000000000000355, 8.697499999999996234 ) ) ;
#2530 = ORIENTED_EDGE ( 'NONE', *, *, #3316, .F. ) ;
#2531 = FACE_OUTER_BOUND ( 'NONE', #2427, .T. ) ;
#2532 = ORIENTED_EDGE ( 'NONE', *, *, #1850, .T. ) ;
#2533 = FACE_OUTER_BOUND ( 'NONE', #1475, .T. ) ;
#2534 = DIRECTION ( 'NONE',  ( 0.000000000000000000, 0.000000000000000000, 1.000000000000000000 ) ) ;
#2535 = ADVANCED_FACE ( 'NONE', ( #3718 ), #1072, .F. ) ;
#2536 = DIRECTION ( 'NONE',  ( 0.000000000000000000, -1.000000000000000000, 0.000000000000000000 ) ) ;
#2537 = DIRECTION ( 'NONE',  ( -0.000000000000000000, -0.000000000000000000, 1.000000000000000000 ) ) ;
#2538 = ADVANCED_FACE ( 'NONE', ( #500 ), #1674, .T. ) ;
#2539 = EDGE_LOOP ( 'NONE', ( #1182, #3626, #2875, #1453, #2331 ) ) ;
#2540 = CIRCLE ( 'NONE', #1936, 2.000000000000000444 ) ;
#2541 = EDGE_CURVE ( 'NONE', #704, #1241, #2400, .T. ) ;
#2542 = LINE ( 'NONE', #2561, #2911 ) ;
#2543 = DIRECTION ( 'NONE',  ( 0.000000000000000000, 0.000000000000000000, 1.000000000000000000 ) ) ;
#2544 = ORIENTED_EDGE ( 'NONE', *, *, #2340, .T. ) ;
#2545 = FACE_OUTER_BOUND ( 'NONE', #2334, .T. ) ;
#2546 = ORIENTED_EDGE ( 'NONE', *, *, #1867, .T. ) ;
#2547 = CIRCLE ( 'NONE', #1370, 1.249999999999999334 ) ;
#2548 = CARTESIAN_POINT ( 'NONE',  ( 16.21052405804974939, -16.31621615949575954, 5.500000000000000000 ) ) ;
#2549 = CARTESIAN_POINT ( 'NONE',  ( 0.000000000000000000, 0.000000000000000000, -4.400000000000007461 ) ) ;
#2550 = CARTESIAN_POINT ( 'NONE',  ( 0.000000000000000000, 0.000000000000000000, 0.000000000000000000 ) ) ;
#2551 = CIRCLE ( 'NONE', #2739, 1.000000000000000000 ) ;
#2552 = CIRCLE ( 'NONE', #1317, 4.400000000000001243 ) ;
#2553 = VECTOR ( 'NONE', #2886, 1000.000000000000000 ) ;
#2554 = ORIENTED_EDGE ( 'NONE', *, *, #2565, .F. ) ;
#2555 = DIRECTION ( 'NONE',  ( -0.000000000000000000, -0.000000000000000000, 1.000000000000000000 ) ) ;
#2556 = CARTESIAN_POINT ( 'NONE',  ( 10.87500000000009059, 18.83605253231149490, 42.34152742581890294 ) ) ;
#2557 = CIRCLE ( 'NONE', #472, 23.19999999999999929 ) ;
#2558 = DIRECTION ( 'NONE',  ( -1.000000000000000000, 1.445602896647339410E-16, -0.000000000000000000 ) ) ;
#2559 = CARTESIAN_POINT ( 'NONE',  ( 4.147254514775083223, -21.57161999060867075, 0.000000000000000000 ) ) ;
#2560 = CIRCLE ( 'NONE', #3617, 1.750000000000001554 ) ;
#2561 = CARTESIAN_POINT ( 'NONE',  ( 25.50000000000000000, 0.000000000000000000, -5.000000000000000000 ) ) ;
#2562 = CARTESIAN_POINT ( 'NONE',  ( 24.90000000000000568, 0.000000000000000000, -5.000000000000000000 ) ) ;
#2563 = VECTOR ( 'NONE', #2973, 1000.000000000000114 ) ;
#2564 = DIRECTION ( 'NONE',  ( 0.9650797270729511990, 0.2619563329885307157, 0.000000000000000000 ) ) ;
#2565 = EDGE_CURVE ( 'NONE', #2124, #2127, #1079, .T. ) ;
#2566 = CIRCLE ( 'NONE', #1525, 2.502212389380530588 ) ;
#2567 = CARTESIAN_POINT ( 'NONE',  ( 0.000000000000000000, 0.000000000000000000, -5.000000000000000000 ) ) ;
#2568 = LINE ( 'NONE', #3531, #1986 ) ;
#2569 = ORIENTED_EDGE ( 'NONE', *, *, #1942, .F. ) ;
#2570 = FACE_BOUND ( 'NONE', #1305, .T. ) ;
#2571 = VERTEX_POINT ( 'NONE', #1495 ) ;
#2572 = ADVANCED_FACE ( 'NONE', ( #929 ), #3603, .F. ) ;
#2573 = ORIENTED_EDGE ( 'NONE', *, *, #2261, .T. ) ;
#2574 = DIRECTION ( 'NONE',  ( 0.000000000000000000, 0.000000000000000000, 1.000000000000000000 ) ) ;
#2575 = CARTESIAN_POINT ( 'NONE',  ( -22.25221238938053148, 5.752212389380527036, 5.499999999999998224 ) ) ;
#2576 = ADVANCED_FACE ( 'NONE', ( #2094 ), #1328, .F. ) ;
#2577 = ORIENTED_EDGE ( 'NONE', *, *, #153, .F. ) ;
#2578 = CARTESIAN_POINT ( 'NONE',  ( -14.75000000000000178, 0.000000000000000000, 0.000000000000000000 ) ) ;
#2579 = ORIENTED_EDGE ( 'NONE', *, *, #3350, .T. ) ;
#2580 = LINE ( 'NONE', #227, #2667 ) ;
#2581 = CARTESIAN_POINT ( 'NONE',  ( 15.85656205716697720, -15.95994633762142989, 5.499999999999998224 ) ) ;
#2582 = ORIENTED_EDGE ( 'NONE', *, *, #2129, .F. ) ;
#2583 = CARTESIAN_POINT ( 'NONE',  ( -24.25221238938053148, 5.752212389380527036, 42.34152742581890294 ) ) ;
#2584 = EDGE_CURVE ( 'NONE', #3341, #565, #2503, .T. ) ;
#2585 = LINE ( 'NONE', #3514, #2192 ) ;
#2586 = CARTESIAN_POINT ( 'NONE',  ( -21.75000000000000355, 5.752212389380527036, 3.500000000000000000 ) ) ;
#2587 = DIRECTION ( 'NONE',  ( 0.000000000000000000, 0.000000000000000000, -1.000000000000000000 ) ) ;
#2588 = ORIENTED_EDGE ( 'NONE', *, *, #1534, .T. ) ;
#2589 = EDGE_CURVE ( 'NONE', #1319, #2651, #786, .T. ) ;
#2590 = CYLINDRICAL_SURFACE ( 'NONE', #2188, 2.249999999999999556 ) ;
#2591 = FACE_OUTER_BOUND ( 'NONE', #3821, .T. ) ;
#2592 = EDGE_LOOP ( 'NONE', ( #3810, #1839, #1497, #1675 ) ) ;
#2593 = DIRECTION ( 'NONE',  ( 1.000000000000000000, 0.000000000000000000, 0.000000000000000000 ) ) ;
#2594 = ORIENTED_EDGE ( 'NONE', *, *, #2310, .F. ) ;
#2595 = FACE_OUTER_BOUND ( 'NONE', #365, .T. ) ;
#2596 = TOROIDAL_SURFACE ( 'NONE', #1429, 0.5022123893805297001, 2.000000000000000000 ) ;
#2597 = LINE ( 'NONE', #1995, #902 ) ;
#2598 = ORIENTED_EDGE ( 'NONE', *, *, #1728, .F. ) ;
#2599 = DIRECTION ( 'NONE',  ( 0.000000000000000000, 0.000000000000000000, 1.000000000000000000 ) ) ;
#2600 = ORIENTED_EDGE ( 'NONE', *, *, #1054, .T. ) ;
#2601 = CIRCLE ( 'NONE', #702, 0.5022123893805305883 ) ;
#2602 = CARTESIAN_POINT ( 'NONE',  ( -21.75000000000000355, -5.752212389380532365, 42.34152742581890294 ) ) ;
#2603 = CIRCLE ( 'NONE', #2062, 1.750000000000001554 ) ;
#2604 = DIRECTION ( 'NONE',  ( 0.000000000000000000, 0.000000000000000000, 1.000000000000000000 ) ) ;
#2605 = EDGE_LOOP ( 'NONE', ( #386, #1756, #3057, #2903, #24, #2719, #547, #2051, #2243, #283 ) ) ;
#2606 = ADVANCED_FACE ( 'NONE', ( #3581 ), #22, .F. ) ;
#2607 = VERTEX_POINT ( 'NONE', #1184 ) ;
#2608 = EDGE_CURVE ( 'NONE', #3079, #658, #663, .T. ) ;
#2609 = CARTESIAN_POINT ( 'NONE',  ( 5.893437942832677301, -21.71215872700186722, 3.500000000000000000 ) ) ;
#2610 = AXIS2_PLACEMENT_3D ( 'NONE', #732, #453, #1913 ) ;
#2611 = ADVANCED_FACE ( 'NONE', ( #638 ), #2807, .F. ) ;
#2612 = EDGE_CURVE ( 'NONE', #942, #1362, #2865, .T. ) ;
#2613 = CIRCLE ( 'NONE', #2676, 1.750000000000001554 ) ;
#2614 = EDGE_LOOP ( 'NONE', ( #3344, #275, #2112, #2219, #3609, #1259, #3497, #3457, #2125, #1207 ) ) ;
#2615 = FACE_OUTER_BOUND ( 'NONE', #1183, .T. ) ;
#2616 = CIRCLE ( 'NONE', #961, 1.000000000000000888 ) ;
#2617 = VERTEX_POINT ( 'NONE', #578 ) ;
#2618 = ADVANCED_FACE ( 'NONE', ( #2987 ), #1521, .F. ) ;
#2619 = CIRCLE ( 'NONE', #2201, 0.9999999999999991118 ) ;
#2620 = ORIENTED_EDGE ( 'NONE', *, *, #1912, .F. ) ;
#2621 = CARTESIAN_POINT ( 'NONE',  ( -21.75000000000000355, 5.752212389380527036, 22.00000000000000000 ) ) ;
#2622 = DIRECTION ( 'NONE',  ( 1.000000000000000000, 0.000000000000000000, 0.000000000000000000 ) ) ;
#2623 = ORIENTED_EDGE ( 'NONE', *, *, #1080, .T. ) ;
#2624 = AXIS2_PLACEMENT_3D ( 'NONE', #2168, #699, #1973 ) ;
#2625 = ORIENTED_EDGE ( 'NONE', *, *, #2894, .F. ) ;
#2626 = CIRCLE ( 'NONE', #1452, 25.00000000000000000 ) ;
#2627 = DIRECTION ( 'NONE',  ( -0.7201887010721879090, -0.6937782317484130212, 0.000000000000000000 ) ) ;
#2628 = CYLINDRICAL_SURFACE ( 'NONE', #815, 0.9999999999999974465 ) ;
#2629 = FACE_OUTER_BOUND ( 'NONE', #592, .T. ) ;
#2630 = ORIENTED_EDGE ( 'NONE', *, *, #856, .F. ) ;
#2631 = CIRCLE ( 'NONE', #3808, 2.502212389380531476 ) ;
#2632 = DIRECTION ( 'NONE',  ( -1.000000000000000000, 0.000000000000000000, 0.000000000000000000 ) ) ;
#2633 = CARTESIAN_POINT ( 'NONE',  ( -4.284003129457846448, 13.11820556275877436, 0.000000000000000000 ) ) ;
#2634 = ADVANCED_FACE ( 'NONE', ( #323 ), #3251, .F. ) ;
#2635 = ORIENTED_EDGE ( 'NONE', *, *, #2352, .F. ) ;
#2636 = ORIENTED_EDGE ( 'NONE', *, *, #451, .F. ) ;
#2637 = CARTESIAN_POINT ( 'NONE',  ( -21.75000000000000355, -5.752212389380532365, 5.499999999999998224 ) ) ;
#2638 = EDGE_CURVE ( 'NONE', #1123, #3213, #1844, .T. ) ;
#2639 = DIRECTION ( 'NONE',  ( 1.000000000000000000, 0.000000000000000000, 0.000000000000000000 ) ) ;
#2640 = DIRECTION ( 'NONE',  ( -0.000000000000000000, -0.000000000000000000, -1.000000000000000000 ) ) ;
#2641 = ORIENTED_EDGE ( 'NONE', *, *, #861, .F. ) ;
#2642 = ORIENTED_EDGE ( 'NONE', *, *, #785, .F. ) ;
#2643 = PLANE ( 'NONE',  #1564 ) ;
#2644 = FACE_OUTER_BOUND ( 'NONE', #430, .T. ) ;
#2645 = DIRECTION ( 'NONE',  ( 1.000000000000000000, 0.000000000000000000, 0.000000000000000000 ) ) ;
#2646 = FACE_OUTER_BOUND ( 'NONE', #2539, .T. ) ;
#2647 = VERTEX_POINT ( 'NONE', #1783 ) ;
#2648 = EDGE_LOOP ( 'NONE', ( #1766, #601, #886, #2695 ) ) ;
#2649 = PLANE ( 'NONE',  #324 ) ;
#2650 = ORIENTED_EDGE ( 'NONE', *, *, #3416, .F. ) ;
#2651 = VERTEX_POINT ( 'NONE', #2355 ) ;
#2652 = ORIENTED_EDGE ( 'NONE', *, *, #763, .T. ) ;
#2653 = ORIENTED_EDGE ( 'NONE', *, *, #1270, .T. ) ;
#2654 = DIRECTION ( 'NONE',  ( 0.000000000000000000, 0.000000000000000000, -1.000000000000000000 ) ) ;
#2655 = ADVANCED_FACE ( 'NONE', ( #1845 ), #3522, .F. ) ;
#2656 = CARTESIAN_POINT ( 'NONE',  ( 22.99999999999997868, 19.75000000000000355, 23.69749999999999801 ) ) ;
#2657 = DIRECTION ( 'NONE',  ( -0.000000000000000000, -0.000000000000000000, -1.000000000000000000 ) ) ;
#2658 = ORIENTED_EDGE ( 'NONE', *, *, #2054, .T. ) ;
#2659 = ADVANCED_FACE ( 'NONE', ( #3242 ), #369, .F. ) ;
#2660 = ORIENTED_EDGE ( 'NONE', *, *, #3686, .T. ) ;
#2661 = EDGE_CURVE ( 'NONE', #1717, #1481, #415, .T. ) ;
#2662 = CARTESIAN_POINT ( 'NONE',  ( 9.624999999999829470, -18.83605253231165122, 3.500000000000003109 ) ) ;
#2663 = PLANE ( 'NONE',  #2073 ) ;
#2664 = CARTESIAN_POINT ( 'NONE',  ( -9.912475936435033219, -9.548969620309632589, 0.000000000000000000 ) ) ;
#2665 = CONICAL_SURFACE ( 'NONE', #3099, 0.7500000000000075495, 0.7853981633974566057 ) ;
#2666 = CARTESIAN_POINT ( 'NONE',  ( 26.50000000000002842, 18.00000000000000355, 25.44749999999999801 ) ) ;
#2667 = VECTOR ( 'NONE', #3471, 1000.000000000000000 ) ;
#2668 = PLANE ( 'NONE',  #452 ) ;
#2669 = VERTEX_POINT ( 'NONE', #109 ) ;
#2670 = ORIENTED_EDGE ( 'NONE', *, *, #1836, .F. ) ;
#2671 = CIRCLE ( 'NONE', #1131, 22.79999999999999361 ) ;
#2672 = EDGE_LOOP ( 'NONE', ( #3023, #597, #2620, #300 ) ) ;
#2673 = ORIENTED_EDGE ( 'NONE', *, *, #1720, .F. ) ;
#2674 = VECTOR ( 'NONE', #568, 1000.000000000000000 ) ;
#2675 = DIRECTION ( 'NONE',  ( -0.000000000000000000, -0.000000000000000000, 1.000000000000000000 ) ) ;
#2676 = AXIS2_PLACEMENT_3D ( 'NONE', #2329, #3478, #252 ) ;
#2677 = VECTOR ( 'NONE', #3612, 999.9999999999998863 ) ;
#2678 = CARTESIAN_POINT ( 'NONE',  ( -20.58192227520113349, 7.115087874199408802, 0.000000000000000000 ) ) ;
#2679 = CARTESIAN_POINT ( 'NONE',  ( 27.00000000000000000, 0.000000000000000000, 32.39499999999999602 ) ) ;
#2680 = ORIENTED_EDGE ( 'NONE', *, *, #742, .F. ) ;
#2681 = ORIENTED_EDGE ( 'NONE', *, *, #696, .F. ) ;
#2682 = AXIS2_PLACEMENT_3D ( 'NONE', #3222, #1740, #2622 ) ;
#2683 = PLANE ( 'NONE',  #3160 ) ;
#2684 = DIRECTION ( 'NONE',  ( 1.000000000000000000, 0.000000000000000000, 0.000000000000000000 ) ) ;
#2685 = AXIS2_PLACEMENT_3D ( 'NONE', #1718, #3157, #518 ) ;
#2686 = CARTESIAN_POINT ( 'NONE',  ( 26.50000000000002842, 16.25000000000000000, 23.69749999999999801 ) ) ;
#2687 = CARTESIAN_POINT ( 'NONE',  ( 8.499999999999971578, 10.82531754730550055, 28.00000000000000000 ) ) ;
#2688 = CIRCLE ( 'NONE', #2326, 0.9999999999999991118 ) ;
#2689 = CARTESIAN_POINT ( 'NONE',  ( 20.92609039368762325, -6.028162309959353315, 0.000000000000000000 ) ) ;
#2690 = DIRECTION ( 'NONE',  ( 0.000000000000000000, 0.000000000000000000, 1.000000000000000000 ) ) ;
#2691 = AXIS2_PLACEMENT_3D ( 'NONE', #1422, #2599, #3784 ) ;
#2692 = EDGE_CURVE ( 'NONE', #3037, #3469, #88, .T. ) ;
#2693 = ORIENTED_EDGE ( 'NONE', *, *, #2608, .T. ) ;
#2694 = VECTOR ( 'NONE', #2208, 1000.000000000000000 ) ;
#2695 = ORIENTED_EDGE ( 'NONE', *, *, #1051, .T. ) ;
#2696 = AXIS2_PLACEMENT_3D ( 'NONE', #189, #3441, #2833 ) ;
#2697 = CARTESIAN_POINT ( 'NONE',  ( 22.00000000000000355, 18.00000000000000711, 8.697499999999996234 ) ) ;
#2698 = VERTEX_POINT ( 'NONE', #3628 ) ;
#2699 = FACE_OUTER_BOUND ( 'NONE', #617, .T. ) ;
#2700 = DIRECTION ( 'NONE',  ( -0.6937782317484130212, 0.7201887010721879090, 0.000000000000000000 ) ) ;
#2701 = ORIENTED_EDGE ( 'NONE', *, *, #3683, .F. ) ;
#2702 = CARTESIAN_POINT ( 'NONE',  ( -3.313412302936612708, 13.35894078550946240, 0.000000000000000000 ) ) ;
#2703 = DIRECTION ( 'NONE',  ( 0.000000000000000000, 0.000000000000000000, 1.000000000000000000 ) ) ;
#2704 = ADVANCED_FACE ( 'NONE', ( #1321 ), #3342, .F. ) ;
#2705 = FACE_OUTER_BOUND ( 'NONE', #3240, .T. ) ;
#2706 = DIRECTION ( 'NONE',  ( -0.000000000000000000, -0.000000000000000000, -1.000000000000000000 ) ) ;
#2707 = DIRECTION ( 'NONE',  ( 1.000000000000000000, 0.000000000000000000, 0.000000000000000000 ) ) ;
#2708 = CARTESIAN_POINT ( 'NONE',  ( 0.000000000000000000, 0.000000000000000000, 5.500000000000005329 ) ) ;
#2709 = ORIENTED_EDGE ( 'NONE', *, *, #2425, .F. ) ;
#2710 = ORIENTED_EDGE ( 'NONE', *, *, #1360, .T. ) ;
#2711 = EDGE_CURVE ( 'NONE', #257, #2166, #1878, .T. ) ;
#2712 = VERTEX_POINT ( 'NONE', #756 ) ;
#2713 = ORIENTED_EDGE ( 'NONE', *, *, #3819, .T. ) ;
#2714 = DIRECTION ( 'NONE',  ( -0.000000000000000000, -0.000000000000000000, -1.000000000000000000 ) ) ;
#2715 = ORIENTED_EDGE ( 'NONE', *, *, #325, .T. ) ;
#2716 = AXIS2_PLACEMENT_3D ( 'NONE', #569, #3499, #1745 ) ;
#2717 = DIRECTION ( 'NONE',  ( 1.000000000000000000, -1.445602896647339410E-16, -0.000000000000000000 ) ) ;
#2718 = VERTEX_POINT ( 'NONE', #2466 ) ;
#2719 = ORIENTED_EDGE ( 'NONE', *, *, #1270, .F. ) ;
#2720 = CARTESIAN_POINT ( 'NONE',  ( 27.00000000000000000, 0.000000000000000000, 0.000000000000000000 ) ) ;
#2721 = DIRECTION ( 'NONE',  ( 1.000000000000000000, 0.000000000000000000, 0.000000000000000000 ) ) ;
#2722 = DIRECTION ( 'NONE',  ( 1.000000000000000000, 0.000000000000000000, 0.000000000000000000 ) ) ;
#2723 = CARTESIAN_POINT ( 'NONE',  ( 6.548908324713271334, -24.12699317682378819, 42.34152742581890294 ) ) ;
#2724 = CARTESIAN_POINT ( 'NONE',  ( -21.75000000000000355, 5.752212389380527036, 42.34152742581890294 ) ) ;
#2725 = DIRECTION ( 'NONE',  ( 0.000000000000000000, 0.000000000000000000, -1.000000000000000000 ) ) ;
#2726 = ORIENTED_EDGE ( 'NONE', *, *, #1612, .F. ) ;
#2727 = CIRCLE ( 'NONE', #1058, 2.000000000000000444 ) ;
#2728 = VERTEX_POINT ( 'NONE', #2521 ) ;
#2729 = EDGE_CURVE ( 'NONE', #1463, #910, #1861, .T. ) ;
#2730 = EDGE_LOOP ( 'NONE', ( #3261, #962, #1130, #2044 ) ) ;
#2731 = AXIS2_PLACEMENT_3D ( 'NONE', #1375, #482, #2236 ) ;
#2732 = EDGE_LOOP ( 'NONE', ( #2036, #2426, #753, #1685 ) ) ;
#2733 = VERTEX_POINT ( 'NONE', #3645 ) ;
#2734 = DIRECTION ( 'NONE',  ( -1.000000000000000000, 1.445602896647339410E-16, -0.000000000000000000 ) ) ;
#2735 = VECTOR ( 'NONE', #293, 1000.000000000000000 ) ;
#2736 = EDGE_CURVE ( 'NONE', #2607, #3469, #3027, .T. ) ;
#2737 = AXIS2_PLACEMENT_3D ( 'NONE', #976, #418, #1869 ) ;
#2738 = LINE ( 'NONE', #1272, #845 ) ;
#2739 = AXIS2_PLACEMENT_3D ( 'NONE', #1052, #2536, #3138 ) ;
#2740 = EDGE_CURVE ( 'NONE', #3828, #3007, #2688, .T. ) ;
#2741 = VECTOR ( 'NONE', #954, 1000.000000000000000 ) ;
#2742 = CARTESIAN_POINT ( 'NONE',  ( 26.57787749703416225, 18.00000000000000355, 20.17537749703415884 ) ) ;
#2743 = ORIENTED_EDGE ( 'NONE', *, *, #3461, .T. ) ;
#2744 = DIRECTION ( 'NONE',  ( 1.000000000000000000, 0.000000000000000000, -0.000000000000000000 ) ) ;
#2745 = DIRECTION ( 'NONE',  ( 1.000000000000000000, 0.000000000000000000, 0.000000000000000000 ) ) ;
#2746 = DIRECTION ( 'NONE',  ( -0.000000000000000000, -0.000000000000000000, 1.000000000000000000 ) ) ;
#2747 = AXIS2_PLACEMENT_3D ( 'NONE', #208, #1156, #1386 ) ;
#2748 = EDGE_CURVE ( 'NONE', #3809, #854, #3249, .T. ) ;
#2749 = VECTOR ( 'NONE', #870, 1000.000000000000000 ) ;
#2750 = CARTESIAN_POINT ( 'NONE',  ( 23.00000000000000000, 0.000000000000000000, 3.500000000000000000 ) ) ;
#2751 = LINE ( 'NONE', #1536, #765 ) ;
#2752 = VERTEX_POINT ( 'NONE', #1900 ) ;
#2753 = CIRCLE ( 'NONE', #908, 1.000000000000014655 ) ;
#2754 = ORIENTED_EDGE ( 'NONE', *, *, #1100, .T. ) ;
#2755 = ORIENTED_EDGE ( 'NONE', *, *, #3357, .F. ) ;
#2756 = CIRCLE ( 'NONE', #1081, 2.502212389380530588 ) ;
#2757 = DIRECTION ( 'NONE',  ( 0.9451197591342491711, -0.3267241051621671000, 0.000000000000000000 ) ) ;
#2758 = EDGE_CURVE ( 'NONE', #240, #61, #605, .T. ) ;
#2759 = AXIS2_PLACEMENT_3D ( 'NONE', #2157, #1810, #3637 ) ;
#2760 = CARTESIAN_POINT ( 'NONE',  ( 22.00000000000000355, 18.00000000000000355, 24.44750000000000512 ) ) ;
#2761 = ORIENTED_EDGE ( 'NONE', *, *, #376, .T. ) ;
#2762 = ADVANCED_FACE ( 'NONE', ( #1638, #405 ), #440, .T. ) ;
#2763 = CARTESIAN_POINT ( 'NONE',  ( 3.999999999999972466, 10.82531754730550055, 0.000000000000000000 ) ) ;
#2764 = EDGE_CURVE ( 'NONE', #2669, #30, #2756, .T. ) ;
#2765 = EDGE_LOOP ( 'NONE', ( #2836, #3077 ) ) ;
#2766 = CARTESIAN_POINT ( 'NONE',  ( 26.57787749703416225, 18.00000000000000355, 20.17537749703415884 ) ) ;
#2767 = DIRECTION ( 'NONE',  ( -0.000000000000000000, -0.000000000000000000, -1.000000000000000000 ) ) ;
#2768 = DIRECTION ( 'NONE',  ( -0.000000000000000000, -0.000000000000000000, -1.000000000000000000 ) ) ;
#2769 = DIRECTION ( 'NONE',  ( 0.000000000000000000, 0.000000000000000000, 1.000000000000000000 ) ) ;
#2770 = ORIENTED_EDGE ( 'NONE', *, *, #2398, .F. ) ;
#2771 = EDGE_LOOP ( 'NONE', ( #2726, #2403, #3659, #97, #3393, #3322, #1274, #3741, #2943, #1145 ) ) ;
#2772 = CARTESIAN_POINT ( 'NONE',  ( 5.893437942832979282, 21.71215872700178906, 3.500000000000000000 ) ) ;
#2773 = DIRECTION ( 'NONE',  ( 1.000000000000000000, 0.000000000000000000, 0.000000000000000000 ) ) ;
#2774 = LINE ( 'NONE', #1053, #91 ) ;
#2775 = ORIENTED_EDGE ( 'NONE', *, *, #3485, .T. ) ;
#2776 = EDGE_CURVE ( 'NONE', #2464, #3207, #968, .T. ) ;
#2777 = DIRECTION ( 'NONE',  ( 1.000000000000000000, 0.000000000000000000, 0.000000000000000000 ) ) ;
#2778 = DIRECTION ( 'NONE',  ( 1.000000000000000000, 0.000000000000000000, 0.000000000000000000 ) ) ;
#2779 = DIRECTION ( 'NONE',  ( 0.000000000000000000, 0.000000000000000000, 1.000000000000000000 ) ) ;
#2780 = ADVANCED_FACE ( 'NONE', ( #143 ), #2224, .T. ) ;
#2781 = DIRECTION ( 'NONE',  ( 0.000000000000000000, 0.000000000000000000, 1.000000000000000000 ) ) ;
#2782 = CARTESIAN_POINT ( 'NONE',  ( -21.75000000000000355, 5.752212389380527036, 22.00000000000000000 ) ) ;
#2783 = EDGE_LOOP ( 'NONE', ( #3231, #1111, #1242, #1899, #600, #2058 ) ) ;
#2784 = DIRECTION ( 'NONE',  ( 0.000000000000000000, 0.000000000000000000, 1.000000000000000000 ) ) ;
#2785 = ADVANCED_FACE ( 'NONE', ( #426 ), #3058, .F. ) ;
#2786 = ORIENTED_EDGE ( 'NONE', *, *, #1275, .F. ) ;
#2787 = CARTESIAN_POINT ( 'NONE',  ( 0.000000000000000000, 0.000000000000000000, 0.000000000000000000 ) ) ;
#2788 = DIRECTION ( 'NONE',  ( -0.000000000000000000, -0.000000000000000000, -1.000000000000000000 ) ) ;
#2789 = TOROIDAL_SURFACE ( 'NONE', #1371, 0.5022123893805305883, 2.000000000000000000 ) ;
#2790 = DIRECTION ( 'NONE',  ( -1.000000000000000000, 0.000000000000000000, 0.000000000000000000 ) ) ;
#2791 = VECTOR ( 'NONE', #3669, 1000.000000000000114 ) ;
#2792 = LINE ( 'NONE', #759, #25 ) ;
#2793 = VECTOR ( 'NONE', #3573, 1000.000000000000000 ) ;
#2794 = CARTESIAN_POINT ( 'NONE',  ( 6.250000000000056843, -10.82531754730545259, 3.499999999999999556 ) ) ;
#2795 = VECTOR ( 'NONE', #491, 999.9999999999998863 ) ;
#2796 = FACE_OUTER_BOUND ( 'NONE', #1250, .T. ) ;
#2797 = EDGE_CURVE ( 'NONE', #2416, #3642, #2808, .T. ) ;
#2798 = VECTOR ( 'NONE', #3169, 1000.000000000000114 ) ;
#2799 = CARTESIAN_POINT ( 'NONE',  ( 16.21052405804997676, 16.31621615949553217, 3.500000000000000000 ) ) ;
#2800 = FACE_OUTER_BOUND ( 'NONE', #467, .T. ) ;
#2801 = VECTOR ( 'NONE', #1330, 1000.000000000000114 ) ;
#2802 = DIRECTION ( 'NONE',  ( -1.000000000000000000, -0.000000000000000000, -0.000000000000000000 ) ) ;
#2803 = ADVANCED_FACE ( 'NONE', ( #2954 ), #478, .F. ) ;
#2804 = ORIENTED_EDGE ( 'NONE', *, *, #2409, .F. ) ;
#2805 = CARTESIAN_POINT ( 'NONE',  ( -21.18433570077469241, 8.429941928440706889, 0.000000000000000000 ) ) ;
#2806 = DIRECTION ( 'NONE',  ( 1.445602896647339410E-16, 1.000000000000000000, 0.000000000000000000 ) ) ;
#2807 = TOROIDAL_SURFACE ( 'NONE', #1086, 5.250000000000000000, 2.000000000000000000 ) ;
#2808 = CIRCLE ( 'NONE', #1586, 1.000000000000021760 ) ;
#2809 = CARTESIAN_POINT ( 'NONE',  ( -14.98980866365615228, -15.82863342891542580, 0.000000000000000000 ) ) ;
#2810 = AXIS2_PLACEMENT_3D ( 'NONE', #3168, #1409, #1117 ) ;
#2811 = DIRECTION ( 'NONE',  ( 1.000000000000000000, 0.000000000000000000, 0.000000000000000000 ) ) ;
#2812 = VERTEX_POINT ( 'NONE', #1971 ) ;
#2813 = CIRCLE ( 'NONE', #3682, 26.50000000000000000 ) ;
#2814 = LINE ( 'NONE', #1024, #3468 ) ;
#2815 = CARTESIAN_POINT ( 'NONE',  ( -21.75000000000000711, -2.602085213965210642E-15, 5.499999999999998224 ) ) ;
#2816 = CIRCLE ( 'NONE', #2696, 2.999999999999999112 ) ;
#2817 = DIRECTION ( 'NONE',  ( 0.000000000000000000, 0.000000000000000000, -1.000000000000000000 ) ) ;
#2818 = LINE ( 'NONE', #1964, #714 ) ;
#2819 = ADVANCED_FACE ( 'NONE', ( #2858 ), #3122, .F. ) ;
#2820 = CARTESIAN_POINT ( 'NONE',  ( 27.00000000000000355, 18.00000000000000355, 11.79749999999999588 ) ) ;
#2821 = DIRECTION ( 'NONE',  ( 0.000000000000000000, 0.000000000000000000, 1.000000000000000000 ) ) ;
#2822 = ORIENTED_EDGE ( 'NONE', *, *, #253, .F. ) ;
#2823 = LINE ( 'NONE', #1686, #1181 ) ;
#2824 = ADVANCED_FACE ( 'NONE', ( #1376 ), #1671, .F. ) ;
#2825 = CARTESIAN_POINT ( 'NONE',  ( -15.67741456565872937, -16.55471753115924827, 0.000000000000000000 ) ) ;
#2826 = EDGE_CURVE ( 'NONE', #141, #930, #3447, .T. ) ;
#2827 = DIRECTION ( 'NONE',  ( -1.000000000000000000, 0.000000000000000000, 0.000000000000000000 ) ) ;
#2828 = CARTESIAN_POINT ( 'NONE',  ( -4.284003129457846448, 13.11820556275877436, 0.000000000000000000 ) ) ;
#2829 = CARTESIAN_POINT ( 'NONE',  ( 27.00000000000000000, 0.000000000000000000, 32.39499999999999602 ) ) ;
#2830 = DIRECTION ( 'NONE',  ( 1.000000000000000000, -1.445602896647339410E-16, 0.000000000000000000 ) ) ;
#2831 = DIRECTION ( 'NONE',  ( 1.000000000000000000, 0.000000000000000000, 0.000000000000000000 ) ) ;
#2832 = DIRECTION ( 'NONE',  ( 1.000000000000000000, 0.000000000000000000, 0.000000000000000000 ) ) ;
#2833 = DIRECTION ( 'NONE',  ( 1.000000000000000000, 0.000000000000000000, 0.000000000000000000 ) ) ;
#2834 = ORIENTED_EDGE ( 'NONE', *, *, #1225, .F. ) ;
#2835 = DIRECTION ( 'NONE',  ( 1.000000000000000000, 0.000000000000000000, 0.000000000000000000 ) ) ;
#2836 = ORIENTED_EDGE ( 'NONE', *, *, #3467, .F. ) ;
#2837 = CARTESIAN_POINT ( 'NONE',  ( -20.50000000000000355, -2.449004364071791312E-15, 3.500000000000003109 ) ) ;
#2838 = DIRECTION ( 'NONE',  ( 1.000000000000000000, 0.000000000000000000, 0.000000000000000000 ) ) ;
#2839 = ADVANCED_FACE ( 'NONE', ( #2292, #218 ), #1771, .T. ) ;
#2840 = CARTESIAN_POINT ( 'NONE',  ( -25.50000000000000000, 3.122849337825750222E-15, -4.400000000000007461 ) ) ;
#2841 = VECTOR ( 'NONE', #26, 1000.000000000000000 ) ;
#2842 = VERTEX_POINT ( 'NONE', #900 ) ;
#2843 = CIRCLE ( 'NONE', #260, 3.249999999999999556 ) ;
#2844 = DIRECTION ( 'NONE',  ( -1.000000000000000000, 0.000000000000000000, 0.000000000000000000 ) ) ;
#2845 = CARTESIAN_POINT ( 'NONE',  ( -21.75000000000000711, -2.602085213965210642E-15, 3.500000000000003109 ) ) ;
#2846 = ORIENTED_EDGE ( 'NONE', *, *, #253, .T. ) ;
#2847 = CARTESIAN_POINT ( 'NONE',  ( 6.024995658736513882, 22.19683372267779120, 3.500000000000000000 ) ) ;
#2848 = ADVANCED_FACE ( 'NONE', ( #2237 ), #1706, .F. ) ;
#2849 = LINE ( 'NONE', #2270, #1892 ) ;
#2850 = DIRECTION ( 'NONE',  ( 1.000000000000000000, 0.000000000000000000, 0.000000000000000000 ) ) ;
#2851 = CARTESIAN_POINT ( 'NONE',  ( -5.242503498283227259, 21.13660703780264072, 3.500000000000000000 ) ) ;
#2852 = AXIS2_PLACEMENT_3D ( 'NONE', #215, #3456, #2517 ) ;
#2853 = EDGE_CURVE ( 'NONE', #1819, #70, #3317, .T. ) ;
#2854 = CIRCLE ( 'NONE', #1193, 0.9999999999999991118 ) ;
#2855 = CONICAL_SURFACE ( 'NONE', #1576, 4.000000000000000000, 0.05235987755983000091 ) ;
#2856 = ORIENTED_EDGE ( 'NONE', *, *, #1552, .F. ) ;
#2857 = CARTESIAN_POINT ( 'NONE',  ( 15.42163336986815025, -16.21105253231168675, 3.500000000000000000 ) ) ;
#2858 = FACE_OUTER_BOUND ( 'NONE', #2732, .T. ) ;
#2859 = TOROIDAL_SURFACE ( 'NONE', #3308, 23.00000000000000000, 2.000000000000000000 ) ;
#2860 = FACE_OUTER_BOUND ( 'NONE', #1289, .T. ) ;
#2861 = VECTOR ( 'NONE', #2537, 1000.000000000000000 ) ;
#2862 = EDGE_CURVE ( 'NONE', #400, #61, #3137, .T. ) ;
#2863 = CARTESIAN_POINT ( 'NONE',  ( -9.218697704686608319, -10.26915832138183049, 0.000000000000000000 ) ) ;
#2864 = ORIENTED_EDGE ( 'NONE', *, *, #2612, .T. ) ;
#2865 = CIRCLE ( 'NONE', #2085, 0.9999999999999995559 ) ;
#2866 = ORIENTED_EDGE ( 'NONE', *, *, #672, .T. ) ;
#2867 = CARTESIAN_POINT ( 'NONE',  ( -21.75000000000000355, -5.752212389380532365, 3.500000000000000000 ) ) ;
#2868 = DIRECTION ( 'NONE',  ( -0.000000000000000000, -0.000000000000000000, -1.000000000000000000 ) ) ;
#2869 = CIRCLE ( 'NONE', #848, 1.999999999999999778 ) ;
#2870 = ORIENTED_EDGE ( 'NONE', *, *, #855, .T. ) ;
#2871 = CARTESIAN_POINT ( 'NONE',  ( 0.000000000000000000, 0.000000000000000000, -70.71067811865478347 ) ) ;
#2872 = EDGE_CURVE ( 'NONE', #1654, #3307, #3737, .T. ) ;
#2873 = ORIENTED_EDGE ( 'NONE', *, *, #2764, .F. ) ;
#2874 = AXIS2_PLACEMENT_3D ( 'NONE', #1640, #144, #2225 ) ;
#2875 = ORIENTED_EDGE ( 'NONE', *, *, #1171, .T. ) ;
#2876 = CARTESIAN_POINT ( 'NONE',  ( 20.92609039368762325, -6.028162309959353315, 0.000000000000000000 ) ) ;
#2877 = FACE_OUTER_BOUND ( 'NONE', #2959, .T. ) ;
#2878 = DIRECTION ( 'NONE',  ( 1.000000000000000000, 0.000000000000000000, 0.000000000000000000 ) ) ;
#2879 = ORIENTED_EDGE ( 'NONE', *, *, #2740, .F. ) ;
#2880 = ORIENTED_EDGE ( 'NONE', *, *, #3426, .T. ) ;
#2881 = DIRECTION ( 'NONE',  ( -0.000000000000000000, -0.000000000000000000, -1.000000000000000000 ) ) ;
#2882 = VERTEX_POINT ( 'NONE', #2664 ) ;
#2883 = VERTEX_POINT ( 'NONE', #796 ) ;
#2884 = DIRECTION ( 'NONE',  ( 1.000000000000000000, -8.881784197001252323E-16, 0.000000000000000000 ) ) ;
#2885 = DIRECTION ( 'NONE',  ( -0.000000000000000000, -0.000000000000000000, -1.000000000000000000 ) ) ;
#2886 = DIRECTION ( 'NONE',  ( -0.000000000000000000, -0.000000000000000000, 1.000000000000000000 ) ) ;
#2887 = EDGE_LOOP ( 'NONE', ( #3466, #3827, #3580, #2235, #3250 ) ) ;
#2888 = DIRECTION ( 'NONE',  ( 1.000000000000000000, 0.000000000000000000, 0.000000000000000000 ) ) ;
#2889 = EDGE_CURVE ( 'NONE', #1659, #1241, #2626, .T. ) ;
#2890 = ORIENTED_EDGE ( 'NONE', *, *, #278, .F. ) ;
#2891 = DIRECTION ( 'NONE',  ( -0.000000000000000000, -0.000000000000000000, -1.000000000000000000 ) ) ;
#2892 = CARTESIAN_POINT ( 'NONE',  ( 21.20290298846044408, -5.067238386136485140, 0.000000000000000000 ) ) ;
#2893 = EDGE_CURVE ( 'NONE', #2266, #3301, #2560, .T. ) ;
#2894 = EDGE_CURVE ( 'NONE', #210, #1157, #590, .T. ) ;
#2895 = CARTESIAN_POINT ( 'NONE',  ( 5.893437942832677301, -21.71215872700186722, 5.499999999999998224 ) ) ;
#2896 = VERTEX_POINT ( 'NONE', #2837 ) ;
#2897 = AXIS2_PLACEMENT_3D ( 'NONE', #821, #2328, #1708 ) ;
#2898 = VERTEX_POINT ( 'NONE', #1988 ) ;
#2899 = DIRECTION ( 'NONE',  ( -0.000000000000000000, -0.000000000000000000, 1.000000000000000000 ) ) ;
#2900 = EDGE_CURVE ( 'NONE', #139, #290, #3431, .T. ) ;
#2901 = ORIENTED_EDGE ( 'NONE', *, *, #492, .T. ) ;
#2902 = ORIENTED_EDGE ( 'NONE', *, *, #720, .F. ) ;
#2903 = ORIENTED_EDGE ( 'NONE', *, *, #2432, .T. ) ;
#2904 = DIRECTION ( 'NONE',  ( 0.000000000000000000, 0.000000000000000000, 1.000000000000000000 ) ) ;
#2905 = CARTESIAN_POINT ( 'NONE',  ( 22.00000000000000355, 19.75000000000000355, 23.69749999999999801 ) ) ;
#2906 = VECTOR ( 'NONE', #2881, 1000.000000000000000 ) ;
#2907 = LINE ( 'NONE', #3436, #3115 ) ;
#2908 = ORIENTED_EDGE ( 'NONE', *, *, #3701, .T. ) ;
#2909 = DIRECTION ( 'NONE',  ( 1.000000000000000000, 0.000000000000000000, 0.000000000000000000 ) ) ;
#2910 = DIRECTION ( 'NONE',  ( -1.000000000000000000, 0.000000000000000000, 0.000000000000000000 ) ) ;
#2911 = VECTOR ( 'NONE', #3205, 1000.000000000000000 ) ;
#2912 = EDGE_CURVE ( 'NONE', #3734, #2728, #1108, .T. ) ;
#2913 = DIRECTION ( 'NONE',  ( 1.000000000000000000, 0.000000000000000000, 0.000000000000000000 ) ) ;
#2914 = CIRCLE ( 'NONE', #1254, 22.80000000000000071 ) ;
#2915 = VERTEX_POINT ( 'NONE', #2825 ) ;
#2916 = DIRECTION ( 'NONE',  ( 1.000000000000000000, 0.000000000000000000, 0.000000000000000000 ) ) ;
#2917 = AXIS2_PLACEMENT_3D ( 'NONE', #3404, #1665, #2528 ) ;
#2918 = ORIENTED_EDGE ( 'NONE', *, *, #856, .T. ) ;
#2919 = EDGE_CURVE ( 'NONE', #1011, #2883, #1904, .T. ) ;
#2920 = AXIS2_PLACEMENT_3D ( 'NONE', #3694, #2365, #2935 ) ;
#2921 = VERTEX_POINT ( 'NONE', #2256 ) ;
#2922 = ORIENTED_EDGE ( 'NONE', *, *, #3021, .T. ) ;
#2923 = DIRECTION ( 'NONE',  ( 1.000000000000000000, 0.000000000000000000, 0.000000000000000000 ) ) ;
#2924 = AXIS2_PLACEMENT_3D ( 'NONE', #1832, #2456, #392 ) ;
#2925 = AXIS2_PLACEMENT_3D ( 'NONE', #1462, #583, #1076 ) ;
#2926 = DIRECTION ( 'NONE',  ( 1.000000000000000000, 0.000000000000000000, -0.000000000000000000 ) ) ;
#2927 = CARTESIAN_POINT ( 'NONE',  ( -21.75000000000000355, -5.752212389380532365, 5.499999999999998224 ) ) ;
#2928 = EDGE_LOOP ( 'NONE', ( #3783, #1543, #3214, #2290 ) ) ;
#2929 = CIRCLE ( 'NONE', #1774, 1.250000000000001110 ) ;
#2930 = ORIENTED_EDGE ( 'NONE', *, *, #1912, .T. ) ;
#2931 = AXIS2_PLACEMENT_3D ( 'NONE', #2556, #1090, #3736 ) ;
#2932 = CARTESIAN_POINT ( 'NONE',  ( -12.50000000000000000, 0.000000000000000000, 28.00000000000000000 ) ) ;
#2933 = FACE_BOUND ( 'NONE', #3170, .T. ) ;
#2934 = CARTESIAN_POINT ( 'NONE',  ( 0.000000000000000000, 0.000000000000000000, 5.500000000000005329 ) ) ;
#2935 = DIRECTION ( 'NONE',  ( 1.000000000000000000, 0.000000000000000000, 0.000000000000000000 ) ) ;
#2936 = ORIENTED_EDGE ( 'NONE', *, *, #3605, .F. ) ;
#2937 = CIRCLE ( 'NONE', #1334, 1.750000000000001554 ) ;
#2938 = APPLICATION_CONTEXT ( 'automotive_design' ) ;
#2939 = ADVANCED_FACE ( 'NONE', ( #417 ), #1570, .T. ) ;
#2940 = EDGE_LOOP ( 'NONE', ( #3068, #2918, #279, #1065 ) ) ;
#2941 = DIRECTION ( 'NONE',  ( 1.000000000000000000, -1.445602896647339410E-16, -0.000000000000000000 ) ) ;
#2942 = CIRCLE ( 'NONE', #1787, 0.5022123893805297001 ) ;
#2943 = ORIENTED_EDGE ( 'NONE', *, *, #2889, .T. ) ;
#2944 = ADVANCED_FACE ( 'NONE', ( #3572 ), #729, .F. ) ;
#2945 = ORIENTED_EDGE ( 'NONE', *, *, #871, .F. ) ;
#2946 = DIRECTION ( 'NONE',  ( 0.000000000000000000, 0.000000000000000000, 1.000000000000000000 ) ) ;
#2947 = ADVANCED_FACE ( 'NONE', ( #2705 ), #972, .F. ) ;
#2948 = DIRECTION ( 'NONE',  ( 0.000000000000000000, 0.000000000000000000, 1.000000000000000000 ) ) ;
#2949 = CARTESIAN_POINT ( 'NONE',  ( 5.893437942832979282, 21.71215872700178906, 3.500000000000000000 ) ) ;
#2950 = ORIENTED_EDGE ( 'NONE', *, *, #133, .F. ) ;
#2951 = ORIENTED_EDGE ( 'NONE', *, *, #200, .T. ) ;
#2952 = CARTESIAN_POINT ( 'NONE',  ( -26.50000000000000000, 3.245314017740485765E-15, 0.000000000000000000 ) ) ;
#2953 = DIRECTION ( 'NONE',  ( 1.000000000000000000, 0.000000000000000000, 0.000000000000000000 ) ) ;
#2954 = FACE_OUTER_BOUND ( 'NONE', #3009, .T. ) ;
#2955 = CARTESIAN_POINT ( 'NONE',  ( 9.624999999999829470, -18.83605253231165122, 42.34152742581890294 ) ) ;
#2956 = ORIENTED_EDGE ( 'NONE', *, *, #971, .T. ) ;
#2957 = CARTESIAN_POINT ( 'NONE',  ( 10.87499999999982947, -18.83605253231165122, 42.34152742581890294 ) ) ;
#2958 = CYLINDRICAL_SURFACE ( 'NONE', #3161, 1.000000000000021760 ) ;
#2959 = EDGE_LOOP ( 'NONE', ( #416, #1726, #636, #701 ) ) ;
#2960 = EDGE_LOOP ( 'NONE', ( #2709, #2673, #1400, #3574 ) ) ;
#2961 = ORIENTED_EDGE ( 'NONE', *, *, #119, .F. ) ;
#2962 = VERTEX_POINT ( 'NONE', #35 ) ;
#2963 = DIRECTION ( 'NONE',  ( -1.000000000000000000, 0.000000000000000000, 0.000000000000000000 ) ) ;
#2964 = VERTEX_POINT ( 'NONE', #336 ) ;
#2965 = CARTESIAN_POINT ( 'NONE',  ( 26.50000000000002842, 16.25000000000000355, 8.697499999999996234 ) ) ;
#2966 = CYLINDRICAL_SURFACE ( 'NONE', #1579, 22.80000000000000071 ) ;
#2968 = EDGE_CURVE ( 'NONE', #1712, #240, #2457, .T. ) ;
#2967 = VERTEX_POINT ( 'NONE', #1889 ) ;
#2969 = EDGE_LOOP ( 'NONE', ( #1555, #1577, #2582, #1162 ) ) ;
#2970 = ORIENTED_EDGE ( 'NONE', *, *, #127, .T. ) ;
#2971 = DIRECTION ( 'NONE',  ( -0.000000000000000000, -0.000000000000000000, -1.000000000000000000 ) ) ;
#2972 = FACE_OUTER_BOUND ( 'NONE', #3512, .T. ) ;
#2973 = DIRECTION ( 'NONE',  ( 0.7071067811865416886, 0.000000000000000000, -0.7071067811865532349 ) ) ;
#2974 = EDGE_CURVE ( 'NONE', #3208, #2921, #163, .T. ) ;
#2975 = CYLINDRICAL_SURFACE ( 'NONE', #399, 2.250000000000001332 ) ;
#2976 = CIRCLE ( 'NONE', #3592, 2.000000000000000000 ) ;
#2977 = CARTESIAN_POINT ( 'NONE',  ( 5.893437942832677301, -21.71215872700186722, 3.500000000000000000 ) ) ;
#2978 = VECTOR ( 'NONE', #1566, 1000.000000000000000 ) ;
#2979 = AXIS2_PLACEMENT_3D ( 'NONE', #3756, #866, #3772 ) ;
#2980 = LINE ( 'NONE', #1514, #71 ) ;
#2981 = CIRCLE ( 'NONE', #2737, 2.000000000000000000 ) ;
#2982 = EDGE_CURVE ( 'NONE', #635, #3006, #105, .T. ) ;
#2983 = VERTEX_POINT ( 'NONE', #11 ) ;
#2984 = ORIENTED_EDGE ( 'NONE', *, *, #1867, .F. ) ;
#2985 = ORIENTED_EDGE ( 'NONE', *, *, #412, .F. ) ;
#2986 = CIRCLE ( 'NONE', #87, 23.00000000000000000 ) ;
#2987 = FACE_OUTER_BOUND ( 'NONE', #1473, .T. ) ;
#2988 = VERTEX_POINT ( 'NONE', #2686 ) ;
#2989 = AXIS2_PLACEMENT_3D ( 'NONE', #2022, #2706, #1281 ) ;
#2990 = EDGE_CURVE ( 'NONE', #1501, #1800, #3289, .T. ) ;
#2991 = DIRECTION ( 'NONE',  ( -0.000000000000000000, -0.000000000000000000, 1.000000000000000000 ) ) ;
#2992 = DIRECTION ( 'NONE',  ( 1.000000000000000000, 0.000000000000000000, 0.000000000000000000 ) ) ;
#2993 = ORIENTED_EDGE ( 'NONE', *, *, #2273, .F. ) ;
#2994 = CIRCLE ( 'NONE', #723, 1.250000000000001110 ) ;
#2995 = PLANE ( 'NONE',  #3044 ) ;
#2996 = ADVANCED_FACE ( 'NONE', ( #1510 ), #1963, .F. ) ;
#2997 = DIRECTION ( 'NONE',  ( 0.000000000000000000, 0.000000000000000000, 1.000000000000000000 ) ) ;
#2998 = AXIS2_PLACEMENT_3D ( 'NONE', #3776, #2904, #1093 ) ;
#2999 = DIRECTION ( 'NONE',  ( 0.000000000000000000, 0.000000000000000000, 1.000000000000000000 ) ) ;
#3000 = DIRECTION ( 'NONE',  ( -1.000000000000000000, 0.000000000000000000, 0.000000000000000000 ) ) ;
#3001 = VECTOR ( 'NONE', #3043, 1000.000000000000000 ) ;
#3002 = DIRECTION ( 'NONE',  ( 0.000000000000000000, 0.000000000000000000, 1.000000000000000000 ) ) ;
#3003 = LINE ( 'NONE', #15, #1560 ) ;
#3004 = ORIENTED_EDGE ( 'NONE', *, *, #2345, .F. ) ;
#3005 = AXIS2_PLACEMENT_3D ( 'NONE', #1235, #2420, #1531 ) ;
#3006 = VERTEX_POINT ( 'NONE', #3032 ) ;
#3007 = VERTEX_POINT ( 'NONE', #1196 ) ;
#3008 = ORIENTED_EDGE ( 'NONE', *, *, #3184, .T. ) ;
#3009 = EDGE_LOOP ( 'NONE', ( #64, #3374, #3159, #1482 ) ) ;
#3010 = AXIS2_PLACEMENT_3D ( 'NONE', #3693, #1631, #2271 ) ;
#3011 = CARTESIAN_POINT ( 'NONE',  ( 15.85656205716719924, 15.95994633762120785, 42.34152742581890294 ) ) ;
#3012 = EDGE_LOOP ( 'NONE', ( #2132, #849, #2096, #1541 ) ) ;
#3013 = DIRECTION ( 'NONE',  ( 1.000000000000000000, 0.000000000000000000, 0.000000000000000000 ) ) ;
#3014 = ORIENTED_EDGE ( 'NONE', *, *, #598, .F. ) ;
#3015 = ORIENTED_EDGE ( 'NONE', *, *, #1204, .F. ) ;
#3016 = DIRECTION ( 'NONE',  ( -0.000000000000000000, -0.000000000000000000, -1.000000000000000000 ) ) ;
#3017 = EDGE_CURVE ( 'NONE', #3598, #3539, #3187, .T. ) ;
#3018 = CARTESIAN_POINT ( 'NONE',  ( 6.548908324713590190, 24.12699317682365319, 22.00000000000000000 ) ) ;
#3019 = FACE_OUTER_BOUND ( 'NONE', #3152, .T. ) ;
#3020 = DIRECTION ( 'NONE',  ( 1.000000000000000000, 0.000000000000000000, -0.000000000000000000 ) ) ;
#3021 = EDGE_CURVE ( 'NONE', #1231, #3006, #100, .T. ) ;
#3022 = CARTESIAN_POINT ( 'NONE',  ( 22.00000000000000355, 18.00000000000000711, 8.697499999999996234 ) ) ;
#3023 = ORIENTED_EDGE ( 'NONE', *, *, #3303, .T. ) ;
#3024 = ORIENTED_EDGE ( 'NONE', *, *, #589, .T. ) ;
#3025 = EDGE_CURVE ( 'NONE', #930, #748, #3321, .T. ) ;
#3026 = EDGE_LOOP ( 'NONE', ( #1765, #1993, #3269, #438 ) ) ;
#3027 = LINE ( 'NONE', #1268, #3001 ) ;
#3028 = DIRECTION ( 'NONE',  ( 0.000000000000000000, 1.000000000000000000, 0.000000000000000000 ) ) ;
#3029 = CARTESIAN_POINT ( 'NONE',  ( -20.58192227520113349, 7.115087874199408802, 0.000000000000000000 ) ) ;
#3030 = EDGE_LOOP ( 'NONE', ( #382, #681, #2546, #1743 ) ) ;
#3031 = DIRECTION ( 'NONE',  ( 1.000000000000000000, 0.000000000000000000, 0.000000000000000000 ) ) ;
#3032 = CARTESIAN_POINT ( 'NONE',  ( 13.68958256229950798, 17.21105253231148424, 5.499999999999998224 ) ) ;
#3033 = LINE ( 'NONE', #2723, #3358 ) ;
#3034 = CARTESIAN_POINT ( 'NONE',  ( -6.213094324804461444, 20.89587181505195446, 3.500000000000000000 ) ) ;
#3035 = EDGE_CURVE ( 'NONE', #3483, #558, #419, .T. ) ;
#3036 = DIRECTION ( 'NONE',  ( -0.000000000000000000, -0.000000000000000000, 1.000000000000000000 ) ) ;
#3037 = VERTEX_POINT ( 'NONE', #3273 ) ;
#3038 = AXIS2_PLACEMENT_3D ( 'NONE', #3806, #3451, #185 ) ;
#3039 = CIRCLE ( 'NONE', #1881, 8.624999999999998224 ) ;
#3040 = ORIENTED_EDGE ( 'NONE', *, *, #1166, .F. ) ;
#3041 = ORIENTED_EDGE ( 'NONE', *, *, #3083, .F. ) ;
#3042 = EDGE_CURVE ( 'NONE', #309, #1464, #1280, .T. ) ;
#3043 = DIRECTION ( 'NONE',  ( -0.000000000000000000, -0.000000000000000000, 1.000000000000000000 ) ) ;
#3044 = AXIS2_PLACEMENT_3D ( 'NONE', #2702, #9, #687 ) ;
#3045 = VECTOR ( 'NONE', #2746, 1000.000000000000000 ) ;
#3046 = DIRECTION ( 'NONE',  ( -1.000000000000000000, 0.000000000000000000, 0.000000000000000000 ) ) ;
#3047 = AXIS2_PLACEMENT_3D ( 'NONE', #1468, #1177, #3814 ) ;
#3048 = CIRCLE ( 'NONE', #3538, 24.90000000000000568 ) ;
#3049 = ORIENTED_EDGE ( 'NONE', *, *, #3699, .T. ) ;
#3050 = CIRCLE ( 'NONE', #347, 2.502212389380531476 ) ;
#3051 = DIRECTION ( 'NONE',  ( -1.734723475976807094E-15, 0.000000000000000000, 1.000000000000000000 ) ) ;
#3052 = DIRECTION ( 'NONE',  ( -0.000000000000000000, -0.000000000000000000, -1.000000000000000000 ) ) ;
#3053 = DIRECTION ( 'NONE',  ( -1.000000000000000000, 0.000000000000000000, 0.000000000000000000 ) ) ;
#3054 = AXIS2_PLACEMENT_3D ( 'NONE', #1113, #265, #858 ) ;
#3055 = DIRECTION ( 'NONE',  ( 0.000000000000000000, 0.000000000000000000, 1.000000000000000000 ) ) ;
#3056 = DIRECTION ( 'NONE',  ( 0.000000000000000000, 0.000000000000000000, 1.000000000000000000 ) ) ;
#3057 = ORIENTED_EDGE ( 'NONE', *, *, #927, .T. ) ;
#3058 = TOROIDAL_SURFACE ( 'NONE', #1777, 0.5022123893805301442, 2.000000000000000000 ) ;
#3059 = ORIENTED_EDGE ( 'NONE', *, *, #3605, .T. ) ;
#3060 = ORIENTED_EDGE ( 'NONE', *, *, #1035, .T. ) ;
#3061 = DIRECTION ( 'NONE',  ( 0.000000000000000000, 0.000000000000000000, 1.000000000000000000 ) ) ;
#3062 = AXIS2_PLACEMENT_3D ( 'NONE', #975, #706, #2116 ) ;
#3063 = ADVANCED_FACE ( 'NONE', ( #2389 ), #3556, .T. ) ;
#3064 = DIRECTION ( 'NONE',  ( 1.000000000000000000, -1.445602896647339410E-16, 0.000000000000000000 ) ) ;
#3065 = CIRCLE ( 'NONE', #2091, 24.90000000000000568 ) ;
#3066 = ADVANCED_FACE ( 'NONE', ( #3019 ), #74, .F. ) ;
#3067 = DIRECTION ( 'NONE',  ( 0.000000000000000000, 0.000000000000000000, 1.000000000000000000 ) ) ;
#3068 = ORIENTED_EDGE ( 'NONE', *, *, #2063, .F. ) ;
#3069 = DIRECTION ( 'NONE',  ( 1.000000000000000000, 0.000000000000000000, 0.000000000000000000 ) ) ;
#3070 = EDGE_CURVE ( 'NONE', #585, #3339, #1057, .T. ) ;
#3071 = CARTESIAN_POINT ( 'NONE',  ( 10.87499999999982947, -18.83605253231165122, 3.500000000000000000 ) ) ;
#3072 = CARTESIAN_POINT ( 'NONE',  ( 25.50000000000000000, 0.000000000000000000, -1.000000000000000000 ) ) ;
#3073 = CARTESIAN_POINT ( 'NONE',  ( 0.000000000000000000, 0.000000000000000000, 0.000000000000000000 ) ) ;
#3074 = ORIENTED_EDGE ( 'NONE', *, *, #3042, .T. ) ;
#3075 = CARTESIAN_POINT ( 'NONE',  ( 13.22588823937152824, -3.809971165199786736, 0.000000000000000000 ) ) ;
#3076 = DIRECTION ( 'NONE',  ( 1.000000000000000000, 0.000000000000000000, 0.000000000000000000 ) ) ;
#3077 = ORIENTED_EDGE ( 'NONE', *, *, #3107, .F. ) ;
#3078 = CARTESIAN_POINT ( 'NONE',  ( 26.50000000000002842, 18.00000000000000711, 10.44749999999999801 ) ) ;
#3079 = VERTEX_POINT ( 'NONE', #3072 ) ;
#3080 = CARTESIAN_POINT ( 'NONE',  ( -24.25221238938053503, -5.752212389380532365, 5.499999999999998224 ) ) ;
#3081 = DIRECTION ( 'NONE',  ( -0.000000000000000000, -0.000000000000000000, -1.000000000000000000 ) ) ;
#3082 = CARTESIAN_POINT ( 'NONE',  ( -21.75000000000000711, -2.602085213965210642E-15, 42.34152742581890294 ) ) ;
#3083 = EDGE_CURVE ( 'NONE', #30, #1659, #1454, .T. ) ;
#3084 = CARTESIAN_POINT ( 'NONE',  ( -12.50000000000000000, 0.000000000000000000, 0.000000000000000000 ) ) ;
#3085 = DIRECTION ( 'NONE',  ( 0.000000000000000000, 0.000000000000000000, 1.000000000000000000 ) ) ;
#3086 = ADVANCED_FACE ( 'NONE', ( #2244 ), #3145, .F. ) ;
#3087 = CARTESIAN_POINT ( 'NONE',  ( -4.284003129457846448, 13.11820556275877436, 3.500000000000000000 ) ) ;
#3088 = EDGE_LOOP ( 'NONE', ( #1736, #3542, #2135, #1710, #3771, #2945, #249, #2122, #121 ) ) ;
#3089 = CARTESIAN_POINT ( 'NONE',  ( 0.000000000000000000, 0.000000000000000000, 0.000000000000000000 ) ) ;
#3090 = ORIENTED_EDGE ( 'NONE', *, *, #3461, .F. ) ;
#3091 = DIRECTION ( 'NONE',  ( -0.2619563329885440939, -0.9650797270729476462, 0.000000000000000000 ) ) ;
#3092 = CARTESIAN_POINT ( 'NONE',  ( -20.25519817003896250, 8.060207633333655863, 0.000000000000000000 ) ) ;
#3093 = UNCERTAINTY_MEASURE_WITH_UNIT (LENGTH_MEASURE( 1.000000000000000082E-05 ), #1571, 'distance_accuracy_value', 'NONE');
#3094 = FACE_BOUND ( 'NONE', #2254, .T. ) ;
#3095 = VERTEX_POINT ( 'NONE', #782 ) ;
#3096 = AXIS2_PLACEMENT_3D ( 'NONE', #3175, #693, #60 ) ;
#3097 = CARTESIAN_POINT ( 'NONE',  ( -8.624999999999998224, 0.000000000000000000, 2.000000000000000000 ) ) ;
#3098 = DIRECTION ( 'NONE',  ( 1.000000000000000000, 0.000000000000000000, 0.000000000000000000 ) ) ;
#3099 = AXIS2_PLACEMENT_3D ( 'NONE', #307, #1168, #1804 ) ;
#3100 = DIRECTION ( 'NONE',  ( 1.000000000000000000, 0.000000000000000000, 0.000000000000000000 ) ) ;
#3101 = AXIS2_PLACEMENT_3D ( 'NONE', #3492, #2885, #243 ) ;
#3102 = VECTOR ( 'NONE', #906, 1000.000000000000000 ) ;
#3103 = DIRECTION ( 'NONE',  ( 1.000000000000000000, 0.000000000000000000, 0.000000000000000000 ) ) ;
#3104 = CIRCLE ( 'NONE', #2431, 8.624999999999998224 ) ;
#3105 = ORIENTED_EDGE ( 'NONE', *, *, #1105, .T. ) ;
#3106 = CIRCLE ( 'NONE', #335, 2.000000000000000000 ) ;
#3107 = EDGE_CURVE ( 'NONE', #3281, #2698, #221, .T. ) ;
#3108 = DIRECTION ( 'NONE',  ( -0.000000000000000000, -0.000000000000000000, -1.000000000000000000 ) ) ;
#3109 = DIRECTION ( 'NONE',  ( 1.000000000000000000, 0.000000000000000000, 0.000000000000000000 ) ) ;
#3110 = DIRECTION ( 'NONE',  ( -1.000000000000000000, 0.000000000000000000, 0.000000000000000000 ) ) ;
#3111 = AXIS2_PLACEMENT_3D ( 'NONE', #1047, #2784, #769 ) ;
#3112 = EDGE_CURVE ( 'NONE', #2395, #520, #2813, .T. ) ;
#3113 = CARTESIAN_POINT ( 'NONE',  ( 6.024995658736512105, 22.19683372267779475, 5.500000000000005329 ) ) ;
#3114 = CARTESIAN_POINT ( 'NONE',  ( 22.00000000000000355, 18.00000000000000355, 22.94749999999998735 ) ) ;
#3115 = VECTOR ( 'NONE', #818, 1000.000000000000000 ) ;
#3116 = DIRECTION ( 'NONE',  ( 1.000000000000000000, 0.000000000000000000, 0.000000000000000000 ) ) ;
#3117 = CIRCLE ( 'NONE', #594, 22.79999999999999716 ) ;
#3118 = ORIENTED_EDGE ( 'NONE', *, *, #427, .F. ) ;
#3119 = CARTESIAN_POINT ( 'NONE',  ( -12.68164002984870287, 5.442058999435691824, 0.000000000000000000 ) ) ;
#3120 = CARTESIAN_POINT ( 'NONE',  ( -11.76268060739589849, 5.047706898027308320, 0.000000000000000000 ) ) ;
#3121 = AXIS2_PLACEMENT_3D ( 'NONE', #1992, #223, #3140 ) ;
#3122 = TOROIDAL_SURFACE ( 'NONE', #285, 0.5022123893805314765, 2.000000000000000000 ) ;
#3123 = DIRECTION ( 'NONE',  ( 0.000000000000000000, 0.000000000000000000, 1.000000000000000000 ) ) ;
#3124 = CIRCLE ( 'NONE', #2277, 2.502212389380527924 ) ;
#3125 = DIRECTION ( 'NONE',  ( 1.000000000000000000, -1.386551743839996112E-15, 0.000000000000000000 ) ) ;
#3126 = VECTOR ( 'NONE', #1925, 1000.000000000000227 ) ;
#3127 = CARTESIAN_POINT ( 'NONE',  ( 13.50270083414434907, -2.849047241376921225, 0.000000000000000000 ) ) ;
#3128 = CARTESIAN_POINT ( 'NONE',  ( 0.000000000000000000, 0.000000000000000000, -70.71067811865478347 ) ) ;
#3129 = ORIENTED_EDGE ( 'NONE', *, *, #2736, .T. ) ;
#3130 = FACE_BOUND ( 'NONE', #18, .T. ) ;
#3131 = CARTESIAN_POINT ( 'NONE',  ( -24.19999999999999929, 2.963645253936594609E-15, -5.000000000000000000 ) ) ;
#3132 = CYLINDRICAL_SURFACE ( 'NONE', #360, 0.9999999999999974465 ) ;
#3133 = DIRECTION ( 'NONE',  ( 1.000000000000000000, 0.000000000000000000, 0.000000000000000000 ) ) ;
#3134 = EDGE_CURVE ( 'NONE', #302, #2842, #2937, .T. ) ;
#3135 = ORIENTED_EDGE ( 'NONE', *, *, #1752, .T. ) ;
#3136 = DIRECTION ( 'NONE',  ( -0.000000000000000000, -0.000000000000000000, -1.000000000000000000 ) ) ;
#3137 = LINE ( 'NONE', #3120, #3805 ) ;
#3138 = DIRECTION ( 'NONE',  ( 0.000000000000000000, 0.000000000000000000, -1.000000000000000000 ) ) ;
#3139 = ADVANCED_FACE ( 'NONE', ( #3403, #3130, #1027, #1939, #1294, #490, #803, #2214 ), #131, .F. ) ;
#3140 = DIRECTION ( 'NONE',  ( -1.000000000000000000, 0.000000000000000000, 0.000000000000000000 ) ) ;
#3141 = EDGE_LOOP ( 'NONE', ( #981, #254, #3105, #1493, #838, #204, #1896 ) ) ;
#3142 = DIRECTION ( 'NONE',  ( 1.000000000000000000, 0.000000000000000000, 0.000000000000000000 ) ) ;
#3143 = DIRECTION ( 'NONE',  ( 1.000000000000000000, 0.000000000000000000, 0.000000000000000000 ) ) ;
#3144 = ORIENTED_EDGE ( 'NONE', *, *, #3752, .T. ) ;
#3145 = CYLINDRICAL_SURFACE ( 'NONE', #2268, 2.502212389380530588 ) ;
#3146 = ORIENTED_EDGE ( 'NONE', *, *, #3699, .F. ) ;
#3147 = AXIS2_PLACEMENT_3D ( 'NONE', #1393, #271, #3751 ) ;
#3148 = DIRECTION ( 'NONE',  ( 0.000000000000000000, 0.000000000000000000, 1.000000000000000000 ) ) ;
#3149 = FACE_BOUND ( 'NONE', #2614, .T. ) ;
#3150 = FACE_BOUND ( 'NONE', #480, .T. ) ;
#3151 = EDGE_CURVE ( 'NONE', #520, #2395, #1906, .T. ) ;
#3152 = EDGE_LOOP ( 'NONE', ( #1698, #2856, #2335, #1396 ) ) ;
#3153 = LINE ( 'NONE', #3097, #3354 ) ;
#3154 = DIRECTION ( 'NONE',  ( 1.000000000000000000, 0.000000000000000000, 0.000000000000000000 ) ) ;
#3155 = EDGE_LOOP ( 'NONE', ( #256, #827, #3749, #3217, #3445, #2076, #370, #3427, #2447 ) ) ;
#3156 = CARTESIAN_POINT ( 'NONE',  ( -21.18433570077469241, 8.429941928440706889, 3.500000000000000000 ) ) ;
#3157 = DIRECTION ( 'NONE',  ( -1.000000000000000000, -0.000000000000000000, -0.000000000000000000 ) ) ;
#3158 = AXIS2_PLACEMENT_3D ( 'NONE', #1970, #2255, #1918 ) ;
#3159 = ORIENTED_EDGE ( 'NONE', *, *, #1742, .F. ) ;
#3160 = AXIS2_PLACEMENT_3D ( 'NONE', #3287, #3588, #1174 ) ;
#3161 = AXIS2_PLACEMENT_3D ( 'NONE', #2633, #2291, #1733 ) ;
#3162 = PRODUCT_DEFINITION_SHAPE ( 'NONE', 'NONE',  #1210 ) ;
#3163 = CARTESIAN_POINT ( 'NONE',  ( -3.284003129457824244, 13.11820556275877436, 3.500000000000000000 ) ) ;
#3164 = CARTESIAN_POINT ( 'NONE',  ( 8.499999999999971578, 10.82531754730550055, 3.499999999999999556 ) ) ;
#3165 = LINE ( 'NONE', #2583, #3738 ) ;
#3166 = LINE ( 'NONE', #2876, #2378 ) ;
#3167 = VECTOR ( 'NONE', #3454, 1000.000000000000000 ) ;
#3168 = CARTESIAN_POINT ( 'NONE',  ( 0.000000000000000000, 0.000000000000000000, 3.500000000000000000 ) ) ;
#3169 = DIRECTION ( 'NONE',  ( 0.9986295347545739443, 0.05233595624294380688, 0.000000000000000000 ) ) ;
#3170 = EDGE_LOOP ( 'NONE', ( #1477, #3040 ) ) ;
#3171 = AXIS2_PLACEMENT_3D ( 'NONE', #437, #1353, #1967 ) ;
#3172 = VECTOR ( 'NONE', #1368, 1000.000000000000114 ) ;
#3173 = CIRCLE ( 'NONE', #2379, 0.9999999999999974465 ) ;
#3174 = ORIENTED_EDGE ( 'NONE', *, *, #877, .T. ) ;
#3175 = CARTESIAN_POINT ( 'NONE',  ( 23.00000000000000000, 0.000000000000000000, 5.500000000000005329 ) ) ;
#3176 = ORIENTED_EDGE ( 'NONE', *, *, #1407, .F. ) ;
#3177 = CIRCLE ( 'NONE', #2747, 24.19999999999999929 ) ;
#3178 = EDGE_LOOP ( 'NONE', ( #2477, #1625, #1781, #3521, #130, #2160 ) ) ;
#3179 = EDGE_CURVE ( 'NONE', #2728, #2311, #608, .T. ) ;
#3180 = VECTOR ( 'NONE', #2045, 1000.000000000000000 ) ;
#3181 = CYLINDRICAL_SURFACE ( 'NONE', #3313, 27.00000000000000000 ) ;
#3182 = ORIENTED_EDGE ( 'NONE', *, *, #1246, .T. ) ;
#3183 = EDGE_CURVE ( 'NONE', #3734, #3095, #3623, .T. ) ;
#3184 = EDGE_CURVE ( 'NONE', #3642, #2607, #747, .T. ) ;
#3185 = CARTESIAN_POINT ( 'NONE',  ( 26.50000000000002842, 18.00000000000000711, 8.697499999999996234 ) ) ;
#3186 = DIRECTION ( 'NONE',  ( 0.000000000000000000, 0.000000000000000000, 1.000000000000000000 ) ) ;
#3187 = CIRCLE ( 'NONE', #2088, 1.999999999999999556 ) ;
#3188 = DIRECTION ( 'NONE',  ( 1.000000000000000000, 0.000000000000000000, 0.000000000000000000 ) ) ;
#3189 = ORIENTED_EDGE ( 'NONE', *, *, #650, .F. ) ;
#3190 = AXIS2_PLACEMENT_3D ( 'NONE', #3687, #3397, #2838 ) ;
#3191 = ADVANCED_FACE ( 'NONE', ( #2796 ), #3369, .T. ) ;
#3192 = AXIS2_PLACEMENT_3D ( 'NONE', #2233, #120, #2198 ) ;
#3193 = CYLINDRICAL_SURFACE ( 'NONE', #2375, 25.50000000000000000 ) ;
#3194 = CYLINDRICAL_SURFACE ( 'NONE', #318, 22.79999999999999361 ) ;
#3195 = EDGE_CURVE ( 'NONE', #704, #1374, #2631, .T. ) ;
#3196 = CARTESIAN_POINT ( 'NONE',  ( 10.87500000000009059, 18.83605253231149490, 22.00000000000000000 ) ) ;
#3197 = ORIENTED_EDGE ( 'NONE', *, *, #1508, .F. ) ;
#3198 = ORIENTED_EDGE ( 'NONE', *, *, #2316, .T. ) ;
#3199 = DIRECTION ( 'NONE',  ( 0.000000000000000000, 1.000000000000000000, 0.000000000000000000 ) ) ;
#3200 = EDGE_LOOP ( 'NONE', ( #2412, #2306, #2554, #20 ) ) ;
#3201 = EDGE_LOOP ( 'NONE', ( #3622, #1077, #963, #1455, #3527, #2462, #2089, #85, #994, #1278, #3627, #1428, #1389, #2532, #1865, #2024, #3754, #2600 ) ) ;
#3202 = LINE ( 'NONE', #1152, #474 ) ;
#3203 = ADVANCED_FACE ( 'NONE', ( #2545 ), #1648, .T. ) ;
#3204 = ORIENTED_EDGE ( 'NONE', *, *, #40, .T. ) ;
#3205 = DIRECTION ( 'NONE',  ( -0.000000000000000000, -0.000000000000000000, 1.000000000000000000 ) ) ;
#3206 = DIRECTION ( 'NONE',  ( -1.000000000000000000, 0.000000000000000000, 0.000000000000000000 ) ) ;
#3207 = VERTEX_POINT ( 'NONE', #506 ) ;
#3208 = VERTEX_POINT ( 'NONE', #2766 ) ;
#3209 = ORIENTED_EDGE ( 'NONE', *, *, #650, .T. ) ;
#3210 = CARTESIAN_POINT ( 'NONE',  ( 0.000000000000000000, 0.000000000000000000, -1.000000000000000000 ) ) ;
#3211 = DIRECTION ( 'NONE',  ( -1.000000000000000000, 0.000000000000000000, 0.000000000000000000 ) ) ;
#3212 = CARTESIAN_POINT ( 'NONE',  ( 6.249999999999971578, 10.82531754730550055, 28.00000000000000000 ) ) ;
#3213 = VERTEX_POINT ( 'NONE', #730 ) ;
#3214 = ORIENTED_EDGE ( 'NONE', *, *, #2826, .T. ) ;
#3215 = DIRECTION ( 'NONE',  ( -0.000000000000000000, -0.000000000000000000, 1.000000000000000000 ) ) ;
#3216 = ORIENTED_EDGE ( 'NONE', *, *, #903, .F. ) ;
#3217 = ORIENTED_EDGE ( 'NONE', *, *, #570, .F. ) ;
#3218 = DIRECTION ( 'NONE',  ( 1.000000000000000000, 0.000000000000000000, 0.000000000000000000 ) ) ;
#3219 = EDGE_LOOP ( 'NONE', ( #1702, #1860, #345, #3090, #1773 ) ) ;
#3220 = CARTESIAN_POINT ( 'NONE',  ( 17.89271171284464756, 14.13120191494806832, 0.000000000000000000 ) ) ;
#3221 = AXIS2_PLACEMENT_3D ( 'NONE', #2708, #1838, #1856 ) ;
#3222 = CARTESIAN_POINT ( 'NONE',  ( -21.75000000000000355, 5.752212389380527036, 5.499999999999998224 ) ) ;
#3223 = EDGE_LOOP ( 'NONE', ( #560, #3060, #1778, #3004 ) ) ;
#3224 = EDGE_CURVE ( 'NONE', #1819, #1263, #1592, .T. ) ;
#3225 = AXIS2_PLACEMENT_3D ( 'NONE', #809, #3394, #1397 ) ;
#3226 = DIRECTION ( 'NONE',  ( -0.000000000000000000, -0.000000000000000000, -1.000000000000000000 ) ) ;
#3227 = FACE_OUTER_BOUND ( 'NONE', #3201, .T. ) ;
#3228 = AXIS2_PLACEMENT_3D ( 'NONE', #311, #1217, #3271 ) ;
#3229 = DIRECTION ( 'NONE',  ( 1.000000000000000000, 0.000000000000000000, 0.000000000000000000 ) ) ;
#3230 = CYLINDRICAL_SURFACE ( 'NONE', #1635, 3.250000000000000444 ) ;
#3231 = ORIENTED_EDGE ( 'NONE', *, *, #3748, .T. ) ;
#3232 = AXIS2_PLACEMENT_3D ( 'NONE', #653, #3275, #14 ) ;
#3233 = VERTEX_POINT ( 'NONE', #2847 ) ;
#3234 = ADVANCED_FACE ( 'NONE', ( #1138 ), #1406, .F. ) ;
#3235 = FACE_OUTER_BOUND ( 'NONE', #2730, .T. ) ;
#3236 = VECTOR ( 'NONE', #553, 1000.000000000000000 ) ;
#3237 = VECTOR ( 'NONE', #841, 1000.000000000000000 ) ;
#3238 = VERTEX_POINT ( 'NONE', #3474 ) ;
#3239 = VECTOR ( 'NONE', #2486, 1000.000000000000114 ) ;
#3240 = EDGE_LOOP ( 'NONE', ( #2786, #2317, #2715, #694 ) ) ;
#3241 = ORIENTED_EDGE ( 'NONE', *, *, #885, .T. ) ;
#3242 = FACE_OUTER_BOUND ( 'NONE', #3760, .T. ) ;
#3243 = AXIS2_PLACEMENT_3D ( 'NONE', #2581, #1723, #1677 ) ;
#3244 = AXIS2_PLACEMENT_3D ( 'NONE', #2107, #2714, #66 ) ;
#3245 = DIRECTION ( 'NONE',  ( 1.000000000000000000, 0.000000000000000000, 0.000000000000000000 ) ) ;
#3246 = CARTESIAN_POINT ( 'NONE',  ( 22.00000000000000355, 18.00000000000000355, 23.69749999999999801 ) ) ;
#3247 = ORIENTED_EDGE ( 'NONE', *, *, #2912, .F. ) ;
#3248 = VERTEX_POINT ( 'NONE', #230 ) ;
#3249 = CIRCLE ( 'NONE', #667, 25.00000000000000000 ) ;
#3250 = ORIENTED_EDGE ( 'NONE', *, *, #1336, .F. ) ;
#3251 = TOROIDAL_SURFACE ( 'NONE', #3489, 0.5022123893805305883, 2.000000000000000000 ) ;
#3252 = LINE ( 'NONE', #1851, #2677 ) ;
#3253 = PLANE ( 'NONE',  #3811 ) ;
#3254 = CARTESIAN_POINT ( 'NONE',  ( 26.50000000000002842, 18.00000000000000711, 6.947499999999995346 ) ) ;
#3255 = DIRECTION ( 'NONE',  ( -0.000000000000000000, -0.000000000000000000, 1.000000000000000000 ) ) ;
#3256 = AXIS2_PLACEMENT_3D ( 'NONE', #1647, #1332, #3691 ) ;
#3257 = PLANE ( 'NONE',  #267 ) ;
#3258 = DIRECTION ( 'NONE',  ( 1.000000000000000000, 0.000000000000000000, 0.000000000000000000 ) ) ;
#3259 = ORIENTED_EDGE ( 'NONE', *, *, #236, .F. ) ;
#3260 = EDGE_CURVE ( 'NONE', #1355, #70, #3165, .T. ) ;
#3261 = ORIENTED_EDGE ( 'NONE', *, *, #3035, .F. ) ;
#3262 = ORIENTED_EDGE ( 'NONE', *, *, #2612, .F. ) ;
#3263 = VERTEX_POINT ( 'NONE', #209 ) ;
#3264 = DIRECTION ( 'NONE',  ( -1.000000000000000000, 0.000000000000000000, 0.000000000000000000 ) ) ;
#3265 = EDGE_CURVE ( 'NONE', #1659, #3503, #2869, .T. ) ;
#3266 = DIRECTION ( 'NONE',  ( -0.4999999999999933387, 0.8660254037844425934, 0.000000000000000000 ) ) ;
#3267 = CARTESIAN_POINT ( 'NONE',  ( 0.000000000000000000, 0.000000000000000000, -1.000000000000000000 ) ) ;
#3268 = ORIENTED_EDGE ( 'NONE', *, *, #3430, .T. ) ;
#3269 = ORIENTED_EDGE ( 'NONE', *, *, #1983, .T. ) ;
#3270 = EDGE_CURVE ( 'NONE', #190, #222, #3378, .T. ) ;
#3271 = DIRECTION ( 'NONE',  ( 1.000000000000000000, 0.000000000000000000, 0.000000000000000000 ) ) ;
#3272 = DIRECTION ( 'NONE',  ( -1.000000000000000000, 0.000000000000000000, 0.000000000000000000 ) ) ;
#3273 = CARTESIAN_POINT ( 'NONE',  ( -3.313412302936589171, 13.35894078550946773, 3.500000000000000000 ) ) ;
#3274 = CARTESIAN_POINT ( 'NONE',  ( 0.000000000000000000, 0.000000000000000000, 2.384710442146979581 ) ) ;
#3275 = DIRECTION ( 'NONE',  ( -0.000000000000000000, 0.000000000000000000, 1.000000000000000000 ) ) ;
#3276 = DIRECTION ( 'NONE',  ( -0.000000000000000000, -0.000000000000000000, 1.000000000000000000 ) ) ;
#3277 = ORIENTED_EDGE ( 'NONE', *, *, #3458, .F. ) ;
#3278 = EDGE_CURVE ( 'NONE', #3301, #112, #1711, .T. ) ;
#3279 = ORIENTED_EDGE ( 'NONE', *, *, #3752, .F. ) ;
#3280 = CARTESIAN_POINT ( 'NONE',  ( 0.000000000000000000, 0.000000000000000000, 0.000000000000000000 ) ) ;
#3281 = VERTEX_POINT ( 'NONE', #1703 ) ;
#3282 = ADVANCED_FACE ( 'NONE', ( #247 ), #31, .F. ) ;
#3283 = DIRECTION ( 'NONE',  ( 0.000000000000000000, -1.000000000000000000, 0.000000000000000000 ) ) ;
#3284 = DIRECTION ( 'NONE',  ( -1.000000000000000000, -0.000000000000000000, -0.000000000000000000 ) ) ;
#3285 = VERTEX_POINT ( 'NONE', #548 ) ;
#3286 = VECTOR ( 'NONE', #2461, 1000.000000000000000 ) ;
#3287 = CARTESIAN_POINT ( 'NONE',  ( 21.00000000000000355, 18.00000000000000355, 16.19749999999999801 ) ) ;
#3288 = CARTESIAN_POINT ( 'NONE',  ( 0.000000000000000000, 0.000000000000000000, -5.000000000000000000 ) ) ;
#3289 = LINE ( 'NONE', #3334, #2563 ) ;
#3290 = CARTESIAN_POINT ( 'NONE',  ( 26.57787749703416225, 18.00000000000000355, 16.19749999999999801 ) ) ;
#3291 = CARTESIAN_POINT ( 'NONE',  ( 8.499999999999971578, 10.82531754730550055, 0.000000000000000000 ) ) ;
#3292 = MECHANICAL_DESIGN_GEOMETRIC_PRESENTATION_REPRESENTATION (  '', ( #1063 ), #3657 ) ;
#3293 = DIRECTION ( 'NONE',  ( 0.8660254037844434816, 0.4999999999999916733, 0.000000000000000000 ) ) ;
#3294 = CIRCLE ( 'NONE', #263, 12.80000000000000071 ) ;
#3295 = ORIENTED_EDGE ( 'NONE', *, *, #710, .F. ) ;
#3296 = CIRCLE ( 'NONE', #3599, 22.79999999999999361 ) ;
#3297 = ORIENTED_EDGE ( 'NONE', *, *, #2336, .F. ) ;
#3298 = ORIENTED_EDGE ( 'NONE', *, *, #3506, .T. ) ;
#3299 = AXIS2_PLACEMENT_3D ( 'NONE', #3535, #363, #1533 ) ;
#3300 = CARTESIAN_POINT ( 'NONE',  ( 0.000000000000000000, 0.000000000000000000, -1.000000000000000000 ) ) ;
#3301 = VERTEX_POINT ( 'NONE', #1725 ) ;
#3302 = AXIS2_PLACEMENT_3D ( 'NONE', #1633, #1085, #3133 ) ;
#3303 = EDGE_CURVE ( 'NONE', #3412, #1712, #538, .T. ) ;
#3304 = CIRCLE ( 'NONE', #407, 1.249999999999999334 ) ;
#3305 = DIRECTION ( 'NONE',  ( 0.000000000000000000, 0.000000000000000000, -1.000000000000000000 ) ) ;
#3306 = ORIENTED_EDGE ( 'NONE', *, *, #2589, .F. ) ;
#3307 = VERTEX_POINT ( 'NONE', #1039 ) ;
#3308 = AXIS2_PLACEMENT_3D ( 'NONE', #3820, #1230, #949 ) ;
#3309 = EDGE_CURVE ( 'NONE', #2311, #2728, #1028, .T. ) ;
#3310 = EDGE_CURVE ( 'NONE', #539, #2669, #3380, .T. ) ;
#3311 = LINE ( 'NONE', #2154, #3528 ) ;
#3312 = CARTESIAN_POINT ( 'NONE',  ( -22.23551971678631389, -5.880617563182218177, 5.500000000000005329 ) ) ;
#3313 = AXIS2_PLACEMENT_3D ( 'NONE', #1694, #1402, #2009 ) ;
#3314 = CARTESIAN_POINT ( 'NONE',  ( 0.000000000000000000, 0.000000000000000000, 0.000000000000000000 ) ) ;
#3315 = DIRECTION ( 'NONE',  ( 0.000000000000000000, 0.000000000000000000, -1.000000000000000000 ) ) ;
#3316 = EDGE_CURVE ( 'NONE', #1907, #887, #1033, .T. ) ;
#3317 = CIRCLE ( 'NONE', #1273, 1.999999999999998224 ) ;
#3318 = CYLINDRICAL_SURFACE ( 'NONE', #1827, 1.249999999999999334 ) ;
#3319 = CARTESIAN_POINT ( 'NONE',  ( 15.42163336986838118, 16.21105253231147714, 5.500000000000000000 ) ) ;
#3320 = VERTEX_POINT ( 'NONE', #1378 ) ;
#3321 = CIRCLE ( 'NONE', #483, 1.000000000000021760 ) ;
#3322 = ORIENTED_EDGE ( 'NONE', *, *, #1649, .F. ) ;
#3323 = EDGE_CURVE ( 'NONE', #554, #814, #1214, .T. ) ;
#3324 = ORIENTED_EDGE ( 'NONE', *, *, #1122, .T. ) ;
#3325 = ORIENTED_EDGE ( 'NONE', *, *, #1693, .T. ) ;
#3326 = DIRECTION ( 'NONE',  ( -1.000000000000000000, 0.000000000000000000, 0.000000000000000000 ) ) ;
#3327 = LINE ( 'NONE', #607, #95 ) ;
#3328 = ORIENTED_EDGE ( 'NONE', *, *, #971, .F. ) ;
#3329 = ORIENTED_EDGE ( 'NONE', *, *, #3310, .T. ) ;
#3330 = ADVANCED_FACE ( 'NONE', ( #463 ), #1020, .F. ) ;
#3331 = CARTESIAN_POINT ( 'NONE',  ( 7.624999999999828582, -18.83605253231165122, 5.499999999999998224 ) ) ;
#3332 = CARTESIAN_POINT ( 'NONE',  ( 5.893437942832979282, 21.71215872700178906, 22.00000000000000000 ) ) ;
#3333 = ORIENTED_EDGE ( 'NONE', *, *, #41, .T. ) ;
#3334 = CARTESIAN_POINT ( 'NONE',  ( 22.00000000000000355, 18.00000000000000355, 22.94749999999998735 ) ) ;
#3335 = LINE ( 'NONE', #707, #581 ) ;
#3336 = EDGE_CURVE ( 'NONE', #2166, #1157, #1714, .T. ) ;
#3337 = DIRECTION ( 'NONE',  ( 0.000000000000000000, 1.000000000000000000, 0.000000000000000000 ) ) ;
#3338 = DIRECTION ( 'NONE',  ( -0.8660254037844364872, 0.5000000000000037748, 0.000000000000000000 ) ) ;
#3339 = VERTEX_POINT ( 'NONE', #3432 ) ;
#3340 = EDGE_LOOP ( 'NONE', ( #3794, #372, #1930, #2173 ) ) ;
#3341 = VERTEX_POINT ( 'NONE', #757 ) ;
#3342 = CYLINDRICAL_SURFACE ( 'NONE', #1520, 24.19999999999999929 ) ;
#3343 = DIRECTION ( 'NONE',  ( 0.000000000000000000, 0.000000000000000000, 1.000000000000000000 ) ) ;
#3344 = ORIENTED_EDGE ( 'NONE', *, *, #2261, .F. ) ;
#3345 = CARTESIAN_POINT ( 'NONE',  ( 10.87500000000009237, 18.83605253231149845, 22.00000000000000000 ) ) ;
#3346 = VERTEX_POINT ( 'NONE', #811 ) ;
#3347 = DIRECTION ( 'NONE',  ( 0.000000000000000000, 1.000000000000000000, 0.000000000000000000 ) ) ;
#3348 = DIRECTION ( 'NONE',  ( 1.000000000000000000, 0.000000000000000000, -0.000000000000000000 ) ) ;
#3349 = DIRECTION ( 'NONE',  ( 0.000000000000000000, 1.000000000000000000, 0.000000000000000000 ) ) ;
#3350 = EDGE_CURVE ( 'NONE', #859, #2896, #2396, .T. ) ;
#3351 = DIRECTION ( 'NONE',  ( 1.000000000000000000, 0.000000000000000000, 0.000000000000000000 ) ) ;
#3352 = FACE_OUTER_BOUND ( 'NONE', #2349, .T. ) ;
#3353 = ORIENTED_EDGE ( 'NONE', *, *, #33, .T. ) ;
#3354 = VECTOR ( 'NONE', #3136, 1000.000000000000000 ) ;
#3355 = EDGE_CURVE ( 'NONE', #2153, #3677, #225, .T. ) ;
#3356 = VECTOR ( 'NONE', #817, 1000.000000000000000 ) ;
#3357 = EDGE_CURVE ( 'NONE', #2647, #1898, #3739, .T. ) ;
#3358 = VECTOR ( 'NONE', #75, 1000.000000000000000 ) ;
#3359 = ORIENTED_EDGE ( 'NONE', *, *, #1449, .T. ) ;
#3360 = ORIENTED_EDGE ( 'NONE', *, *, #3309, .T. ) ;
#3361 = DIRECTION ( 'NONE',  ( 0.000000000000000000, 0.000000000000000000, 1.000000000000000000 ) ) ;
#3362 = DIRECTION ( 'NONE',  ( 1.000000000000000000, 0.000000000000000000, 0.000000000000000000 ) ) ;
#3363 = CARTESIAN_POINT ( 'NONE',  ( 0.000000000000000000, 0.000000000000000000, -5.000000000000000000 ) ) ;
#3364 = CIRCLE ( 'NONE', #3047, 2.502212389380531476 ) ;
#3365 = CIRCLE ( 'NONE', #1507, 12.79999999999998117 ) ;
#3366 = AXIS2_PLACEMENT_3D ( 'NONE', #2099, #1866, #3272 ) ;
#3367 = DIRECTION ( 'NONE',  ( -0.000000000000000000, -0.000000000000000000, -1.000000000000000000 ) ) ;
#3368 = DIRECTION ( 'NONE',  ( -1.000000000000000000, 0.000000000000000000, 0.000000000000000000 ) ) ;
#3369 = CYLINDRICAL_SURFACE ( 'NONE', #1276, 12.80000000000000071 ) ;
#3370 = CIRCLE ( 'NONE', #1143, 22.79999999999999716 ) ;
#3371 = CIRCLE ( 'NONE', #1704, 2.250000000000000444 ) ;
#3372 = DIRECTION ( 'NONE',  ( 1.000000000000000000, 0.000000000000000000, 0.000000000000000000 ) ) ;
#3373 = CARTESIAN_POINT ( 'NONE',  ( 22.00000000000000355, 18.00000000000000711, 8.697499999999996234 ) ) ;
#3374 = ORIENTED_EDGE ( 'NONE', *, *, #338, .F. ) ;
#3375 = VECTOR ( 'NONE', #387, 1000.000000000000000 ) ;
#3376 = ORIENTED_EDGE ( 'NONE', *, *, #527, .F. ) ;
#3377 = CARTESIAN_POINT ( 'NONE',  ( 15.85656205716719924, 15.95994633762120785, 3.500000000000000000 ) ) ;
#3378 = CIRCLE ( 'NONE', #2509, 25.00000000000021672 ) ;
#3379 = CARTESIAN_POINT ( 'NONE',  ( 5.893437942832979282, 21.71215872700178906, 5.499999999999998224 ) ) ;
#3380 = CIRCLE ( 'NONE', #1398, 3.249999999999999556 ) ;
#3381 = DIRECTION ( 'NONE',  ( -0.000000000000000000, -0.000000000000000000, -1.000000000000000000 ) ) ;
#3382 = DIRECTION ( 'NONE',  ( -0.7555112546663027562, -0.6551356684478024661, -0.000000000000000000 ) ) ;
#3383 = EDGE_CURVE ( 'NONE', #604, #2915, #735, .T. ) ;
#3384 = FILL_AREA_STYLE_COLOUR ( '', #1822 ) ;
#3385 = CARTESIAN_POINT ( 'NONE',  ( 27.00000000000000355, 23.99999999999999645, -38.18376618407356915 ) ) ;
#3386 = DIRECTION ( 'NONE',  ( 1.000000000000000000, 0.000000000000000000, -0.000000000000000000 ) ) ;
#3387 = ORIENTED_EDGE ( 'NONE', *, *, #851, .F. ) ;
#3388 = EDGE_CURVE ( 'NONE', #224, #2812, #2566, .T. ) ;
#3389 = CARTESIAN_POINT ( 'NONE',  ( -24.99999999999999645, 3.061616997868380676E-15, 22.00000000000000000 ) ) ;
#3390 = DIRECTION ( 'NONE',  ( 1.000000000000000000, 0.000000000000000000, 0.000000000000000000 ) ) ;
#3391 = ORIENTED_EDGE ( 'NONE', *, *, #1508, .T. ) ;
#3392 = CYLINDRICAL_SURFACE ( 'NONE', #1069, 0.9999999999999991118 ) ;
#3393 = ORIENTED_EDGE ( 'NONE', *, *, #2748, .T. ) ;
#3394 = DIRECTION ( 'NONE',  ( -0.000000000000000000, -0.000000000000000000, -1.000000000000000000 ) ) ;
#3395 = CARTESIAN_POINT ( 'NONE',  ( 22.00000000000000355, 18.00000000000000355, 23.69749999999999801 ) ) ;
#3396 = ADVANCED_FACE ( 'NONE', ( #3700 ), #3685, .F. ) ;
#3397 = DIRECTION ( 'NONE',  ( 0.000000000000000000, 0.000000000000000000, 1.000000000000000000 ) ) ;
#3398 = DIRECTION ( 'NONE',  ( 1.000000000000000000, 0.000000000000000000, 0.000000000000000000 ) ) ;
#3399 = CIRCLE ( 'NONE', #62, 12.79999999999997407 ) ;
#3400 = EDGE_CURVE ( 'NONE', #2017, #2964, #3065, .T. ) ;
#3401 = CARTESIAN_POINT ( 'NONE',  ( -24.16904317041991135, -6.391975612154586983, 22.00000000000000000 ) ) ;
#3402 = LINE ( 'NONE', #446, #2801 ) ;
#3403 = FACE_OUTER_BOUND ( 'NONE', #1099, .T. ) ;
#3404 = CARTESIAN_POINT ( 'NONE',  ( -21.75000000000000711, -2.602085213965210642E-15, 42.34152742581890294 ) ) ;
#3405 = DIRECTION ( 'NONE',  ( 1.000000000000000000, 0.000000000000000000, 0.000000000000000000 ) ) ;
#3406 = ORIENTED_EDGE ( 'NONE', *, *, #2982, .F. ) ;
#3407 = DIRECTION ( 'NONE',  ( 0.000000000000000000, 0.000000000000000000, -1.000000000000000000 ) ) ;
#3408 = EDGE_LOOP ( 'NONE', ( #1797, #3764, #734, #1721 ) ) ;
#3409 = VECTOR ( 'NONE', #3036, 1000.000000000000000 ) ;
#3410 = CARTESIAN_POINT ( 'NONE',  ( -8.550676131883223619, -9.525016414035309964, 0.000000000000000000 ) ) ;
#3411 = CARTESIAN_POINT ( 'NONE',  ( 26.50000000000002842, 18.00000000000000355, 23.69749999999999801 ) ) ;
#3412 = VERTEX_POINT ( 'NONE', #3156 ) ;
#3413 = CIRCLE ( 'NONE', #76, 0.5022123893805297001 ) ;
#3414 = DIRECTION ( 'NONE',  ( -1.000000000000000000, 0.000000000000000000, 0.000000000000000000 ) ) ;
#3415 = DIRECTION ( 'NONE',  ( 0.000000000000000000, 1.000000000000000000, 0.000000000000000000 ) ) ;
#3416 = EDGE_CURVE ( 'NONE', #2395, #3079, #2551, .T. ) ;
#3417 = VECTOR ( 'NONE', #1070, 1000.000000000000000 ) ;
#3418 = CARTESIAN_POINT ( 'NONE',  ( -22.25221238938053148, -5.752212389380532365, 3.500000000000000000 ) ) ;
#3419 = DIRECTION ( 'NONE',  ( 0.000000000000000000, 0.000000000000000000, 1.000000000000000000 ) ) ;
#3420 = DIRECTION ( 'NONE',  ( -1.000000000000000000, 1.445602896647339410E-16, -0.000000000000000000 ) ) ;
#3421 = ADVANCED_FACE ( 'NONE', ( #2860 ), #2238, .F. ) ;
#3422 = LINE ( 'NONE', #3075, #2795 ) ;
#3423 = DIRECTION ( 'NONE',  ( -0.000000000000000000, -0.000000000000000000, -1.000000000000000000 ) ) ;
#3424 = CIRCLE ( 'NONE', #3668, 25.00000000000000000 ) ;
#3425 = CARTESIAN_POINT ( 'NONE',  ( 22.00000000000000355, 18.00000000000000711, 8.697499999999996234 ) ) ;
#3426 = EDGE_CURVE ( 'NONE', #1581, #2029, #441, .T. ) ;
#3427 = ORIENTED_EDGE ( 'NONE', *, *, #1987, .F. ) ;
#3428 = DIRECTION ( 'NONE',  ( 0.000000000000000000, 0.000000000000000000, 1.000000000000000000 ) ) ;
#3429 = VECTOR ( 'NONE', #985, 1000.000000000000114 ) ;
#3430 = EDGE_CURVE ( 'NONE', #942, #2067, #1972, .T. ) ;
#3431 = CIRCLE ( 'NONE', #911, 23.00000000000000000 ) ;
#3432 = CARTESIAN_POINT ( 'NONE',  ( -8.624999999999998224, 0.000000000000000000, 2.384710442146979581 ) ) ;
#3433 = CARTESIAN_POINT ( 'NONE',  ( 11.05378135732942368, 8.261592927780727180, 0.000000000000000000 ) ) ;
#3434 = ORIENTED_EDGE ( 'NONE', *, *, #1100, .F. ) ;
#3435 = LINE ( 'NONE', #1112, #1126 ) ;
#3436 = CARTESIAN_POINT ( 'NONE',  ( -14.75000000000000178, 0.000000000000000000, 28.00000000000000000 ) ) ;
#3437 = ORIENTED_EDGE ( 'NONE', *, *, #3350, .F. ) ;
#3438 = DIRECTION ( 'NONE',  ( 1.000000000000000000, 0.000000000000000000, 0.000000000000000000 ) ) ;
#3439 = ADVANCED_FACE ( 'NONE', ( #1619 ), #1667, .F. ) ;
#3440 = CARTESIAN_POINT ( 'NONE',  ( 16.45280798681594092, 14.26692361194121084, 3.500000000000000000 ) ) ;
#3441 = DIRECTION ( 'NONE',  ( 0.000000000000000000, 0.000000000000000000, 1.000000000000000000 ) ) ;
#3442 = ORIENTED_EDGE ( 'NONE', *, *, #2018, .T. ) ;
#3443 = CYLINDRICAL_SURFACE ( 'NONE', #3666, 1.750000000000001554 ) ;
#3444 = EDGE_CURVE ( 'NONE', #51, #3505, #1891, .T. ) ;
#3445 = ORIENTED_EDGE ( 'NONE', *, *, #3686, .F. ) ;
#3446 = DIRECTION ( 'NONE',  ( 1.000000000000000000, 0.000000000000000000, 0.000000000000000000 ) ) ;
#3447 = LINE ( 'NONE', #179, #1147 ) ;
#3448 = CARTESIAN_POINT ( 'NONE',  ( 0.000000000000000000, 0.000000000000000000, -5.000000000000000000 ) ) ;
#3449 = CARTESIAN_POINT ( 'NONE',  ( 26.50000000000000000, 0.000000000000000000, 0.000000000000000000 ) ) ;
#3450 = ORIENTED_EDGE ( 'NONE', *, *, #127, .F. ) ;
#3451 = DIRECTION ( 'NONE',  ( 0.000000000000000000, 0.000000000000000000, 1.000000000000000000 ) ) ;
#3452 = DIRECTION ( 'NONE',  ( 1.000000000000000000, 0.000000000000000000, 0.000000000000000000 ) ) ;
#3453 = DIRECTION ( 'NONE',  ( 1.000000000000000000, 0.000000000000000000, 0.000000000000000000 ) ) ;
#3454 = DIRECTION ( 'NONE',  ( -0.000000000000000000, -0.000000000000000000, -1.000000000000000000 ) ) ;
#3455 = FACE_BOUND ( 'NONE', #2454, .T. ) ;
#3456 = DIRECTION ( 'NONE',  ( 1.000000000000000000, -1.445602896647339410E-16, 0.000000000000000000 ) ) ;
#3457 = ORIENTED_EDGE ( 'NONE', *, *, #3042, .F. ) ;
#3458 = EDGE_CURVE ( 'NONE', #3307, #1654, #84, .T. ) ;
#3459 = ORIENTED_EDGE ( 'NONE', *, *, #498, .F. ) ;
#3460 = CARTESIAN_POINT ( 'NONE',  ( 6.249999999999971578, 10.82531754730550055, 3.499999999999999556 ) ) ;
#3461 = EDGE_CURVE ( 'NONE', #1800, #302, #715, .T. ) ;
#3462 = VECTOR ( 'NONE', #3276, 1000.000000000000000 ) ;
#3463 = ORIENTED_EDGE ( 'NONE', *, *, #3383, .F. ) ;
#3464 = CARTESIAN_POINT ( 'NONE',  ( 12.80000000000000071, 0.000000000000000000, 0.000000000000000000 ) ) ;
#3465 = VECTOR ( 'NONE', #1363, 1000.000000000000000 ) ;
#3466 = ORIENTED_EDGE ( 'NONE', *, *, #1449, .F. ) ;
#3467 = EDGE_CURVE ( 'NONE', #2698, #3281, #1830, .T. ) ;
#3468 = VECTOR ( 'NONE', #1291, 1000.000000000000000 ) ;
#3469 = VERTEX_POINT ( 'NONE', #2851 ) ;
#3470 = AXIS2_PLACEMENT_3D ( 'NONE', #3290, #117, #3349 ) ;
#3471 = DIRECTION ( 'NONE',  ( -1.000000000000000000, 1.445602896647339163E-16, 0.000000000000000000 ) ) ;
#3472 = CARTESIAN_POINT ( 'NONE',  ( 17.89271171284464756, 14.13120191494806832, 0.000000000000000000 ) ) ;
#3473 = EDGE_LOOP ( 'NONE', ( #1003, #3209, #2360, #1170, #944 ) ) ;
#3474 = CARTESIAN_POINT ( 'NONE',  ( 25.00000000000000000, 0.000000000000000000, 32.39499999999999602 ) ) ;
#3475 = DIRECTION ( 'NONE',  ( 1.000000000000000000, 0.000000000000000000, 0.000000000000000000 ) ) ;
#3476 = VECTOR ( 'NONE', #1768, 1000.000000000000000 ) ;
#3477 = PLANE ( 'NONE',  #2810 ) ;
#3478 = DIRECTION ( 'NONE',  ( -1.000000000000000000, -0.000000000000000000, -0.000000000000000000 ) ) ;
#3479 = ORIENTED_EDGE ( 'NONE', *, *, #248, .F. ) ;
#3480 = AXIS2_PLACEMENT_3D ( 'NONE', #2815, #3419, #2778 ) ;
#3481 = CARTESIAN_POINT ( 'NONE',  ( 6.249999999999971578, 10.82531754730550055, 28.00000000000000000 ) ) ;
#3482 = CARTESIAN_POINT ( 'NONE',  ( 26.57787749703416225, 18.00000000000000355, 16.19749999999999801 ) ) ;
#3483 = VERTEX_POINT ( 'NONE', #1916 ) ;
#3484 = CIRCLE ( 'NONE', #1512, 23.00000000000000000 ) ;
#3485 = EDGE_CURVE ( 'NONE', #2964, #2473, #2274, .T. ) ;
#3486 = ORIENTED_EDGE ( 'NONE', *, *, #181, .T. ) ;
#3487 = AXIS2_PLACEMENT_3D ( 'NONE', #3280, #1243, #3218 ) ;
#3488 = DIRECTION ( 'NONE',  ( 0.000000000000000000, 0.000000000000000000, 1.000000000000000000 ) ) ;
#3489 = AXIS2_PLACEMENT_3D ( 'NONE', #2637, #3818, #1167 ) ;
#3490 = ADVANCED_FACE ( 'NONE', ( #1652 ), #2250, .F. ) ;
#3491 = ORIENTED_EDGE ( 'NONE', *, *, #1008, .T. ) ;
#3492 = CARTESIAN_POINT ( 'NONE',  ( 0.000000000000000000, 0.000000000000000000, 2.000000000000000000 ) ) ;
#3493 = DIRECTION ( 'NONE',  ( -0.000000000000000000, -0.000000000000000000, -1.000000000000000000 ) ) ;
#3494 = VERTEX_POINT ( 'NONE', #477 ) ;
#3495 = VERTEX_POINT ( 'NONE', #3678 ) ;
#3496 = CIRCLE ( 'NONE', #2512, 5.250000000000000888 ) ;
#3497 = ORIENTED_EDGE ( 'NONE', *, *, #1327, .F. ) ;
#3498 = DIRECTION ( 'NONE',  ( 0.7048053938282525799, -0.7094007025867691274, 0.000000000000000000 ) ) ;
#3499 = DIRECTION ( 'NONE',  ( 0.000000000000000000, 0.000000000000000000, 1.000000000000000000 ) ) ;
#3500 = CARTESIAN_POINT ( 'NONE',  ( -15.68358689540456652, -15.10844472784323500, 3.500000000000000000 ) ) ;
#3501 = DIRECTION ( 'NONE',  ( -0.000000000000000000, -0.000000000000000000, -1.000000000000000000 ) ) ;
#3502 = CYLINDRICAL_SURFACE ( 'NONE', #3658, 25.50000000000000000 ) ;
#3503 = VERTEX_POINT ( 'NONE', #1338 ) ;
#3504 = ORIENTED_EDGE ( 'NONE', *, *, #273, .F. ) ;
#3505 = VERTEX_POINT ( 'NONE', #3753 ) ;
#3506 = EDGE_CURVE ( 'NONE', #1120, #868, #895, .T. ) ;
#3507 = CARTESIAN_POINT ( 'NONE',  ( -15.67741456565872937, -16.55471753115924827, 0.000000000000000000 ) ) ;
#3508 = CARTESIAN_POINT ( 'NONE',  ( -23.00000000000000711, -2.602085213965210642E-15, 3.500000000000003109 ) ) ;
#3509 = FACE_OUTER_BOUND ( 'NONE', #2960, .T. ) ;
#3510 = VERTEX_POINT ( 'NONE', #2496 ) ;
#3511 = EDGE_CURVE ( 'NONE', #1526, #2311, #191, .T. ) ;
#3512 = EDGE_LOOP ( 'NONE', ( #1858, #389, #3262, #3268 ) ) ;
#3513 = ADVANCED_FACE ( 'NONE', ( #2531 ), #3392, .F. ) ;
#3514 = CARTESIAN_POINT ( 'NONE',  ( 22.00000000000000355, 18.00000000000000711, 7.947499999999989129 ) ) ;
#3515 = DIRECTION ( 'NONE',  ( -0.6551356684478025771, 0.7555112546663028672, 0.000000000000000000 ) ) ;
#3516 = DIRECTION ( 'NONE',  ( 0.000000000000000000, 0.000000000000000000, -1.000000000000000000 ) ) ;
#3517 = CARTESIAN_POINT ( 'NONE',  ( 10.87500000000009237, 18.83605253231149845, 42.34152742581890294 ) ) ;
#3518 = ORIENTED_EDGE ( 'NONE', *, *, #2269, .F. ) ;
#3519 = DIRECTION ( 'NONE',  ( 1.000000000000000000, 0.000000000000000000, 0.000000000000000000 ) ) ;
#3520 = LINE ( 'NONE', #596, #2906 ) ;
#3521 = ORIENTED_EDGE ( 'NONE', *, *, #479, .T. ) ;
#3522 = CYLINDRICAL_SURFACE ( 'NONE', #3679, 2.502212389380527924 ) ;
#3523 = CARTESIAN_POINT ( 'NONE',  ( 0.000000000000000000, 0.000000000000000000, 3.500000000000000000 ) ) ;
#3524 = CIRCLE ( 'NONE', #3710, 25.50000000000000000 ) ;
#3525 = FACE_OUTER_BOUND ( 'NONE', #2887, .T. ) ;
#3526 = ORIENTED_EDGE ( 'NONE', *, *, #1360, .F. ) ;
#3527 = ORIENTED_EDGE ( 'NONE', *, *, #1584, .T. ) ;
#3528 = VECTOR ( 'NONE', #1791, 1000.000000000000000 ) ;
#3529 = CIRCLE ( 'NONE', #3, 1.000000000000000888 ) ;
#3530 = DIRECTION ( 'NONE',  ( 1.000000000000000000, 0.000000000000000000, 0.000000000000000000 ) ) ;
#3531 = CARTESIAN_POINT ( 'NONE',  ( 17.62013484570628918, -17.73501756466933088, 42.34152742581890294 ) ) ;
#3532 = ADVANCED_FACE ( 'NONE', ( #1394 ), #3443, .F. ) ;
#3533 = DIRECTION ( 'NONE',  ( -1.000000000000000000, 0.000000000000000000, 0.000000000000000000 ) ) ;
#3534 = FACE_OUTER_BOUND ( 'NONE', #2928, .T. ) ;
#3535 = CARTESIAN_POINT ( 'NONE',  ( -22.25221238938053148, -5.752212389380532365, 5.499999999999998224 ) ) ;
#3536 = CARTESIAN_POINT ( 'NONE',  ( -21.75000000000000355, 5.249999999999997335, 3.500000000000000000 ) ) ;
#3537 = AXIS2_PLACEMENT_3D ( 'NONE', #1372, #2289, #3407 ) ;
#3538 = AXIS2_PLACEMENT_3D ( 'NONE', #435, #1927, #155 ) ;
#3539 = VERTEX_POINT ( 'NONE', #157 ) ;
#3540 = ADVANCED_FACE ( 'NONE', ( #1929 ), #2314, .F. ) ;
#3541 = AXIS2_PLACEMENT_3D ( 'NONE', #2191, #2830, #1624 ) ;
#3542 = ORIENTED_EDGE ( 'NONE', *, *, #165, .F. ) ;
#3543 = EDGE_LOOP ( 'NONE', ( #2282, #177, #2880, #628 ) ) ;
#3544 = DIRECTION ( 'NONE',  ( -0.000000000000000000, -0.000000000000000000, -1.000000000000000000 ) ) ;
#3545 = AXIS2_PLACEMENT_3D ( 'NONE', #428, #3067, #2811 ) ;
#3546 = EDGE_CURVE ( 'NONE', #3830, #1876, #1948, .T. ) ;
#3547 = CARTESIAN_POINT ( 'NONE',  ( 15.42163336986815381, -16.21105253231168675, 5.500000000000000000 ) ) ;
#3548 = DIRECTION ( 'NONE',  ( 0.000000000000000000, 0.000000000000000000, 1.000000000000000000 ) ) ;
#3549 = ORIENTED_EDGE ( 'NONE', *, *, #459, .T. ) ;
#3550 = AXIS2_PLACEMENT_3D ( 'NONE', #613, #1399, #3229 ) ;
#3551 = ORIENTED_EDGE ( 'NONE', *, *, #3134, .T. ) ;
#3552 = AXIS2_PLACEMENT_3D ( 'NONE', #187, #2474, #448 ) ;
#3553 = DIRECTION ( 'NONE',  ( 0.000000000000000000, 0.000000000000000000, 1.000000000000000000 ) ) ;
#3554 = DIRECTION ( 'NONE',  ( 1.445602896647339410E-16, 1.000000000000000000, 0.000000000000000000 ) ) ;
#3555 = ADVANCED_FACE ( 'NONE', ( #3094, #3150, #2570, #509 ), #456, .T. ) ;
#3556 = CYLINDRICAL_SURFACE ( 'NONE', #289, 27.00000000000000000 ) ;
#3557 = CARTESIAN_POINT ( 'NONE',  ( 1.627858672519191696, -13.70365192721648384, 3.500000000000000000 ) ) ;
#3558 = AXIS2_PLACEMENT_3D ( 'NONE', #2482, #485, #1657 ) ;
#3559 = FACE_OUTER_BOUND ( 'NONE', #3340, .T. ) ;
#3560 = CARTESIAN_POINT ( 'NONE',  ( 10.87499999999982947, -18.83605253231165122, 42.34152742581890294 ) ) ;
#3561 = ORIENTED_EDGE ( 'NONE', *, *, #3112, .T. ) ;
#3562 = EDGE_CURVE ( 'NONE', #2146, #982, #2007, .T. ) ;
#3563 = VERTEX_POINT ( 'NONE', #1487 ) ;
#3564 = ORIENTED_EDGE ( 'NONE', *, *, #1008, .F. ) ;
#3565 = DIRECTION ( 'NONE',  ( -1.000000000000000000, 0.000000000000000000, 0.000000000000000000 ) ) ;
#3566 = DIRECTION ( 'NONE',  ( 0.000000000000000000, 0.000000000000000000, -1.000000000000000000 ) ) ;
#3567 = DIRECTION ( 'NONE',  ( -0.000000000000000000, -0.000000000000000000, 1.000000000000000000 ) ) ;
#3568 = EDGE_LOOP ( 'NONE', ( #716, #1267, #2445, #3434 ) ) ;
#3569 = ORIENTED_EDGE ( 'NONE', *, *, #2063, .T. ) ;
#3570 = DIRECTION ( 'NONE',  ( 0.000000000000000000, 0.000000000000000000, 1.000000000000000000 ) ) ;
#3571 = FACE_OUTER_BOUND ( 'NONE', #1807, .T. ) ;
#3572 = FACE_OUTER_BOUND ( 'NONE', #1724, .T. ) ;
#3573 = DIRECTION ( 'NONE',  ( -0.000000000000000000, -0.000000000000000000, -1.000000000000000000 ) ) ;
#3574 = ORIENTED_EDGE ( 'NONE', *, *, #2109, .T. ) ;
#3575 = DIRECTION ( 'NONE',  ( -1.000000000000000000, 0.000000000000000000, 0.000000000000000000 ) ) ;
#3576 = DIRECTION ( 'NONE',  ( 0.7071067811865449082, 8.659560562354964906E-17, 0.7071067811865501263 ) ) ;
#3577 = EDGE_CURVE ( 'NONE', #1654, #554, #1197, .T. ) ;
#3578 = ADVANCED_FACE ( 'NONE', ( #2646 ), #147, .F. ) ;
#3579 = ORIENTED_EDGE ( 'NONE', *, *, #1903, .F. ) ;
#3580 = ORIENTED_EDGE ( 'NONE', *, *, #1148, .F. ) ;
#3581 = FACE_OUTER_BOUND ( 'NONE', #28, .T. ) ;
#3582 = ADVANCED_FACE ( 'NONE', ( #1730 ), #3230, .T. ) ;
#3583 = EDGE_CURVE ( 'NONE', #2733, #2752, #1572, .T. ) ;
#3584 = DIRECTION ( 'NONE',  ( 1.000000000000000000, 0.000000000000000000, 0.000000000000000000 ) ) ;
#3585 = ORIENTED_EDGE ( 'NONE', *, *, #1850, .F. ) ;
#3586 = ADVANCED_FACE ( 'NONE', ( #2629 ), #342, .F. ) ;
#3587 = ORIENTED_EDGE ( 'NONE', *, *, #3697, .T. ) ;
#3588 = DIRECTION ( 'NONE',  ( 1.000000000000000000, -1.445602896647339410E-16, 0.000000000000000000 ) ) ;
#3589 = DIRECTION ( 'NONE',  ( 1.000000000000000000, 0.000000000000000000, 0.000000000000000000 ) ) ;
#3590 = DIRECTION ( 'NONE',  ( 0.9667617268167961742, -0.2556790244861835149, 0.000000000000000000 ) ) ;
#3591 = CARTESIAN_POINT ( 'NONE',  ( 25.00000000000000000, 0.000000000000000000, 5.500000000000005329 ) ) ;
#3592 = AXIS2_PLACEMENT_3D ( 'NONE', #1037, #461, #794 ) ;
#3593 = EDGE_LOOP ( 'NONE', ( #2165, #1516, #3743, #43, #3479 ) ) ;
#3594 = DIRECTION ( 'NONE',  ( 1.000000000000000000, 0.000000000000000000, 0.000000000000000000 ) ) ;
#3595 = VECTOR ( 'NONE', #3367, 1000.000000000000000 ) ;
#3596 = CARTESIAN_POINT ( 'NONE',  ( 26.50000000000002842, 18.00000000000000355, 23.69749999999999801 ) ) ;
#3597 = ORIENTED_EDGE ( 'NONE', *, *, #3430, .F. ) ;
#3598 = VERTEX_POINT ( 'NONE', #591 ) ;
#3599 = AXIS2_PLACEMENT_3D ( 'NONE', #2408, #3002, #396 ) ;
#3600 = ORIENTED_EDGE ( 'NONE', *, *, #248, .T. ) ;
#3601 = ORIENTED_EDGE ( 'NONE', *, *, #1296, .T. ) ;
#3602 = AXIS2_PLACEMENT_3D ( 'NONE', #2422, #1870, #3594 ) ;
#3603 = CYLINDRICAL_SURFACE ( 'NONE', #1390, 2.502212389380531476 ) ;
#3604 = VERTEX_POINT ( 'NONE', #3500 ) ;
#3605 = EDGE_CURVE ( 'NONE', #2842, #928, #2613, .T. ) ;
#3606 = AXIS2_PLACEMENT_3D ( 'NONE', #3789, #3255, #2039 ) ;
#3607 = AXIS2_PLACEMENT_3D ( 'NONE', #2156, #1568, #2744 ) ;
#3608 = DIRECTION ( 'NONE',  ( -0.000000000000000000, -0.000000000000000000, 1.000000000000000000 ) ) ;
#3609 = ORIENTED_EDGE ( 'NONE', *, *, #3726, .F. ) ;
#3610 = EDGE_CURVE ( 'NONE', #3213, #1123, #401, .T. ) ;
#3611 = CIRCLE ( 'NONE', #1954, 4.400000000000001243 ) ;
#3612 = DIRECTION ( 'NONE',  ( 0.9609239238228686197, -0.2768125947728209413, 0.000000000000000000 ) ) ;
#3613 = FACE_BOUND ( 'NONE', #1601, .T. ) ;
#3614 = AXIS2_PLACEMENT_3D ( 'NONE', #1381, #2675, #621 ) ;
#3615 = CARTESIAN_POINT ( 'NONE',  ( 13.68958256229950798, 17.21105253231148424, 42.34152742581890294 ) ) ;
#3616 =( NAMED_UNIT ( * ) SI_UNIT ( $, .STERADIAN. ) SOLID_ANGLE_UNIT ( ) );
#3617 = AXIS2_PLACEMENT_3D ( 'NONE', #3411, #1951, #3516 ) ;
#3618 = CIRCLE ( 'NONE', #286, 8.624999999999998224 ) ;
#3619 = ORIENTED_EDGE ( 'NONE', *, *, #807, .F. ) ;
#3620 = DIRECTION ( 'NONE',  ( -0.000000000000000000, -0.000000000000000000, -1.000000000000000000 ) ) ;
#3621 = CARTESIAN_POINT ( 'NONE',  ( -6.498098651630353828, 21.85439804510020423, 0.000000000000000000 ) ) ;
#3622 = ORIENTED_EDGE ( 'NONE', *, *, #2589, .T. ) ;
#3623 = CIRCLE ( 'NONE', #795, 1.750000000000001554 ) ;
#3624 = ORIENTED_EDGE ( 'NONE', *, *, #2492, .F. ) ;
#3625 = ORIENTED_EDGE ( 'NONE', *, *, #1987, .T. ) ;
#3626 = ORIENTED_EDGE ( 'NONE', *, *, #1836, .T. ) ;
#3627 = ORIENTED_EDGE ( 'NONE', *, *, #338, .T. ) ;
#3628 = CARTESIAN_POINT ( 'NONE',  ( 9.625000000000092371, 18.83605253231149490, 3.500000000000003109 ) ) ;
#3629 = EDGE_CURVE ( 'NONE', #868, #3801, #3364, .T. ) ;
#3630 = DIRECTION ( 'NONE',  ( 0.000000000000000000, 0.000000000000000000, 1.000000000000000000 ) ) ;
#3631 = EDGE_LOOP ( 'NONE', ( #2435, #934, #3832, #410 ) ) ;
#3632 = ORIENTED_EDGE ( 'NONE', *, *, #361, .T. ) ;
#3633 = SURFACE_STYLE_FILL_AREA ( #413 ) ;
#3634 = EDGE_CURVE ( 'NONE', #1907, #3346, #1161, .T. ) ;
#3635 = DIRECTION ( 'NONE',  ( -0.000000000000000000, -0.000000000000000000, 1.000000000000000000 ) ) ;
#3636 = EDGE_LOOP ( 'NONE', ( #3450, #1095, #2984, #1180 ) ) ;
#3637 = DIRECTION ( 'NONE',  ( 1.000000000000000000, 0.000000000000000000, 0.000000000000000000 ) ) ;
#3638 = ADVANCED_FACE ( 'NONE', ( #3534 ), #901, .F. ) ;
#3639 = DIRECTION ( 'NONE',  ( -1.000000000000000000, -0.000000000000000000, -0.000000000000000000 ) ) ;
#3640 = FACE_OUTER_BOUND ( 'NONE', #1315, .T. ) ;
#3641 = EDGE_LOOP ( 'NONE', ( #1239, #1367, #368, #680 ) ) ;
#3642 = VERTEX_POINT ( 'NONE', #614 ) ;
#3643 = ORIENTED_EDGE ( 'NONE', *, *, #1874, .T. ) ;
#3644 = DIRECTION ( 'NONE',  ( 1.000000000000000000, 0.000000000000000000, 0.000000000000000000 ) ) ;
#3645 = CARTESIAN_POINT ( 'NONE',  ( 12.12500000000009059, 18.83605253231149490, 22.00000000000000000 ) ) ;
#3646 = CARTESIAN_POINT ( 'NONE',  ( 15.85656205716719924, 15.95994633762120785, 22.00000000000000000 ) ) ;
#3647 = ORIENTED_EDGE ( 'NONE', *, *, #2608, .F. ) ;
#3648 = SURFACE_SIDE_STYLE ('',( #3633 ) ) ;
#3649 = CYLINDRICAL_SURFACE ( 'NONE', #3793, 2.250000000000000444 ) ;
#3650 = ORIENTED_EDGE ( 'NONE', *, *, #2893, .T. ) ;
#3651 = DIRECTION ( 'NONE',  ( -0.000000000000000000, -0.000000000000000000, 1.000000000000000000 ) ) ;
#3652 = CARTESIAN_POINT ( 'NONE',  ( 4.129114288385057563, -21.38201148614072977, 3.500000000000000000 ) ) ;
#3653 = DIRECTION ( 'NONE',  ( -0.000000000000000000, -0.000000000000000000, 1.000000000000000000 ) ) ;
#3654 = EDGE_LOOP ( 'NONE', ( #2993, #3518 ) ) ;
#3655 = AXIS2_PLACEMENT_3D ( 'NONE', #2787, #3681, #847 ) ;
#3656 = ADVANCED_FACE ( 'NONE', ( #1411 ), #864, .F. ) ;
#3657 =( GEOMETRIC_REPRESENTATION_CONTEXT ( 3 ) GLOBAL_UNCERTAINTY_ASSIGNED_CONTEXT ( ( #2218 ) ) GLOBAL_UNIT_ASSIGNED_CONTEXT ( ( #2524, #1593, #114 ) ) REPRESENTATION_CONTEXT ( 'NONE', 'WORKASPACE' ) );
#3658 = AXIS2_PLACEMENT_3D ( 'NONE', #1146, #2899, #2916 ) ;
#3659 = ORIENTED_EDGE ( 'NONE', *, *, #1705, .T. ) ;
#3660 = CARTESIAN_POINT ( 'NONE',  ( 22.00000000000000355, 18.00000000000000711, 9.447500000000005116 ) ) ;
#3661 = CARTESIAN_POINT ( 'NONE',  ( -13.00836413501087030, 4.496939240301442098, 0.000000000000000000 ) ) ;
#3662 = EDGE_CURVE ( 'NONE', #3510, #1202, #3791, .T. ) ;
#3663 = DIRECTION ( 'NONE',  ( -0.000000000000000000, -0.000000000000000000, -1.000000000000000000 ) ) ;
#3664 = AXIS2_PLACEMENT_3D ( 'NONE', #2977, #1200, #2707 ) ;
#3665 = CARTESIAN_POINT ( 'NONE',  ( 6.395650332213509870, 21.71215872700178906, 3.500000000000000000 ) ) ;
#3666 = AXIS2_PLACEMENT_3D ( 'NONE', #3425, #494, #1103 ) ;
#3667 = ADVANCED_FACE ( 'NONE', ( #2390 ), #532, .T. ) ;
#3668 = AXIS2_PLACEMENT_3D ( 'NONE', #98, #1792, #2953 ) ;
#3669 = DIRECTION ( 'NONE',  ( 0.7071067811865474617, 8.659560562354932858E-17, 0.7071067811865474617 ) ) ;
#3670 = CARTESIAN_POINT ( 'NONE',  ( -22.23551971678631034, -5.880617563182219953, 3.500000000000000000 ) ) ;
#3671 = EDGE_LOOP ( 'NONE', ( #2922, #736, #3831, #2594 ) ) ;
#3672 = DIRECTION ( 'NONE',  ( 0.000000000000000000, 0.000000000000000000, -1.000000000000000000 ) ) ;
#3673 = AXIS2_PLACEMENT_3D ( 'NONE', #2828, #541, #2593 ) ;
#3674 = DIRECTION ( 'NONE',  ( -0.000000000000000000, -0.000000000000000000, -1.000000000000000000 ) ) ;
#3675 = EDGE_CURVE ( 'NONE', #3095, #1526, #2194, .T. ) ;
#3676 = FACE_OUTER_BOUND ( 'NONE', #3709, .T. ) ;
#3677 = VERTEX_POINT ( 'NONE', #3769 ) ;
#3678 = CARTESIAN_POINT ( 'NONE',  ( 4.147254514775083223, -21.57161999060867075, 3.500000000000000000 ) ) ;
#3679 = AXIS2_PLACEMENT_3D ( 'NONE', #3011, #888, #2068 ) ;
#3680 = EDGE_LOOP ( 'NONE', ( #1873, #2652, #3759, #2641 ) ) ;
#3681 = DIRECTION ( 'NONE',  ( -0.000000000000000000, -0.000000000000000000, -1.000000000000000000 ) ) ;
#3682 = AXIS2_PLACEMENT_3D ( 'NONE', #1610, #1366, #2193 ) ;
#3683 = EDGE_CURVE ( 'NONE', #2323, #2842, #1119, .T. ) ;
#3684 = DIRECTION ( 'NONE',  ( -0.000000000000000000, -0.000000000000000000, 1.000000000000000000 ) ) ;
#3685 = TOROIDAL_SURFACE ( 'NONE', #2026, 5.250000000000000000, 2.000000000000000000 ) ;
#3686 = EDGE_CURVE ( 'NONE', #2302, #2962, #1262, .T. ) ;
#3687 = CARTESIAN_POINT ( 'NONE',  ( 0.000000000000000000, 0.000000000000000000, -1.000000000000000000 ) ) ;
#3688 = CARTESIAN_POINT ( 'NONE',  ( -21.75000000000000711, -2.602085213965210642E-15, 22.00000000000000000 ) ) ;
#3689 = CARTESIAN_POINT ( 'NONE',  ( -25.50000000000000000, 3.122849337825750222E-15, -1.000000000000000000 ) ) ;
#3690 = CYLINDRICAL_SURFACE ( 'NONE', #344, 25.00000000000000000 ) ;
#3691 = DIRECTION ( 'NONE',  ( 1.000000000000000000, 0.000000000000000000, 0.000000000000000000 ) ) ;
#3692 = DIRECTION ( 'NONE',  ( 0.000000000000000000, 0.000000000000000000, -1.000000000000000000 ) ) ;
#3693 = CARTESIAN_POINT ( 'NONE',  ( 26.50000000000002842, 18.00000000000000711, 8.697499999999996234 ) ) ;
#3694 = CARTESIAN_POINT ( 'NONE',  ( 0.000000000000000000, 0.000000000000000000, 0.000000000000000000 ) ) ;
#3695 = ORIENTED_EDGE ( 'NONE', *, *, #851, .T. ) ;
#3696 = DIRECTION ( 'NONE',  ( 0.000000000000000000, 0.000000000000000000, -1.000000000000000000 ) ) ;
#3697 = EDGE_CURVE ( 'NONE', #242, #2067, #3335, .T. ) ;
#3698 = DIRECTION ( 'NONE',  ( 0.000000000000000000, 0.000000000000000000, 1.000000000000000000 ) ) ;
#3699 = EDGE_CURVE ( 'NONE', #1165, #3339, #3104, .T. ) ;
#3700 = FACE_OUTER_BOUND ( 'NONE', #67, .T. ) ;
#3701 = EDGE_CURVE ( 'NONE', #2146, #2617, #57, .T. ) ;
#3702 = DIRECTION ( 'NONE',  ( 0.000000000000000000, 0.000000000000000000, 1.000000000000000000 ) ) ;
#3703 = EDGE_CURVE ( 'NONE', #21, #3346, #2247, .T. ) ;
#3704 = CARTESIAN_POINT ( 'NONE',  ( -20.25519817003896250, 8.060207633333655863, 0.000000000000000000 ) ) ;
#3705 = DIRECTION ( 'NONE',  ( 0.000000000000000000, 0.000000000000000000, 1.000000000000000000 ) ) ;
#3706 = CARTESIAN_POINT ( 'NONE',  ( 0.000000000000000000, 0.000000000000000000, -5.000000000000000000 ) ) ;
#3707 = CARTESIAN_POINT ( 'NONE',  ( 17.10794365526374250, 13.51141235727490830, 0.000000000000000000 ) ) ;
#3708 = DIRECTION ( 'NONE',  ( -0.000000000000000000, -0.000000000000000000, 1.000000000000000000 ) ) ;
#3709 = EDGE_LOOP ( 'NONE', ( #1602, #2961, #561, #1545 ) ) ;
#3710 = AXIS2_PLACEMENT_3D ( 'NONE', #2549, #2769, #805 ) ;
#3711 = DIRECTION ( 'NONE',  ( -0.000000000000000000, -0.000000000000000000, -1.000000000000000000 ) ) ;
#3712 = DIRECTION ( 'NONE',  ( 1.224646799147353207E-16, 1.000000000000000000, -0.000000000000000000 ) ) ;
#3713 = AXIS2_PLACEMENT_3D ( 'NONE', #2181, #872, #2047 ) ;
#3714 = CARTESIAN_POINT ( 'NONE',  ( 4.000000000000055955, -10.82531754730545259, 28.00000000000000000 ) ) ;
#3715 = PRESENTATION_LAYER_ASSIGNMENT (  '', '', ( #1063 ) ) ;
#3716 = EDGE_CURVE ( 'NONE', #3677, #2712, #2981, .T. ) ;
#3717 = VECTOR ( 'NONE', #574, 1000.000000000000000 ) ;
#3718 = FACE_OUTER_BOUND ( 'NONE', #3200, .T. ) ;
#3719 = AXIS2_PLACEMENT_3D ( 'NONE', #938, #2118, #3337 ) ;
#3720 = AXIS2_PLACEMENT_3D ( 'NONE', #138, #2802, #1982 ) ;
#3721 = CARTESIAN_POINT ( 'NONE',  ( 17.62013484570649524, 17.73501756466905732, 42.34152742581890294 ) ) ;
#3722 = DIRECTION ( 'NONE',  ( 1.224646799147353207E-16, 1.000000000000000000, -0.000000000000000000 ) ) ;
#3723 = VERTEX_POINT ( 'NONE', #937 ) ;
#3724 = AXIS2_PLACEMENT_3D ( 'NONE', #1630, #3055, #2475 ) ;
#3725 = CARTESIAN_POINT ( 'NONE',  ( 0.000000000000000000, 0.000000000000000000, -5.000000000000000000 ) ) ;
#3726 = EDGE_CURVE ( 'NONE', #2066, #3494, #3294, .T. ) ;
#3727 = CIRCLE ( 'NONE', #1140, 0.9999999999999974465 ) ;
#3728 = ORIENTED_EDGE ( 'NONE', *, *, #3610, .F. ) ;
#3729 = CYLINDRICAL_SURFACE ( 'NONE', #1503, 2.250000000000000444 ) ;
#3730 = PLANE ( 'NONE',  #1153 ) ;
#3731 = AXIS2_PLACEMENT_3D ( 'NONE', #409, #2186, #1642 ) ;
#3732 = DIRECTION ( 'NONE',  ( 0.000000000000000000, 0.000000000000000000, -1.000000000000000000 ) ) ;
#3733 = AXIS2_PLACEMENT_3D ( 'NONE', #304, #2413, #2654 ) ;
#3734 = VERTEX_POINT ( 'NONE', #1890 ) ;
#3735 = CARTESIAN_POINT ( 'NONE',  ( -21.75000000000000711, -2.602085213965210642E-15, 22.00000000000000000 ) ) ;
#3736 = DIRECTION ( 'NONE',  ( -1.000000000000000000, 0.000000000000000000, 0.000000000000000000 ) ) ;
#3737 = CIRCLE ( 'NONE', #2148, 1.249999999999999334 ) ;
#3738 = VECTOR ( 'NONE', #3765, 1000.000000000000000 ) ;
#3739 = LINE ( 'NONE', #499, #2694 ) ;
#3740 = DIRECTION ( 'NONE',  ( 0.7048053938282595743, 0.7094007025867623550, 0.000000000000000000 ) ) ;
#3741 = ORIENTED_EDGE ( 'NONE', *, *, #3775, .T. ) ;
#3742 = AXIS2_PLACEMENT_3D ( 'NONE', #471, #3420, #1977 ) ;
#3743 = ORIENTED_EDGE ( 'NONE', *, *, #3083, .T. ) ;
#3744 = CARTESIAN_POINT ( 'NONE',  ( -21.75000000000000355, -5.752212389380532365, 3.500000000000000000 ) ) ;
#3745 = FACE_OUTER_BOUND ( 'NONE', #3774, .T. ) ;
#3746 = DIRECTION ( 'NONE',  ( -0.000000000000000000, -0.000000000000000000, 1.000000000000000000 ) ) ;
#3747 = ORIENTED_EDGE ( 'NONE', *, *, #517, .T. ) ;
#3748 = EDGE_CURVE ( 'NONE', #2002, #1546, #1886, .T. ) ;
#3749 = ORIENTED_EDGE ( 'NONE', *, *, #2356, .F. ) ;
#3750 = CARTESIAN_POINT ( 'NONE',  ( 22.17551321728890557, -5.299680513940913329, 3.500000000000000000 ) ) ;
#3751 = DIRECTION ( 'NONE',  ( 1.000000000000000000, 0.000000000000000000, 0.000000000000000000 ) ) ;
#3752 = EDGE_CURVE ( 'NONE', #2571, #2325, #1373, .T. ) ;
#3753 = CARTESIAN_POINT ( 'NONE',  ( 22.17551321728890557, -5.299680513940913329, 0.000000000000000000 ) ) ;
#3754 = ORIENTED_EDGE ( 'NONE', *, *, #2900, .T. ) ;
#3755 = EDGE_LOOP ( 'NONE', ( #2890, #2775, #639, #2429 ) ) ;
#3756 = CARTESIAN_POINT ( 'NONE',  ( 0.000000000000000000, 0.000000000000000000, 0.000000000000000000 ) ) ;
#3757 = ADVANCED_FACE ( 'NONE', ( #2100 ), #3780, .F. ) ;
#3758 = CARTESIAN_POINT ( 'NONE',  ( 0.000000000000000000, 0.000000000000000000, 5.500000000000005329 ) ) ;
#3759 = ORIENTED_EDGE ( 'NONE', *, *, #2518, .T. ) ;
#3760 = EDGE_LOOP ( 'NONE', ( #3796, #1084, #1519, #1494 ) ) ;
#3761 = DIRECTION ( 'NONE',  ( 0.000000000000000000, 0.000000000000000000, 1.000000000000000000 ) ) ;
#3762 = FACE_OUTER_BOUND ( 'NONE', #3223, .T. ) ;
#3763 = DIRECTION ( 'NONE',  ( 0.000000000000000000, 0.000000000000000000, 1.000000000000000000 ) ) ;
#3764 = ORIENTED_EDGE ( 'NONE', *, *, #443, .T. ) ;
#3765 = DIRECTION ( 'NONE',  ( -0.000000000000000000, -0.000000000000000000, -1.000000000000000000 ) ) ;
#3766 = LINE ( 'NONE', #876, #3237 ) ;
#3767 = DIRECTION ( 'NONE',  ( -0.000000000000000000, -0.000000000000000000, -1.000000000000000000 ) ) ;
#3768 = EDGE_CURVE ( 'NONE', #2067, #2302, #712, .T. ) ;
#3769 = CARTESIAN_POINT ( 'NONE',  ( -18.50000000000000711, -2.602085213965210642E-15, 5.499999999999998224 ) ) ;
#3770 = EDGE_LOOP ( 'NONE', ( #2660, #1841, #1491, #572 ) ) ;
#3771 = ORIENTED_EDGE ( 'NONE', *, *, #3025, .F. ) ;
#3772 = DIRECTION ( 'NONE',  ( 1.000000000000000000, 0.000000000000000000, 0.000000000000000000 ) ) ;
#3773 = AXIS2_PLACEMENT_3D ( 'NONE', #2423, #42, #364 ) ;
#3774 = EDGE_LOOP ( 'NONE', ( #557, #1877, #2834, #2770 ) ) ;
#3775 = EDGE_CURVE ( 'NONE', #1120, #1659, #3033, .T. ) ;
#3776 = CARTESIAN_POINT ( 'NONE',  ( 6.249999999999971578, 10.82531754730550055, 0.000000000000000000 ) ) ;
#3777 = AXIS2_PLACEMENT_3D ( 'NONE', #3119, #178, #3446 ) ;
#3778 = CIRCLE ( 'NONE', #2185, 2.502212389380527924 ) ;
#3779 = VERTEX_POINT ( 'NONE', #922 ) ;
#3780 = CONICAL_SURFACE ( 'NONE', #2065, 0.7500000000000075495, 0.7853981633974568277 ) ;
#3781 = FACE_OUTER_BOUND ( 'NONE', #3568, .T. ) ;
#3782 = DIRECTION ( 'NONE',  ( -0.000000000000000000, -0.000000000000000000, 1.000000000000000000 ) ) ;
#3783 = ORIENTED_EDGE ( 'NONE', *, *, #2245, .F. ) ;
#3784 = DIRECTION ( 'NONE',  ( 1.000000000000000000, 0.000000000000000000, 0.000000000000000000 ) ) ;
#3785 = ORIENTED_EDGE ( 'NONE', *, *, #2853, .F. ) ;
#3786 = DIRECTION ( 'NONE',  ( -0.7094007025867692384, -0.7048053938282526909, -0.000000000000000000 ) ) ;
#3787 = CIRCLE ( 'NONE', #2313, 23.19999999999999929 ) ;
#3788 = DIRECTION ( 'NONE',  ( -0.000000000000000000, -0.000000000000000000, 1.000000000000000000 ) ) ;
#3789 = CARTESIAN_POINT ( 'NONE',  ( -4.284003129457846448, 13.11820556275877436, 0.000000000000000000 ) ) ;
#3790 = ORIENTED_EDGE ( 'NONE', *, *, #3610, .T. ) ;
#3791 = CIRCLE ( 'NONE', #1191, 2.250000000000000444 ) ;
#3792 = ADVANCED_FACE ( 'NONE', ( #1596 ), #2975, .F. ) ;
#3793 = AXIS2_PLACEMENT_3D ( 'NONE', #780, #1661, #3368 ) ;
#3794 = ORIENTED_EDGE ( 'NONE', *, *, #2872, .T. ) ;
#3795 = FACE_OUTER_BOUND ( 'NONE', #303, .T. ) ;
#3796 = ORIENTED_EDGE ( 'NONE', *, *, #2968, .T. ) ;
#3797 = ORIENTED_EDGE ( 'NONE', *, *, #2872, .F. ) ;
#3798 = AXIS2_PLACEMENT_3D ( 'NONE', #3267, #2640, #1786 ) ;
#3799 = ORIENTED_EDGE ( 'NONE', *, *, #3336, .T. ) ;
#3800 = EDGE_CURVE ( 'NONE', #1600, #585, #1064, .T. ) ;
#3801 = VERTEX_POINT ( 'NONE', #337 ) ;
#3802 = VECTOR ( 'NONE', #146, 1000.000000000000000 ) ;
#3803 = DIRECTION ( 'NONE',  ( -0.000000000000000000, -0.000000000000000000, -1.000000000000000000 ) ) ;
#3804 = ORIENTED_EDGE ( 'NONE', *, *, #2797, .F. ) ;
#3805 = VECTOR ( 'NONE', #1793, 1000.000000000000000 ) ;
#3806 = CARTESIAN_POINT ( 'NONE',  ( 6.250000000000056843, -10.82531754730545259, 0.000000000000000000 ) ) ;
#3807 = CARTESIAN_POINT ( 'NONE',  ( -21.75000000000000355, -5.752212389380532365, 42.34152742581890294 ) ) ;
#3808 = AXIS2_PLACEMENT_3D ( 'NONE', #1044, #172, #116 ) ;
#3809 = VERTEX_POINT ( 'NONE', #3591 ) ;
#3810 = ORIENTED_EDGE ( 'NONE', *, *, #1154, .F. ) ;
#3811 = AXIS2_PLACEMENT_3D ( 'NONE', #1234, #2419, #1530 ) ;
#3812 = DIRECTION ( 'NONE',  ( -0.000000000000000000, -0.000000000000000000, -1.000000000000000000 ) ) ;
#3813 = DIRECTION ( 'NONE',  ( 1.000000000000000000, 0.000000000000000000, 0.000000000000000000 ) ) ;
#3814 = DIRECTION ( 'NONE',  ( 1.000000000000000000, -1.386551743839994140E-15, 0.000000000000000000 ) ) ;
#3815 = ORIENTED_EDGE ( 'NONE', *, *, #2197, .F. ) ;
#3816 = ORIENTED_EDGE ( 'NONE', *, *, #931, .F. ) ;
#3817 = EDGE_LOOP ( 'NONE', ( #2093, #1956 ) ) ;
#3818 = DIRECTION ( 'NONE',  ( 0.000000000000000000, 0.000000000000000000, 1.000000000000000000 ) ) ;
#3819 = EDGE_CURVE ( 'NONE', #1974, #110, #1511, .T. ) ;
#3820 = CARTESIAN_POINT ( 'NONE',  ( 0.000000000000000000, 0.000000000000000000, 5.500000000000005329 ) ) ;
#3821 = EDGE_LOOP ( 'NONE', ( #3437, #679 ) ) ;
#3822 = ORIENTED_EDGE ( 'NONE', *, *, #3748, .F. ) ;
#3823 = FACE_OUTER_BOUND ( 'NONE', #793, .T. ) ;
#3824 = CYLINDRICAL_SURFACE ( 'NONE', #244, 1.750000000000001554 ) ;
#3825 = CARTESIAN_POINT ( 'NONE',  ( -24.19999999999999929, 2.963645253936594609E-15, -5.000000000000000000 ) ) ;
#3826 = DIRECTION ( 'NONE',  ( 0.000000000000000000, 1.000000000000000000, 0.000000000000000000 ) ) ;
#3827 = ORIENTED_EDGE ( 'NONE', *, *, #1407, .T. ) ;
#3828 = VERTEX_POINT ( 'NONE', #956 ) ;
#3829 = DIRECTION ( 'NONE',  ( 0.000000000000000000, 1.000000000000000000, 0.000000000000000000 ) ) ;
#3830 = VERTEX_POINT ( 'NONE', #36 ) ;
#3831 = ORIENTED_EDGE ( 'NONE', *, *, #741, .F. ) ;
#3832 = ORIENTED_EDGE ( 'NONE', *, *, #1342, .F. ) ;
#3833 = CARTESIAN_POINT ( 'NONE',  ( 15.85656205716697720, -15.95994633762142989, 42.34152742581890294 ) ) ;
#3834 = AXIS2_PLACEMENT_3D ( 'NONE', #3022, #2143, #1238 ) ;
ENDSEC;
END-ISO-10303-21;
