ISO-10303-21;
HEADER;
FILE_DESCRIPTION (( 'STEP AP214' ),
    '1' );
FILE_NAME ('encodercover.STEP',
    '2026-07-31T21:12:40',
    ( '' ),
    ( '' ),
    'SwSTEP 2.0',
    'SolidWorks 2026',
    '' );
FILE_SCHEMA (( 'AUTOMOTIVE_DESIGN' ));
ENDSEC;

DATA;
#1 = ORIENTED_EDGE ( 'NONE', *, *, #591, .F. ) ;
#2 = LINE ( 'NONE', #366, #91 ) ;
#3 = LINE ( 'NONE', #1728, #3809 ) ;
#4 = VERTEX_POINT ( 'NONE', #3052 ) ;
#5 = CARTESIAN_POINT ( 'NONE',  ( -9.428413597424080805, -32.82709442504616959, 28.46722154916798075 ) ) ;
#6 = PLANE ( 'NONE',  #2776 ) ;
#7 = ADVANCED_FACE ( 'NONE', ( #4044 ), #1074, .T. ) ;
#8 = CARTESIAN_POINT ( 'NONE',  ( -27.00000000000000000, -26.99999953231175098, 31.89499999999999957 ) ) ;
#9 = ORIENTED_EDGE ( 'NONE', *, *, #3584, .F. ) ;
#10 = LINE ( 'NONE', #356, #1088 ) ;
#11 = VERTEX_POINT ( 'NONE', #1993 ) ;
#12 = CARTESIAN_POINT ( 'NONE',  ( -10.75000025116536051, -34.75000053661074872, 25.51000000000000156 ) ) ;
#13 = EDGE_LOOP ( 'NONE', ( #1192, #1671, #3458, #1066 ) ) ;
#14 = CARTESIAN_POINT ( 'NONE',  ( -10.21450023665087947, -32.37500053661069899, 28.39499999999999957 ) ) ;
#15 = ORIENTED_EDGE ( 'NONE', *, *, #2183, .T. ) ;
#16 = LINE ( 'NONE', #1117, #2644 ) ;
#17 = EDGE_CURVE ( 'NONE', #1029, #2002, #4365, .T. ) ;
#18 = ORIENTED_EDGE ( 'NONE', *, *, #2222, .F. ) ;
#19 = CARTESIAN_POINT ( 'NONE',  ( -50.92487062729449576, -29.90009702502035083, 31.89499999999999957 ) ) ;
#20 = AXIS2_PLACEMENT_3D ( 'NONE', #2931, #4330, #1959 ) ;
#21 = DIRECTION ( 'NONE',  ( 0.000000000000000000, 0.000000000000000000, -1.000000000000000000 ) ) ;
#22 = ORIENTED_EDGE ( 'NONE', *, *, #2588, .F. ) ;
#23 = CARTESIAN_POINT ( 'NONE',  ( -9.714500236650881249, -32.37500053661069899, 27.89499999999999957 ) ) ;
#24 = CARTESIAN_POINT ( 'NONE',  ( -8.240366964341571787, -34.75000053661074872, 25.92228097772800766 ) ) ;
#25 = CARTESIAN_POINT ( 'NONE',  ( -8.274451684710022903, -37.25000053661074162, 25.93968556701009831 ) ) ;
#26 = EDGE_CURVE ( 'NONE', #1037, #4536, #4064, .T. ) ;
#27 = VECTOR ( 'NONE', #621, 1000.000000000000000 ) ;
#28 = DIRECTION ( 'NONE',  ( -1.000000000000000000, 0.000000000000000000, 0.000000000000000000 ) ) ;
#29 = ORIENTED_EDGE ( 'NONE', *, *, #1844, .F. ) ;
#30 = DIRECTION ( 'NONE',  ( 0.000000000000000000, 0.000000000000000000, -1.000000000000000000 ) ) ;
#31 = ORIENTED_EDGE ( 'NONE', *, *, #2671, .T. ) ;
#32 = DIRECTION ( 'NONE',  ( -0.3420201433256694901, 0.000000000000000000, -0.9396926207859080948 ) ) ;
#33 = VECTOR ( 'NONE', #287, 1000.000000000000000 ) ;
#34 = VERTEX_POINT ( 'NONE', #3403 ) ;
#35 = DIRECTION ( 'NONE',  ( -0.7071067811865441310, 8.659560562354890950E-17, 0.7071067811865510144 ) ) ;
#36 = CIRCLE ( 'NONE', #1809, 24.10000000000000142 ) ;
#37 = ORIENTED_EDGE ( 'NONE', *, *, #3125, .T. ) ;
#38 = CARTESIAN_POINT ( 'NONE',  ( -21.15000001490199821, -44.44999958633759007, 32.39500000000000313 ) ) ;
#39 = ORIENTED_EDGE ( 'NONE', *, *, #1951, .F. ) ;
#40 = CARTESIAN_POINT ( 'NONE',  ( -36.75000001167654773, -11.40000025131531913, 23.50999999999999801 ) ) ;
#41 = LINE ( 'NONE', #3583, #842 ) ;
#42 = DIRECTION ( 'NONE',  ( 1.000000000000000000, 0.000000000000000000, 0.000000000000000000 ) ) ;
#43 = AXIS2_PLACEMENT_3D ( 'NONE', #3522, #4153, #1339 ) ;
#44 = ORIENTED_EDGE ( 'NONE', *, *, #2814, .T. ) ;
#45 = DIRECTION ( 'NONE',  ( 1.000000000000000000, 0.000000000000000000, 0.000000000000000000 ) ) ;
#46 = DIRECTION ( 'NONE',  ( -1.075146909005260101E-08, 1.000000000000000000, 0.000000000000000000 ) ) ;
#47 = VECTOR ( 'NONE', #1574, 1000.000000000000000 ) ;
#48 = CARTESIAN_POINT ( 'NONE',  ( -7.250000251165360510, -34.75000053661074872, 25.51000000000000156 ) ) ;
#49 = ORIENTED_EDGE ( 'NONE', *, *, #1893, .F. ) ;
#50 = CARTESIAN_POINT ( 'NONE',  ( -51.42123736512790089, -24.03973509208439907, 31.89499999999999957 ) ) ;
#51 = FACE_OUTER_BOUND ( 'NONE', #301, .T. ) ;
#52 = VECTOR ( 'NONE', #956, 1000.000000000000000 ) ;
#53 = STYLED_ITEM ( 'NONE', ( #4506 ), #1736 ) ;
#54 = VERTEX_POINT ( 'NONE', #549 ) ;
#55 = DIRECTION ( 'NONE',  ( 0.000000000000000000, 0.000000000000000000, 1.000000000000000000 ) ) ;
#56 = ORIENTED_EDGE ( 'NONE', *, *, #1701, .T. ) ;
#57 = CARTESIAN_POINT ( 'NONE',  ( -47.00000028852669942, -35.00000013573709623, 26.25747741945460234 ) ) ;
#58 = EDGE_CURVE ( 'NONE', #2763, #2685, #2668, .T. ) ;
#59 = EDGE_CURVE ( 'NONE', #3012, #2785, #3719, .T. ) ;
#60 = EDGE_CURVE ( 'NONE', #2846, #4243, #2833, .T. ) ;
#61 = ORIENTED_EDGE ( 'NONE', *, *, #497, .F. ) ;
#62 = FACE_OUTER_BOUND ( 'NONE', #2633, .T. ) ;
#63 = CARTESIAN_POINT ( 'NONE',  ( -13.02600693663782039, -46.26949679616760136, -46.06930726875629745 ) ) ;
#64 = CARTESIAN_POINT ( 'NONE',  ( -21.75000003694249884, -11.90000040721150043, 32.39500000000000313 ) ) ;
#65 = ORIENTED_EDGE ( 'NONE', *, *, #2588, .T. ) ;
#66 = CARTESIAN_POINT ( 'NONE',  ( -6.285500168379099861, -21.62500053661070254, 25.10999999999999943 ) ) ;
#67 = CARTESIAN_POINT ( 'NONE',  ( -9.739311411644093752, -34.75000053661074162, 25.93273402603676558 ) ) ;
#68 = DIRECTION ( 'NONE',  ( 0.000000000000000000, 0.000000000000000000, 1.000000000000000000 ) ) ;
#69 = VERTEX_POINT ( 'NONE', #1616 ) ;
#70 = CARTESIAN_POINT ( 'NONE',  ( -19.25000000000000000, -8.163947467688508652, 26.39499999999999957 ) ) ;
#71 = DIRECTION ( 'NONE',  ( 0.000000000000000000, 0.000000000000000000, 1.000000000000000000 ) ) ;
#72 = LINE ( 'NONE', #1553, #3008 ) ;
#73 = ORIENTED_EDGE ( 'NONE', *, *, #2527, .F. ) ;
#74 = DIRECTION ( 'NONE',  ( 0.000000000000000000, 0.000000000000000000, 1.000000000000000000 ) ) ;
#75 = ORIENTED_EDGE ( 'NONE', *, *, #2831, .F. ) ;
#76 = CARTESIAN_POINT ( 'NONE',  ( -17.54912176381945343, -4.830405477280179660, -46.06930726875629745 ) ) ;
#77 = EDGE_CURVE ( 'NONE', #3529, #216, #4027, .T. ) ;
#78 = VERTEX_POINT ( 'NONE', #3788 ) ;
#79 = DIRECTION ( 'NONE',  ( 0.000000000000000000, 0.000000000000000000, 1.000000000000000000 ) ) ;
#80 = DIRECTION ( 'NONE',  ( 1.000000000000000000, 0.000000000000000000, 0.000000000000000000 ) ) ;
#81 = CARTESIAN_POINT ( 'NONE',  ( -16.12500000000000000, -45.83605253231170451, 23.50999999999999801 ) ) ;
#82 = AXIS2_PLACEMENT_3D ( 'NONE', #1005, #665, #2073 ) ;
#83 = ORIENTED_EDGE ( 'NONE', *, *, #736, .F. ) ;
#84 = DIRECTION ( 'NONE',  ( 1.075145969728099686E-08, 0.9999999999999998890, 0.000000000000000000 ) ) ;
#85 = CARTESIAN_POINT ( 'NONE',  ( -13.02600693663782039, -46.26949679616760136, 31.89499999999999957 ) ) ;
#86 = CARTESIAN_POINT ( 'NONE',  ( -10.21450023665087770, -21.56293521315518902, 28.39499999999999602 ) ) ;
#87 = VERTEX_POINT ( 'NONE', #4203 ) ;
#88 = CARTESIAN_POINT ( 'NONE',  ( -50.92487062729449576, -29.90009702502035083, 31.89499999999999957 ) ) ;
#89 = FACE_BOUND ( 'NONE', #3886, .T. ) ;
#90 = ADVANCED_FACE ( 'NONE', ( #1757 ), #2041, .T. ) ;
#91 = VECTOR ( 'NONE', #2809, 1000.000000000000000 ) ;
#92 = FACE_OUTER_BOUND ( 'NONE', #2558, .T. ) ;
#93 = EDGE_CURVE ( 'NONE', #4205, #3021, #3856, .T. ) ;
#94 = ORIENTED_EDGE ( 'NONE', *, *, #2707, .T. ) ;
#95 = CARTESIAN_POINT ( 'NONE',  ( -6.785500168379100749, -21.62500053661070254, 25.10999999999999943 ) ) ;
#96 = VERTEX_POINT ( 'NONE', #622 ) ;
#97 = CIRCLE ( 'NONE', #2692, 0.5000000000000004441 ) ;
#98 = FACE_OUTER_BOUND ( 'NONE', #2955, .T. ) ;
#99 = AXIS2_PLACEMENT_3D ( 'NONE', #3433, #3132, #254 ) ;
#100 = DIRECTION ( 'NONE',  ( -1.000000000000000000, 0.000000000000000000, 0.000000000000000000 ) ) ;
#101 = ORIENTED_EDGE ( 'NONE', *, *, #2456, .F. ) ;
#102 = CARTESIAN_POINT ( 'NONE',  ( -17.54912176381945343, -4.830405477280179660, 26.39499999999999957 ) ) ;
#103 = DIRECTION ( 'NONE',  ( 1.000000000000000000, -6.938893903907222067E-15, 0.000000000000000000 ) ) ;
#104 = CARTESIAN_POINT ( 'NONE',  ( -13.71450016837912145, -23.12500053661069899, 28.39499999999999957 ) ) ;
#105 = ADVANCED_FACE ( 'NONE', ( #688 ), #1660, .F. ) ;
#106 = ADVANCED_FACE ( 'NONE', ( #3079 ), #3149, .T. ) ;
#107 = CIRCLE ( 'NONE', #1143, 1.000000000000000888 ) ;
#108 = ORIENTED_EDGE ( 'NONE', *, *, #1819, .T. ) ;
#109 = CARTESIAN_POINT ( 'NONE',  ( -50.62488857932370223, -24.49991643837219968, 31.89499999999999957 ) ) ;
#110 = DIRECTION ( 'NONE',  ( -0.7071067811865435759, 0.000000000000000000, -0.7071067811865515695 ) ) ;
#111 = EDGE_CURVE ( 'NONE', #1785, #410, #2062, .T. ) ;
#112 = AXIS2_PLACEMENT_3D ( 'NONE', #104, #827, #3545 ) ;
#113 = EDGE_CURVE ( 'NONE', #4515, #269, #2107, .T. ) ;
#114 = CARTESIAN_POINT ( 'NONE',  ( -10.39754273710274113, -37.25000053661074872, 25.51000000000000156 ) ) ;
#115 = EDGE_CURVE ( 'NONE', #1097, #3292, #3104, .T. ) ;
#116 = EDGE_CURVE ( 'NONE', #3012, #78, #3, .T. ) ;
#117 = AXIS2_PLACEMENT_3D ( 'NONE', #3942, #772, #2189 ) ;
#118 = EDGE_LOOP ( 'NONE', ( #2339, #475 ) ) ;
#119 = CARTESIAN_POINT ( 'NONE',  ( -9.214500236650879472, -32.87500053661069899, 28.89499999999999957 ) ) ;
#120 = LINE ( 'NONE', #3687, #4382 ) ;
#121 = VECTOR ( 'NONE', #2433, 1000.000000000000000 ) ;
#122 = DIRECTION ( 'NONE',  ( 0.000000000000000000, 0.000000000000000000, 1.000000000000000000 ) ) ;
#123 = ORIENTED_EDGE ( 'NONE', *, *, #436, .T. ) ;
#124 = DIRECTION ( 'NONE',  ( 0.000000000000000000, 0.000000000000000000, -1.000000000000000000 ) ) ;
#125 = ORIENTED_EDGE ( 'NONE', *, *, #3125, .F. ) ;
#126 = AXIS2_PLACEMENT_3D ( 'NONE', #2113, #3843, #4535 ) ;
#127 = DIRECTION ( 'NONE',  ( 0.000000000000000000, 0.000000000000000000, 1.000000000000000000 ) ) ;
#128 = AXIS2_PLACEMENT_3D ( 'NONE', #3108, #79, #1708 ) ;
#129 = DIRECTION ( 'NONE',  ( 8.163409415481199595E-15, 1.000000000000000000, 0.000000000000000000 ) ) ;
#130 = VERTEX_POINT ( 'NONE', #1406 ) ;
#131 = LINE ( 'NONE', #2260, #203 ) ;
#132 = LINE ( 'NONE', #2595, #4527 ) ;
#133 = VECTOR ( 'NONE', #3279, 1000.000000000000000 ) ;
#134 = CARTESIAN_POINT ( 'NONE',  ( -9.338739729770926701, -21.14042727440326530, 28.64696123975437203 ) ) ;
#135 = ORIENTED_EDGE ( 'NONE', *, *, #1902, .T. ) ;
#136 = LINE ( 'NONE', #4291, #1832 ) ;
#137 = DIRECTION ( 'NONE',  ( 0.000000000000000000, 0.000000000000000000, -1.000000000000000000 ) ) ;
#138 = B_SPLINE_CURVE_WITH_KNOTS ( 'NONE', 3,
 ( #1565, #478, #1890, #134, #2263, #3168, #4523, #3784, #3102, #340, #3836, #2736, #3766, #4574, #669, #965, #4473, #241, #1724, #1750, #1310, #619, #945, #2357 ),
 .UNSPECIFIED., .F., .F.,
 ( 4, 2, 2, 1, 1, 2, 2, 2, 2, 2, 2, 2, 4 ),
 ( 0.000000000000000000, 0.1250000000000122125, 0.1875000000000183187, 0.2187500000000179856, 0.2343750000000218714, 0.2421875000000207889, 0.2500000000000197065, 0.3750000000000314193, 0.4375000000000351386, 0.4687500000000319189, 0.5000000000000286438, 0.7500000000000143219, 1.000000000000000000 ),
 .UNSPECIFIED. ) ;
#139 = DIRECTION ( 'NONE',  ( 1.000000000000000000, 0.000000000000000000, 0.000000000000000000 ) ) ;
#140 = ORIENTED_EDGE ( 'NONE', *, *, #2718, .F. ) ;
#141 = DIRECTION ( 'NONE',  ( 1.000000000000000000, 0.000000000000000000, 0.000000000000000000 ) ) ;
#142 = CARTESIAN_POINT ( 'NONE',  ( -16.12500000000000000, -8.163947467688508652, 26.39499999999999957 ) ) ;
#143 = ADVANCED_FACE ( 'NONE', ( #2405 ), #4102, .F. ) ;
#144 = DIRECTION ( 'NONE',  ( 0.000000000000000000, 0.000000000000000000, 1.000000000000000000 ) ) ;
#145 = ORIENTED_EDGE ( 'NONE', *, *, #3959, .F. ) ;
#146 = CARTESIAN_POINT ( 'NONE',  ( -6.785500236650880090, -32.87500053661069899, 32.39500000000000313 ) ) ;
#147 = ORIENTED_EDGE ( 'NONE', *, *, #2240, .T. ) ;
#148 = CARTESIAN_POINT ( 'NONE',  ( -9.651393434469220267, -21.37319105521595120, 28.02121360436325048 ) ) ;
#149 = LINE ( 'NONE', #887, #2086 ) ;
#150 = ORIENTED_EDGE ( 'NONE', *, *, #1023, .T. ) ;
#151 = DIRECTION ( 'NONE',  ( 1.000000000000000000, 0.000000000000000000, 0.000000000000000000 ) ) ;
#152 = DIRECTION ( 'NONE',  ( 1.000000000000000000, 0.000000000000000000, 0.000000000000000000 ) ) ;
#153 = DIRECTION ( 'NONE',  ( 1.000000000000000000, 0.000000000000000000, 0.000000000000000000 ) ) ;
#154 = EDGE_CURVE ( 'NONE', #698, #600, #3885, .T. ) ;
#155 = EDGE_CURVE ( 'NONE', #207, #4281, #2853, .T. ) ;
#156 = DIRECTION ( 'NONE',  ( -1.000000000000000000, 0.000000000000000000, 0.000000000000000000 ) ) ;
#157 = LINE ( 'NONE', #2599, #2324 ) ;
#158 = ORIENTED_EDGE ( 'NONE', *, *, #3063, .F. ) ;
#159 = AXIS2_PLACEMENT_3D ( 'NONE', #4169, #3472, #4494 ) ;
#160 = CARTESIAN_POINT ( 'NONE',  ( -9.642278687436288465, -21.17290664816331613, 28.68108663925251989 ) ) ;
#161 = ORIENTED_EDGE ( 'NONE', *, *, #2240, .F. ) ;
#162 = DIRECTION ( 'NONE',  ( 0.000000000000000000, 0.000000000000000000, -1.000000000000000000 ) ) ;
#163 = LINE ( 'NONE', #2921, #2400 ) ;
#164 = EDGE_CURVE ( 'NONE', #11, #427, #3593, .T. ) ;
#165 = EDGE_CURVE ( 'NONE', #1138, #2881, #2034, .T. ) ;
#166 = DIRECTION ( 'NONE',  ( -1.000000000000000000, 0.000000000000000000, 0.000000000000000000 ) ) ;
#167 = EDGE_LOOP ( 'NONE', ( #839, #2360, #2049, #2326 ) ) ;
#168 = DIRECTION ( 'NONE',  ( -0.000000000000000000, 0.9396926207859080948, 0.3420201433256695456 ) ) ;
#169 = VERTEX_POINT ( 'NONE', #296 ) ;
#170 = DIRECTION ( 'NONE',  ( 0.000000000000000000, 1.000000000000000000, 0.000000000000000000 ) ) ;
#171 = DIRECTION ( 'NONE',  ( 0.000000000000000000, 0.000000000000000000, -1.000000000000000000 ) ) ;
#172 = ORIENTED_EDGE ( 'NONE', *, *, #1472, .T. ) ;
#173 = DIRECTION ( 'NONE',  ( -1.000000000000000000, 0.000000000000000000, 0.000000000000000000 ) ) ;
#174 = VECTOR ( 'NONE', #3425, 1000.000000000000000 ) ;
#175 = EDGE_CURVE ( 'NONE', #2992, #4469, #2190, .T. ) ;
#176 = DIRECTION ( 'NONE',  ( -1.075146915940903847E-08, -0.9999999999999998890, 0.000000000000000000 ) ) ;
#177 = AXIS2_PLACEMENT_3D ( 'NONE', #308, #1717, #3847 ) ;
#178 = DIRECTION ( 'NONE',  ( 1.000000000000000000, 0.000000000000000000, 0.000000000000000000 ) ) ;
#179 = VECTOR ( 'NONE', #1851, 1000.000000000000114 ) ;
#180 = DIRECTION ( 'NONE',  ( -1.000000000000000000, 0.000000000000000000, 0.000000000000000000 ) ) ;
#181 = DIRECTION ( 'NONE',  ( 1.000000000000000000, 0.000000000000000000, 0.000000000000000000 ) ) ;
#182 = CIRCLE ( 'NONE', #3808, 1.000000000000000888 ) ;
#183 = DIRECTION ( 'NONE',  ( 0.000000000000000000, 0.000000000000000000, 1.000000000000000000 ) ) ;
#184 = ORIENTED_EDGE ( 'NONE', *, *, #1951, .T. ) ;
#185 = DIRECTION ( 'NONE',  ( -1.000000000000000000, 0.000000000000000000, 0.000000000000000000 ) ) ;
#186 = CARTESIAN_POINT ( 'NONE',  ( -9.545919941359342076, -32.84679008556049240, 28.72924518857474041 ) ) ;
#187 = VECTOR ( 'NONE', #181, 1000.000000000000000 ) ;
#188 = VECTOR ( 'NONE', #2080, 1000.000000000000000 ) ;
#189 = DIRECTION ( 'NONE',  ( 0.000000000000000000, 0.000000000000000000, -1.000000000000000000 ) ) ;
#190 = ORIENTED_EDGE ( 'NONE', *, *, #2670, .F. ) ;
#191 = FACE_OUTER_BOUND ( 'NONE', #2095, .T. ) ;
#192 = ORIENTED_EDGE ( 'NONE', *, *, #3051, .F. ) ;
#193 = CARTESIAN_POINT ( 'NONE',  ( -21.15000000307539807, -45.54999958633759860, 23.50999999999999801 ) ) ;
#194 = DIRECTION ( 'NONE',  ( -0.3236155771181853935, 0.3236155771181853935, -0.8891264907159878161 ) ) ;
#195 = AXIS2_PLACEMENT_3D ( 'NONE', #1324, #629, #3796 ) ;
#196 = ORIENTED_EDGE ( 'NONE', *, *, #495, .T. ) ;
#197 = DIRECTION ( 'NONE',  ( -1.000000000000000000, 0.000000000000000000, 0.000000000000000000 ) ) ;
#198 = DIRECTION ( 'NONE',  ( 0.000000000000000000, 0.000000000000000000, -1.000000000000000000 ) ) ;
#199 = CIRCLE ( 'NONE', #2650, 0.5000000000000004441 ) ;
#200 = EDGE_CURVE ( 'NONE', #3275, #3532, #4526, .T. ) ;
#201 = ADVANCED_FACE ( 'NONE', ( #4553, #1388 ), #1867, .T. ) ;
#202 = AXIS2_PLACEMENT_3D ( 'NONE', #2066, #691, #2111 ) ;
#203 = VECTOR ( 'NONE', #1255, 1000.000000000000114 ) ;
#204 = FACE_OUTER_BOUND ( 'NONE', #3161, .T. ) ;
#205 = DIRECTION ( 'NONE',  ( 0.000000000000000000, 0.000000000000000000, -1.000000000000000000 ) ) ;
#206 = DIRECTION ( 'NONE',  ( 0.3236155771181853935, -0.3236155771181853935, -0.8891264907159878161 ) ) ;
#207 = VERTEX_POINT ( 'NONE', #4338 ) ;
#208 = LINE ( 'NONE', #2713, #3467 ) ;
#209 = ORIENTED_EDGE ( 'NONE', *, *, #2469, .T. ) ;
#210 = DIRECTION ( 'NONE',  ( 0.000000000000000000, 0.000000000000000000, -1.000000000000000000 ) ) ;
#211 = CARTESIAN_POINT ( 'NONE',  ( -32.95272991399714613, -38.70272991172804922, 26.38735182424120040 ) ) ;
#212 = FACE_OUTER_BOUND ( 'NONE', #1739, .T. ) ;
#213 = DIRECTION ( 'NONE',  ( 1.000000000000000000, 0.000000000000000000, 0.000000000000000000 ) ) ;
#214 = EDGE_LOOP ( 'NONE', ( #704, #3535, #221, #4571 ) ) ;
#215 = LINE ( 'NONE', #2001, #3883 ) ;
#216 = VERTEX_POINT ( 'NONE', #3217 ) ;
#217 = CARTESIAN_POINT ( 'NONE',  ( -10.21450023665087947, -21.62500053661070254, 28.39499999999999957 ) ) ;
#218 = DIRECTION ( 'NONE',  ( -0.9999999999999998890, -1.075146909005259935E-08, 0.000000000000000000 ) ) ;
#219 = ORIENTED_EDGE ( 'NONE', *, *, #510, .F. ) ;
#220 = DIRECTION ( 'NONE',  ( -1.000000000000000000, 0.000000000000000000, 0.000000000000000000 ) ) ;
#221 = ORIENTED_EDGE ( 'NONE', *, *, #2441, .T. ) ;
#222 = CARTESIAN_POINT ( 'NONE',  ( -42.50000011650329412, -19.00000017336725122, 23.50999999999999801 ) ) ;
#223 = EDGE_CURVE ( 'NONE', #921, #1932, #2290, .T. ) ;
#224 = CARTESIAN_POINT ( 'NONE',  ( -21.74999998103490029, -8.450000407211508247, 23.50999999999999801 ) ) ;
#225 = LINE ( 'NONE', #1287, #1508 ) ;
#226 = CARTESIAN_POINT ( 'NONE',  ( -17.54912176381945343, -4.830405477280179660, 31.89499999999999957 ) ) ;
#227 = ORIENTED_EDGE ( 'NONE', *, *, #2207, .F. ) ;
#228 = CARTESIAN_POINT ( 'NONE',  ( -16.12500000000000000, -45.83605253231170451, 31.89499999999999957 ) ) ;
#229 = ORIENTED_EDGE ( 'NONE', *, *, #1617, .T. ) ;
#230 = CARTESIAN_POINT ( 'NONE',  ( -27.00000000000000000, -26.99999953231175098, 32.39500000000000313 ) ) ;
#231 = DIRECTION ( 'NONE',  ( 0.000000000000000000, 0.000000000000000000, -1.000000000000000000 ) ) ;
#232 = CARTESIAN_POINT ( 'NONE',  ( -21.15000001490199821, -44.44999958633759007, 23.50999999999999801 ) ) ;
#233 = VERTEX_POINT ( 'NONE', #1779 ) ;
#234 = DIRECTION ( 'NONE',  ( -1.000000000000000000, 0.000000000000000000, 0.000000000000000000 ) ) ;
#235 = ORIENTED_EDGE ( 'NONE', *, *, #1075, .T. ) ;
#236 = CARTESIAN_POINT ( 'NONE',  ( -24.00000033153250101, -38.25000032926340054, 23.50999999999999801 ) ) ;
#237 = DIRECTION ( 'NONE',  ( 1.000000000000000000, 0.000000000000000000, 0.000000000000000000 ) ) ;
#238 = ORIENTED_EDGE ( 'NONE', *, *, #4250, .F. ) ;
#239 = CARTESIAN_POINT ( 'NONE',  ( -21.15000001490199821, -9.550000413662390386, 23.50999999999999801 ) ) ;
#240 = ORIENTED_EDGE ( 'NONE', *, *, #3206, .F. ) ;
#241 = CARTESIAN_POINT ( 'NONE',  ( -9.557066661418753384, -21.26070694286314833, 28.20988254186682909 ) ) ;
#242 = AXIS2_PLACEMENT_3D ( 'NONE', #4360, #1470, #2887 ) ;
#243 = ORIENTED_EDGE ( 'NONE', *, *, #933, .F. ) ;
#244 = FACE_OUTER_BOUND ( 'NONE', #3428, .T. ) ;
#245 = EDGE_CURVE ( 'NONE', #3797, #2027, #2936, .T. ) ;
#246 = DIRECTION ( 'NONE',  ( -1.000000000000000000, 0.000000000000000000, 0.000000000000000000 ) ) ;
#247 = AXIS2_PLACEMENT_3D ( 'NONE', #358, #4214, #1111 ) ;
#248 = EDGE_CURVE ( 'NONE', #2745, #1048, #1147, .T. ) ;
#249 = ORIENTED_EDGE ( 'NONE', *, *, #2947, .F. ) ;
#250 = VECTOR ( 'NONE', #231, 1000.000000000000000 ) ;
#251 = DIRECTION ( 'NONE',  ( 0.000000000000000000, 0.000000000000000000, -1.000000000000000000 ) ) ;
#252 = ORIENTED_EDGE ( 'NONE', *, *, #3448, .F. ) ;
#253 = CARTESIAN_POINT ( 'NONE',  ( 0.000000000000000000, 0.000000000000000000, 25.51000000000000156 ) ) ;
#254 = DIRECTION ( 'NONE',  ( 1.000000000000000000, 0.000000000000000000, 0.000000000000000000 ) ) ;
#255 = EDGE_CURVE ( 'NONE', #2163, #2838, #3612, .T. ) ;
#256 = EDGE_CURVE ( 'NONE', #1932, #2860, #2596, .T. ) ;
#257 = EDGE_CURVE ( 'NONE', #2570, #3694, #1965, .T. ) ;
#258 = DIRECTION ( 'NONE',  ( -1.000000000000000000, 0.000000000000000000, 0.000000000000000000 ) ) ;
#259 = VECTOR ( 'NONE', #3414, 999.9999999999998863 ) ;
#260 = ORIENTED_EDGE ( 'NONE', *, *, #894, .T. ) ;
#261 = CARTESIAN_POINT ( 'NONE',  ( -15.71450016837909835, -21.12500053661074872, 28.39499999999999957 ) ) ;
#262 = ORIENTED_EDGE ( 'NONE', *, *, #876, .F. ) ;
#263 = LINE ( 'NONE', #4540, #33 ) ;
#264 = CARTESIAN_POINT ( 'NONE',  ( -12.52600693663782039, -46.26949679616760136, 32.39500000000000313 ) ) ;
#265 = VECTOR ( 'NONE', #176, 1000.000000000000114 ) ;
#266 = CARTESIAN_POINT ( 'NONE',  ( -45.12500000000000000, -27.00000000000000000, 32.39500000000000313 ) ) ;
#267 = ORIENTED_EDGE ( 'NONE', *, *, #3094, .F. ) ;
#268 = CARTESIAN_POINT ( 'NONE',  ( -16.12500000000000000, -45.83605253231170451, 23.50999999999999801 ) ) ;
#269 = VERTEX_POINT ( 'NONE', #1449 ) ;
#270 = CONICAL_SURFACE ( 'NONE', #1518, 1.875000000000000000, 0.7853981633974532750 ) ;
#271 = CARTESIAN_POINT ( 'NONE',  ( -15.71450016837909835, -23.12500053661069899, 28.89499999999999957 ) ) ;
#272 = AXIS2_PLACEMENT_3D ( 'NONE', #1839, #144, #3250 ) ;
#273 = DIRECTION ( 'NONE',  ( 0.000000000000000000, 0.000000000000000000, -1.000000000000000000 ) ) ;
#274 = AXIS2_PLACEMENT_3D ( 'NONE', #2037, #1591, #1620 ) ;
#275 = CARTESIAN_POINT ( 'NONE',  ( -50.92487062729449576, -29.90009702502035083, 31.89499999999999957 ) ) ;
#276 = ORIENTED_EDGE ( 'NONE', *, *, #791, .F. ) ;
#277 = VECTOR ( 'NONE', #1146, 1000.000000000000000 ) ;
#278 = CARTESIAN_POINT ( 'NONE',  ( -9.714500168379121448, -23.32499953231175027, 23.50999999999999801 ) ) ;
#279 = ORIENTED_EDGE ( 'NONE', *, *, #2144, .T. ) ;
#280 = CARTESIAN_POINT ( 'NONE',  ( -24.00000033153250101, -15.75000037226925009, 23.50999999999999801 ) ) ;
#281 = DIRECTION ( 'NONE',  ( 0.000000000000000000, 1.000000000000000000, 0.000000000000000000 ) ) ;
#282 = VECTOR ( 'NONE', #1410, 1000.000000000000000 ) ;
#283 = CARTESIAN_POINT ( 'NONE',  ( -47.14999999999999858, -27.00000000000000000, 23.50999999999999801 ) ) ;
#284 = ORIENTED_EDGE ( 'NONE', *, *, #582, .T. ) ;
#285 = CARTESIAN_POINT ( 'NONE',  ( -6.785500168379100749, -21.62500053661070254, 32.39500000000000313 ) ) ;
#286 = VERTEX_POINT ( 'NONE', #4273 ) ;
#287 = DIRECTION ( 'NONE',  ( 0.000000000000000000, 0.000000000000000000, -1.000000000000000000 ) ) ;
#288 = EDGE_CURVE ( 'NONE', #3751, #3375, #755, .T. ) ;
#289 = CARTESIAN_POINT ( 'NONE',  ( -8.260689090686595293, -37.25000053661074872, 25.93273402603674427 ) ) ;
#290 = DIRECTION ( 'NONE',  ( -0.3236155771181853935, 0.3236155771181853935, -0.8891264907159878161 ) ) ;
#291 = ORIENTED_EDGE ( 'NONE', *, *, #894, .F. ) ;
#292 = CARTESIAN_POINT ( 'NONE',  ( -17.54912285973840369, -49.16959405453259535, 26.39499999999999957 ) ) ;
#293 = ORIENTED_EDGE ( 'NONE', *, *, #874, .F. ) ;
#294 = CARTESIAN_POINT ( 'NONE',  ( -46.00000011650330123, -19.00000013573709978, 23.50999999999999801 ) ) ;
#295 = DIRECTION ( 'NONE',  ( 0.000000000000000000, 0.000000000000000000, -1.000000000000000000 ) ) ;
#296 = CARTESIAN_POINT ( 'NONE',  ( -13.02241987973623871, -7.790287732977018820, 26.39499999999999957 ) ) ;
#297 = EDGE_CURVE ( 'NONE', #11, #2576, #2170, .T. ) ;
#298 = ORIENTED_EDGE ( 'NONE', *, *, #256, .T. ) ;
#299 = ADVANCED_FACE ( 'NONE', ( #1081 ), #2541, .F. ) ;
#300 = CARTESIAN_POINT ( 'NONE',  ( -17.54912285973840369, -49.16959405453259535, 32.39500000000000313 ) ) ;
#301 = EDGE_LOOP ( 'NONE', ( #9, #737, #2512, #161, #3143, #757 ) ) ;
#302 = CYLINDRICAL_SURFACE ( 'NONE', #1238, 1.600000000000000755 ) ;
#303 = PLANE ( 'NONE',  #2321 ) ;
#304 = FACE_OUTER_BOUND ( 'NONE', #3176, .T. ) ;
#305 = ORIENTED_EDGE ( 'NONE', *, *, #1796, .F. ) ;
#306 = LINE ( 'NONE', #4439, #3295 ) ;
#307 = EDGE_LOOP ( 'NONE', ( #1468, #856, #2249, #3146, #2344, #4462, #3421, #37, #3390, #1437 ) ) ;
#308 = CARTESIAN_POINT ( 'NONE',  ( -50.92487062729449576, -29.90009702502035083, -46.06930726875629745 ) ) ;
#309 = ORIENTED_EDGE ( 'NONE', *, *, #2947, .T. ) ;
#310 = EDGE_CURVE ( 'NONE', #1072, #977, #408, .T. ) ;
#311 = EDGE_CURVE ( 'NONE', #2030, #1753, #3947, .T. ) ;
#312 = CIRCLE ( 'NONE', #82, 3.124999999999999112 ) ;
#313 = LINE ( 'NONE', #1331, #1191 ) ;
#314 = VERTEX_POINT ( 'NONE', #3993 ) ;
#315 = CARTESIAN_POINT ( 'NONE',  ( -9.214500236650879472, -21.62500053661070254, 25.10999999999999943 ) ) ;
#316 = ORIENTED_EDGE ( 'NONE', *, *, #3105, .T. ) ;
#317 = EDGE_CURVE ( 'NONE', #2002, #2702, #3239, .T. ) ;
#318 = DIRECTION ( 'NONE',  ( -1.000000000000000000, 0.000000000000000000, 0.000000000000000000 ) ) ;
#319 = ADVANCED_FACE ( 'NONE', ( #1491 ), #4288, .F. ) ;
#320 = ORIENTED_EDGE ( 'NONE', *, *, #1551, .F. ) ;
#321 = LINE ( 'NONE', #710, #3649 ) ;
#322 = ADVANCED_FACE ( 'NONE', ( #2217 ), #3261, .F. ) ;
#323 = DIRECTION ( 'NONE',  ( 0.000000000000000000, 0.000000000000000000, 1.000000000000000000 ) ) ;
#324 = AXIS2_PLACEMENT_3D ( 'NONE', #778, #4334, #2194 ) ;
#325 = ORIENTED_EDGE ( 'NONE', *, *, #1216, .T. ) ;
#326 = CARTESIAN_POINT ( 'NONE',  ( -9.652221651492935095, -32.61904654210636778, 28.01965814287700596 ) ) ;
#327 = AXIS2_PLACEMENT_3D ( 'NONE', #2615, #4287, #1121 ) ;
#328 = FACE_OUTER_BOUND ( 'NONE', #2243, .T. ) ;
#329 = PLANE ( 'NONE',  #1900 ) ;
#330 = ORIENTED_EDGE ( 'NONE', *, *, #256, .F. ) ;
#331 = DIRECTION ( 'NONE',  ( 0.000000000000000000, 1.000000000000000000, 0.000000000000000000 ) ) ;
#332 = ORIENTED_EDGE ( 'NONE', *, *, #2686, .F. ) ;
#333 = CARTESIAN_POINT ( 'NONE',  ( -17.54912285973840369, -49.16959405453259535, -46.06930726875629745 ) ) ;
#334 = VECTOR ( 'NONE', #1495, 1000.000000000000000 ) ;
#335 = EDGE_CURVE ( 'NONE', #1373, #2734, #1515, .T. ) ;
#336 = AXIS2_PLACEMENT_3D ( 'NONE', #1441, #55, #1463 ) ;
#337 = ORIENTED_EDGE ( 'NONE', *, *, #2591, .T. ) ;
#338 = CARTESIAN_POINT ( 'NONE',  ( -9.214500236650879472, -32.87500053661069899, 25.10999999999999943 ) ) ;
#339 = ORIENTED_EDGE ( 'NONE', *, *, #1751, .F. ) ;
#340 = CARTESIAN_POINT ( 'NONE',  ( -9.396080775495002868, -21.15913537762749641, 28.53184090766978187 ) ) ;
#341 = CONICAL_SURFACE ( 'NONE', #2930, 1.000000000000000888, 0.3490658503988667838 ) ;
#342 = ORIENTED_EDGE ( 'NONE', *, *, #1217, .F. ) ;
#343 = CARTESIAN_POINT ( 'NONE',  ( -44.50000011650330123, -19.00000017336725122, 23.50999999999999801 ) ) ;
#344 = DIRECTION ( 'NONE',  ( -1.000000000000000000, 0.000000000000000000, 0.000000000000000000 ) ) ;
#345 = EDGE_CURVE ( 'NONE', #1099, #2570, #368, .T. ) ;
#346 = ADVANCED_FACE ( 'NONE', ( #4246 ), #3713, .F. ) ;
#347 = AXIS2_PLACEMENT_3D ( 'NONE', #1181, #2970, #3318 ) ;
#348 = VECTOR ( 'NONE', #1525, 1000.000000000000000 ) ;
#349 = ORIENTED_EDGE ( 'NONE', *, *, #451, .F. ) ;
#350 = DIRECTION ( 'NONE',  ( -1.000000000000000000, 0.000000000000000000, 0.000000000000000000 ) ) ;
#351 = CARTESIAN_POINT ( 'NONE',  ( -10.39754273710274113, -34.75000053661074872, 25.51000000000000156 ) ) ;
#352 = CIRCLE ( 'NONE', #2568, 3.124999999999999112 ) ;
#353 = AXIS2_PLACEMENT_3D ( 'NONE', #3722, #1970, #3379 ) ;
#354 = CARTESIAN_POINT ( 'NONE',  ( -9.714500168379100131, -30.67499953231175169, 23.50999999999999801 ) ) ;
#355 = ORIENTED_EDGE ( 'NONE', *, *, #4007, .T. ) ;
#356 = CARTESIAN_POINT ( 'NONE',  ( -21.75000003694249884, -11.90000040721150043, 23.50999999999999801 ) ) ;
#357 = ORIENTED_EDGE ( 'NONE', *, *, #2489, .T. ) ;
#358 = CARTESIAN_POINT ( 'NONE',  ( -9.214500236650879472, -32.37500053661069899, 25.10999999999999943 ) ) ;
#359 = AXIS2_PLACEMENT_3D ( 'NONE', #268, #568, #2075 ) ;
#360 = ORIENTED_EDGE ( 'NONE', *, *, #3676, .T. ) ;
#361 = ORIENTED_EDGE ( 'NONE', *, *, #58, .T. ) ;
#362 = CARTESIAN_POINT ( 'NONE',  ( -9.829046966910160776, -32.77483395266735045, 28.58772663487009780 ) ) ;
#363 = ORIENTED_EDGE ( 'NONE', *, *, #1615, .T. ) ;
#364 = LINE ( 'NONE', #3624, #2414 ) ;
#365 = ORIENTED_EDGE ( 'NONE', *, *, #3262, .F. ) ;
#366 = CARTESIAN_POINT ( 'NONE',  ( -17.72500000000000142, -8.163947467688508652, 23.50999999999999801 ) ) ;
#367 = EDGE_CURVE ( 'NONE', #1037, #1072, #4013, .T. ) ;
#368 = LINE ( 'NONE', #3192, #2706 ) ;
#369 = EDGE_LOOP ( 'NONE', ( #542, #1397 ) ) ;
#370 = FACE_OUTER_BOUND ( 'NONE', #3833, .T. ) ;
#371 = CARTESIAN_POINT ( 'NONE',  ( -8.231421638686930109, -34.75000053661074872, 25.91762487230109713 ) ) ;
#372 = DIRECTION ( 'NONE',  ( 0.000000000000000000, -1.000000000000000000, 0.000000000000000000 ) ) ;
#373 = LINE ( 'NONE', #4255, #4260 ) ;
#374 = ORIENTED_EDGE ( 'NONE', *, *, #1135, .T. ) ;
#375 = FACE_BOUND ( 'NONE', #2795, .T. ) ;
#376 = ORIENTED_EDGE ( 'NONE', *, *, #663, .F. ) ;
#377 = CARTESIAN_POINT ( 'NONE',  ( -17.72500000000000142, -45.83605253231170451, 23.50999999999999801 ) ) ;
#378 = VERTEX_POINT ( 'NONE', #2329 ) ;
#379 = DIRECTION ( 'NONE',  ( 0.000000000000000000, 0.000000000000000000, 1.000000000000000000 ) ) ;
#380 = ORIENTED_EDGE ( 'NONE', *, *, #1302, .T. ) ;
#381 = CARTESIAN_POINT ( 'NONE',  ( -43.50000028852669942, -35.00000017336724767, 26.25747741945460234 ) ) ;
#382 = ORIENTED_EDGE ( 'NONE', *, *, #1964, .F. ) ;
#383 = LINE ( 'NONE', #2864, #3526 ) ;
#384 = ORIENTED_EDGE ( 'NONE', *, *, #2044, .F. ) ;
#385 = CYLINDRICAL_SURFACE ( 'NONE', #3611, 24.60000000000000142 ) ;
#386 = DIRECTION ( 'NONE',  ( 1.000000000000000000, 0.000000000000000000, 0.000000000000000000 ) ) ;
#387 = CARTESIAN_POINT ( 'NONE',  ( -45.62500000000000000, -27.00000000000000000, 26.39499999999999957 ) ) ;
#388 = EDGE_LOOP ( 'NONE', ( #1276, #3257, #3830, #3824 ) ) ;
#389 = CYLINDRICAL_SURFACE ( 'NONE', #1313, 3.125000000000002665 ) ;
#390 = CARTESIAN_POINT ( 'NONE',  ( -8.167834283813091290, -34.75000053661075583, 25.88352063499251443 ) ) ;
#391 = CONICAL_SURFACE ( 'NONE', #1946, 3.125000000000002665, 0.7853981633974419507 ) ;
#392 = DIRECTION ( 'NONE',  ( -1.000000000000000000, 0.000000000000000000, 0.000000000000000000 ) ) ;
#393 = ORIENTED_EDGE ( 'NONE', *, *, #702, .F. ) ;
#394 = DIRECTION ( 'NONE',  ( 1.000000000000000000, 1.214306433183763862E-14, 0.000000000000000000 ) ) ;
#395 = PLANE ( 'NONE',  #544 ) ;
#396 = EDGE_CURVE ( 'NONE', #1911, #2860, #1888, .T. ) ;
#397 = VECTOR ( 'NONE', #1301, 1000.000000000000000 ) ;
#398 = EDGE_CURVE ( 'NONE', #2293, #1044, #2307, .T. ) ;
#399 = ORIENTED_EDGE ( 'NONE', *, *, #4413, .F. ) ;
#400 = CARTESIAN_POINT ( 'NONE',  ( -9.714500236650881249, -32.44046217738704740, 27.89500000003269875 ) ) ;
#401 = CONICAL_SURFACE ( 'NONE', #3874, 0.5000000000000004441, 0.7853981633974419507 ) ;
#402 = ORIENTED_EDGE ( 'NONE', *, *, #1494, .T. ) ;
#403 = DIRECTION ( 'NONE',  ( 0.000000000000000000, 0.000000000000000000, 1.000000000000000000 ) ) ;
#404 = ORIENTED_EDGE ( 'NONE', *, *, #3821, .T. ) ;
#405 = CARTESIAN_POINT ( 'NONE',  ( -9.714500168379100131, -21.12500053661070254, 28.89499999999999957 ) ) ;
#406 = AXIS2_PLACEMENT_3D ( 'NONE', #2345, #234, #1299 ) ;
#407 = DIRECTION ( 'NONE',  ( 0.000000000000000000, 0.000000000000000000, -1.000000000000000000 ) ) ;
#408 = LINE ( 'NONE', #2566, #4247 ) ;
#409 = AXIS2_PLACEMENT_3D ( 'NONE', #226, #576, #1942 ) ;
#410 = VERTEX_POINT ( 'NONE', #222 ) ;
#411 = DIRECTION ( 'NONE',  ( 1.000000000000000000, 0.000000000000000000, 0.000000000000000000 ) ) ;
#412 = CARTESIAN_POINT ( 'NONE',  ( -9.683876889156431744, -34.75000053661074162, 25.96021576496625372 ) ) ;
#413 = VECTOR ( 'NONE', #2804, 1000.000000000000000 ) ;
#414 = CARTESIAN_POINT ( 'NONE',  ( -10.75000025116536051, -34.75000053661074872, 23.50999999999999801 ) ) ;
#415 = VERTEX_POINT ( 'NONE', #3674 ) ;
#416 = CARTESIAN_POINT ( 'NONE',  ( -45.62500000000000000, -27.00000000000000000, 31.89499999999999957 ) ) ;
#417 = CARTESIAN_POINT ( 'NONE',  ( -12.50000000000000000, -8.163947467688508652, 32.39500000000000313 ) ) ;
#418 = EDGE_CURVE ( 'NONE', #1745, #2904, #911, .T. ) ;
#419 = AXIS2_PLACEMENT_3D ( 'NONE', #3863, #2088, #2415 ) ;
#420 = CARTESIAN_POINT ( 'NONE',  ( -21.74999998103490029, -6.600000401835780295, 32.39500000000000313 ) ) ;
#421 = VECTOR ( 'NONE', #814, 1000.000000000000000 ) ;
#422 = AXIS2_PLACEMENT_3D ( 'NONE', #875, #1320, #251 ) ;
#423 = EDGE_LOOP ( 'NONE', ( #3791, #2793, #2451, #2336 ) ) ;
#424 = CARTESIAN_POINT ( 'NONE',  ( -9.312685570585593098, -32.87500053660429700, 28.79681466606415796 ) ) ;
#425 = ORIENTED_EDGE ( 'NONE', *, *, #3960, .T. ) ;
#426 = CARTESIAN_POINT ( 'NONE',  ( -17.35304657052135013, -49.62954414835459716, 31.89499999999999957 ) ) ;
#427 = VERTEX_POINT ( 'NONE', #3047 ) ;
#428 =( NAMED_UNIT ( * ) PLANE_ANGLE_UNIT ( ) SI_UNIT ( $, .RADIAN. ) );
#429 = FACE_OUTER_BOUND ( 'NONE', #2384, .T. ) ;
#430 = DIRECTION ( 'NONE',  ( 1.000000000000000000, 0.000000000000000000, 0.000000000000000000 ) ) ;
#431 = CIRCLE ( 'NONE', #1573, 0.5000000000000004441 ) ;
#432 = VERTEX_POINT ( 'NONE', #545 ) ;
#433 = FACE_OUTER_BOUND ( 'NONE', #2069, .T. ) ;
#434 = EDGE_CURVE ( 'NONE', #1052, #3816, #4180, .T. ) ;
#435 = PLANE ( 'NONE',  #2032 ) ;
#436 = EDGE_CURVE ( 'NONE', #3375, #432, #3227, .T. ) ;
#437 = CARTESIAN_POINT ( 'NONE',  ( -9.599934916380089334, -21.16362816219652387, 28.70228003725237187 ) ) ;
#438 = ORIENTED_EDGE ( 'NONE', *, *, #1615, .F. ) ;
#439 = CARTESIAN_POINT ( 'NONE',  ( -22.25000003694249884, -11.40000040183578101, 23.50999999999999801 ) ) ;
#440 = DIRECTION ( 'NONE',  ( 1.000000000000000000, 0.000000000000000000, 0.000000000000000000 ) ) ;
#441 = FACE_OUTER_BOUND ( 'NONE', #805, .T. ) ;
#442 = EDGE_LOOP ( 'NONE', ( #4003, #1985, #3783, #3938, #950, #1649, #4397, #3264 ) ) ;
#443 = DIRECTION ( 'NONE',  ( 1.000000000000000000, 0.000000000000000000, 0.000000000000000000 ) ) ;
#444 = ORIENTED_EDGE ( 'NONE', *, *, #155, .T. ) ;
#445 = EDGE_CURVE ( 'NONE', #415, #34, #3742, .T. ) ;
#446 = FACE_OUTER_BOUND ( 'NONE', #1692, .T. ) ;
#447 = EDGE_CURVE ( 'NONE', #2178, #3074, #4107, .T. ) ;
#448 = DIRECTION ( 'NONE',  ( 1.000000000000000000, 0.000000000000000000, 0.000000000000000000 ) ) ;
#449 = ORIENTED_EDGE ( 'NONE', *, *, #223, .F. ) ;
#450 =( NAMED_UNIT ( * ) SI_UNIT ( $, .STERADIAN. ) SOLID_ANGLE_UNIT ( ) );
#451 = EDGE_CURVE ( 'NONE', #2860, #2688, #890, .T. ) ;
#452 = CARTESIAN_POINT ( 'NONE',  ( -48.75000000000000000, -27.00000000000000000, 26.39499999999999957 ) ) ;
#453 = CARTESIAN_POINT ( 'NONE',  ( -21.74999998103490029, -47.89999959278849673, 32.39500000000000313 ) ) ;
#454 = ADVANCED_FACE ( 'NONE', ( #4082 ), #850, .F. ) ;
#455 = ADVANCED_FACE ( 'NONE', ( #3398 ), #1077, .T. ) ;
#456 = EDGE_CURVE ( 'NONE', #3594, #817, #2616, .T. ) ;
#457 = EDGE_CURVE ( 'NONE', #2881, #977, #2191, .T. ) ;
#458 = AXIS2_PLACEMENT_3D ( 'NONE', #866, #1561, #2997 ) ;
#459 = ORIENTED_EDGE ( 'NONE', *, *, #2322, .F. ) ;
#460 = CARTESIAN_POINT ( 'NONE',  ( -22.24999997565915066, -6.100000401835779407, 32.39500000000000313 ) ) ;
#461 = FACE_OUTER_BOUND ( 'NONE', #2840, .T. ) ;
#462 = DIRECTION ( 'NONE',  ( 0.000000000000000000, -1.000000000000000000, 0.000000000000000000 ) ) ;
#463 = VERTEX_POINT ( 'NONE', #3347 ) ;
#464 = CARTESIAN_POINT ( 'NONE',  ( -24.00000033153250101, -14.25000037226925897, 23.50999999999999801 ) ) ;
#465 = DIRECTION ( 'NONE',  ( 1.000000000000000000, 0.000000000000000000, 0.000000000000000000 ) ) ;
#466 = CIRCLE ( 'NONE', #1201, 0.5000000000000004441 ) ;
#467 = DIRECTION ( 'NONE',  ( 1.000000000000000000, 0.000000000000000000, 0.000000000000000000 ) ) ;
#468 = ORIENTED_EDGE ( 'NONE', *, *, #3819, .T. ) ;
#469 = DIRECTION ( 'NONE',  ( 0.000000000000000000, 0.000000000000000000, 1.000000000000000000 ) ) ;
#470 = VERTEX_POINT ( 'NONE', #1284 ) ;
#471 = CIRCLE ( 'NONE', #3062, 0.5000000000000004441 ) ;
#472 = DIRECTION ( 'NONE',  ( 1.000000000000000000, -1.734723475976805517E-15, 0.000000000000000000 ) ) ;
#473 = VECTOR ( 'NONE', #1455, 1000.000000000000114 ) ;
#474 = CARTESIAN_POINT ( 'NONE',  ( -12.52600693663779907, -46.26949679616760136, 32.39500000000000313 ) ) ;
#475 = ORIENTED_EDGE ( 'NONE', *, *, #3262, .T. ) ;
#476 = CARTESIAN_POINT ( 'NONE',  ( -5.785500236650880090, -28.87500053661070254, 23.50999999999999801 ) ) ;
#477 = DIRECTION ( 'NONE',  ( 0.000000000000000000, 0.000000000000000000, 1.000000000000000000 ) ) ;
#478 = CARTESIAN_POINT ( 'NONE',  ( -9.256280411225883853, -21.12500053661070964, 28.81143965085001213 ) ) ;
#479 = ORIENTED_EDGE ( 'NONE', *, *, #3308, .T. ) ;
#480 = CARTESIAN_POINT ( 'NONE',  ( -21.15000001490199821, -44.44999958633759007, 23.50999999999999801 ) ) ;
#481 = EDGE_CURVE ( 'NONE', #2593, #1169, #2665, .T. ) ;
#482 = LINE ( 'NONE', #1547, #3726 ) ;
#483 = AXIS2_PLACEMENT_3D ( 'NONE', #1239, #2682, #1988 ) ;
#484 = DIRECTION ( 'NONE',  ( 1.000000000000000000, 0.000000000000000000, 0.000000000000000000 ) ) ;
#485 = VECTOR ( 'NONE', #1214, 1000.000000000000000 ) ;
#486 = ORIENTED_EDGE ( 'NONE', *, *, #2612, .T. ) ;
#487 = CARTESIAN_POINT ( 'NONE',  ( -48.75000000000000000, -27.00000000000000000, 23.50999999999999801 ) ) ;
#488 = FACE_BOUND ( 'NONE', #4285, .T. ) ;
#489 = AXIS2_PLACEMENT_3D ( 'NONE', #3071, #2508, #237 ) ;
#490 = DIRECTION ( 'NONE',  ( 1.000000000000000000, 0.000000000000000000, 0.000000000000000000 ) ) ;
#491 = ORIENTED_EDGE ( 'NONE', *, *, #2718, .T. ) ;
#492 = CARTESIAN_POINT ( 'NONE',  ( -13.00000000000000000, -8.163947467688508652, 26.39499999999999957 ) ) ;
#493 = ORIENTED_EDGE ( 'NONE', *, *, #4240, .F. ) ;
#494 = VECTOR ( 'NONE', #2549, 1000.000000000000000 ) ;
#495 = EDGE_CURVE ( 'NONE', #585, #3594, #3327, .T. ) ;
#496 = CARTESIAN_POINT ( 'NONE',  ( -6.285500236650880979, -28.37500053661070254, 32.39500000000000313 ) ) ;
#497 = EDGE_CURVE ( 'NONE', #2115, #1969, #138, .T. ) ;
#498 = VECTOR ( 'NONE', #2225, 1000.000000000000114 ) ;
#499 = VECTOR ( 'NONE', #2064, 1000.000000000000000 ) ;
#500 = DIRECTION ( 'NONE',  ( -0.2772937796253769349, -0.6504676469902808122, 0.7071067811865477948 ) ) ;
#501 = VERTEX_POINT ( 'NONE', #271 ) ;
#502 = DIRECTION ( 'NONE',  ( 0.2777950155486009765, 0.6502537422701589742, -0.7071067811865519026 ) ) ;
#503 = DIRECTION ( 'NONE',  ( -1.000000000000000000, 3.700743415417188731E-15, 0.000000000000000000 ) ) ;
#504 = VECTOR ( 'NONE', #84, 1000.000000000000114 ) ;
#505 = VECTOR ( 'NONE', #4497, 1000.000000000000114 ) ;
#506 = CARTESIAN_POINT ( 'NONE',  ( -13.71450016837912145, -30.87500053661069899, 28.39499999999999957 ) ) ;
#507 = ADVANCED_FACE ( 'NONE', ( #4546 ), #4501, .T. ) ;
#508 = LINE ( 'NONE', #2244, #3240 ) ;
#509 = LINE ( 'NONE', #2201, #1580 ) ;
#510 = EDGE_CURVE ( 'NONE', #3037, #3468, #3075, .T. ) ;
#511 = ORIENTED_EDGE ( 'NONE', *, *, #2010, .F. ) ;
#512 = CARTESIAN_POINT ( 'NONE',  ( -10.19214140521356704, -21.50139629532204211, 28.40617697202374714 ) ) ;
#513 = ORIENTED_EDGE ( 'NONE', *, *, #115, .F. ) ;
#514 = CARTESIAN_POINT ( 'NONE',  ( -22.25000004231824846, -42.09999959816424564, 32.39500000000000313 ) ) ;
#515 = CARTESIAN_POINT ( 'NONE',  ( -6.785500236650880090, -32.37500053661069899, 23.50999999999999801 ) ) ;
#516 = EDGE_CURVE ( 'NONE', #2074, #1804, #4132, .T. ) ;
#517 = FACE_OUTER_BOUND ( 'NONE', #4550, .T. ) ;
#518 = ORIENTED_EDGE ( 'NONE', *, *, #1494, .F. ) ;
#519 = DIRECTION ( 'NONE',  ( 0.000000000000000000, 0.000000000000000000, -1.000000000000000000 ) ) ;
#520 = VERTEX_POINT ( 'NONE', #596 ) ;
#521 = CARTESIAN_POINT ( 'NONE',  ( -9.829046966910301109, -21.22516712055379884, 28.58772663487034649 ) ) ;
#522 = CARTESIAN_POINT ( 'NONE',  ( -12.52600693663782039, -46.26949679616760136, -46.06930726875629745 ) ) ;
#523 = ORIENTED_EDGE ( 'NONE', *, *, #398, .F. ) ;
#524 = DIRECTION ( 'NONE',  ( 0.000000000000000000, 0.000000000000000000, -1.000000000000000000 ) ) ;
#525 = DIRECTION ( 'NONE',  ( 0.000000000000000000, 0.000000000000000000, 1.000000000000000000 ) ) ;
#526 = CARTESIAN_POINT ( 'NONE',  ( -48.00000028852669942, -35.00000013573709623, 23.50999999999999801 ) ) ;
#527 = ADVANCED_FACE ( 'NONE', ( #2377 ), #2711, .F. ) ;
#528 = LINE ( 'NONE', #3952, #4534 ) ;
#529 = LINE ( 'NONE', #1943, #1833 ) ;
#530 = EDGE_LOOP ( 'NONE', ( #4266, #2817, #1141, #3689, #147, #2584 ) ) ;
#531 = DIRECTION ( 'NONE',  ( 0.000000000000000000, 0.000000000000000000, 1.000000000000000000 ) ) ;
#532 = CARTESIAN_POINT ( 'NONE',  ( -9.490437152119566733, -32.85571825501377674, 28.75686066566820998 ) ) ;
#533 = CARTESIAN_POINT ( 'NONE',  ( -19.25000000000000000, -45.83605253231170451, 26.39499999999999957 ) ) ;
#534 = VERTEX_POINT ( 'NONE', #1335 ) ;
#535 = PLANE ( 'NONE',  #1586 ) ;
#536 = ORIENTED_EDGE ( 'NONE', *, *, #2383, .T. ) ;
#537 = ADVANCED_FACE ( 'NONE', ( #4199 ), #270, .F. ) ;
#538 = EDGE_CURVE ( 'NONE', #3781, #1500, #4549, .T. ) ;
#539 = CARTESIAN_POINT ( 'NONE',  ( -10.21450023661815898, -21.55953889583410188, 28.39499999999999957 ) ) ;
#540 = AXIS2_PLACEMENT_3D ( 'NONE', #3946, #1189, #1516 ) ;
#541 = DIRECTION ( 'NONE',  ( 0.000000000000000000, 0.000000000000000000, -1.000000000000000000 ) ) ;
#542 = ORIENTED_EDGE ( 'NONE', *, *, #1642, .F. ) ;
#543 = DIRECTION ( 'NONE',  ( -0.3236155771181853935, -0.3236155771181853935, -0.8891264907159878161 ) ) ;
#544 = AXIS2_PLACEMENT_3D ( 'NONE', #12, #1417, #71 ) ;
#545 = CARTESIAN_POINT ( 'NONE',  ( -14.52500000000015845, -45.83605253231170451, 26.39499999999999957 ) ) ;
#546 = AXIS2_PLACEMENT_3D ( 'NONE', #4347, #3357, #1855 ) ;
#547 = CARTESIAN_POINT ( 'NONE',  ( -6.785500168379100749, -21.12500053661070254, 32.39500000000000313 ) ) ;
#548 = CARTESIAN_POINT ( 'NONE',  ( -16.12500000000000000, -45.83605253231170451, 31.89499999999999957 ) ) ;
#549 = CARTESIAN_POINT ( 'NONE',  ( -13.71450016837912145, -32.87500053661069899, 32.39500000000000313 ) ) ;
#550 = CIRCLE ( 'NONE', #3447, 3.125000000000002665 ) ;
#551 = ORIENTED_EDGE ( 'NONE', *, *, #4433, .T. ) ;
#552 = DIRECTION ( 'NONE',  ( 0.9999999999999998890, 1.075145480768661804E-08, 0.000000000000000000 ) ) ;
#553 = ORIENTED_EDGE ( 'NONE', *, *, #4393, .F. ) ;
#554 = CARTESIAN_POINT ( 'NONE',  ( -24.00000033153250101, -39.75000032926339344, 23.50999999999999801 ) ) ;
#555 = DIRECTION ( 'NONE',  ( 0.000000000000000000, 0.000000000000000000, -1.000000000000000000 ) ) ;
#556 = VECTOR ( 'NONE', #1517, 1000.000000000000000 ) ;
#557 = AXIS2_PLACEMENT_3D ( 'NONE', #3901, #403, #3604 ) ;
#558 = CARTESIAN_POINT ( 'NONE',  ( -21.74999998103490029, -47.39999959816420017, 32.39500000000000313 ) ) ;
#559 = ORIENTED_EDGE ( 'NONE', *, *, #877, .T. ) ;
#560 = CARTESIAN_POINT ( 'NONE',  ( -13.71450016837912145, -21.12500053661070254, 28.39499999999999957 ) ) ;
#561 = VERTEX_POINT ( 'NONE', #3422 ) ;
#562 = ADVANCED_FACE ( 'NONE', ( #2824 ), #4150, .T. ) ;
#563 = CARTESIAN_POINT ( 'NONE',  ( -48.75000000000000000, -27.00000000000000000, 26.39499999999999957 ) ) ;
#564 = VECTOR ( 'NONE', #2025, 1000.000000000000227 ) ;
#565 = PLANE ( 'NONE',  #159 ) ;
#566 = VECTOR ( 'NONE', #3055, 1000.000000000000000 ) ;
#567 = VERTEX_POINT ( 'NONE', #642 ) ;
#568 = DIRECTION ( 'NONE',  ( 0.000000000000000000, 0.000000000000000000, 1.000000000000000000 ) ) ;
#569 = ORIENTED_EDGE ( 'NONE', *, *, #3042, .T. ) ;
#570 = CARTESIAN_POINT ( 'NONE',  ( -5.285500236650880979, -27.87500053661070254, 32.39500000000000313 ) ) ;
#571 = AXIS2_PLACEMENT_3D ( 'NONE', #4010, #4333, #173 ) ;
#572 = VECTOR ( 'NONE', #1689, 1000.000000000000114 ) ;
#573 = VECTOR ( 'NONE', #4182, 1000.000000000000000 ) ;
#574 = DIRECTION ( 'NONE',  ( 0.000000000000000000, 0.000000000000000000, -1.000000000000000000 ) ) ;
#575 = CARTESIAN_POINT ( 'NONE',  ( -37.25000001490199963, -44.44999975943615311, 32.39500000000000313 ) ) ;
#576 = DIRECTION ( 'NONE',  ( 0.000000000000000000, 0.000000000000000000, -1.000000000000000000 ) ) ;
#577 = EDGE_LOOP ( 'NONE', ( #2821, #2893, #229, #662, #3574, #1173 ) ) ;
#578 = LINE ( 'NONE', #1687, #4114 ) ;
#579 = ORIENTED_EDGE ( 'NONE', *, *, #59, .F. ) ;
#580 = CARTESIAN_POINT ( 'NONE',  ( -14.52500000000015845, -45.83605253231170451, 23.50999999999999801 ) ) ;
#581 = DIRECTION ( 'NONE',  ( 1.000000000000000000, 3.469446951953611033E-14, 0.000000000000000000 ) ) ;
#582 = EDGE_CURVE ( 'NONE', #3292, #1621, #685, .T. ) ;
#583 = CARTESIAN_POINT ( 'NONE',  ( -24.00000033153250101, -15.00000037226925187, 25.57060806459095303 ) ) ;
#584 = LINE ( 'NONE', #2343, #1387 ) ;
#585 = VERTEX_POINT ( 'NONE', #1010 ) ;
#586 = DIRECTION ( 'NONE',  ( 0.000000000000000000, 0.000000000000000000, 1.000000000000000000 ) ) ;
#587 = VERTEX_POINT ( 'NONE', #2077 ) ;
#588 = CARTESIAN_POINT ( 'NONE',  ( -36.74999998103489673, -8.450000245939598642, 32.39500000000000313 ) ) ;
#589 = LINE ( 'NONE', #1330, #4474 ) ;
#590 = CARTESIAN_POINT ( 'NONE',  ( -7.250000251165360510, -34.75000053661074872, 25.51000000000000156 ) ) ;
#591 = EDGE_CURVE ( 'NONE', #2163, #2972, #3496, .T. ) ;
#592 = ORIENTED_EDGE ( 'NONE', *, *, #2543, .F. ) ;
#593 = CARTESIAN_POINT ( 'NONE',  ( -16.12500000000000000, -8.163947467688508652, 31.89499999999999957 ) ) ;
#594 = VERTEX_POINT ( 'NONE', #2775 ) ;
#595 = EDGE_CURVE ( 'NONE', #314, #3779, #3144, .T. ) ;
#596 = CARTESIAN_POINT ( 'NONE',  ( -15.71450016837909835, -30.87500053661069899, 32.39500000000000313 ) ) ;
#597 = DIRECTION ( 'NONE',  ( 0.000000000000000000, 0.000000000000000000, -1.000000000000000000 ) ) ;
#598 = DIRECTION ( 'NONE',  ( 0.000000000000000000, 0.000000000000000000, -1.000000000000000000 ) ) ;
#599 = ADVANCED_FACE ( 'NONE', ( #2100 ), #3877, .F. ) ;
#600 = VERTEX_POINT ( 'NONE', #802 ) ;
#601 = ADVANCED_FACE ( 'NONE', ( #1100 ), #2517, .F. ) ;
#602 = ADVANCED_FACE ( 'NONE', ( #446 ), #3233, .T. ) ;
#603 = EDGE_LOOP ( 'NONE', ( #293, #332, #906, #747 ) ) ;
#604 = DIRECTION ( 'NONE',  ( 0.000000000000000000, -1.000000000000000000, 0.000000000000000000 ) ) ;
#605 = ORIENTED_EDGE ( 'NONE', *, *, #2446, .F. ) ;
#606 = DIRECTION ( 'NONE',  ( 0.000000000000000000, -1.000000000000000000, 0.000000000000000000 ) ) ;
#607 = CARTESIAN_POINT ( 'NONE',  ( -36.75000001167654773, -44.44999975406039994, 32.39500000000000313 ) ) ;
#608 = DIRECTION ( 'NONE',  ( 1.000000000000000000, 0.000000000000000000, 0.000000000000000000 ) ) ;
#609 = CARTESIAN_POINT ( 'NONE',  ( -12.52600706049404167, -7.730502175423169753, 31.89499999999999957 ) ) ;
#610 = ORIENTED_EDGE ( 'NONE', *, *, #1419, .F. ) ;
#611 = DIRECTION ( 'NONE',  ( 0.000000000000000000, 0.000000000000000000, 1.000000000000000000 ) ) ;
#612 = ORIENTED_EDGE ( 'NONE', *, *, #2478, .F. ) ;
#613 = DIRECTION ( 'NONE',  ( 1.000000000000000000, 0.000000000000000000, 0.000000000000000000 ) ) ;
#614 = DIRECTION ( 'NONE',  ( 0.000000000000000000, -1.000000000000000000, 0.000000000000000000 ) ) ;
#615 = CARTESIAN_POINT ( 'NONE',  ( -9.714500236650881249, -32.87500053661069899, 28.89499999999999957 ) ) ;
#616 = EDGE_LOOP ( 'NONE', ( #4415, #3601, #184 ) ) ;
#617 = CARTESIAN_POINT ( 'NONE',  ( -7.602457765227970121, -37.25000053661074872, 25.51000000000000156 ) ) ;
#618 = EDGE_LOOP ( 'NONE', ( #2160, #4137, #4404, #3621 ) ) ;
#619 = CARTESIAN_POINT ( 'NONE',  ( -9.702795896998917868, -21.50006419182166439, 27.91840389964585967 ) ) ;
#620 = CONICAL_SURFACE ( 'NONE', #1278, 1.000000000000000888, 0.3490658503988667838 ) ;
#621 = DIRECTION ( 'NONE',  ( -1.000000000000000000, 0.000000000000000000, 0.000000000000000000 ) ) ;
#622 = CARTESIAN_POINT ( 'NONE',  ( -21.74999998103490029, -8.450000407211508247, 32.39500000000000313 ) ) ;
#623 = ORIENTED_EDGE ( 'NONE', *, *, #3879, .T. ) ;
#624 = CIRCLE ( 'NONE', #4020, 1.600000000000000755 ) ;
#625 = DIRECTION ( 'NONE',  ( -1.000000000000000000, 0.000000000000000000, 0.000000000000000000 ) ) ;
#626 = VERTEX_POINT ( 'NONE', #3212 ) ;
#627 = CARTESIAN_POINT ( 'NONE',  ( -22.24999998103490384, -6.600000401835780295, 23.50999999999999801 ) ) ;
#628 = CARTESIAN_POINT ( 'NONE',  ( -50.92487075201550084, -24.09990306851174680, 31.89499999999999957 ) ) ;
#629 = DIRECTION ( 'NONE',  ( -1.000000000000000000, 0.000000000000000000, 0.000000000000000000 ) ) ;
#630 = AXIS2_PLACEMENT_3D ( 'NONE', #2861, #74, #1098 ) ;
#631 = ORIENTED_EDGE ( 'NONE', *, *, #457, .T. ) ;
#632 = FACE_OUTER_BOUND ( 'NONE', #1913, .T. ) ;
#633 = VERTEX_POINT ( 'NONE', #38 ) ;
#634 = CYLINDRICAL_SURFACE ( 'NONE', #177, 0.5000000000000004441 ) ;
#635 = DIRECTION ( 'NONE',  ( 0.000000000000000000, 0.000000000000000000, -1.000000000000000000 ) ) ;
#636 = DIRECTION ( 'NONE',  ( 0.000000000000000000, 0.000000000000000000, -1.000000000000000000 ) ) ;
#637 = ORIENTED_EDGE ( 'NONE', *, *, #436, .F. ) ;
#638 = DIRECTION ( 'NONE',  ( 0.000000000000000000, 0.000000000000000000, -1.000000000000000000 ) ) ;
#639 = ADVANCED_FACE ( 'NONE', ( #4223 ), #341, .F. ) ;
#640 = ORIENTED_EDGE ( 'NONE', *, *, #4555, .F. ) ;
#641 = CIRCLE ( 'NONE', #117, 24.60000000000000142 ) ;
#642 = CARTESIAN_POINT ( 'NONE',  ( -34.00000033153254719, -38.25000032926340054, 23.50999999999999801 ) ) ;
#643 = EDGE_CURVE ( 'NONE', #1969, #3275, #3561, .T. ) ;
#644 = AXIS2_PLACEMENT_3D ( 'NONE', #2630, #3334, #166 ) ;
#645 = DIRECTION ( 'NONE',  ( 1.000000000000000000, 0.000000000000000000, 0.000000000000000000 ) ) ;
#646 = VECTOR ( 'NONE', #3112, 1000.000000000000000 ) ;
#647 = CARTESIAN_POINT ( 'NONE',  ( -4.785500236650880090, -27.87500053661070254, 32.39500000000000313 ) ) ;
#648 = EDGE_LOOP ( 'NONE', ( #1554, #610, #748, #1994 ) ) ;
#649 = B_SPLINE_CURVE_WITH_KNOTS ( 'NONE', 3,
 ( #1564, #2979, #4380, #2024 ),
 .UNSPECIFIED., .F., .F.,
 ( 4, 4 ),
 ( 0.000000000000000000, 1.000000000000000000 ),
 .UNSPECIFIED. ) ;
#650 = DIRECTION ( 'NONE',  ( 1.000000000000000000, 0.000000000000000000, 0.000000000000000000 ) ) ;
#651 = EDGE_CURVE ( 'NONE', #4211, #501, #383, .T. ) ;
#652 = ORIENTED_EDGE ( 'NONE', *, *, #591, .T. ) ;
#653 = CARTESIAN_POINT ( 'NONE',  ( -5.285500236650880979, -25.62500053661070254, 32.39500000000000313 ) ) ;
#654 = LINE ( 'NONE', #1667, #3286 ) ;
#655 = EDGE_CURVE ( 'NONE', #3056, #3200, #16, .T. ) ;
#656 = VECTOR ( 'NONE', #4249, 1000.000000000000000 ) ;
#657 = CYLINDRICAL_SURFACE ( 'NONE', #1602, 0.5000000000000004441 ) ;
#658 = ORIENTED_EDGE ( 'NONE', *, *, #2081, .F. ) ;
#659 = FACE_OUTER_BOUND ( 'NONE', #2302, .T. ) ;
#660 = ORIENTED_EDGE ( 'NONE', *, *, #335, .F. ) ;
#661 = DIRECTION ( 'NONE',  ( 0.000000000000000000, 0.000000000000000000, -1.000000000000000000 ) ) ;
#662 = ORIENTED_EDGE ( 'NONE', *, *, #4250, .T. ) ;
#663 = EDGE_CURVE ( 'NONE', #1987, #207, #364, .T. ) ;
#664 = EDGE_CURVE ( 'NONE', #2410, #2992, #3578, .T. ) ;
#665 = DIRECTION ( 'NONE',  ( 0.000000000000000000, 0.000000000000000000, 1.000000000000000000 ) ) ;
#666 = EDGE_LOOP ( 'NONE', ( #29, #2444, #2472, #2811 ) ) ;
#667 = DIRECTION ( 'NONE',  ( 0.000000000000000000, -1.000000000000000000, 0.000000000000000000 ) ) ;
#668 = ORIENTED_EDGE ( 'NONE', *, *, #3287, .T. ) ;
#669 = CARTESIAN_POINT ( 'NONE',  ( -9.520811916016675980, -21.22948376846130358, 28.28252963946999543 ) ) ;
#670 = CARTESIAN_POINT ( 'NONE',  ( -36.74999998103489673, -6.600000251315320199, 23.50999999999999801 ) ) ;
#671 = CARTESIAN_POINT ( 'NONE',  ( -9.714500236650881249, -32.37500053661069899, 23.50999999999999801 ) ) ;
#672 = ORIENTED_EDGE ( 'NONE', *, *, #4100, .F. ) ;
#673 = DIRECTION ( 'NONE',  ( 1.000000000000000000, 0.000000000000000000, 0.000000000000000000 ) ) ;
#674 = CARTESIAN_POINT ( 'NONE',  ( -9.733912106114761542, -34.75000053661074162, 25.93547513905391710 ) ) ;
#675 = DIRECTION ( 'NONE',  ( -0.000000000000000000, 1.000000000000000000, 0.000000000000000000 ) ) ;
#676 = EDGE_LOOP ( 'NONE', ( #22, #658, #4422, #1520 ) ) ;
#677 = CARTESIAN_POINT ( 'NONE',  ( -27.00000000000000000, -26.99999953231175098, 32.39500000000000313 ) ) ;
#678 = VERTEX_POINT ( 'NONE', #4268 ) ;
#679 = DIRECTION ( 'NONE',  ( 0.000000000000000000, 0.000000000000000000, -1.000000000000000000 ) ) ;
#680 = ORIENTED_EDGE ( 'NONE', *, *, #938, .T. ) ;
#681 = ORIENTED_EDGE ( 'NONE', *, *, #3004, .F. ) ;
#682 = ADVANCED_FACE ( 'NONE', ( #3276 ), #1776, .F. ) ;
#683 = VERTEX_POINT ( 'NONE', #57 ) ;
#684 = ADVANCED_FACE ( 'NONE', ( #98 ), #2148, .F. ) ;
#685 = LINE ( 'NONE', #2427, #4399 ) ;
#686 = ORIENTED_EDGE ( 'NONE', *, *, #1948, .F. ) ;
#687 = DIRECTION ( 'NONE',  ( 0.000000000000000000, 0.000000000000000000, -1.000000000000000000 ) ) ;
#688 = FACE_OUTER_BOUND ( 'NONE', #3066, .T. ) ;
#689 = CIRCLE ( 'NONE', #3793, 0.4999999999999995559 ) ;
#690 = EDGE_LOOP ( 'NONE', ( #4018, #4278, #4036 ) ) ;
#691 = DIRECTION ( 'NONE',  ( 0.000000000000000000, 0.000000000000000000, -1.000000000000000000 ) ) ;
#692 = VECTOR ( 'NONE', #981, 1000.000000000000000 ) ;
#693 = DIRECTION ( 'NONE',  ( -1.000000000000000000, 0.000000000000000000, 0.000000000000000000 ) ) ;
#694 = CIRCLE ( 'NONE', #99, 3.125000000000002665 ) ;
#695 = DIRECTION ( 'NONE',  ( 1.000000000000000000, 0.000000000000000000, 0.000000000000000000 ) ) ;
#696 = ORIENTED_EDGE ( 'NONE', *, *, #1766, .F. ) ;
#697 = PLANE ( 'NONE',  #1661 ) ;
#698 = VERTEX_POINT ( 'NONE', #1510 ) ;
#699 = DIRECTION ( 'NONE',  ( 0.000000000000000000, 1.000000000000000000, 0.000000000000000000 ) ) ;
#700 = AXIS2_PLACEMENT_3D ( 'NONE', #548, #2333, #949 ) ;
#701 = CIRCLE ( 'NONE', #3590, 0.5000000000000004441 ) ;
#702 = EDGE_CURVE ( 'NONE', #2878, #1621, #2903, .T. ) ;
#703 = EDGE_CURVE ( 'NONE', #130, #4147, #641, .T. ) ;
#704 = ORIENTED_EDGE ( 'NONE', *, *, #164, .F. ) ;
#705 = CARTESIAN_POINT ( 'NONE',  ( -9.214500236650879472, -32.87500053661069899, 28.89499999999999957 ) ) ;
#706 = ORIENTED_EDGE ( 'NONE', *, *, #17, .F. ) ;
#707 = DIRECTION ( 'NONE',  ( 0.000000000000000000, 0.000000000000000000, 1.000000000000000000 ) ) ;
#708 = VECTOR ( 'NONE', #4284, 1000.000000000000000 ) ;
#709 = ORIENTED_EDGE ( 'NONE', *, *, #1317, .F. ) ;
#710 = CARTESIAN_POINT ( 'NONE',  ( 0.000000000000000000, -32.37500053661069899, 28.39499999999999957 ) ) ;
#711 = DIRECTION ( 'NONE',  ( 0.000000000000000000, 0.000000000000000000, 1.000000000000000000 ) ) ;
#712 = AXIS2_PLACEMENT_3D ( 'NONE', #2208, #4300, #122 ) ;
#713 = CIRCLE ( 'NONE', #1083, 0.5000000000000004441 ) ;
#714 = ORIENTED_EDGE ( 'NONE', *, *, #2291, .T. ) ;
#715 = CARTESIAN_POINT ( 'NONE',  ( -9.298078425687924309, -32.87500053661069899, 28.72784362192591701 ) ) ;
#716 = CARTESIAN_POINT ( 'NONE',  ( -8.080464276537751900, -34.75000053661074162, 25.83401765372724057 ) ) ;
#717 = CARTESIAN_POINT ( 'NONE',  ( -47.00000011650330123, -19.00000013573709978, 23.50999999999999801 ) ) ;
#718 = CONICAL_SURFACE ( 'NONE', #3376, 0.5000000000000004441, 0.7853981633974419507 ) ;
#719 = CONICAL_SURFACE ( 'NONE', #128, 3.124999999999999112, 0.7853981633974419507 ) ;
#720 = LINE ( 'NONE', #3158, #1975 ) ;
#721 = ORIENTED_EDGE ( 'NONE', *, *, #4353, .F. ) ;
#722 = CARTESIAN_POINT ( 'NONE',  ( -36.75000001167654773, -44.44999975406039994, 23.50999999999999801 ) ) ;
#723 = VERTEX_POINT ( 'NONE', #426 ) ;
#724 = AXIS2_PLACEMENT_3D ( 'NONE', #627, #2689, #185 ) ;
#725 = CARTESIAN_POINT ( 'NONE',  ( -9.714500202514990690, -21.62500053661070254, 25.10999999999999943 ) ) ;
#726 = VECTOR ( 'NONE', #3073, 1000.000000000000000 ) ;
#727 = EDGE_LOOP ( 'NONE', ( #2715, #3914, #276 ) ) ;
#728 = ORIENTED_EDGE ( 'NONE', *, *, #481, .F. ) ;
#729 = CARTESIAN_POINT ( 'NONE',  ( -9.279961879945741288, -32.87500053661069899, 28.76407671340899697 ) ) ;
#730 = EDGE_LOOP ( 'NONE', ( #1164, #536, #4270, #2885, #1401, #2977 ) ) ;
#731 = DIRECTION ( 'NONE',  ( 0.000000000000000000, 1.000000000000000000, 0.000000000000000000 ) ) ;
#732 = ORIENTED_EDGE ( 'NONE', *, *, #3173, .F. ) ;
#733 = ADVANCED_FACE ( 'NONE', ( #3255 ), #1486, .T. ) ;
#734 = FACE_OUTER_BOUND ( 'NONE', #4301, .T. ) ;
#735 = DIRECTION ( 'NONE',  ( -1.000000000000000000, 0.000000000000000000, 0.000000000000000000 ) ) ;
#736 = EDGE_CURVE ( 'NONE', #1290, #1262, #2559, .T. ) ;
#737 = ORIENTED_EDGE ( 'NONE', *, *, #2106, .F. ) ;
#738 = CARTESIAN_POINT ( 'NONE',  ( -6.285500168379109631, -23.32499953231175027, 23.50999999999999801 ) ) ;
#739 = EDGE_CURVE ( 'NONE', #87, #4198, #3005, .T. ) ;
#740 = CARTESIAN_POINT ( 'NONE',  ( -21.74999998103490029, -8.450000407211508247, 23.50999999999999801 ) ) ;
#741 = EDGE_CURVE ( 'NONE', #4, #4558, #2303, .T. ) ;
#742 = CARTESIAN_POINT ( 'NONE',  ( -10.39754273710274113, -37.25000053661074872, 25.51000000000000156 ) ) ;
#743 = DIRECTION ( 'NONE',  ( 0.000000000000000000, 0.000000000000000000, 1.000000000000000000 ) ) ;
#744 = ORIENTED_EDGE ( 'NONE', *, *, #4495, .F. ) ;
#745 = DIRECTION ( 'NONE',  ( 0.9999999999999998890, -1.075146215115871861E-08, 0.000000000000000000 ) ) ;
#746 = CARTESIAN_POINT ( 'NONE',  ( -5.285500236650880979, -27.87500053661070254, 23.50999999999999801 ) ) ;
#747 = ORIENTED_EDGE ( 'NONE', *, *, #1764, .F. ) ;
#748 = ORIENTED_EDGE ( 'NONE', *, *, #938, .F. ) ;
#749 = FACE_OUTER_BOUND ( 'NONE', #2808, .T. ) ;
#750 = ORIENTED_EDGE ( 'NONE', *, *, #4262, .T. ) ;
#751 = CARTESIAN_POINT ( 'NONE',  ( -13.71450016837912145, -23.12500053661069899, 28.39499999999999957 ) ) ;
#752 = ORIENTED_EDGE ( 'NONE', *, *, #1472, .F. ) ;
#753 = SURFACE_STYLE_USAGE ( .BOTH. , #3905 ) ;
#754 = CARTESIAN_POINT ( 'NONE',  ( -17.72500000000000142, -45.83605253231170451, 26.39499999999999957 ) ) ;
#755 = LINE ( 'NONE', #1122, #556 ) ;
#756 = VECTOR ( 'NONE', #1521, 1000.000000000000000 ) ;
#757 = ORIENTED_EDGE ( 'NONE', *, *, #3918, .F. ) ;
#758 = DIRECTION ( 'NONE',  ( 0.000000000000000000, 0.000000000000000000, 1.000000000000000000 ) ) ;
#759 = CARTESIAN_POINT ( 'NONE',  ( -9.109923534089968911, -34.75000053661074872, 26.13550888735518996 ) ) ;
#760 = VECTOR ( 'NONE', #4525, 1000.000000000000000 ) ;
#761 = EDGE_CURVE ( 'NONE', #3844, #940, #3365, .T. ) ;
#762 = AXIS2_PLACEMENT_3D ( 'NONE', #2844, #4245, #687 ) ;
#763 = CARTESIAN_POINT ( 'NONE',  ( -21.75000003694249884, -9.550000407211507891, 23.50999999999999801 ) ) ;
#764 = ORIENTED_EDGE ( 'NONE', *, *, #3543, .T. ) ;
#765 = DIRECTION ( 'NONE',  ( 0.000000000000000000, 0.000000000000000000, -1.000000000000000000 ) ) ;
#766 = DIRECTION ( 'NONE',  ( 0.000000000000000000, 0.000000000000000000, -1.000000000000000000 ) ) ;
#767 = CIRCLE ( 'NONE', #3213, 0.8750000000000007772 ) ;
#768 = ORIENTED_EDGE ( 'NONE', *, *, #4210, .T. ) ;
#769 = CARTESIAN_POINT ( 'NONE',  ( -9.714500236650875920, -32.37500053661068478, 28.39499999999995339 ) ) ;
#770 = VECTOR ( 'NONE', #2691, 1000.000000000000000 ) ;
#771 = VERTEX_POINT ( 'NONE', #1933 ) ;
#772 = DIRECTION ( 'NONE',  ( 0.000000000000000000, 0.000000000000000000, -1.000000000000000000 ) ) ;
#773 = AXIS2_PLACEMENT_3D ( 'NONE', #2557, #3964, #799 ) ;
#774 = ADVANCED_FACE ( 'NONE', ( #1956 ), #1375, .F. ) ;
#775 = ORIENTED_EDGE ( 'NONE', *, *, #874, .T. ) ;
#776 = DIRECTION ( 'NONE',  ( 0.000000000000000000, 0.000000000000000000, 1.000000000000000000 ) ) ;
#777 = VECTOR ( 'NONE', #3699, 1000.000000000000000 ) ;
#778 = CARTESIAN_POINT ( 'NONE',  ( -12.52600706049404167, -7.730502175423169753, 31.89499999999999957 ) ) ;
#779 = EDGE_CURVE ( 'NONE', #2696, #4515, #1233, .T. ) ;
#780 = CARTESIAN_POINT ( 'NONE',  ( -21.74999998103490029, -8.450000407211508247, 23.50999999999999801 ) ) ;
#781 = AXIS2_PLACEMENT_3D ( 'NONE', #2958, #1937, #1962 ) ;
#782 = ORIENTED_EDGE ( 'NONE', *, *, #2282, .F. ) ;
#783 = DIRECTION ( 'NONE',  ( 1.000000000000000000, 0.000000000000000000, 0.000000000000000000 ) ) ;
#784 = CARTESIAN_POINT ( 'NONE',  ( -21.75000003694249884, -42.59999959816424564, 23.50999999999999801 ) ) ;
#785 = VECTOR ( 'NONE', #3734, 1000.000000000000000 ) ;
#786 = ADVANCED_FACE ( 'NONE', ( #864 ), #2583, .T. ) ;
#787 = VECTOR ( 'NONE', #4486, 1000.000000000000000 ) ;
#788 = CARTESIAN_POINT ( 'NONE',  ( -13.02600706049405943, -7.730502175423169753, 31.89499999999999957 ) ) ;
#789 = ORIENTED_EDGE ( 'NONE', *, *, #2282, .T. ) ;
#790 = CYLINDRICAL_SURFACE ( 'NONE', #3015, 0.5000000000000004441 ) ;
#791 = EDGE_CURVE ( 'NONE', #1064, #3033, #1082, .T. ) ;
#792 = DIRECTION ( 'NONE',  ( 0.000000000000000000, 1.000000000000000000, 0.000000000000000000 ) ) ;
#793 = VECTOR ( 'NONE', #531, 1000.000000000000000 ) ;
#794 = AXIS2_PLACEMENT_3D ( 'NONE', #833, #3979, #2248 ) ;
#795 = EDGE_CURVE ( 'NONE', #470, #11, #3670, .T. ) ;
#796 = CARTESIAN_POINT ( 'NONE',  ( -6.285500236650889860, -30.67499953231175169, 25.10999999999999943 ) ) ;
#797 = VECTOR ( 'NONE', #758, 1000.000000000000000 ) ;
#798 = ORIENTED_EDGE ( 'NONE', *, *, #3736, .T. ) ;
#799 = DIRECTION ( 'NONE',  ( 1.000000000000000000, 0.000000000000000000, 0.000000000000000000 ) ) ;
#800 = ORIENTED_EDGE ( 'NONE', *, *, #2897, .F. ) ;
#801 = EDGE_CURVE ( 'NONE', #1745, #4201, #1382, .T. ) ;
#802 = CARTESIAN_POINT ( 'NONE',  ( -37.25000000307539949, -45.54999975943620427, 32.39500000000000313 ) ) ;
#803 = EDGE_CURVE ( 'NONE', #1169, #3806, #1450, .T. ) ;
#804 = CYLINDRICAL_SURFACE ( 'NONE', #3271, 1.599999999999997202 ) ;
#805 = EDGE_LOOP ( 'NONE', ( #4323, #2218, #3965, #4195 ) ) ;
#806 = LINE ( 'NONE', #2757, #1234 ) ;
#807 = DIRECTION ( 'NONE',  ( 1.000000000000000000, 0.000000000000000000, 0.000000000000000000 ) ) ;
#808 = DIRECTION ( 'NONE',  ( 1.000000000000000000, 0.000000000000000000, 0.000000000000000000 ) ) ;
#809 = ORIENTED_EDGE ( 'NONE', *, *, #3716, .F. ) ;
#810 = PLANE ( 'NONE',  #4409 ) ;
#811 = DIRECTION ( 'NONE',  ( 0.000000000000000000, 0.000000000000000000, 1.000000000000000000 ) ) ;
#812 = LINE ( 'NONE', #1176, #2198 ) ;
#813 = ORIENTED_EDGE ( 'NONE', *, *, #4126, .T. ) ;
#814 = DIRECTION ( 'NONE',  ( 0.000000000000000000, 1.000000000000000000, 0.000000000000000000 ) ) ;
#815 = DIRECTION ( 'NONE',  ( 0.000000000000000000, 0.000000000000000000, -1.000000000000000000 ) ) ;
#816 = CYLINDRICAL_SURFACE ( 'NONE', #347, 1.599999999999997202 ) ;
#817 = VERTEX_POINT ( 'NONE', #3667 ) ;
#818 = CARTESIAN_POINT ( 'NONE',  ( -8.125000251165360510, -36.00000053661074872, 32.39500000000000313 ) ) ;
#819 = VERTEX_POINT ( 'NONE', #1914 ) ;
#820 = CARTESIAN_POINT ( 'NONE',  ( -10.08828663228750067, -21.37319105521600093, 28.45810680218164990 ) ) ;
#821 = DIRECTION ( 'NONE',  ( 0.000000000000000000, 0.000000000000000000, -1.000000000000000000 ) ) ;
#822 = EDGE_CURVE ( 'NONE', #1052, #4211, #1676, .T. ) ;
#823 = EDGE_CURVE ( 'NONE', #2819, #410, #3891, .T. ) ;
#824 = EDGE_LOOP ( 'NONE', ( #967, #3994, #1017, #3813 ) ) ;
#825 = CARTESIAN_POINT ( 'NONE',  ( -37.25000001490199963, -9.550000240563859322, 23.50999999999999801 ) ) ;
#826 = FACE_OUTER_BOUND ( 'NONE', #727, .T. ) ;
#827 = DIRECTION ( 'NONE',  ( 0.000000000000000000, 0.000000000000000000, 1.000000000000000000 ) ) ;
#828 = CIRCLE ( 'NONE', #3338, 0.5000000000000004441 ) ;
#829 = EDGE_LOOP ( 'NONE', ( #2023, #3976, #291 ) ) ;
#830 = DIRECTION ( 'NONE',  ( -0.3420201433256694901, 0.000000000000000000, -0.9396926207859080948 ) ) ;
#831 = CARTESIAN_POINT ( 'NONE',  ( -34.00000033153254719, -38.25000032926340054, 23.50999999999999801 ) ) ;
#832 = EDGE_CURVE ( 'NONE', #4471, #771, #4167, .T. ) ;
#833 = CARTESIAN_POINT ( 'NONE',  ( -16.12500000000000000, -8.163947467688508652, 26.39499999999999957 ) ) ;
#834 = ORIENTED_EDGE ( 'NONE', *, *, #4562, .T. ) ;
#835 = CARTESIAN_POINT ( 'NONE',  ( -16.12500000000000000, -45.83605253231170451, 32.39500000000000313 ) ) ;
#836 = CARTESIAN_POINT ( 'NONE',  ( -16.12500000000000000, -8.163947467688508652, 31.89499999999999957 ) ) ;
#837 = AXIS2_PLACEMENT_3D ( 'NONE', #4177, #849, #1148 ) ;
#838 = DIRECTION ( 'NONE',  ( 0.000000000000000000, 0.000000000000000000, 1.000000000000000000 ) ) ;
#839 = ORIENTED_EDGE ( 'NONE', *, *, #2441, .F. ) ;
#840 = CARTESIAN_POINT ( 'NONE',  ( -47.00000028852669942, -35.00000013573709623, 23.50999999999999801 ) ) ;
#841 = EDGE_LOOP ( 'NONE', ( #44, #3361, #2563, #1056, #2416, #4112, #2259, #1662, #3763, #2496, #714 ) ) ;
#842 = VECTOR ( 'NONE', #1448, 1000.000000000000000 ) ;
#843 = DIRECTION ( 'NONE',  ( -1.000000000000000000, 3.700743415417188731E-15, 0.000000000000000000 ) ) ;
#844 = EDGE_CURVE ( 'NONE', #2021, #4205, #1303, .T. ) ;
#845 = VECTOR ( 'NONE', #4139, 1000.000000000000000 ) ;
#846 = CARTESIAN_POINT ( 'NONE',  ( -50.92487062729449576, -29.90009702502035083, 31.89499999999999957 ) ) ;
#847 = ORIENTED_EDGE ( 'NONE', *, *, #2456, .T. ) ;
#848 = FACE_OUTER_BOUND ( 'NONE', #2939, .T. ) ;
#849 = DIRECTION ( 'NONE',  ( 1.075146129532929945E-08, -1.000000000000000000, 0.000000000000000000 ) ) ;
#850 = PLANE ( 'NONE',  #781 ) ;
#851 = AXIS2_PLACEMENT_3D ( 'NONE', #2973, #124, #3299 ) ;
#852 = FACE_OUTER_BOUND ( 'NONE', #3128, .T. ) ;
#853 = CARTESIAN_POINT ( 'NONE',  ( -12.52600706049404167, -7.730502175423169753, -46.06930726875629745 ) ) ;
#854 = CARTESIAN_POINT ( 'NONE',  ( -9.981186154040740277, -21.30390013159759732, 28.51163303070753230 ) ) ;
#855 = AXIS2_PLACEMENT_3D ( 'NONE', #3189, #3922, #2212 ) ;
#856 = ORIENTED_EDGE ( 'NONE', *, *, #4197, .T. ) ;
#857 = DIRECTION ( 'NONE',  ( 0.000000000000000000, 0.000000000000000000, 1.000000000000000000 ) ) ;
#858 = CARTESIAN_POINT ( 'NONE',  ( -9.214500236650879472, -32.87500053661069899, 28.89499999999999957 ) ) ;
#859 = CARTESIAN_POINT ( 'NONE',  ( -6.285500236650880979, -28.37500053661070254, 23.50999999999999801 ) ) ;
#860 = CARTESIAN_POINT ( 'NONE',  ( -37.25000000307539949, -8.450000240563859677, 23.50999999999999801 ) ) ;
#861 = EDGE_LOOP ( 'NONE', ( #962, #3613, #984, #637 ) ) ;
#862 = LINE ( 'NONE', #4004, #4168 ) ;
#863 = ORIENTED_EDGE ( 'NONE', *, *, #3402, .F. ) ;
#864 = FACE_OUTER_BOUND ( 'NONE', #3394, .T. ) ;
#865 = CIRCLE ( 'NONE', #1390, 0.5000000000000004441 ) ;
#866 = CARTESIAN_POINT ( 'NONE',  ( -16.12500000000000000, -45.83605253231170451, 26.39499999999999957 ) ) ;
#867 = ORIENTED_EDGE ( 'NONE', *, *, #913, .F. ) ;
#868 = DIRECTION ( 'NONE',  ( -1.075145969728095881E-08, 0.9999999999999998890, 0.000000000000000000 ) ) ;
#869 = DIRECTION ( 'NONE',  ( 1.000000000000000000, 0.000000000000000000, 0.000000000000000000 ) ) ;
#870 = AXIS2_PLACEMENT_3D ( 'NONE', #835, #3957, #1527 ) ;
#871 = CARTESIAN_POINT ( 'NONE',  ( -36.24999998103490384, -6.600000251315320199, 23.50999999999999801 ) ) ;
#872 = FACE_OUTER_BOUND ( 'NONE', #4339, .T. ) ;
#873 = DIRECTION ( 'NONE',  ( 1.000000000000000000, 0.000000000000000000, 0.000000000000000000 ) ) ;
#874 = EDGE_CURVE ( 'NONE', #567, #3581, #1432, .T. ) ;
#875 = CARTESIAN_POINT ( 'NONE',  ( -15.21450016837910013, 0.000000000000000000, 28.89499999999999957 ) ) ;
#876 = EDGE_CURVE ( 'NONE', #1621, #2972, #589, .T. ) ;
#877 = EDGE_CURVE ( 'NONE', #4471, #216, #4145, .T. ) ;
#878 = VERTEX_POINT ( 'NONE', #982 ) ;
#879 = CARTESIAN_POINT ( 'NONE',  ( -22.24999997565915066, -47.89999959816420017, 23.50999999999999801 ) ) ;
#880 = DIRECTION ( 'NONE',  ( 1.000000000000000000, 0.000000000000000000, 0.000000000000000000 ) ) ;
#881 = CYLINDRICAL_SURFACE ( 'NONE', #644, 0.5000000000000004441 ) ;
#882 = CARTESIAN_POINT ( 'NONE',  ( -17.35304545186550129, -4.370455393150895596, 26.39499999999999957 ) ) ;
#883 = ORIENTED_EDGE ( 'NONE', *, *, #1496, .T. ) ;
#884 = LINE ( 'NONE', #1600, #3076 ) ;
#885 = ORIENTED_EDGE ( 'NONE', *, *, #3927, .F. ) ;
#886 = CARTESIAN_POINT ( 'NONE',  ( -9.000000251165358733, -36.00000053661074872, 25.51000000000000156 ) ) ;
#887 = CARTESIAN_POINT ( 'NONE',  ( -13.02241977296366038, -46.20971138046329685, 26.39499999999999957 ) ) ;
#888 = VERTEX_POINT ( 'NONE', #1087 ) ;
#889 = FACE_OUTER_BOUND ( 'NONE', #1243, .T. ) ;
#890 = LINE ( 'NONE', #1190, #2488 ) ;
#891 = CARTESIAN_POINT ( 'NONE',  ( -10.75000025116536051, -35.78335597540418433, 25.63500000000001222 ) ) ;
#892 = DIRECTION ( 'NONE',  ( 1.000000000000000000, 0.000000000000000000, 0.000000000000000000 ) ) ;
#893 = VECTOR ( 'NONE', #4468, 1000.000000000000000 ) ;
#894 = EDGE_CURVE ( 'NONE', #3929, #771, #1827, .T. ) ;
#895 = LINE ( 'NONE', #4089, #4040 ) ;
#896 = EDGE_LOOP ( 'NONE', ( #3380, #1488, #2204, #1236 ) ) ;
#897 = DIRECTION ( 'NONE',  ( 0.000000000000000000, 0.000000000000000000, -1.000000000000000000 ) ) ;
#898 = CARTESIAN_POINT ( 'NONE',  ( -16.12500000000000000, -45.83605253231170451, 26.39499999999999957 ) ) ;
#899 = LINE ( 'NONE', #3756, #3961 ) ;
#900 = ORIENTED_EDGE ( 'NONE', *, *, #795, .F. ) ;
#901 = LINE ( 'NONE', #560, #2035 ) ;
#902 = ORIENTED_EDGE ( 'NONE', *, *, #4551, .T. ) ;
#903 = DIRECTION ( 'NONE',  ( -1.000000000000000000, 0.000000000000000000, 0.000000000000000000 ) ) ;
#904 = AXIS2_PLACEMENT_3D ( 'NONE', #2332, #4061, #178 ) ;
#905 = CARTESIAN_POINT ( 'NONE',  ( -5.285500236650880979, -25.62500053661070254, 23.50999999999999801 ) ) ;
#906 = ORIENTED_EDGE ( 'NONE', *, *, #1663, .F. ) ;
#907 = DIRECTION ( 'NONE',  ( 1.000000000000000000, 0.000000000000000000, 0.000000000000000000 ) ) ;
#908 = CIRCLE ( 'NONE', #327, 0.5000000000000004441 ) ;
#909 = EDGE_LOOP ( 'NONE', ( #3374, #2889, #3180, #3415 ) ) ;
#910 = CARTESIAN_POINT ( 'NONE',  ( -50.62488847180560469, -29.50008364225890389, 26.39499999999999957 ) ) ;
#911 = LINE ( 'NONE', #1633, #485 ) ;
#912 = EDGE_CURVE ( 'NONE', #1446, #2027, #1264, .T. ) ;
#913 = EDGE_CURVE ( 'NONE', #1500, #2279, #935, .T. ) ;
#914 = LINE ( 'NONE', #3450, #174 ) ;
#915 = VECTOR ( 'NONE', #2667, 1000.000000000000114 ) ;
#916 = CARTESIAN_POINT ( 'NONE',  ( -36.75000001167654773, -11.90000024593959971, 32.39500000000000313 ) ) ;
#917 = CARTESIAN_POINT ( 'NONE',  ( -21.75000003694249884, -11.40000040183578101, 32.39500000000000313 ) ) ;
#918 = CIRCLE ( 'NONE', #336, 0.5000000000000004441 ) ;
#919 = ORIENTED_EDGE ( 'NONE', *, *, #988, .T. ) ;
#920 = FACE_OUTER_BOUND ( 'NONE', #3893, .T. ) ;
#921 = VERTEX_POINT ( 'NONE', #2480 ) ;
#922 = LINE ( 'NONE', #2759, #1532 ) ;
#923 = CARTESIAN_POINT ( 'NONE',  ( -9.864337759808353923, -32.75508791301341205, 28.57004050098495540 ) ) ;
#924 = VECTOR ( 'NONE', #2888, 1000.000000000000000 ) ;
#925 = EDGE_CURVE ( 'NONE', #1804, #1327, #3744, .T. ) ;
#926 = AXIS2_PLACEMENT_3D ( 'NONE', #1402, #1682, #318 ) ;
#927 = CARTESIAN_POINT ( 'NONE',  ( -10.21450023665087947, -21.62500053661070254, 28.39499999999999957 ) ) ;
#928 = EDGE_CURVE ( 'NONE', #600, #3516, #2137, .T. ) ;
#929 = FACE_OUTER_BOUND ( 'NONE', #3987, .T. ) ;
#930 = ORIENTED_EDGE ( 'NONE', *, *, #795, .T. ) ;
#931 = DIRECTION ( 'NONE',  ( 0.000000000000000000, 0.000000000000000000, -1.000000000000000000 ) ) ;
#932 = ORIENTED_EDGE ( 'NONE', *, *, #2525, .F. ) ;
#933 = EDGE_CURVE ( 'NONE', #940, #1414, #1898, .T. ) ;
#934 = CARTESIAN_POINT ( 'NONE',  ( -16.12500000000000000, -8.163947467688508652, 32.39500000000000313 ) ) ;
#935 = CIRCLE ( 'NONE', #3527, 3.624999999999999556 ) ;
#936 = EDGE_CURVE ( 'NONE', #470, #4332, #2426, .T. ) ;
#937 = LINE ( 'NONE', #3803, #3499 ) ;
#938 = EDGE_CURVE ( 'NONE', #2763, #1440, #4109, .T. ) ;
#939 = AXIS2_PLACEMENT_3D ( 'NONE', #1196, #1569, #139 ) ;
#940 = VERTEX_POINT ( 'NONE', #882 ) ;
#941 = CARTESIAN_POINT ( 'NONE',  ( -10.75000025116536051, -37.25000053661074872, 25.51000000000000156 ) ) ;
#942 = ADVANCED_FACE ( 'NONE', ( #929 ), #1910, .F. ) ;
#943 = ORIENTED_EDGE ( 'NONE', *, *, #2349, .F. ) ;
#944 = EDGE_CURVE ( 'NONE', #34, #2293, #2605, .T. ) ;
#945 = CARTESIAN_POINT ( 'NONE',  ( -9.714500236650881249, -21.56292222694408878, 27.89500000000000313 ) ) ;
#946 = CIRCLE ( 'NONE', #353, 0.4999999999999995559 ) ;
#947 = VECTOR ( 'NONE', #638, 1000.000000000000000 ) ;
#948 = CARTESIAN_POINT ( 'NONE',  ( -36.75000001167654773, -44.44999975406039994, 23.50999999999999801 ) ) ;
#949 = DIRECTION ( 'NONE',  ( 1.000000000000000000, 0.000000000000000000, 0.000000000000000000 ) ) ;
#950 = ORIENTED_EDGE ( 'NONE', *, *, #175, .F. ) ;
#951 = VERTEX_POINT ( 'NONE', #2971 ) ;
#952 = FACE_OUTER_BOUND ( 'NONE', #4539, .T. ) ;
#953 = ORIENTED_EDGE ( 'NONE', *, *, #1989, .F. ) ;
#954 = CARTESIAN_POINT ( 'NONE',  ( -15.21450016837910013, -23.12500053661069899, 28.39499999999999957 ) ) ;
#955 = CARTESIAN_POINT ( 'NONE',  ( -9.652455215042934356, -32.82606638677447108, 28.67602306983738458 ) ) ;
#956 = DIRECTION ( 'NONE',  ( -0.7071067811865435759, 0.000000000000000000, -0.7071067811865515695 ) ) ;
#957 = ORIENTED_EDGE ( 'NONE', *, *, #1862, .F. ) ;
#958 = DIRECTION ( 'NONE',  ( -1.000000000000000000, 0.000000000000000000, 0.000000000000000000 ) ) ;
#959 = ORIENTED_EDGE ( 'NONE', *, *, #2574, .F. ) ;
#960 = FACE_OUTER_BOUND ( 'NONE', #577, .T. ) ;
#961 = FACE_OUTER_BOUND ( 'NONE', #1042, .T. ) ;
#962 = ORIENTED_EDGE ( 'NONE', *, *, #288, .F. ) ;
#963 = CARTESIAN_POINT ( 'NONE',  ( -36.75000001167654773, -11.90000024593959971, 23.50999999999999801 ) ) ;
#964 = ORIENTED_EDGE ( 'NONE', *, *, #3626, .T. ) ;
#965 = CARTESIAN_POINT ( 'NONE',  ( -9.539459735664898687, -21.24491316020710485, 28.24516247684918469 ) ) ;
#966 = ADVANCED_FACE ( 'NONE', ( #3018 ), #1203, .F. ) ;
#967 = ORIENTED_EDGE ( 'NONE', *, *, #3531, .F. ) ;
#968 = CARTESIAN_POINT ( 'NONE',  ( -10.75000025116536051, -35.55897410844022488, 25.59333333333334437 ) ) ;
#969 = DIRECTION ( 'NONE',  ( 0.000000000000000000, 0.000000000000000000, 1.000000000000000000 ) ) ;
#970 = EDGE_LOOP ( 'NONE', ( #1577, #123 ) ) ;
#971 = DIRECTION ( 'NONE',  ( 0.000000000000000000, 0.000000000000000000, -1.000000000000000000 ) ) ;
#972 = ORIENTED_EDGE ( 'NONE', *, *, #2969, .T. ) ;
#973 = DIRECTION ( 'NONE',  ( 0.000000000000000000, 0.000000000000000000, 1.000000000000000000 ) ) ;
#974 = CARTESIAN_POINT ( 'NONE',  ( -9.899617694787165689, -32.73929413035782687, 28.55243357523167091 ) ) ;
#975 = EDGE_CURVE ( 'NONE', #3081, #1556, #2087, .T. ) ;
#976 = DIRECTION ( 'NONE',  ( -1.000000000000000000, 0.000000000000000000, 0.000000000000000000 ) ) ;
#977 = VERTEX_POINT ( 'NONE', #1802 ) ;
#978 = CARTESIAN_POINT ( 'NONE',  ( -27.00000000000000000, -26.99999953231175098, 32.39500000000000313 ) ) ;
#979 = EDGE_CURVE ( 'NONE', #2734, #1052, #2656, .T. ) ;
#980 = ORIENTED_EDGE ( 'NONE', *, *, #2636, .T. ) ;
#981 = DIRECTION ( 'NONE',  ( 0.000000000000000000, 0.000000000000000000, 1.000000000000000000 ) ) ;
#982 = CARTESIAN_POINT ( 'NONE',  ( -8.125000251165360510, -36.00000053661074872, 26.50999999999999801 ) ) ;
#983 = CARTESIAN_POINT ( 'NONE',  ( -5.285500236650880979, -28.37500053661070254, 23.50999999999999801 ) ) ;
#984 = ORIENTED_EDGE ( 'NONE', *, *, #2765, .T. ) ;
#985 = CARTESIAN_POINT ( 'NONE',  ( -36.75000001167654773, -11.40000025131531913, 32.39500000000000313 ) ) ;
#986 = ORIENTED_EDGE ( 'NONE', *, *, #248, .T. ) ;
#987 = DIRECTION ( 'NONE',  ( 0.000000000000000000, 0.000000000000000000, 1.000000000000000000 ) ) ;
#988 = EDGE_CURVE ( 'NONE', #3167, #3284, #2052, .T. ) ;
#989 = EDGE_CURVE ( 'NONE', #2685, #1169, #4050, .T. ) ;
#990 = DIRECTION ( 'NONE',  ( 1.000000000000000000, 0.000000000000000000, 0.000000000000000000 ) ) ;
#991 = DIRECTION ( 'NONE',  ( 0.3420201433256694901, 4.188538737677000393E-17, -0.9396926207859080948 ) ) ;
#992 = VECTOR ( 'NONE', #2552, 1000.000000000000000 ) ;
#993 = VERTEX_POINT ( 'NONE', #3639 ) ;
#994 = VERTEX_POINT ( 'NONE', #4002 ) ;
#995 = PLANE ( 'NONE',  #3610 ) ;
#996 = CARTESIAN_POINT ( 'NONE',  ( -36.74999998103489673, -8.450000245939598642, 23.50999999999999801 ) ) ;
#997 = ADVANCED_FACE ( 'NONE', ( #3688 ), #2948, .F. ) ;
#998 = DIRECTION ( 'NONE',  ( -0.9999999999999998890, -1.075146909005259935E-08, 0.000000000000000000 ) ) ;
#999 = VECTOR ( 'NONE', #1576, 1000.000000000000114 ) ;
#1000 = ORIENTED_EDGE ( 'NONE', *, *, #1362, .F. ) ;
#1001 = LINE ( 'NONE', #2070, #4392 ) ;
#1002 = ORIENTED_EDGE ( 'NONE', *, *, #3230, .T. ) ;
#1003 = LINE ( 'NONE', #2796, #4531 ) ;
#1004 = VECTOR ( 'NONE', #711, 1000.000000000000000 ) ;
#1005 = CARTESIAN_POINT ( 'NONE',  ( -16.12500000000000000, -45.83605253231170451, 26.39499999999999957 ) ) ;
#1006 = ORIENTED_EDGE ( 'NONE', *, *, #1948, .T. ) ;
#1007 = CARTESIAN_POINT ( 'NONE',  ( -47.00000011650330123, -19.00000013573709978, 26.25747741945460234 ) ) ;
#1008 = ORIENTED_EDGE ( 'NONE', *, *, #311, .T. ) ;
#1009 = AXIS2_PLACEMENT_3D ( 'NONE', #886, #1982, #843 ) ;
#1010 = CARTESIAN_POINT ( 'NONE',  ( -21.74999998103490029, -47.39999959816420017, 23.50999999999999801 ) ) ;
#1011 = AXIS2_PLACEMENT_3D ( 'NONE', #3912, #635, #4466 ) ;
#1012 = PRODUCT ( 'encodercover', 'encodercover', '', ( #1047 ) ) ;
#1013 = DIRECTION ( 'NONE',  ( 0.000000000000000000, 1.000000000000000000, 0.000000000000000000 ) ) ;
#1014 = VECTOR ( 'NONE', #2511, 1000.000000000000114 ) ;
#1015 = AXIS2_PLACEMENT_3D ( 'NONE', #1394, #2816, #1458 ) ;
#1016 = CARTESIAN_POINT ( 'NONE',  ( -37.25000000307539949, -45.54999975943620427, 23.50999999999999801 ) ) ;
#1017 = ORIENTED_EDGE ( 'NONE', *, *, #4126, .F. ) ;
#1018 = VECTOR ( 'NONE', #2894, 1000.000000000000114 ) ;
#1019 = ORIENTED_EDGE ( 'NONE', *, *, #989, .T. ) ;
#1020 = CARTESIAN_POINT ( 'NONE',  ( -9.521680394345262144, -32.77097887001870191, 28.28082642311305150 ) ) ;
#1021 = CARTESIAN_POINT ( 'NONE',  ( -6.785500236650880090, -32.37500053661069899, 32.39500000000000313 ) ) ;
#1022 = ADVANCED_FACE ( 'NONE', ( #517 ), #2925, .T. ) ;
#1023 = EDGE_CURVE ( 'NONE', #1686, #2514, #3966, .T. ) ;
#1024 = PLANE ( 'NONE',  #1451 ) ;
#1025 = ORIENTED_EDGE ( 'NONE', *, *, #1473, .F. ) ;
#1026 = LINE ( 'NONE', #2116, #4244 ) ;
#1027 = ORIENTED_EDGE ( 'NONE', *, *, #3549, .F. ) ;
#1028 = DIRECTION ( 'NONE',  ( 1.000000000000000000, 0.000000000000000000, 0.000000000000000000 ) ) ;
#1029 = VERTEX_POINT ( 'NONE', #1928 ) ;
#1030 = ORIENTED_EDGE ( 'NONE', *, *, #4063, .F. ) ;
#1031 = LINE ( 'NONE', #3045, #1163 ) ;
#1032 = EDGE_LOOP ( 'NONE', ( #4235, #4087, #3241 ) ) ;
#1033 = CARTESIAN_POINT ( 'NONE',  ( -21.74999998103490029, -6.100000407211509490, 32.39500000000000313 ) ) ;
#1034 = VERTEX_POINT ( 'NONE', #4370 ) ;
#1035 = LINE ( 'NONE', #343, #4379 ) ;
#1036 = DIRECTION ( 'NONE',  ( -1.000000000000000000, 0.000000000000000000, 0.000000000000000000 ) ) ;
#1037 = VERTEX_POINT ( 'NONE', #1137 ) ;
#1038 = CARTESIAN_POINT ( 'NONE',  ( -9.667429948463688305, -32.58926944812738924, 27.98913813268187667 ) ) ;
#1039 = CARTESIAN_POINT ( 'NONE',  ( -8.248089455714220364, -34.75000053661074872, 25.92628149728491849 ) ) ;
#1040 = EDGE_CURVE ( 'NONE', #4536, #1138, #1304, .T. ) ;
#1041 = DIRECTION ( 'NONE',  ( 1.000000000000000000, 0.000000000000000000, 0.000000000000000000 ) ) ;
#1042 = EDGE_LOOP ( 'NONE', ( #2320, #3587, #1562 ) ) ;
#1043 = DIRECTION ( 'NONE',  ( 0.000000000000000000, 1.000000000000000000, 0.000000000000000000 ) ) ;
#1044 = VERTEX_POINT ( 'NONE', #2582 ) ;
#1045 = PLANE ( 'NONE',  #3941 ) ;
#1046 = VERTEX_POINT ( 'NONE', #1907 ) ;
#1047 = PRODUCT_CONTEXT ( 'NONE', #4328, 'mechanical' ) ;
#1048 = VERTEX_POINT ( 'NONE', #4028 ) ;
#1049 = CARTESIAN_POINT ( 'NONE',  ( -4.785500236650880090, -26.12500053661069899, 23.50999999999999801 ) ) ;
#1050 = ORIENTED_EDGE ( 'NONE', *, *, #93, .T. ) ;
#1051 = DIRECTION ( 'NONE',  ( 0.000000000000000000, 0.000000000000000000, -1.000000000000000000 ) ) ;
#1052 = VERTEX_POINT ( 'NONE', #3984 ) ;
#1053 = DIRECTION ( 'NONE',  ( 0.000000000000000000, 0.000000000000000000, 1.000000000000000000 ) ) ;
#1054 = DIRECTION ( 'NONE',  ( -1.000000000000000000, 0.000000000000000000, 0.000000000000000000 ) ) ;
#1055 = CIRCLE ( 'NONE', #540, 3.124999999999999112 ) ;
#1056 = ORIENTED_EDGE ( 'NONE', *, *, #913, .T. ) ;
#1057 = CARTESIAN_POINT ( 'NONE',  ( -9.402902792929905829, -32.83815270242833861, 28.51819610452766440 ) ) ;
#1058 = VECTOR ( 'NONE', #2348, 1000.000000000000000 ) ;
#1059 = FACE_OUTER_BOUND ( 'NONE', #618, .T. ) ;
#1060 = CARTESIAN_POINT ( 'NONE',  ( -7.602457765227970121, -37.25000053661074872, 25.51000000000000156 ) ) ;
#1061 = LINE ( 'NONE', #1811, #2126 ) ;
#1062 = ORIENTED_EDGE ( 'NONE', *, *, #3119, .T. ) ;
#1063 = CARTESIAN_POINT ( 'NONE',  ( -34.00000033153249746, -14.25000037226925897, 23.50999999999999801 ) ) ;
#1064 = VERTEX_POINT ( 'NONE', #1202 ) ;
#1065 = CARTESIAN_POINT ( 'NONE',  ( -22.24999997565915066, -6.100000401835779407, 23.50999999999999801 ) ) ;
#1066 = ORIENTED_EDGE ( 'NONE', *, *, #979, .F. ) ;
#1067 = ADVANCED_FACE ( 'NONE', ( #441 ), #881, .T. ) ;
#1068 = ADVANCED_FACE ( 'NONE', ( #2898 ), #4348, .F. ) ;
#1069 = CIRCLE ( 'NONE', #2553, 0.5000000000000004441 ) ;
#1070 = ORIENTED_EDGE ( 'NONE', *, *, #3716, .T. ) ;
#1071 = DIRECTION ( 'NONE',  ( 0.000000000000000000, 0.000000000000000000, 1.000000000000000000 ) ) ;
#1072 = VERTEX_POINT ( 'NONE', #4394 ) ;
#1073 = DIRECTION ( 'NONE',  ( 0.000000000000000000, -1.000000000000000000, 0.000000000000000000 ) ) ;
#1074 = CONICAL_SURFACE ( 'NONE', #409, 0.5000000000000004441, 0.7853981633974419507 ) ;
#1075 = EDGE_CURVE ( 'NONE', #2838, #1829, #3962, .T. ) ;
#1076 = ADVANCED_FACE ( 'NONE', ( #2991 ), #816, .F. ) ;
#1077 = CONICAL_SURFACE ( 'NONE', #4252, 0.5000000000000004441, 0.7853981633974419507 ) ;
#1078 = ORIENTED_EDGE ( 'NONE', *, *, #2301, .F. ) ;
#1079 = CARTESIAN_POINT ( 'NONE',  ( -16.12500000000000000, -45.83605253231170451, 31.89499999999999957 ) ) ;
#1080 = CARTESIAN_POINT ( 'NONE',  ( -9.714500236650881249, -32.37500053661069899, 27.89499999999999957 ) ) ;
#1081 = FACE_OUTER_BOUND ( 'NONE', #2766, .T. ) ;
#1082 = CIRCLE ( 'NONE', #2932, 0.5000000000000004441 ) ;
#1083 = AXIS2_PLACEMENT_3D ( 'NONE', #1852, #3932, #2575 ) ;
#1084 = ORIENTED_EDGE ( 'NONE', *, *, #1215, .T. ) ;
#1085 = CARTESIAN_POINT ( 'NONE',  ( -9.573444037725190370, -32.72316351672294132, 28.17711285242496544 ) ) ;
#1086 = CARTESIAN_POINT ( 'NONE',  ( -8.210410629974955299, -34.75000053661075583, 25.90654469783065394 ) ) ;
#1087 = CARTESIAN_POINT ( 'NONE',  ( -13.71450016837912145, -32.87500053661069899, 28.89499999999999957 ) ) ;
#1088 = VECTOR ( 'NONE', #331, 1000.000000000000000 ) ;
#1089 = CIRCLE ( 'NONE', #4480, 0.5000000000000004441 ) ;
#1090 = CARTESIAN_POINT ( 'NONE',  ( -48.00000011650330123, -19.00000013573709978, 23.50999999999999801 ) ) ;
#1091 = EDGE_LOOP ( 'NONE', ( #140, #4545, #1197, #1442 ) ) ;
#1092 = CARTESIAN_POINT ( 'NONE',  ( -12.52600706049404167, -7.730502175423169753, 31.89499999999999957 ) ) ;
#1093 = ORIENTED_EDGE ( 'NONE', *, *, #2242, .T. ) ;
#1094 = AXIS2_PLACEMENT_3D ( 'NONE', #487, #1904, #2967 ) ;
#1095 = DIRECTION ( 'NONE',  ( 1.000000000000000000, 0.000000000000000000, 0.000000000000000000 ) ) ;
#1096 = ORIENTED_EDGE ( 'NONE', *, *, #3393, .T. ) ;
#1097 = VERTEX_POINT ( 'NONE', #2297 ) ;
#1098 = DIRECTION ( 'NONE',  ( 1.000000000000000000, 0.000000000000000000, 0.000000000000000000 ) ) ;
#1099 = VERTEX_POINT ( 'NONE', #420 ) ;
#1100 = FACE_OUTER_BOUND ( 'NONE', #4106, .T. ) ;
#1101 = ORIENTED_EDGE ( 'NONE', *, *, #3207, .T. ) ;
#1102 = FILL_AREA_STYLE_COLOUR ( '', #2726 ) ;
#1103 = CARTESIAN_POINT ( 'NONE',  ( -36.74999998103489673, -45.54999975406040846, 32.39500000000000313 ) ) ;
#1104 = DIRECTION ( 'NONE',  ( 0.000000000000000000, 0.000000000000000000, 1.000000000000000000 ) ) ;
#1105 = ORIENTED_EDGE ( 'NONE', *, *, #2591, .F. ) ;
#1106 = CARTESIAN_POINT ( 'NONE',  ( -9.624388568807511035, -32.66184749513437424, 28.07532852284597169 ) ) ;
#1107 = DIRECTION ( 'NONE',  ( 0.000000000000000000, 0.000000000000000000, 1.000000000000000000 ) ) ;
#1108 = CARTESIAN_POINT ( 'NONE',  ( -9.214500236650879472, -21.12500053661070254, 28.89499999999999957 ) ) ;
#1109 = ORIENTED_EDGE ( 'NONE', *, *, #2435, .F. ) ;
#1110 = CARTESIAN_POINT ( 'NONE',  ( -36.75000001167654773, -9.550000245939591181, 32.39500000000000313 ) ) ;
#1111 = DIRECTION ( 'NONE',  ( 0.000000000000000000, -1.000000000000000000, 0.000000000000000000 ) ) ;
#1112 = EDGE_CURVE ( 'NONE', #1383, #1446, #4035, .T. ) ;
#1113 = EDGE_CURVE ( 'NONE', #633, #2987, #72, .T. ) ;
#1114 = ORIENTED_EDGE ( 'NONE', *, *, #3821, .F. ) ;
#1115 = CARTESIAN_POINT ( 'NONE',  ( -17.35304657052135013, -49.62954414835459716, 26.39499999999999957 ) ) ;
#1116 = EDGE_LOOP ( 'NONE', ( #243, #135, #3835, #4116, #1260, #972 ) ) ;
#1117 = CARTESIAN_POINT ( 'NONE',  ( -6.785500168379100749, -21.12500053661070254, 32.39500000000000313 ) ) ;
#1118 = AXIS2_PLACEMENT_3D ( 'NONE', #2662, #2954, #2283 ) ;
#1119 = ORIENTED_EDGE ( 'NONE', *, *, #1040, .F. ) ;
#1120 = DIRECTION ( 'NONE',  ( 0.000000000000000000, 0.000000000000000000, 1.000000000000000000 ) ) ;
#1121 = DIRECTION ( 'NONE',  ( 1.000000000000000000, 0.000000000000000000, 0.000000000000000000 ) ) ;
#1122 = CARTESIAN_POINT ( 'NONE',  ( -17.72500000000000142, -45.83605253231170451, 23.50999999999999801 ) ) ;
#1123 = ADVANCED_FACE ( 'NONE', ( #92 ), #1505, .F. ) ;
#1124 = AXIS2_PLACEMENT_3D ( 'NONE', #2358, #3049, #1659 ) ;
#1125 = EDGE_CURVE ( 'NONE', #1686, #3501, #1646, .T. ) ;
#1126 = ORIENTED_EDGE ( 'NONE', *, *, #2101, .F. ) ;
#1127 = CARTESIAN_POINT ( 'NONE',  ( -6.285500168379099861, -25.12500053661070254, 23.50999999999999801 ) ) ;
#1128 = DIRECTION ( 'NONE',  ( 0.000000000000000000, 0.000000000000000000, -1.000000000000000000 ) ) ;
#1129 = ADVANCED_FACE ( 'NONE', ( #1272 ), #1971, .T. ) ;
#1130 = CARTESIAN_POINT ( 'NONE',  ( -9.612802691138027100, -21.16633529986889783, 28.69584182368836878 ) ) ;
#1131 = EDGE_CURVE ( 'NONE', #2672, #2030, #899, .T. ) ;
#1132 = ORIENTED_EDGE ( 'NONE', *, *, #4561, .F. ) ;
#1133 = CARTESIAN_POINT ( 'NONE',  ( -17.54912285973840369, -49.16959405453259535, 32.39500000000000313 ) ) ;
#1134 = DIRECTION ( 'NONE',  ( 1.000000000000000000, -1.734723475976805517E-15, 0.000000000000000000 ) ) ;
#1135 = EDGE_CURVE ( 'NONE', #3235, #2749, #4321, .T. ) ;
#1136 = AXIS2_PLACEMENT_3D ( 'NONE', #898, #1294, #4118 ) ;
#1137 = CARTESIAN_POINT ( 'NONE',  ( -5.785500236650880090, -28.37500053661070254, 23.50999999999999801 ) ) ;
#1138 = VERTEX_POINT ( 'NONE', #3386 ) ;
#1139 = CARTESIAN_POINT ( 'NONE',  ( -9.579241447335610005, -32.75125712478167372, 28.53025878931529391 ) ) ;
#1140 = VECTOR ( 'NONE', #171, 1000.000000000000000 ) ;
#1141 = ORIENTED_EDGE ( 'NONE', *, *, #3495, .F. ) ;
#1142 = DIRECTION ( 'NONE',  ( -1.000000000000000000, 0.000000000000000000, 0.000000000000000000 ) ) ;
#1143 = AXIS2_PLACEMENT_3D ( 'NONE', #840, #3665, #2254 ) ;
#1144 = LINE ( 'NONE', #3693, #2532 ) ;
#1145 = EDGE_LOOP ( 'NONE', ( #3247, #305 ) ) ;
#1146 = DIRECTION ( 'NONE',  ( 1.000000000000000000, 0.000000000000000000, 0.000000000000000000 ) ) ;
#1147 = CIRCLE ( 'NONE', #2554, 3.124999999999999112 ) ;
#1148 = DIRECTION ( 'NONE',  ( 0.000000000000000000, 0.000000000000000000, -1.000000000000000000 ) ) ;
#1149 = CARTESIAN_POINT ( 'NONE',  ( -48.75000000000000000, -27.00000000000000000, 26.39499999999999957 ) ) ;
#1150 = ORIENTED_EDGE ( 'NONE', *, *, #2636, .F. ) ;
#1151 = PLANE ( 'NONE',  #3096 ) ;
#1152 = CARTESIAN_POINT ( 'NONE',  ( -12.52600706049404167, -7.730502175423180411, 32.39500000000000313 ) ) ;
#1153 = CIRCLE ( 'NONE', #1749, 0.8750000000000007772 ) ;
#1154 = AXIS2_PLACEMENT_3D ( 'NONE', #4565, #392, #4209 ) ;
#1155 = CARTESIAN_POINT ( 'NONE',  ( -9.666603007457203134, -21.17895035801196357, 28.66890404966796169 ) ) ;
#1156 = ORIENTED_EDGE ( 'NONE', *, *, #3605, .T. ) ;
#1157 = LINE ( 'NONE', #2250, #1018 ) ;
#1158 = CARTESIAN_POINT ( 'NONE',  ( -9.000000251165358733, -36.00000053661074872, 23.50999999999999801 ) ) ;
#1159 = CIRCLE ( 'NONE', #2806, 0.5000000000000004441 ) ;
#1160 = EDGE_CURVE ( 'NONE', #4077, #878, #1153, .T. ) ;
#1161 = EDGE_CURVE ( 'NONE', #2115, #626, #1976, .T. ) ;
#1162 = DIRECTION ( 'NONE',  ( 0.000000000000000000, 0.000000000000000000, 1.000000000000000000 ) ) ;
#1163 = VECTOR ( 'NONE', #2028, 1000.000000000000000 ) ;
#1164 = ORIENTED_EDGE ( 'NONE', *, *, #3289, .T. ) ;
#1165 = CARTESIAN_POINT ( 'NONE',  ( -6.285500168379099861, -25.62500053661070254, 23.50999999999999801 ) ) ;
#1166 = ORIENTED_EDGE ( 'NONE', *, *, #3551, .F. ) ;
#1167 = CARTESIAN_POINT ( 'NONE',  ( -9.728919424481894396, -21.46457391127437830, 28.38058081216881590 ) ) ;
#1168 = LINE ( 'NONE', #4401, #2015 ) ;
#1169 = VERTEX_POINT ( 'NONE', #1691 ) ;
#1170 = CARTESIAN_POINT ( 'NONE',  ( -21.74999998103490029, -47.39999959816420017, 32.39500000000000313 ) ) ;
#1171 = CARTESIAN_POINT ( 'NONE',  ( -19.25000000000000000, -8.163947467688508652, 26.39499999999999957 ) ) ;
#1172 = DIRECTION ( 'NONE',  ( 0.000000000000000000, 0.000000000000000000, 1.000000000000000000 ) ) ;
#1173 = ORIENTED_EDGE ( 'NONE', *, *, #1454, .T. ) ;
#1174 = LINE ( 'NONE', #480, #2060 ) ;
#1175 = LINE ( 'NONE', #3698, #3586 ) ;
#1176 = CARTESIAN_POINT ( 'NONE',  ( -8.125000251165360510, -36.00000053661074872, 23.50999999999999801 ) ) ;
#1177 = VERTEX_POINT ( 'NONE', #927 ) ;
#1178 = CARTESIAN_POINT ( 'NONE',  ( -51.42487062729449576, -29.90009702502035083, 31.89499999999999957 ) ) ;
#1179 = DIRECTION ( 'NONE',  ( 1.000000000000000000, 0.000000000000000000, 0.000000000000000000 ) ) ;
#1180 = EDGE_CURVE ( 'NONE', #4332, #1699, #2744, .T. ) ;
#1181 = CARTESIAN_POINT ( 'NONE',  ( -48.75000000000000000, -27.00000000000000000, 23.50999999999999801 ) ) ;
#1182 = EDGE_LOOP ( 'NONE', ( #1916, #4505, #3268, #2617 ) ) ;
#1183 = DIRECTION ( 'NONE',  ( -1.000000000000000000, 0.000000000000000000, 0.000000000000000000 ) ) ;
#1184 = ORIENTED_EDGE ( 'NONE', *, *, #4400, .T. ) ;
#1185 = CARTESIAN_POINT ( 'NONE',  ( -36.25000001167654773, -42.59999974868470218, 23.50999999999999801 ) ) ;
#1186 = FACE_BOUND ( 'NONE', #1325, .T. ) ;
#1187 = EDGE_LOOP ( 'NONE', ( #4005, #4224, #4478, #2123 ) ) ;
#1188 = DIRECTION ( 'NONE',  ( -0.000000000000000000, 1.000000000000000000, 0.000000000000000000 ) ) ;
#1189 = DIRECTION ( 'NONE',  ( 0.000000000000000000, 0.000000000000000000, 1.000000000000000000 ) ) ;
#1190 = CARTESIAN_POINT ( 'NONE',  ( -22.24999997565915066, -47.89999959816420017, 23.50999999999999801 ) ) ;
#1191 = VECTOR ( 'NONE', #3023, 1000.000000000000000 ) ;
#1192 = ORIENTED_EDGE ( 'NONE', *, *, #3681, .T. ) ;
#1193 = DIRECTION ( 'NONE',  ( -1.075146108214253992E-08, -1.000000000000000000, 0.000000000000000000 ) ) ;
#1194 = PLANE ( 'NONE',  #4093 ) ;
#1195 = CARTESIAN_POINT ( 'NONE',  ( -36.75000001167654773, -42.09999975406040562, 32.39500000000000313 ) ) ;
#1196 = CARTESIAN_POINT ( 'NONE',  ( -16.12500000000000000, -45.83605253231170451, 32.39500000000000313 ) ) ;
#1197 = ORIENTED_EDGE ( 'NONE', *, *, #3397, .F. ) ;
#1198 = LINE ( 'NONE', #514, #1529 ) ;
#1199 = CARTESIAN_POINT ( 'NONE',  ( -17.35304545186550129, -4.370455393150895596, 31.89499999999999957 ) ) ;
#1200 = EDGE_CURVE ( 'NONE', #2846, #3797, #584, .T. ) ;
#1201 = AXIS2_PLACEMENT_3D ( 'NONE', #3498, #2079, #295 ) ;
#1202 = CARTESIAN_POINT ( 'NONE',  ( -13.02600706049405943, -7.730502175423169753, 31.89499999999999957 ) ) ;
#1203 = CYLINDRICAL_SURFACE ( 'NONE', #2798, 3.124999999999999112 ) ;
#1204 = ORIENTED_EDGE ( 'NONE', *, *, #1271, .F. ) ;
#1205 = LINE ( 'NONE', #2300, #4174 ) ;
#1206 = ORIENTED_EDGE ( 'NONE', *, *, #928, .T. ) ;
#1207 = CIRCLE ( 'NONE', #4237, 0.5000000000000004441 ) ;
#1208 = CARTESIAN_POINT ( 'NONE',  ( -12.52600706049404167, -7.730502175423169753, 31.89499999999999957 ) ) ;
#1209 = AXIS2_PLACEMENT_3D ( 'NONE', #1158, #3317, #2580 ) ;
#1210 = CARTESIAN_POINT ( 'NONE',  ( -16.12500000000000000, -45.83605253231170451, 31.89499999999999957 ) ) ;
#1211 = ORIENTED_EDGE ( 'NONE', *, *, #1582, .T. ) ;
#1212 = DIRECTION ( 'NONE',  ( -1.000000000000000000, 0.000000000000000000, 0.000000000000000000 ) ) ;
#1213 = CARTESIAN_POINT ( 'NONE',  ( -9.714500168379100131, -32.37500053661069899, 25.10999999999999943 ) ) ;
#1214 = DIRECTION ( 'NONE',  ( 0.000000000000000000, 0.000000000000000000, 1.000000000000000000 ) ) ;
#1215 = EDGE_CURVE ( 'NONE', #2741, #2639, #3163, .T. ) ;
#1216 = EDGE_CURVE ( 'NONE', #463, #4307, #2762, .T. ) ;
#1217 = EDGE_CURVE ( 'NONE', #4122, #378, #3704, .T. ) ;
#1218 = FACE_OUTER_BOUND ( 'NONE', #909, .T. ) ;
#1219 = CARTESIAN_POINT ( 'NONE',  ( -15.71450016837909835, -30.87500053661069899, 28.89499999999999957 ) ) ;
#1220 = EDGE_LOOP ( 'NONE', ( #4053, #1903, #809, #2422 ) ) ;
#1221 = VECTOR ( 'NONE', #206, 1000.000000000000114 ) ;
#1222 = CARTESIAN_POINT ( 'NONE',  ( -47.14999999999999858, -27.00000000000000000, 23.50999999999999801 ) ) ;
#1223 = VECTOR ( 'NONE', #2703, 1000.000000000000114 ) ;
#1224 = VERTEX_POINT ( 'NONE', #1950 ) ;
#1225 = CARTESIAN_POINT ( 'NONE',  ( -50.92487075201550084, -24.09990306851174680, -46.06930726875629745 ) ) ;
#1226 = CARTESIAN_POINT ( 'NONE',  ( 0.000000000000000000, 0.000000000000000000, 32.39500000000000313 ) ) ;
#1227 = VECTOR ( 'NONE', #1481, 1000.000000000000000 ) ;
#1228 = CARTESIAN_POINT ( 'NONE',  ( -36.25000001705229380, -42.09999974868470218, 23.50999999999999801 ) ) ;
#1229 = ORIENTED_EDGE ( 'NONE', *, *, #1319, .T. ) ;
#1230 = DIRECTION ( 'NONE',  ( 1.000000000000000000, 0.000000000000000000, 0.000000000000000000 ) ) ;
#1231 = EDGE_LOOP ( 'NONE', ( #4352, #252 ) ) ;
#1232 = CIRCLE ( 'NONE', #939, 3.624999999999999556 ) ;
#1233 = LINE ( 'NONE', #496, #3156 ) ;
#1234 = VECTOR ( 'NONE', #4156, 1000.000000000000000 ) ;
#1235 = PLANE ( 'NONE',  #1118 ) ;
#1236 = ORIENTED_EDGE ( 'NONE', *, *, #2765, .F. ) ;
#1237 = DIRECTION ( 'NONE',  ( 0.000000000000000000, 0.000000000000000000, -1.000000000000000000 ) ) ;
#1238 = AXIS2_PLACEMENT_3D ( 'NONE', #2135, #1710, #1493 ) ;
#1239 = CARTESIAN_POINT ( 'NONE',  ( -22.24999998103490384, -47.39999959816420017, 32.39500000000000313 ) ) ;
#1240 = CARTESIAN_POINT ( 'NONE',  ( -10.75000025116536051, -35.32685493571890589, 25.51000000000000156 ) ) ;
#1241 = CARTESIAN_POINT ( 'NONE',  ( -21.75000003694249884, -42.09999959278849957, 23.50999999999999801 ) ) ;
#1242 = DIRECTION ( 'NONE',  ( 0.000000000000000000, 0.000000000000000000, 1.000000000000000000 ) ) ;
#1243 = EDGE_LOOP ( 'NONE', ( #569, #1794, #1404 ) ) ;
#1244 = CARTESIAN_POINT ( 'NONE',  ( -22.24999997565915066, -6.100000401835779407, 32.39500000000000313 ) ) ;
#1245 = CARTESIAN_POINT ( 'NONE',  ( -9.298060585767508712, -32.87500053661068478, 28.85321982544168407 ) ) ;
#1246 = DIRECTION ( 'NONE',  ( 0.000000000000000000, -1.000000000000000000, 0.000000000000000000 ) ) ;
#1247 = ORIENTED_EDGE ( 'NONE', *, *, #741, .T. ) ;
#1248 = DIRECTION ( 'NONE',  ( 1.000000000000000000, 0.000000000000000000, 0.000000000000000000 ) ) ;
#1249 = ORIENTED_EDGE ( 'NONE', *, *, #2143, .T. ) ;
#1250 = ADVANCED_FACE ( 'NONE', ( #4460 ), #1999, .F. ) ;
#1251 = CARTESIAN_POINT ( 'NONE',  ( -9.345374184267690509, -21.13801420052869773, 28.63325210476670080 ) ) ;
#1252 = EDGE_CURVE ( 'NONE', #585, #1911, #1597, .T. ) ;
#1253 =( LENGTH_UNIT ( ) NAMED_UNIT ( * ) SI_UNIT ( .MILLI., .METRE. ) );
#1254 = ORIENTED_EDGE ( 'NONE', *, *, #1844, .T. ) ;
#1255 = DIRECTION ( 'NONE',  ( 0.9999999999999998890, -1.075146215115871861E-08, 0.000000000000000000 ) ) ;
#1256 = DIRECTION ( 'NONE',  ( 0.000000000000000000, 0.000000000000000000, -1.000000000000000000 ) ) ;
#1257 = DIRECTION ( 'NONE',  ( 0.000000000000000000, 0.000000000000000000, 1.000000000000000000 ) ) ;
#1258 = DIRECTION ( 'NONE',  ( 0.000000000000000000, 0.000000000000000000, 1.000000000000000000 ) ) ;
#1259 = ADVANCED_FACE ( 'NONE', ( #212 ), #4418, .F. ) ;
#1260 = ORIENTED_EDGE ( 'NONE', *, *, #3342, .T. ) ;
#1261 = EDGE_CURVE ( 'NONE', #69, #2013, #4121, .T. ) ;
#1262 = VERTEX_POINT ( 'NONE', #2366 ) ;
#1263 = CIRCLE ( 'NONE', #3707, 0.5000000000000004441 ) ;
#1264 = B_SPLINE_CURVE_WITH_KNOTS ( 'NONE', 3,
 ( #742, #2157, #3568, #1783, #1651, #4101, #1628, #3041, #2768, #4441, #2727, #1675, #3095, #2395, #3802, #1277, #3197, #4516, #25, #2051, #289, #1696, #2697, #1060 ),
 .UNSPECIFIED., .F., .F.,
 ( 4, 1, 1, 1, 1, 1, 2, 2, 2, 1, 1, 1, 1, 1, 2, 2, 4 ),
 ( 0.000000000000000000, 0.1250000000000136002, 0.1875000000000202061, 0.2187500000000234812, 0.2343750000000260902, 0.2421875000000264788, 0.2460937500000267009, 0.2500000000000268674, 0.5000000000000459632, 0.6250000000000546230, 0.6875000000000598410, 0.7187500000000621725, 0.7343750000000640599, 0.7421875000000655032, 0.7460937500000662803, 0.7500000000000670575, 1.000000000000000000 ),
 .UNSPECIFIED. ) ;
#1265 = LINE ( 'NONE', #4136, #566 ) ;
#1266 = ORIENTED_EDGE ( 'NONE', *, *, #2044, .T. ) ;
#1267 = CARTESIAN_POINT ( 'NONE',  ( -51.42123736512790089, -24.03973509208439907, 26.39499999999999957 ) ) ;
#1268 = ADVANCED_FACE ( 'NONE', ( #3776 ), #3461, .T. ) ;
#1269 = LINE ( 'NONE', #1344, #845 ) ;
#1270 = EDGE_CURVE ( 'NONE', #1072, #4515, #199, .T. ) ;
#1271 = EDGE_CURVE ( 'NONE', #1177, #1373, #373, .T. ) ;
#1272 = FACE_OUTER_BOUND ( 'NONE', #3739, .T. ) ;
#1273 = ORIENTED_EDGE ( 'NONE', *, *, #3105, .F. ) ;
#1274 = DIRECTION ( 'NONE',  ( 0.000000000000000000, 1.000000000000000000, 0.000000000000000000 ) ) ;
#1275 = EDGE_CURVE ( 'NONE', #4456, #2165, #3234, .T. ) ;
#1276 = ORIENTED_EDGE ( 'NONE', *, *, #3378, .T. ) ;
#1277 = CARTESIAN_POINT ( 'NONE',  ( -8.374013988739395842, -37.25000053661074162, 25.98733160403305575 ) ) ;
#1278 = AXIS2_PLACEMENT_3D ( 'NONE', #2683, #1315, #1587 ) ;
#1279 = CARTESIAN_POINT ( 'NONE',  ( -15.71450016837909835, -23.12500053661069899, 32.39500000000000313 ) ) ;
#1280 = ORIENTED_EDGE ( 'NONE', *, *, #655, .F. ) ;
#1281 = DIRECTION ( 'NONE',  ( 0.000000000000000000, -0.9396926207859080948, 0.3420201433256695456 ) ) ;
#1282 = AXIS2_PLACEMENT_3D ( 'NONE', #1349, #3800, #1028 ) ;
#1283 = ORIENTED_EDGE ( 'NONE', *, *, #3117, .F. ) ;
#1284 = CARTESIAN_POINT ( 'NONE',  ( -50.62488847180560469, -29.50008364225890389, 26.39499999999999957 ) ) ;
#1285 = VECTOR ( 'NONE', #4532, 1000.000000000000000 ) ;
#1286 = CARTESIAN_POINT ( 'NONE',  ( -24.75000033153250101, -15.00000037226925187, 25.57060806459095303 ) ) ;
#1287 = CARTESIAN_POINT ( 'NONE',  ( -6.285500168379099861, -21.62500053661070254, 23.50999999999999801 ) ) ;
#1288 = ORIENTED_EDGE ( 'NONE', *, *, #4453, .F. ) ;
#1289 = CIRCLE ( 'NONE', #773, 3.624999999999999556 ) ;
#1290 = VERTEX_POINT ( 'NONE', #2852 ) ;
#1291 = FACE_OUTER_BOUND ( 'NONE', #1409, .T. ) ;
#1292 = ORIENTED_EDGE ( 'NONE', *, *, #2587, .F. ) ;
#1293 = LINE ( 'NONE', #2364, #4269 ) ;
#1294 = DIRECTION ( 'NONE',  ( 0.000000000000000000, 0.000000000000000000, 1.000000000000000000 ) ) ;
#1295 = AXIS2_PLACEMENT_3D ( 'NONE', #871, #1256, #4039 ) ;
#1296 = AXIS2_PLACEMENT_3D ( 'NONE', #76, #4304, #1142 ) ;
#1297 = DIRECTION ( 'NONE',  ( -1.075146876446283891E-08, 1.000000000000000000, 0.000000000000000000 ) ) ;
#1298 = ORIENTED_EDGE ( 'NONE', *, *, #655, .T. ) ;
#1299 = DIRECTION ( 'NONE',  ( 0.000000000000000000, 0.000000000000000000, 1.000000000000000000 ) ) ;
#1300 = EDGE_LOOP ( 'NONE', ( #1078, #349, #3565, #3757 ) ) ;
#1301 = DIRECTION ( 'NONE',  ( 0.000000000000000000, -1.000000000000000000, 0.000000000000000000 ) ) ;
#1302 = EDGE_CURVE ( 'NONE', #3816, #888, #3820, .T. ) ;
#1303 = LINE ( 'NONE', #4127, #3602 ) ;
#1304 = CIRCLE ( 'NONE', #1379, 0.4999999999999995559 ) ;
#1305 =( NAMED_UNIT ( * ) SI_UNIT ( $, .STERADIAN. ) SOLID_ANGLE_UNIT ( ) );
#1306 = AXIS2_PLACEMENT_3D ( 'NONE', #1434, #4232, #3484 ) ;
#1307 = ORIENTED_EDGE ( 'NONE', *, *, #936, .T. ) ;
#1308 = FACE_OUTER_BOUND ( 'NONE', #1423, .T. ) ;
#1309 = ORIENTED_EDGE ( 'NONE', *, *, #2778, .F. ) ;
#1310 = CARTESIAN_POINT ( 'NONE',  ( -9.655992877365269678, -21.38184217183785663, 28.01201949822928583 ) ) ;
#1311 = AXIS2_PLACEMENT_3D ( 'NONE', #3082, #1995, #2740 ) ;
#1312 = VERTEX_POINT ( 'NONE', #48 ) ;
#1313 = AXIS2_PLACEMENT_3D ( 'NONE', #3194, #1805, #673 ) ;
#1314 = VECTOR ( 'NONE', #543, 1000.000000000000114 ) ;
#1315 = DIRECTION ( 'NONE',  ( 0.000000000000000000, 0.000000000000000000, -1.000000000000000000 ) ) ;
#1316 = CARTESIAN_POINT ( 'NONE',  ( -6.285500236650880979, -28.87500053661070254, 23.50999999999999801 ) ) ;
#1317 = EDGE_CURVE ( 'NONE', #534, #2950, #720, .T. ) ;
#1318 = ORIENTED_EDGE ( 'NONE', *, *, #1557, .T. ) ;
#1319 = EDGE_CURVE ( 'NONE', #4122, #3231, #2268, .T. ) ;
#1320 = DIRECTION ( 'NONE',  ( 0.000000000000000000, -1.000000000000000000, 0.000000000000000000 ) ) ;
#1321 = ORIENTED_EDGE ( 'NONE', *, *, #310, .F. ) ;
#1322 = CYLINDRICAL_SURFACE ( 'NONE', #2573, 0.5000000000000004441 ) ;
#1323 = LINE ( 'NONE', #3111, #1877 ) ;
#1324 = CARTESIAN_POINT ( 'NONE',  ( -36.75000001167654773, -44.44999975406039994, 23.50999999999999801 ) ) ;
#1325 = EDGE_LOOP ( 'NONE', ( #2089, #3560 ) ) ;
#1326 = DIRECTION ( 'NONE',  ( 0.3236155771181853935, 0.3236155771181853935, -0.8891264907159878161 ) ) ;
#1327 = VERTEX_POINT ( 'NONE', #1090 ) ;
#1328 = DIRECTION ( 'NONE',  ( 0.000000000000000000, 0.000000000000000000, 1.000000000000000000 ) ) ;
#1329 = EDGE_CURVE ( 'NONE', #2972, #1829, #3528, .T. ) ;
#1330 = CARTESIAN_POINT ( 'NONE',  ( -9.714500168379100131, -23.57500053661069828, 23.50999999999999801 ) ) ;
#1331 = CARTESIAN_POINT ( 'NONE',  ( -51.42123723781929812, -29.96026502279434922, 31.89499999999999957 ) ) ;
#1332 = EDGE_LOOP ( 'NONE', ( #298, #4233, #1109, #4096 ) ) ;
#1333 = CARTESIAN_POINT ( 'NONE',  ( -21.75000003694249884, -42.09999959278849957, 32.39500000000000313 ) ) ;
#1334 = EDGE_LOOP ( 'NONE', ( #2356, #764 ) ) ;
#1335 = CARTESIAN_POINT ( 'NONE',  ( -21.15000001490199821, -9.550000413662390386, 23.50999999999999801 ) ) ;
#1336 = ADVANCED_FACE ( 'NONE', ( #3179 ), #3199, .F. ) ;
#1337 = ORIENTED_EDGE ( 'NONE', *, *, #3569, .F. ) ;
#1338 = DIRECTION ( 'NONE',  ( 1.000000000000000000, 0.000000000000000000, 0.000000000000000000 ) ) ;
#1339 = DIRECTION ( 'NONE',  ( 0.000000000000000000, 0.000000000000000000, -1.000000000000000000 ) ) ;
#1340 = ORIENTED_EDGE ( 'NONE', *, *, #310, .T. ) ;
#1341 = LINE ( 'NONE', #3945, #277 ) ;
#1342 = ORIENTED_EDGE ( 'NONE', *, *, #1819, .F. ) ;
#1343 = CARTESIAN_POINT ( 'NONE',  ( -6.285500236650880979, -32.37500053661069899, 25.10999999999999943 ) ) ;
#1344 = CARTESIAN_POINT ( 'NONE',  ( -7.250000251165360510, -37.25000053661074872, 25.51000000000000156 ) ) ;
#1345 = CARTESIAN_POINT ( 'NONE',  ( -27.00000000000000000, -26.99999953231175098, 32.39500000000000313 ) ) ;
#1346 = VERTEX_POINT ( 'NONE', #1737 ) ;
#1347 = LINE ( 'NONE', #3798, #2185 ) ;
#1348 = ORIENTED_EDGE ( 'NONE', *, *, #3908, .T. ) ;
#1349 = CARTESIAN_POINT ( 'NONE',  ( -27.00000000000000000, -26.99999953231175098, 26.39499999999999957 ) ) ;
#1350 = DIRECTION ( 'NONE',  ( 1.000000000000000000, 0.000000000000000000, 0.000000000000000000 ) ) ;
#1351 = EDGE_LOOP ( 'NONE', ( #2006, #1707, #1702, #3513, #2119, #2597, #4085, #267 ) ) ;
#1352 = DIRECTION ( 'NONE',  ( -1.075146298205148118E-08, -1.000000000000000000, 0.000000000000000000 ) ) ;
#1353 = ORIENTED_EDGE ( 'NONE', *, *, #2220, .F. ) ;
#1354 = CIRCLE ( 'NONE', #3937, 0.5000000000000004441 ) ;
#1355 = DIRECTION ( 'NONE',  ( 1.000000000000000000, 2.679654149882872408E-15, 0.000000000000000000 ) ) ;
#1356 = DIRECTION ( 'NONE',  ( 0.000000000000000000, 0.000000000000000000, -1.000000000000000000 ) ) ;
#1357 = AXIS2_PLACEMENT_3D ( 'NONE', #2003, #4492, #152 ) ;
#1358 = PLANE ( 'NONE',  #837 ) ;
#1359 = DIRECTION ( 'NONE',  ( 1.000000000000000000, 0.000000000000000000, 0.000000000000000000 ) ) ;
#1360 = AXIS2_PLACEMENT_3D ( 'NONE', #3326, #1650, #3069 ) ;
#1361 = EDGE_CURVE ( 'NONE', #723, #1046, #2342, .T. ) ;
#1362 = EDGE_CURVE ( 'NONE', #1526, #534, #1061, .T. ) ;
#1363 = ORIENTED_EDGE ( 'NONE', *, *, #3059, .T. ) ;
#1364 = CIRCLE ( 'NONE', #2108, 0.5000000000000004441 ) ;
#1365 = EDGE_LOOP ( 'NONE', ( #2772, #1342, #2014, #2134 ) ) ;
#1366 = CARTESIAN_POINT ( 'NONE',  ( -9.440596187015975360, -32.82105071519276862, 28.44289722913278951 ) ) ;
#1367 = FACE_OUTER_BOUND ( 'NONE', #1187, .T. ) ;
#1368 = CIRCLE ( 'NONE', #3730, 0.4999999658641118838 ) ;
#1369 = DIRECTION ( 'NONE',  ( 1.000000000000000000, 0.000000000000000000, 0.000000000000000000 ) ) ;
#1370 = VECTOR ( 'NONE', #2521, 1000.000000000000000 ) ;
#1371 = EDGE_LOOP ( 'NONE', ( #3396, #3475, #3137 ) ) ;
#1372 = CARTESIAN_POINT ( 'NONE',  ( -27.00000000000000000, -26.99999953231175098, 23.50999999999999801 ) ) ;
#1373 = VERTEX_POINT ( 'NONE', #3892 ) ;
#1374 = DIRECTION ( 'NONE',  ( 0.000000000000000000, 0.000000000000000000, 1.000000000000000000 ) ) ;
#1375 = CONICAL_SURFACE ( 'NONE', #1968, 1.000000000000000888, 0.3490658503988667838 ) ;
#1376 = ORIENTED_EDGE ( 'NONE', *, *, #165, .F. ) ;
#1377 = DIRECTION ( 'NONE',  ( -0.9999999999999998890, 1.075146298205147952E-08, 0.000000000000000000 ) ) ;
#1378 = ORIENTED_EDGE ( 'NONE', *, *, #4100, .T. ) ;
#1379 = AXIS2_PLACEMENT_3D ( 'NONE', #1878, #2252, #490 ) ;
#1380 = CARTESIAN_POINT ( 'NONE',  ( -51.42487062729449576, -29.90009702502035083, -46.06930726875629745 ) ) ;
#1381 = B_SPLINE_CURVE_WITH_KNOTS ( 'NONE', 3,
 ( #1901, #86, #512, #2177, #2528, #2892, #2269, #854, #2600, #1873, #2223, #3955, #4295, #3330, #3291, #1155, #160, #1130, #437, #1499, #2203, #2986, #3616, #1108 ),
 .UNSPECIFIED., .F., .F.,
 ( 4, 2, 2, 2, 2, 2, 2, 2, 1, 1, 2, 2, 4 ),
 ( 0.000000000000000000, 0.2499999999999735212, 0.3749999999999618083, 0.4374999999999575895, 0.4687499999999573674, 0.4999999999999571454, 0.6249999999999529265, 0.6874999999999507061, 0.7187499999999495959, 0.7343749999999497069, 0.7421874999999510392, 0.7499999999999522604, 1.000000000000000000 ),
 .UNSPECIFIED. ) ;
#1382 = CIRCLE ( 'NONE', #2647, 1.600000000000000755 ) ;
#1383 = VERTEX_POINT ( 'NONE', #1784 ) ;
#1384 = CARTESIAN_POINT ( 'NONE',  ( -17.35269212046414822, -48.70979522388140026, 26.39499999999999957 ) ) ;
#1385 = VECTOR ( 'NONE', #3555, 1000.000000000000227 ) ;
#1386 = ADVANCED_FACE ( 'NONE', ( #2509 ), #1024, .F. ) ;
#1387 = VECTOR ( 'NONE', #1246, 1000.000000000000000 ) ;
#1388 = FACE_OUTER_BOUND ( 'NONE', #2078, .T. ) ;
#1389 = AXIS2_PLACEMENT_3D ( 'NONE', #3951, #3242, #2173 ) ;
#1390 = AXIS2_PLACEMENT_3D ( 'NONE', #4378, #1514, #151 ) ;
#1391 = ORIENTED_EDGE ( 'NONE', *, *, #3546, .T. ) ;
#1392 = CARTESIAN_POINT ( 'NONE',  ( -9.399770112484288731, -32.83941070220552660, 28.52446028747040785 ) ) ;
#1393 = CARTESIAN_POINT ( 'NONE',  ( -9.875000251165358733, -36.00000053661074872, 26.50999999999999801 ) ) ;
#1394 = CARTESIAN_POINT ( 'NONE',  ( -16.12500000000000000, -45.83605253231170451, 23.50999999999999801 ) ) ;
#1395 = EDGE_LOOP ( 'NONE', ( #1340, #798, #1818, #2537 ) ) ;
#1396 = CARTESIAN_POINT ( 'NONE',  ( -21.74999998103490029, -6.100000407211509490, 23.50999999999999801 ) ) ;
#1397 = ORIENTED_EDGE ( 'NONE', *, *, #925, .F. ) ;
#1398 = CARTESIAN_POINT ( 'NONE',  ( -22.24999998103490384, -6.600000401835780295, 32.39500000000000313 ) ) ;
#1399 = ORIENTED_EDGE ( 'NONE', *, *, #2707, .F. ) ;
#1400 = CARTESIAN_POINT ( 'NONE',  ( -7.250000251165360510, -35.78335597540418433, 25.63500000000001222 ) ) ;
#1401 = ORIENTED_EDGE ( 'NONE', *, *, #979, .T. ) ;
#1402 = CARTESIAN_POINT ( 'NONE',  ( -9.000000251165358733, -36.00000053661074872, 25.51000000000000156 ) ) ;
#1403 = EDGE_CURVE ( 'NONE', #888, #54, #3570, .T. ) ;
#1404 = ORIENTED_EDGE ( 'NONE', *, *, #3444, .F. ) ;
#1405 = DIRECTION ( 'NONE',  ( 0.000000000000000000, 0.000000000000000000, 1.000000000000000000 ) ) ;
#1406 = CARTESIAN_POINT ( 'NONE',  ( -2.399999999999855138, -26.99999953231175098, 23.50999999999999801 ) ) ;
#1407 = PRODUCT_DEFINITION_CONTEXT ( 'detailed design', #4421, 'design' ) ;
#1408 = ADVANCED_FACE ( 'NONE', ( #304 ), #657, .F. ) ;
#1409 = EDGE_LOOP ( 'NONE', ( #1280, #2648, #238, #4073 ) ) ;
#1410 = DIRECTION ( 'NONE',  ( 0.000000000000000000, 0.000000000000000000, 1.000000000000000000 ) ) ;
#1411 = FACE_OUTER_BOUND ( 'NONE', #3554, .T. ) ;
#1412 = EDGE_CURVE ( 'NONE', #69, #4499, #3534, .T. ) ;
#1413 = CARTESIAN_POINT ( 'NONE',  ( -13.71450016837912145, -32.87500053661069899, 32.39500000000000313 ) ) ;
#1414 = VERTEX_POINT ( 'NONE', #3505 ) ;
#1415 = LINE ( 'NONE', #722, #2197 ) ;
#1416 = ORIENTED_EDGE ( 'NONE', *, *, #3342, .F. ) ;
#1417 = DIRECTION ( 'NONE',  ( -1.000000000000000000, 0.000000000000000000, 0.000000000000000000 ) ) ;
#1418 = EDGE_CURVE ( 'NONE', #2165, #723, #3913, .T. ) ;
#1419 = EDGE_CURVE ( 'NONE', #1440, #4135, #2792, .T. ) ;
#1420 = ADVANCED_FACE ( 'NONE', ( #2158, #2068 ), #329, .T. ) ;
#1421 = ORIENTED_EDGE ( 'NONE', *, *, #3644, .F. ) ;
#1422 = CARTESIAN_POINT ( 'NONE',  ( -10.18847290603682154, -32.50587448758104614, 28.40801366530709871 ) ) ;
#1423 = EDGE_LOOP ( 'NONE', ( #2318, #2199, #468, #3407 ) ) ;
#1424 = DIRECTION ( 'NONE',  ( 0.000000000000000000, 0.000000000000000000, -1.000000000000000000 ) ) ;
#1425 = ORIENTED_EDGE ( 'NONE', *, *, #3456, .T. ) ;
#1426 = LINE ( 'NONE', #3884, #2769 ) ;
#1427 = DIRECTION ( 'NONE',  ( 0.000000000000000000, 0.000000000000000000, -1.000000000000000000 ) ) ;
#1428 = CIRCLE ( 'NONE', #1803, 0.5000000000000004441 ) ;
#1429 = VERTEX_POINT ( 'NONE', #3314 ) ;
#1430 = CARTESIAN_POINT ( 'NONE',  ( -9.614276878930306580, -32.67580188179419309, 28.09553371028166779 ) ) ;
#1431 = CARTESIAN_POINT ( 'NONE',  ( -9.932879344047782055, -34.75000053661074872, 25.83394537256000589 ) ) ;
#1432 = LINE ( 'NONE', #3469, #2863 ) ;
#1433 = CONICAL_SURFACE ( 'NONE', #3943, 24.10000000000000142, 0.7853981633974518317 ) ;
#1434 = CARTESIAN_POINT ( 'NONE',  ( -27.00000000000000000, -26.99999953231175098, 26.39499999999999957 ) ) ;
#1435 = ORIENTED_EDGE ( 'NONE', *, *, #2560, .T. ) ;
#1436 = CARTESIAN_POINT ( 'NONE',  ( -36.75000001167654773, -9.550000245939591181, 23.50999999999999801 ) ) ;
#1437 = ORIENTED_EDGE ( 'NONE', *, *, #1607, .F. ) ;
#1438 = FACE_OUTER_BOUND ( 'NONE', #2076, .T. ) ;
#1439 = VECTOR ( 'NONE', #2835, 1000.000000000000114 ) ;
#1440 = VERTEX_POINT ( 'NONE', #3657 ) ;
#1441 = CARTESIAN_POINT ( 'NONE',  ( -22.25000003694249884, -11.40000040183578101, 23.50999999999999801 ) ) ;
#1442 = ORIENTED_EDGE ( 'NONE', *, *, #1125, .F. ) ;
#1443 = DIRECTION ( 'NONE',  ( 1.000000000000000000, 0.000000000000000000, 0.000000000000000000 ) ) ;
#1444 = VECTOR ( 'NONE', #3838, 1000.000000000000000 ) ;
#1445 = AXIS2_PLACEMENT_3D ( 'NONE', #2980, #3651, #1543 ) ;
#1446 = VERTEX_POINT ( 'NONE', #114 ) ;
#1447 = DIRECTION ( 'NONE',  ( 1.000000000000000000, 0.000000000000000000, 0.000000000000000000 ) ) ;
#1448 = DIRECTION ( 'NONE',  ( 0.000000000000000000, 1.000000000000000000, 0.000000000000000000 ) ) ;
#1449 = CARTESIAN_POINT ( 'NONE',  ( -6.285500236650880979, -28.87500053661070254, 23.50999999999999801 ) ) ;
#1450 = CIRCLE ( 'NONE', #2493, 0.5000000000000004441 ) ;
#1451 = AXIS2_PLACEMENT_3D ( 'NONE', #3223, #675, #1041 ) ;
#1452 = ORIENTED_EDGE ( 'NONE', *, *, #3256, .T. ) ;
#1453 = CARTESIAN_POINT ( 'NONE',  ( -9.546491985320024298, -32.75011556912809851, 28.23101468436737704 ) ) ;
#1454 = EDGE_CURVE ( 'NONE', #1097, #2878, #1923, .T. ) ;
#1455 = DIRECTION ( 'NONE',  ( -1.075146915940903847E-08, -0.9999999999999998890, 0.000000000000000000 ) ) ;
#1456 = EDGE_CURVE ( 'NONE', #54, #2284, #2943, .T. ) ;
#1457 = CIRCLE ( 'NONE', #3309, 0.5000000000000004441 ) ;
#1458 = DIRECTION ( 'NONE',  ( 1.000000000000000000, 0.000000000000000000, 0.000000000000000000 ) ) ;
#1459 = ORIENTED_EDGE ( 'NONE', *, *, #345, .T. ) ;
#1460 = FACE_OUTER_BOUND ( 'NONE', #4430, .T. ) ;
#1461 = CARTESIAN_POINT ( 'NONE',  ( -48.00000028852669942, -35.00000013573709623, 23.50999999999999801 ) ) ;
#1462 = ORIENTED_EDGE ( 'NONE', *, *, #4331, .F. ) ;
#1463 = DIRECTION ( 'NONE',  ( 1.000000000000000000, 0.000000000000000000, 0.000000000000000000 ) ) ;
#1464 = ORIENTED_EDGE ( 'NONE', *, *, #2868, .F. ) ;
#1465 = EDGE_CURVE ( 'NONE', #3963, #1064, #2624, .T. ) ;
#1466 = CARTESIAN_POINT ( 'NONE',  ( -9.714500168379121448, -23.32499953231175027, 23.50999999999999801 ) ) ;
#1467 = EDGE_CURVE ( 'NONE', #3453, #2418, #4343, .T. ) ;
#1468 = ORIENTED_EDGE ( 'NONE', *, *, #3775, .F. ) ;
#1469 = SURFACE_STYLE_FILL_AREA ( #2498 ) ;
#1470 = DIRECTION ( 'NONE',  ( 0.000000000000000000, 0.000000000000000000, -1.000000000000000000 ) ) ;
#1471 = DIRECTION ( 'NONE',  ( 0.000000000000000000, 0.000000000000000000, 1.000000000000000000 ) ) ;
#1472 = EDGE_CURVE ( 'NONE', #2741, #520, #2965, .T. ) ;
#1473 = EDGE_CURVE ( 'NONE', #2631, #4521, #1232, .T. ) ;
#1474 = ORIENTED_EDGE ( 'NONE', *, *, #2093, .F. ) ;
#1475 = CARTESIAN_POINT ( 'NONE',  ( -24.75000033153250101, -39.00000032926339344, 25.57060806459095303 ) ) ;
#1476 = CARTESIAN_POINT ( 'NONE',  ( -19.25000000000000000, -45.83605253231170451, 26.39499999999999957 ) ) ;
#1477 = CARTESIAN_POINT ( 'NONE',  ( -9.714500236650881249, -32.87500053661069899, 32.39500000000000313 ) ) ;
#1478 = EDGE_LOOP ( 'NONE', ( #2722, #4228, #2998 ) ) ;
#1479 = CARTESIAN_POINT ( 'NONE',  ( -21.75000003694249884, -9.550000407211507891, 32.39500000000000313 ) ) ;
#1480 = DIRECTION ( 'NONE',  ( 0.000000000000000000, 0.000000000000000000, -1.000000000000000000 ) ) ;
#1481 = DIRECTION ( 'NONE',  ( 0.000000000000000000, 0.000000000000000000, -1.000000000000000000 ) ) ;
#1482 = ORIENTED_EDGE ( 'NONE', *, *, #2383, .F. ) ;
#1483 = CARTESIAN_POINT ( 'NONE',  ( -43.50000028852669942, -35.00000017336724767, 23.50999999999999801 ) ) ;
#1484 = EDGE_LOOP ( 'NONE', ( #4543, #360, #789 ) ) ;
#1485 = EDGE_CURVE ( 'NONE', #3228, #1429, #2054, .T. ) ;
#1486 = CYLINDRICAL_SURFACE ( 'NONE', #1296, 0.5000000000000004441 ) ;
#1487 = AXIS2_PLACEMENT_3D ( 'NONE', #1885, #821, #1915 ) ;
#1488 = ORIENTED_EDGE ( 'NONE', *, *, #288, .T. ) ;
#1489 = CARTESIAN_POINT ( 'NONE',  ( -36.24999998103490384, -47.39999974868469934, 23.50999999999999801 ) ) ;
#1490 = CARTESIAN_POINT ( 'NONE',  ( -10.75000025116536051, -37.25000053661074872, 23.50999999999999801 ) ) ;
#1491 = FACE_OUTER_BOUND ( 'NONE', #1599, .T. ) ;
#1492 = ORIENTED_EDGE ( 'NONE', *, *, #154, .F. ) ;
#1493 = DIRECTION ( 'NONE',  ( 1.000000000000000000, 0.000000000000000000, 0.000000000000000000 ) ) ;
#1494 = EDGE_CURVE ( 'NONE', #878, #2230, #812, .T. ) ;
#1495 = DIRECTION ( 'NONE',  ( 0.000000000000000000, 1.000000000000000000, 0.000000000000000000 ) ) ;
#1496 = EDGE_CURVE ( 'NONE', #1177, #2115, #1381, .T. ) ;
#1497 = CIRCLE ( 'NONE', #242, 0.5000000000000004441 ) ;
#1498 = AXIS2_PLACEMENT_3D ( 'NONE', #2216, #80, #407 ) ;
#1499 = CARTESIAN_POINT ( 'NONE',  ( -9.591304132115730852, -21.16184837079137182, 28.70659744372520450 ) ) ;
#1500 = VERTEX_POINT ( 'NONE', #3997 ) ;
#1501 = DIRECTION ( 'NONE',  ( 0.000000000000000000, 0.000000000000000000, -1.000000000000000000 ) ) ;
#1502 = CARTESIAN_POINT ( 'NONE',  ( -9.572593567810420367, -32.84184365060927746, 28.71594876332880020 ) ) ;
#1503 =( BOUNDED_SURFACE ( )  B_SPLINE_SURFACE ( 3, 2, ( 
 ( #4265, #705, #2122 ),
 ( #729, #424, #1841 ),
 ( #2901, #3252, #3939 ),
 ( #1746, #1139, #3600 ),
 ( #4302, #3536, #362 ),
 ( #2146, #1774, #3850 ),
 ( #2164, #2534, #3187 ),
 ( #2096, #3229, #1422 ),
 ( #400, #2839, #3166 ),
 ( #3514, #769, #14 ) ),
 .UNSPECIFIED., .F., .F., .F. ) 
 B_SPLINE_SURFACE_WITH_KNOTS ( ( 4, 2, 2, 2, 4 ),
 ( 3, 3 ),
 ( 1.570796326794895004, 1.963495408493620031, 2.356194490192344837, 2.748893571891069865, 3.141592653589795336 ),
 ( 0.000000000000000000, 1.000000000000000000 ),
 .UNSPECIFIED. ) 
 GEOMETRIC_REPRESENTATION_ITEM ( )  RATIONAL_B_SPLINE_SURFACE ( (
 ( 1.000000000000000000, 1.000000000000000000, 1.000000000000000000),
 ( 1.000000000000000000, 1.000158585517689991, 1.000000000000000000),
 ( 1.000000000000000000, 0.9867291829330080422, 1.000000000000000000),
 ( 1.000000000000000000, 0.9386556568293049629, 1.000000000000000000),
 ( 1.000000000000000000, 0.9038128751443589293, 1.000000000000000000),
 ( 1.000000000000000000, 0.8282379324245169316, 1.000000000000000000),
 ( 1.000000000000000000, 0.7876784991491190269, 1.000000000000000000),
 ( 1.000000000000000000, 0.7265517405480850233, 1.000000000000000000),
 ( 1.000000000000000000, 0.7066757558488350188, 1.000000000000000000),
 ( 1.000000000000000000, 0.7071067811865480168, 1.000000000000000000) ) ) 
 REPRESENTATION_ITEM ( '' )  SURFACE ( )  );
#1504 = AXIS2_PLACEMENT_3D ( 'NONE', #1226, #4417, #465 ) ;
#1505 = PLANE ( 'NONE',  #195 ) ;
#1506 = ORIENTED_EDGE ( 'NONE', *, *, #3448, .T. ) ;
#1507 = CARTESIAN_POINT ( 'NONE',  ( -17.54912285973840369, -49.16959405453259535, 31.89499999999999957 ) ) ;
#1508 = VECTOR ( 'NONE', #598, 1000.000000000000000 ) ;
#1509 = ORIENTED_EDGE ( 'NONE', *, *, #1519, .F. ) ;
#1510 = CARTESIAN_POINT ( 'NONE',  ( -37.25000000307539949, -45.54999975943620427, 23.50999999999999801 ) ) ;
#1511 = AXIS2_PLACEMENT_3D ( 'NONE', #3020, #168, #4052 ) ;
#1512 = FACE_OUTER_BOUND ( 'NONE', #388, .T. ) ;
#1513 = ORIENTED_EDGE ( 'NONE', *, *, #582, .F. ) ;
#1514 = DIRECTION ( 'NONE',  ( 0.000000000000000000, 0.000000000000000000, -1.000000000000000000 ) ) ;
#1515 = CIRCLE ( 'NONE', #112, 1.499999999999999556 ) ;
#1516 = DIRECTION ( 'NONE',  ( 1.000000000000000000, 0.000000000000000000, 0.000000000000000000 ) ) ;
#1517 = DIRECTION ( 'NONE',  ( 0.000000000000000000, 0.000000000000000000, 1.000000000000000000 ) ) ;
#1518 = AXIS2_PLACEMENT_3D ( 'NONE', #2752, #3852, #3517 ) ;
#1519 = EDGE_CURVE ( 'NONE', #2442, #2030, #713, .T. ) ;
#1520 = ORIENTED_EDGE ( 'NONE', *, *, #2296, .T. ) ;
#1521 = DIRECTION ( 'NONE',  ( -8.163409415481199595E-15, -1.000000000000000000, 0.000000000000000000 ) ) ;
#1522 = DIRECTION ( 'NONE',  ( 1.075146377194341872E-08, 1.000000000000000000, 0.000000000000000000 ) ) ;
#1523 = AXIS2_PLACEMENT_3D ( 'NONE', #2372, #4522, #1355 ) ;
#1524 = AXIS2_PLACEMENT_3D ( 'NONE', #3728, #3359, #189 ) ;
#1525 = DIRECTION ( 'NONE',  ( 0.000000000000000000, 0.000000000000000000, -1.000000000000000000 ) ) ;
#1526 = VERTEX_POINT ( 'NONE', #763 ) ;
#1527 = DIRECTION ( 'NONE',  ( 1.000000000000000000, 0.000000000000000000, 0.000000000000000000 ) ) ;
#1528 = DIRECTION ( 'NONE',  ( 0.000000000000000000, -1.000000000000000000, 0.000000000000000000 ) ) ;
#1529 = VECTOR ( 'NONE', #857, 1000.000000000000000 ) ;
#1530 = VECTOR ( 'NONE', #2519, 1000.000000000000000 ) ;
#1531 = DIRECTION ( 'NONE',  ( 0.000000000000000000, 0.000000000000000000, 1.000000000000000000 ) ) ;
#1532 = VECTOR ( 'NONE', #4435, 1000.000000000000114 ) ;
#1533 = AXIS2_PLACEMENT_3D ( 'NONE', #292, #1700, #3122 ) ;
#1534 = DIRECTION ( 'NONE',  ( -1.000000000000000000, 1.075146915940904012E-08, 0.000000000000000000 ) ) ;
#1535 = ORIENTED_EDGE ( 'NONE', *, *, #418, .F. ) ;
#1536 = CARTESIAN_POINT ( 'NONE',  ( -46.00000028852669942, -35.00000013573709623, 23.50999999999999801 ) ) ;
#1537 = ORIENTED_EDGE ( 'NONE', *, *, #2574, .T. ) ;
#1538 = CARTESIAN_POINT ( 'NONE',  ( -9.714507602658686736, -21.62774088642134629, 28.39499263399222073 ) ) ;
#1539 = CYLINDRICAL_SURFACE ( 'NONE', #458, 3.124999999999999112 ) ;
#1540 = ORIENTED_EDGE ( 'NONE', *, *, #2831, .T. ) ;
#1541 = CARTESIAN_POINT ( 'NONE',  ( -46.00000011650330123, -19.00000013573709978, 23.50999999999999801 ) ) ;
#1542 = DIRECTION ( 'NONE',  ( 1.000000000000000000, 0.000000000000000000, 0.000000000000000000 ) ) ;
#1543 = DIRECTION ( 'NONE',  ( -1.000000000000000000, 0.000000000000000000, 0.000000000000000000 ) ) ;
#1544 = ORIENTED_EDGE ( 'NONE', *, *, #1964, .T. ) ;
#1545 = LINE ( 'NONE', #3328, #3831 ) ;
#1546 = PRODUCT_RELATED_PRODUCT_CATEGORY ( 'part', '', ( #1012 ) ) ;
#1547 = CARTESIAN_POINT ( 'NONE',  ( -7.250000251165360510, -34.75000053661074872, 25.51000000000000156 ) ) ;
#1548 = DIRECTION ( 'NONE',  ( -0.7071067811865435759, 0.000000000000000000, -0.7071067811865515695 ) ) ;
#1549 = ORIENTED_EDGE ( 'NONE', *, *, #2322, .T. ) ;
#1550 = DIRECTION ( 'NONE',  ( 0.000000000000000000, 0.000000000000000000, -1.000000000000000000 ) ) ;
#1551 = EDGE_CURVE ( 'NONE', #2700, #3438, #3675, .T. ) ;
#1552 = DIRECTION ( 'NONE',  ( 0.000000000000000000, 0.000000000000000000, 1.000000000000000000 ) ) ;
#1553 = CARTESIAN_POINT ( 'NONE',  ( -21.15000001490199821, -44.44999958633759007, 32.39500000000000313 ) ) ;
#1554 = ORIENTED_EDGE ( 'NONE', *, *, #3684, .F. ) ;
#1555 = CARTESIAN_POINT ( 'NONE',  ( -21.74999998103490029, -8.450000407211508247, 23.50999999999999801 ) ) ;
#1556 = VERTEX_POINT ( 'NONE', #3592 ) ;
#1557 = EDGE_CURVE ( 'NONE', #2505, #4124, #2918, .T. ) ;
#1558 = ADVANCED_FACE ( 'NONE', ( #920 ), #3377, .T. ) ;
#1559 = ADVANCED_FACE ( 'NONE', ( #952 ), #1981, .F. ) ;
#1560 = CARTESIAN_POINT ( 'NONE',  ( -9.714500236650875920, -21.62500053661067767, 28.39499999999995339 ) ) ;
#1561 = DIRECTION ( 'NONE',  ( 0.000000000000000000, 0.000000000000000000, 1.000000000000000000 ) ) ;
#1562 = ORIENTED_EDGE ( 'NONE', *, *, #1200, .T. ) ;
#1563 = LINE ( 'NONE', #2978, #3974 ) ;
#1564 = CARTESIAN_POINT ( 'NONE',  ( -10.75000025116536051, -36.00000053661074872, 25.63500000000000156 ) ) ;
#1565 = CARTESIAN_POINT ( 'NONE',  ( -9.214500236650879472, -21.12500053661070254, 28.89499999999999957 ) ) ;
#1566 = DIRECTION ( 'NONE',  ( 0.000000000000000000, 1.000000000000000000, 0.000000000000000000 ) ) ;
#1567 = DIRECTION ( 'NONE',  ( 1.000000000000000000, 0.000000000000000000, 0.000000000000000000 ) ) ;
#1568 = VERTEX_POINT ( 'NONE', #1640 ) ;
#1569 = DIRECTION ( 'NONE',  ( 0.000000000000000000, 0.000000000000000000, -1.000000000000000000 ) ) ;
#1570 = ORIENTED_EDGE ( 'NONE', *, *, #2761, .T. ) ;
#1571 = DIRECTION ( 'NONE',  ( 0.000000000000000000, 0.000000000000000000, 1.000000000000000000 ) ) ;
#1572 = FACE_BOUND ( 'NONE', #1231, .T. ) ;
#1573 = AXIS2_PLACEMENT_3D ( 'NONE', #4475, #597, #4503 ) ;
#1574 = DIRECTION ( 'NONE',  ( 0.000000000000000000, 0.000000000000000000, -1.000000000000000000 ) ) ;
#1575 = ORIENTED_EDGE ( 'NONE', *, *, #3402, .T. ) ;
#1576 = DIRECTION ( 'NONE',  ( -0.9999999999999998890, 1.075146377194341706E-08, 0.000000000000000000 ) ) ;
#1577 = ORIENTED_EDGE ( 'NONE', *, *, #2447, .T. ) ;
#1578 = AXIS2_PLACEMENT_3D ( 'NONE', #1695, #1374, #3488 ) ;
#1579 = CARTESIAN_POINT ( 'NONE',  ( -9.214500236650879472, -21.12500053661070254, 28.89499999999999957 ) ) ;
#1580 = VECTOR ( 'NONE', #1921, 1000.000000000000000 ) ;
#1581 = DIRECTION ( 'NONE',  ( 0.000000000000000000, 0.000000000000000000, 1.000000000000000000 ) ) ;
#1582 = EDGE_CURVE ( 'NONE', #520, #4211, #895, .T. ) ;
#1583 = EDGE_LOOP ( 'NONE', ( #1930, #83, #2192, #4367 ) ) ;
#1584 = CARTESIAN_POINT ( 'NONE',  ( -32.95272991399714613, -14.70272995473390054, 26.38735182424120040 ) ) ;
#1585 = DIRECTION ( 'NONE',  ( 1.000000000000000000, 0.000000000000000000, 0.000000000000000000 ) ) ;
#1586 = AXIS2_PLACEMENT_3D ( 'NONE', #3690, #1953, #3362 ) ;
#1587 = DIRECTION ( 'NONE',  ( -1.000000000000000000, 0.000000000000000000, 0.000000000000000000 ) ) ;
#1588 = LINE ( 'NONE', #1967, #4541 ) ;
#1589 = VECTOR ( 'NONE', #1036, 1000.000000000000000 ) ;
#1590 = EDGE_CURVE ( 'NONE', #698, #587, #2337, .T. ) ;
#1591 = DIRECTION ( 'NONE',  ( 0.000000000000000000, 0.000000000000000000, -1.000000000000000000 ) ) ;
#1592 = ORIENTED_EDGE ( 'NONE', *, *, #2323, .F. ) ;
#1593 = CARTESIAN_POINT ( 'NONE',  ( -44.50000011650330123, -19.00000017336725122, 23.50999999999999801 ) ) ;
#1594 = CYLINDRICAL_SURFACE ( 'NONE', #1209, 0.8750000000000007772 ) ;
#1595 = ADVANCED_FACE ( 'NONE', ( #3408 ), #4414, .T. ) ;
#1596 = AXIS2_PLACEMENT_3D ( 'NONE', #2555, #1162, #467 ) ;
#1597 = LINE ( 'NONE', #558, #4408 ) ;
#1598 = DIRECTION ( 'NONE',  ( 0.000000000000000000, 0.000000000000000000, -1.000000000000000000 ) ) ;
#1599 = EDGE_LOOP ( 'NONE', ( #1722, #1459, #732, #4434 ) ) ;
#1600 = CARTESIAN_POINT ( 'NONE',  ( -21.15000001490199821, -9.550000413662390386, 32.39500000000000313 ) ) ;
#1601 = ORIENTED_EDGE ( 'NONE', *, *, #928, .F. ) ;
#1602 = AXIS2_PLACEMENT_3D ( 'NONE', #4277, #3553, #2440 ) ;
#1603 = CARTESIAN_POINT ( 'NONE',  ( -9.730982507506913848, -21.62029827894137668, 28.37851772914422810 ) ) ;
#1604 = CIRCLE ( 'NONE', #870, 3.624999999999999556 ) ;
#1605 = CONICAL_SURFACE ( 'NONE', #2274, 3.124999999999999112, 0.7853981633974433940 ) ;
#1606 = FACE_OUTER_BOUND ( 'NONE', #1116, .T. ) ;
#1607 = EDGE_CURVE ( 'NONE', #130, #3529, #1265, .T. ) ;
#1608 = EDGE_LOOP ( 'NONE', ( #834, #4104, #2523 ) ) ;
#1609 = LINE ( 'NONE', #2934, #4485 ) ;
#1610 = ADVANCED_FACE ( 'NONE', ( #4481 ), #4455, .F. ) ;
#1611 = CARTESIAN_POINT ( 'NONE',  ( -21.74999998103490029, -45.54999959278850241, 23.50999999999999801 ) ) ;
#1612 = ADVANCED_FACE ( 'NONE', ( #3011 ), #3016, .F. ) ;
#1613 = CARTESIAN_POINT ( 'NONE',  ( -16.12500000000000000, -8.163947467688508652, 26.39499999999999957 ) ) ;
#1614 = PLANE ( 'NONE',  #3878 ) ;
#1615 = EDGE_CURVE ( 'NONE', #1935, #1987, #946, .T. ) ;
#1616 = CARTESIAN_POINT ( 'NONE',  ( -50.92487075201550084, -24.09990306851174680, 32.39500000000000313 ) ) ;
#1617 = EDGE_CURVE ( 'NONE', #1935, #1346, #208, .T. ) ;
#1618 = EDGE_CURVE ( 'NONE', #771, #4124, #4410, .T. ) ;
#1619 = ORIENTED_EDGE ( 'NONE', *, *, #3243, .F. ) ;
#1620 = DIRECTION ( 'NONE',  ( -1.000000000000000000, 0.000000000000000000, 0.000000000000000000 ) ) ;
#1621 = VERTEX_POINT ( 'NONE', #278 ) ;
#1622 = CARTESIAN_POINT ( 'NONE',  ( -16.12500000000000000, -8.163947467688508652, 32.39500000000000313 ) ) ;
#1623 = CARTESIAN_POINT ( 'NONE',  ( -9.800389373332917486, -32.78048436375345887, 28.60195992018482158 ) ) ;
#1624 = DIRECTION ( 'NONE',  ( 0.000000000000000000, 0.000000000000000000, 1.000000000000000000 ) ) ;
#1625 = ORIENTED_EDGE ( 'NONE', *, *, #1215, .F. ) ;
#1626 = DIRECTION ( 'NONE',  ( 0.9999999999999998890, 1.075146129532929780E-08, 0.000000000000000000 ) ) ;
#1627 = ORIENTED_EDGE ( 'NONE', *, *, #2241, .F. ) ;
#1628 = CARTESIAN_POINT ( 'NONE',  ( -9.768578863642366272, -37.25000053661074872, 25.91762487230215584 ) ) ;
#1629 = CARTESIAN_POINT ( 'NONE',  ( -6.285500236650880979, -28.87500053661070254, 32.39500000000000313 ) ) ;
#1630 = EDGE_LOOP ( 'NONE', ( #3442, #2678, #2944 ) ) ;
#1631 = CARTESIAN_POINT ( 'NONE',  ( -9.714500236650881249, -21.62500053661070254, 27.89499999999999957 ) ) ;
#1632 = ORIENTED_EDGE ( 'NONE', *, *, #2131, .T. ) ;
#1633 = CARTESIAN_POINT ( 'NONE',  ( -14.52500000000000036, -8.163947467688508652, 23.50999999999999801 ) ) ;
#1634 = EDGE_LOOP ( 'NONE', ( #4090, #2188, #4213, #3711 ) ) ;
#1635 = CARTESIAN_POINT ( 'NONE',  ( -13.02241987973623871, -7.790287732977018820, 31.89499999999999957 ) ) ;
#1636 = DIRECTION ( 'NONE',  ( 1.000000000000000000, 0.000000000000000000, 0.000000000000000000 ) ) ;
#1637 = EDGE_LOOP ( 'NONE', ( #1119, #4238, #3084, #1376 ) ) ;
#1638 = EDGE_LOOP ( 'NONE', ( #240, #2652, #2712, #3919 ) ) ;
#1639 =( GEOMETRIC_REPRESENTATION_CONTEXT ( 3 ) GLOBAL_UNCERTAINTY_ASSIGNED_CONTEXT ( ( #3175 ) ) GLOBAL_UNIT_ASSIGNED_CONTEXT ( ( #1253, #2325, #1305 ) ) REPRESENTATION_CONTEXT ( 'NONE', 'WORKASPACE' ) );
#1640 = CARTESIAN_POINT ( 'NONE',  ( -36.25000001705229380, -11.90000025131532091, 23.50999999999999801 ) ) ;
#1641 = ADVANCED_FACE ( 'NONE', ( #1291 ), #2362, .F. ) ;
#1642 = EDGE_CURVE ( 'NONE', #1327, #1804, #4263, .T. ) ;
#1643 = ORIENTED_EDGE ( 'NONE', *, *, #4533, .F. ) ;
#1644 = LINE ( 'NONE', #1244, #4192 ) ;
#1645 = CARTESIAN_POINT ( 'NONE',  ( -36.74999998103489673, -47.39999974868469934, 23.50999999999999801 ) ) ;
#1646 = LINE ( 'NONE', #283, #787 ) ;
#1647 = ORIENTED_EDGE ( 'NONE', *, *, #1496, .F. ) ;
#1648 = CARTESIAN_POINT ( 'NONE',  ( -24.00000033153250101, -14.25000037226925897, 23.50999999999999801 ) ) ;
#1649 = ORIENTED_EDGE ( 'NONE', *, *, #4017, .F. ) ;
#1650 = DIRECTION ( 'NONE',  ( 0.000000000000000000, 0.000000000000000000, 1.000000000000000000 ) ) ;
#1651 = CARTESIAN_POINT ( 'NONE',  ( -9.832166218512480071, -37.25000053661074872, 25.88352063499634781 ) ) ;
#1652 = EDGE_LOOP ( 'NONE', ( #2680, #1008, #3208, #1093 ) ) ;
#1653 = CARTESIAN_POINT ( 'NONE',  ( -21.74999998103490029, -45.54999959278850241, 23.50999999999999801 ) ) ;
#1654 = EDGE_CURVE ( 'NONE', #1753, #1568, #1089, .T. ) ;
#1655 = TOROIDAL_SURFACE ( 'NONE', #1360, 1.500000000000000000, 0.5000000000000000000 ) ;
#1656 = ORIENTED_EDGE ( 'NONE', *, *, #3040, .T. ) ;
#1657 = DIRECTION ( 'NONE',  ( -0.9999999999999998890, 1.075146094838459930E-08, 0.000000000000000000 ) ) ;
#1658 = CIRCLE ( 'NONE', #4305, 1.600000000000000755 ) ;
#1659 = DIRECTION ( 'NONE',  ( 0.000000000000000000, 1.000000000000000000, 0.000000000000000000 ) ) ;
#1660 = PLANE ( 'NONE',  #3366 ) ;
#1661 = AXIS2_PLACEMENT_3D ( 'NONE', #1372, #3845, #1770 ) ;
#1662 = ORIENTED_EDGE ( 'NONE', *, *, #4071, .T. ) ;
#1663 = EDGE_CURVE ( 'NONE', #2785, #286, #3790, .T. ) ;
#1664 = CARTESIAN_POINT ( 'NONE',  ( -6.785500168379100749, -21.62500053661070254, 23.50999999999999801 ) ) ;
#1665 = ORIENTED_EDGE ( 'NONE', *, *, #4487, .T. ) ;
#1666 = CARTESIAN_POINT ( 'NONE',  ( -22.25000004231824846, -42.09999959816424564, 32.39500000000000313 ) ) ;
#1667 = CARTESIAN_POINT ( 'NONE',  ( -21.15000001490199821, -9.550000413662390386, 23.50999999999999801 ) ) ;
#1668 = VECTOR ( 'NONE', #991, 1000.000000000000114 ) ;
#1669 = AXIS2_PLACEMENT_3D ( 'NONE', #751, #1051, #2470 ) ;
#1670 = CARTESIAN_POINT ( 'NONE',  ( -5.785500236650880090, -28.87500053661070254, 32.39500000000000313 ) ) ;
#1671 = ORIENTED_EDGE ( 'NONE', *, *, #651, .F. ) ;
#1672 = FACE_BOUND ( 'NONE', #2457, .T. ) ;
#1673 = VERTEX_POINT ( 'NONE', #3455 ) ;
#1674 = CARTESIAN_POINT ( 'NONE',  ( -16.12500000000000000, -8.163947467688508652, 23.50999999999999801 ) ) ;
#1675 = CARTESIAN_POINT ( 'NONE',  ( -9.235126383573060593, -37.25000053661074872, 26.13395109673123073 ) ) ;
#1676 = CIRCLE ( 'NONE', #3815, 0.5000000000000004441 ) ;
#1677 = LINE ( 'NONE', #2053, #893 ) ;
#1678 = VECTOR ( 'NONE', #4317, 1000.000000000000000 ) ;
#1679 = ORIENTED_EDGE ( 'NONE', *, *, #1902, .F. ) ;
#1680 = LINE ( 'NONE', #963, #505 ) ;
#1681 = ORIENTED_EDGE ( 'NONE', *, *, #317, .F. ) ;
#1682 = DIRECTION ( 'NONE',  ( 0.000000000000000000, 0.000000000000000000, -1.000000000000000000 ) ) ;
#1683 = AXIS2_PLACEMENT_3D ( 'NONE', #4416, #2742, #4091 ) ;
#1684 = CARTESIAN_POINT ( 'NONE',  ( -12.52600693663782039, -46.26949679616760136, 31.89499999999999957 ) ) ;
#1685 = CARTESIAN_POINT ( 'NONE',  ( -42.50000011650329412, -19.00000017336725122, 23.50999999999999801 ) ) ;
#1686 = VERTEX_POINT ( 'NONE', #1222 ) ;
#1687 = CARTESIAN_POINT ( 'NONE',  ( -22.25000004231819872, -11.90000040183577923, 23.50999999999999801 ) ) ;
#1688 = ORIENTED_EDGE ( 'NONE', *, *, #311, .F. ) ;
#1689 = DIRECTION ( 'NONE',  ( 0.3236155771181853935, -0.3236155771181853935, -0.8891264907159878161 ) ) ;
#1690 = CARTESIAN_POINT ( 'NONE',  ( -9.876376035153219490, -32.74986475321411206, 28.56403414536532637 ) ) ;
#1691 = CARTESIAN_POINT ( 'NONE',  ( -36.25000001705229380, -42.09999974868470218, 23.50999999999999801 ) ) ;
#1692 = EDGE_LOOP ( 'NONE', ( #2731, #260, #553, #3345 ) ) ;
#1693 = CARTESIAN_POINT ( 'NONE',  ( -48.75000000000000000, -27.00000000000000000, 31.89499999999999957 ) ) ;
#1694 = ORIENTED_EDGE ( 'NONE', *, *, #1701, .F. ) ;
#1695 = CARTESIAN_POINT ( 'NONE',  ( -9.000000251165358733, -36.00000053661074872, 32.39500000000000313 ) ) ;
#1696 = CARTESIAN_POINT ( 'NONE',  ( -8.067121158285358362, -37.25000053661075583, 25.83394537256179646 ) ) ;
#1697 = DIRECTION ( 'NONE',  ( 0.000000000000000000, 0.000000000000000000, 1.000000000000000000 ) ) ;
#1698 = EDGE_CURVE ( 'NONE', #2751, #3944, #578, .T. ) ;
#1699 = VERTEX_POINT ( 'NONE', #4046 ) ;
#1700 = DIRECTION ( 'NONE',  ( 0.000000000000000000, 0.000000000000000000, -1.000000000000000000 ) ) ;
#1701 = EDGE_CURVE ( 'NONE', #2047, #2293, #529, .T. ) ;
#1702 = ORIENTED_EDGE ( 'NONE', *, *, #60, .F. ) ;
#1703 = EDGE_CURVE ( 'NONE', #951, #2115, #2193, .T. ) ;
#1704 = CARTESIAN_POINT ( 'NONE',  ( -9.714500168379100131, -30.67499953231175169, 25.10999999999999943 ) ) ;
#1705 = DIRECTION ( 'NONE',  ( -0.3420201433256694901, 0.000000000000000000, -0.9396926207859080948 ) ) ;
#1706 = CARTESIAN_POINT ( 'NONE',  ( -9.000000251165358733, -36.00000053661074872, 25.51000000000000156 ) ) ;
#1707 = ORIENTED_EDGE ( 'NONE', *, *, #3383, .T. ) ;
#1708 = DIRECTION ( 'NONE',  ( 1.000000000000000000, 0.000000000000000000, 0.000000000000000000 ) ) ;
#1709 = ORIENTED_EDGE ( 'NONE', *, *, #4217, .F. ) ;
#1710 = DIRECTION ( 'NONE',  ( 0.000000000000000000, 0.000000000000000000, 1.000000000000000000 ) ) ;
#1711 = CARTESIAN_POINT ( 'NONE',  ( -21.75000003694249884, -9.550000407211507891, 23.50999999999999801 ) ) ;
#1712 = VECTOR ( 'NONE', #218, 1000.000000000000114 ) ;
#1713 = CARTESIAN_POINT ( 'NONE',  ( -16.12500000000000000, -45.83605253231170451, 26.39499999999999957 ) ) ;
#1714 = ORIENTED_EDGE ( 'NONE', *, *, #3256, .F. ) ;
#1715 = DIRECTION ( 'NONE',  ( 0.000000000000000000, 0.000000000000000000, -1.000000000000000000 ) ) ;
#1716 = ORIENTED_EDGE ( 'NONE', *, *, #4342, .T. ) ;
#1717 = DIRECTION ( 'NONE',  ( 0.000000000000000000, 0.000000000000000000, -1.000000000000000000 ) ) ;
#1718 = ORIENTED_EDGE ( 'NONE', *, *, #4524, .F. ) ;
#1719 = ADVANCED_FACE ( 'NONE', ( #3129 ), #3629, .F. ) ;
#1720 = ORIENTED_EDGE ( 'NONE', *, *, #4355, .T. ) ;
#1721 = LINE ( 'NONE', #1333, #1909 ) ;
#1722 = ORIENTED_EDGE ( 'NONE', *, *, #4217, .T. ) ;
#1723 = CIRCLE ( 'NONE', #4011, 1.599999999999997202 ) ;
#1724 = CARTESIAN_POINT ( 'NONE',  ( -9.561768149948544959, -21.26516166872182012, 28.20046470342880340 ) ) ;
#1725 = CIRCLE ( 'NONE', #1498, 0.5000000000000004441 ) ;
#1726 = ORIENTED_EDGE ( 'NONE', *, *, #4178, .F. ) ;
#1727 = CARTESIAN_POINT ( 'NONE',  ( -9.714500168379121448, -23.32499953231175027, 25.10999999999999943 ) ) ;
#1728 = CARTESIAN_POINT ( 'NONE',  ( -24.00000033153250101, -39.00000032926339344, 25.57060806459095303 ) ) ;
#1729 = CONICAL_SURFACE ( 'NONE', #3358, 3.124999999999999112, 0.7853981633974419507 ) ;
#1730 = CIRCLE ( 'NONE', #20, 24.60000000000000142 ) ;
#1731 = EDGE_LOOP ( 'NONE', ( #1882, #3368, #2828, #365 ) ) ;
#1732 = CARTESIAN_POINT ( 'NONE',  ( -9.597867205950551650, -32.69610094161524216, 28.12831408260429811 ) ) ;
#1733 = DIRECTION ( 'NONE',  ( 1.000000000000000000, 0.000000000000000000, 0.000000000000000000 ) ) ;
#1734 = CIRCLE ( 'NONE', #1884, 0.5000000000000004441 ) ;
#1735 = ADVANCED_FACE ( 'NONE', ( #2870 ), #719, .F. ) ;
#1736 = MANIFOLD_SOLID_BREP ( 'NONE', #2413 ) ;
#1737 = CARTESIAN_POINT ( 'NONE',  ( -6.285500168379099861, -21.62500053661070254, 32.39500000000000313 ) ) ;
#1738 = AXIS2_PLACEMENT_3D ( 'NONE', #1801, #1427, #2195 ) ;
#1739 = EDGE_LOOP ( 'NONE', ( #2154, #4129, #249, #3708 ) ) ;
#1740 = FACE_OUTER_BOUND ( 'NONE', #690, .T. ) ;
#1741 = ADVANCED_FACE ( 'NONE', ( #2150 ), #385, .T. ) ;
#1742 = ORIENTED_EDGE ( 'NONE', *, *, #3681, .F. ) ;
#1743 = DIRECTION ( 'NONE',  ( 0.000000000000000000, 0.000000000000000000, 1.000000000000000000 ) ) ;
#1744 = VECTOR ( 'NONE', #2452, 1000.000000000000114 ) ;
#1745 = VERTEX_POINT ( 'NONE', #2784 ) ;
#1746 = CARTESIAN_POINT ( 'NONE',  ( -9.466309721399149169, -32.81189373304000156, 28.39138103050344952 ) ) ;
#1747 = VERTEX_POINT ( 'NONE', #3236 ) ;
#1748 = EDGE_CURVE ( 'NONE', #4395, #2987, #3258, .T. ) ;
#1749 = AXIS2_PLACEMENT_3D ( 'NONE', #2046, #2720, #2675 ) ;
#1750 = CARTESIAN_POINT ( 'NONE',  ( -9.618337445609007830, -21.32173096438227589, 28.08732134189059693 ) ) ;
#1751 = EDGE_CURVE ( 'NONE', #3123, #921, #1457, .T. ) ;
#1752 = AXIS2_PLACEMENT_3D ( 'NONE', #609, #2020, #258 ) ;
#1753 = VERTEX_POINT ( 'NONE', #40 ) ;
#1754 = ADVANCED_FACE ( 'NONE', ( #62 ), #1605, .F. ) ;
#1755 = FACE_OUTER_BOUND ( 'NONE', #1395, .T. ) ;
#1756 = AXIS2_PLACEMENT_3D ( 'NONE', #1865, #2285, #1212 ) ;
#1757 = FACE_OUTER_BOUND ( 'NONE', #1608, .T. ) ;
#1758 = EDGE_CURVE ( 'NONE', #2418, #1224, #1341, .T. ) ;
#1759 = VECTOR ( 'NONE', #3724, 1000.000000000000000 ) ;
#1760 = AXIS2_PLACEMENT_3D ( 'NONE', #102, #524, #1936 ) ;
#1761 = ADVANCED_FACE ( 'NONE', ( #2886 ), #2501, .F. ) ;
#1762 = ORIENTED_EDGE ( 'NONE', *, *, #736, .T. ) ;
#1763 = CARTESIAN_POINT ( 'NONE',  ( -6.285500236650889860, -30.67499953231175169, 25.10999999999999943 ) ) ;
#1764 = EDGE_CURVE ( 'NONE', #3581, #2785, #806, .T. ) ;
#1765 = DIRECTION ( 'NONE',  ( 1.000000000000000000, 0.000000000000000000, 0.000000000000000000 ) ) ;
#1766 = EDGE_CURVE ( 'NONE', #1446, #1960, #2408, .T. ) ;
#1767 = EDGE_CURVE ( 'NONE', #2631, #2883, #3480, .T. ) ;
#1768 = DIRECTION ( 'NONE',  ( 1.000000000000000000, 0.000000000000000000, 0.000000000000000000 ) ) ;
#1769 = ORIENTED_EDGE ( 'NONE', *, *, #445, .F. ) ;
#1770 = DIRECTION ( 'NONE',  ( 1.000000000000000000, 0.000000000000000000, 0.000000000000000000 ) ) ;
#1771 = ORIENTED_EDGE ( 'NONE', *, *, #3173, .T. ) ;
#1772 = DIRECTION ( 'NONE',  ( 0.000000000000000000, 0.000000000000000000, 1.000000000000000000 ) ) ;
#1773 = ORIENTED_EDGE ( 'NONE', *, *, #2184, .F. ) ;
#1774 = CARTESIAN_POINT ( 'NONE',  ( -9.728919424482201705, -32.53542716194766626, 28.38058081216885142 ) ) ;
#1775 = ORIENTED_EDGE ( 'NONE', *, *, #3880, .F. ) ;
#1776 = PLANE ( 'NONE',  #2791 ) ;
#1777 = ORIENTED_EDGE ( 'NONE', *, *, #1590, .T. ) ;
#1778 = CARTESIAN_POINT ( 'NONE',  ( -6.785500236650880090, -32.37500053661069899, 25.10999999999999943 ) ) ;
#1779 = CARTESIAN_POINT ( 'NONE',  ( -17.35269117570640063, -5.290204372508919839, 31.89499999999999957 ) ) ;
#1780 = ORIENTED_EDGE ( 'NONE', *, *, #1319, .F. ) ;
#1781 = DIRECTION ( 'NONE',  ( 0.000000000000000000, 0.000000000000000000, -1.000000000000000000 ) ) ;
#1782 = DIRECTION ( 'NONE',  ( 1.000000000000000000, 0.000000000000000000, 0.000000000000000000 ) ) ;
#1783 = CARTESIAN_POINT ( 'NONE',  ( -9.919536225784135297, -37.25000053661074872, 25.83401765373382020 ) ) ;
#1784 = CARTESIAN_POINT ( 'NONE',  ( -10.75000025116536051, -36.67314613750259866, 25.51000000000000156 ) ) ;
#1785 = VERTEX_POINT ( 'NONE', #3025 ) ;
#1786 = FACE_OUTER_BOUND ( 'NONE', #3054, .T. ) ;
#1787 = ORIENTED_EDGE ( 'NONE', *, *, #823, .T. ) ;
#1788 = FACE_OUTER_BOUND ( 'NONE', #1637, .T. ) ;
#1789 = ORIENTED_EDGE ( 'NONE', *, *, #396, .T. ) ;
#1790 = AXIS2_PLACEMENT_3D ( 'NONE', #1210, #3669, #2258 ) ;
#1791 = APPLICATION_PROTOCOL_DEFINITION ( 'draft international standard', 'automotive_design', 1998, #4421 ) ;
#1792 = ORIENTED_EDGE ( 'NONE', *, *, #1200, .F. ) ;
#1793 = LINE ( 'NONE', #3209, #4026 ) ;
#1794 = ORIENTED_EDGE ( 'NONE', *, *, #1261, .T. ) ;
#1795 = CARTESIAN_POINT ( 'NONE',  ( -9.714500236650881249, -30.42500053661069970, 23.50999999999999801 ) ) ;
#1796 = EDGE_CURVE ( 'NONE', #410, #2819, #2430, .T. ) ;
#1797 = ORIENTED_EDGE ( 'NONE', *, *, #3819, .F. ) ;
#1798 = DIRECTION ( 'NONE',  ( -1.075146131343899952E-08, 1.000000000000000000, 0.000000000000000000 ) ) ;
#1799 = CARTESIAN_POINT ( 'NONE',  ( -48.75000000000000000, -27.00000000000000000, 31.89499999999999957 ) ) ;
#1800 = ADVANCED_FACE ( 'NONE', ( #848 ), #3738, .F. ) ;
#1801 = CARTESIAN_POINT ( 'NONE',  ( -13.71450016837912145, -30.87500053661069899, 23.50999999999999801 ) ) ;
#1802 = CARTESIAN_POINT ( 'NONE',  ( -5.285500236650880979, -28.37500053661070254, 32.39500000000000313 ) ) ;
#1803 = AXIS2_PLACEMENT_3D ( 'NONE', #19, #3837, #2431 ) ;
#1804 = VERTEX_POINT ( 'NONE', #1541 ) ;
#1805 = DIRECTION ( 'NONE',  ( 0.000000000000000000, 0.000000000000000000, 1.000000000000000000 ) ) ;
#1806 = AXIS2_PLACEMENT_3D ( 'NONE', #333, #1743, #1179 ) ;
#1807 = CARTESIAN_POINT ( 'NONE',  ( -17.35269117570640063, -5.290204372508919839, 26.39499999999999957 ) ) ;
#1808 = EDGE_CURVE ( 'NONE', #1842, #2465, #131, .T. ) ;
#1809 = AXIS2_PLACEMENT_3D ( 'NONE', #3841, #3525, #1765 ) ;
#1810 = ADVANCED_FACE ( 'NONE', ( #2614 ), #4359, .F. ) ;
#1811 = CARTESIAN_POINT ( 'NONE',  ( -21.15000001490199821, -9.550000413662390386, 23.50999999999999801 ) ) ;
#1812 = ORIENTED_EDGE ( 'NONE', *, *, #1618, .F. ) ;
#1813 = LINE ( 'NONE', #50, #1385 ) ;
#1814 = CARTESIAN_POINT ( 'NONE',  ( -44.50000028852669942, -35.00000017336724767, 23.50999999999999801 ) ) ;
#1815 = AXIS2_PLACEMENT_3D ( 'NONE', #3389, #2048, #958 ) ;
#1816 = ORIENTED_EDGE ( 'NONE', *, *, #245, .F. ) ;
#1817 = CYLINDRICAL_SURFACE ( 'NONE', #630, 1.600000000000000755 ) ;
#1818 = ORIENTED_EDGE ( 'NONE', *, *, #26, .F. ) ;
#1819 = EDGE_CURVE ( 'NONE', #888, #4211, #2872, .T. ) ;
#1820 = DIRECTION ( 'NONE',  ( 0.000000000000000000, 0.000000000000000000, 1.000000000000000000 ) ) ;
#1821 = VECTOR ( 'NONE', #344, 1000.000000000000000 ) ;
#1822 = AXIS2_PLACEMENT_3D ( 'NONE', #2402, #987, #3807 ) ;
#1823 = ORIENTED_EDGE ( 'NONE', *, *, #58, .F. ) ;
#1824 = DIRECTION ( 'NONE',  ( 0.000000000000000000, 0.000000000000000000, 1.000000000000000000 ) ) ;
#1825 = CARTESIAN_POINT ( 'NONE',  ( -7.250000251165360510, -34.75000053661074872, 25.51000000000000156 ) ) ;
#1826 = CARTESIAN_POINT ( 'NONE',  ( -36.75000001167654773, -11.40000025131531913, 23.50999999999999801 ) ) ;
#1827 = CIRCLE ( 'NONE', #489, 0.5000000000000004441 ) ;
#1828 = VECTOR ( 'NONE', #998, 1000.000000000000114 ) ;
#1829 = VERTEX_POINT ( 'NONE', #4405 ) ;
#1830 = CARTESIAN_POINT ( 'NONE',  ( -21.15000001490199821, -9.550000413662390386, 32.39500000000000313 ) ) ;
#1831 = CARTESIAN_POINT ( 'NONE',  ( -9.625986513592483362, -34.75000053661074162, 25.98733160403277154 ) ) ;
#1832 = VECTOR ( 'NONE', #1850, 1000.000000000000000 ) ;
#1833 = VECTOR ( 'NONE', #4271, 1000.000000000000114 ) ;
#1834 = CARTESIAN_POINT ( 'NONE',  ( -13.00000000000017941, -45.83605253231170451, 26.39499999999999957 ) ) ;
#1835 = ORIENTED_EDGE ( 'NONE', *, *, #1899, .F. ) ;
#1836 = CARTESIAN_POINT ( 'NONE',  ( -10.75000025116536051, -34.75000053661074872, 25.51000000000000156 ) ) ;
#1837 = AXIS2_PLACEMENT_3D ( 'NONE', #3311, #4019, #3977 ) ;
#1838 = CARTESIAN_POINT ( 'NONE',  ( -15.21450016837910013, -23.12500053661069899, 28.89499999999999957 ) ) ;
#1839 = CARTESIAN_POINT ( 'NONE',  ( -9.000000251165358733, -36.00000053661074872, 25.51000000000000156 ) ) ;
#1840 = ORIENTED_EDGE ( 'NONE', *, *, #2969, .F. ) ;
#1841 = CARTESIAN_POINT ( 'NONE',  ( -9.345423523241858987, -32.87500053661069899, 28.82953835670509690 ) ) ;
#1842 = VERTEX_POINT ( 'NONE', #825 ) ;
#1843 = CARTESIAN_POINT ( 'NONE',  ( -7.250000251165360510, -34.75000053661074872, 25.51000000000000156 ) ) ;
#1844 = EDGE_CURVE ( 'NONE', #269, #1037, #1159, .T. ) ;
#1845 = EDGE_CURVE ( 'NONE', #4377, #723, #865, .T. ) ;
#1846 = ORIENTED_EDGE ( 'NONE', *, *, #4498, .T. ) ;
#1847 = CARTESIAN_POINT ( 'NONE',  ( -50.92487075201550084, -24.09990306851174680, 31.89499999999999957 ) ) ;
#1848 = DIRECTION ( 'NONE',  ( 0.000000000000000000, 1.000000000000000000, 0.000000000000000000 ) ) ;
#1849 = VERTEX_POINT ( 'NONE', #2664 ) ;
#1850 = DIRECTION ( 'NONE',  ( -1.000000000000000000, 0.000000000000000000, 0.000000000000000000 ) ) ;
#1851 = DIRECTION ( 'NONE',  ( 0.4246746289780415351, 0.5653772718303800016, -0.7071067811865470176 ) ) ;
#1852 = CARTESIAN_POINT ( 'NONE',  ( -36.25000001167654773, -11.40000025131531913, 32.39500000000000313 ) ) ;
#1853 = ORIENTED_EDGE ( 'NONE', *, *, #2242, .F. ) ;
#1854 = DIRECTION ( 'NONE',  ( 0.000000000000000000, 0.000000000000000000, 1.000000000000000000 ) ) ;
#1855 = DIRECTION ( 'NONE',  ( 1.000000000000000000, 0.000000000000000000, 0.000000000000000000 ) ) ;
#1856 = DIRECTION ( 'NONE',  ( 1.000000000000000000, 0.000000000000000000, 0.000000000000000000 ) ) ;
#1857 = EDGE_LOOP ( 'NONE', ( #3099, #1812, #2255, #3810 ) ) ;
#1858 = DIRECTION ( 'NONE',  ( 0.000000000000000000, 0.000000000000000000, 1.000000000000000000 ) ) ;
#1859 = ORIENTED_EDGE ( 'NONE', *, *, #164, .T. ) ;
#1860 = DIRECTION ( 'NONE',  ( 0.000000000000000000, 0.000000000000000000, -1.000000000000000000 ) ) ;
#1861 = VECTOR ( 'NONE', #2005, 1000.000000000000000 ) ;
#1862 = EDGE_CURVE ( 'NONE', #993, #633, #1563, .T. ) ;
#1863 = DIRECTION ( 'NONE',  ( 1.000000000000000000, 0.000000000000000000, 0.000000000000000000 ) ) ;
#1864 = ORIENTED_EDGE ( 'NONE', *, *, #3287, .F. ) ;
#1865 = CARTESIAN_POINT ( 'NONE',  ( -43.50000028852669942, -35.00000017336724767, 23.50999999999999801 ) ) ;
#1866 = CARTESIAN_POINT ( 'NONE',  ( -12.52600693663782039, -46.26949679616760136, 31.89499999999999957 ) ) ;
#1867 = PLANE ( 'NONE',  #2789 ) ;
#1868 = ORIENTED_EDGE ( 'NONE', *, *, #1216, .F. ) ;
#1869 = LINE ( 'NONE', #2962, #504 ) ;
#1870 = CYLINDRICAL_SURFACE ( 'NONE', #4384, 3.124999999999999112 ) ;
#1871 = VECTOR ( 'NONE', #1257, 1000.000000000000000 ) ;
#1872 = CIRCLE ( 'NONE', #1282, 24.60000000000000142 ) ;
#1873 = CARTESIAN_POINT ( 'NONE',  ( -9.946345289080337437, -21.28415671520406960, 28.52907259052517475 ) ) ;
#1874 = ORIENTED_EDGE ( 'NONE', *, *, #4354, .F. ) ;
#1875 = CARTESIAN_POINT ( 'NONE',  ( -22.25000004231824846, -42.09999959816424564, 23.50999999999999801 ) ) ;
#1876 = DIRECTION ( 'NONE',  ( 1.000000000000000000, 1.075145969728096046E-08, 0.000000000000000000 ) ) ;
#1877 = VECTOR ( 'NONE', #281, 1000.000000000000000 ) ;
#1878 = CARTESIAN_POINT ( 'NONE',  ( -5.285500236650880979, -27.87500053661070254, 23.50999999999999801 ) ) ;
#1879 = ORIENTED_EDGE ( 'NONE', *, *, #4152, .T. ) ;
#1880 = LINE ( 'NONE', #3337, #4095 ) ;
#1881 = AXIS2_PLACEMENT_3D ( 'NONE', #2709, #892, #4111 ) ;
#1882 = ORIENTED_EDGE ( 'NONE', *, *, #3740, .F. ) ;
#1883 = CARTESIAN_POINT ( 'NONE',  ( -43.50000028852669942, -35.00000017336724767, 23.50999999999999801 ) ) ;
#1884 = AXIS2_PLACEMENT_3D ( 'NONE', #1507, #3274, #443 ) ;
#1885 = CARTESIAN_POINT ( 'NONE',  ( -50.92487075201550084, -24.09990306851174680, 26.39499999999999957 ) ) ;
#1886 = ORIENTED_EDGE ( 'NONE', *, *, #257, .T. ) ;
#1887 = DIRECTION ( 'NONE',  ( 0.3420201433256694901, 4.188538737677000393E-17, -0.9396926207859080948 ) ) ;
#1888 = CIRCLE ( 'NONE', #483, 0.5000000000000004441 ) ;
#1889 = LINE ( 'NONE', #3306, #2174 ) ;
#1890 = CARTESIAN_POINT ( 'NONE',  ( -9.292751249398197189, -21.13016362267606851, 28.73898491714484393 ) ) ;
#1891 = EDGE_CURVE ( 'NONE', #4, #993, #2594, .T. ) ;
#1892 = VECTOR ( 'NONE', #525, 1000.000000000000000 ) ;
#1893 = EDGE_CURVE ( 'NONE', #3653, #2658, #3749, .T. ) ;
#1894 = ADVANCED_FACE ( 'NONE', ( #2640 ), #2350, .F. ) ;
#1895 = ORIENTED_EDGE ( 'NONE', *, *, #4016, .T. ) ;
#1896 = CARTESIAN_POINT ( 'NONE',  ( -12.22571675054579998, -7.330720072583160274, 31.89499999999999957 ) ) ;
#1897 = CARTESIAN_POINT ( 'NONE',  ( -21.74999998103490029, -8.450000407211508247, 32.39500000000000313 ) ) ;
#1898 = CIRCLE ( 'NONE', #1523, 24.60000000000000142 ) ;
#1899 = EDGE_CURVE ( 'NONE', #3021, #2461, #4059, .T. ) ;
#1900 = AXIS2_PLACEMENT_3D ( 'NONE', #1713, #4188, #484 ) ;
#1901 = CARTESIAN_POINT ( 'NONE',  ( -10.21450023665087947, -21.62500053661070254, 28.39499999999999957 ) ) ;
#1902 = EDGE_CURVE ( 'NONE', #940, #4029, #3170, .T. ) ;
#1903 = ORIENTED_EDGE ( 'NONE', *, *, #345, .F. ) ;
#1904 = DIRECTION ( 'NONE',  ( 0.000000000000000000, 0.000000000000000000, 1.000000000000000000 ) ) ;
#1905 = DIRECTION ( 'NONE',  ( 0.000000000000000000, 0.000000000000000000, -1.000000000000000000 ) ) ;
#1906 = AXIS2_PLACEMENT_3D ( 'NONE', #1664, #3771, #2292 ) ;
#1907 = CARTESIAN_POINT ( 'NONE',  ( -51.42123723781929812, -29.96026502279434922, 31.89499999999999957 ) ) ;
#1908 = AXIS2_PLACEMENT_3D ( 'NONE', #230, #4483, #2716 ) ;
#1909 = VECTOR ( 'NONE', #4148, 1000.000000000000000 ) ;
#1910 = PLANE ( 'NONE',  #4554 ) ;
#1911 = VERTEX_POINT ( 'NONE', #1170 ) ;
#1912 = CARTESIAN_POINT ( 'NONE',  ( -17.54912176381945343, -4.830405477280179660, 32.39500000000000313 ) ) ;
#1913 = EDGE_LOOP ( 'NONE', ( #1204, #883, #4222, #3628 ) ) ;
#1914 = CARTESIAN_POINT ( 'NONE',  ( -6.285500168379099861, -21.62500053661070254, 25.10999999999999943 ) ) ;
#1915 = DIRECTION ( 'NONE',  ( 1.000000000000000000, -6.938893903907222067E-15, 0.000000000000000000 ) ) ;
#1916 = ORIENTED_EDGE ( 'NONE', *, *, #1557, .F. ) ;
#1917 = DIRECTION ( 'NONE',  ( 1.000000000000000000, 0.000000000000000000, 0.000000000000000000 ) ) ;
#1918 = DIRECTION ( 'NONE',  ( 0.000000000000000000, 0.000000000000000000, 1.000000000000000000 ) ) ;
#1919 = CARTESIAN_POINT ( 'NONE',  ( -17.54912285973840369, -49.16959405453259535, 31.89499999999999957 ) ) ;
#1920 = CARTESIAN_POINT ( 'NONE',  ( -9.214500236650879472, -21.62500053661070254, 23.50999999999999801 ) ) ;
#1921 = DIRECTION ( 'NONE',  ( 0.000000000000000000, 0.000000000000000000, 1.000000000000000000 ) ) ;
#1922 = ORIENTED_EDGE ( 'NONE', *, *, #2183, .F. ) ;
#1923 = LINE ( 'NONE', #3246, #348 ) ;
#1924 = ORIENTED_EDGE ( 'NONE', *, *, #200, .T. ) ;
#1925 = CARTESIAN_POINT ( 'NONE',  ( -44.50000028852669942, -35.00000017336724767, 23.50999999999999801 ) ) ;
#1926 = CARTESIAN_POINT ( 'NONE',  ( -37.25000001490199963, -44.44999975943615311, 23.50999999999999801 ) ) ;
#1927 = EDGE_CURVE ( 'NONE', #2149, #2658, #1609, .T. ) ;
#1928 = CARTESIAN_POINT ( 'NONE',  ( -21.75000003694249884, -11.40000040183578101, 23.50999999999999801 ) ) ;
#1929 = CARTESIAN_POINT ( 'NONE',  ( -16.12500000000000000, -45.83605253231170451, 26.39499999999999957 ) ) ;
#1930 = ORIENTED_EDGE ( 'NONE', *, *, #2923, .T. ) ;
#1931 = CARTESIAN_POINT ( 'NONE',  ( -4.785500236650880090, -25.62500053661070254, 32.39500000000000313 ) ) ;
#1932 = VERTEX_POINT ( 'NONE', #3305 ) ;
#1933 = CARTESIAN_POINT ( 'NONE',  ( -13.02241977296366038, -46.20971138046329685, 31.89499999999999957 ) ) ;
#1934 = DIRECTION ( 'NONE',  ( 1.000000000000000000, 0.000000000000000000, 0.000000000000000000 ) ) ;
#1935 = VERTEX_POINT ( 'NONE', #3648 ) ;
#1936 = DIRECTION ( 'NONE',  ( 1.000000000000000000, 6.938893903907222067E-15, 0.000000000000000000 ) ) ;
#1937 = DIRECTION ( 'NONE',  ( -1.000000000000000000, 0.000000000000000000, 0.000000000000000000 ) ) ;
#1938 = EDGE_CURVE ( 'NONE', #1556, #3021, #3346, .T. ) ;
#1939 = ADVANCED_FACE ( 'NONE', ( #889 ), #2352, .T. ) ;
#1940 = CARTESIAN_POINT ( 'NONE',  ( -36.75000001167654773, -9.550000245939591181, 23.50999999999999801 ) ) ;
#1941 = CARTESIAN_POINT ( 'NONE',  ( -16.12500000000000000, -8.163947467688508652, 26.39499999999999957 ) ) ;
#1942 = DIRECTION ( 'NONE',  ( -1.000000000000000000, 0.000000000000000000, 0.000000000000000000 ) ) ;
#1943 = CARTESIAN_POINT ( 'NONE',  ( -36.74999998103489673, -8.450000245939598642, 32.39500000000000313 ) ) ;
#1944 = EDGE_LOOP ( 'NONE', ( #459, #2063, #402, #4419 ) ) ;
#1945 = DIRECTION ( 'NONE',  ( 0.000000000000000000, -1.000000000000000000, 0.000000000000000000 ) ) ;
#1946 = AXIS2_PLACEMENT_3D ( 'NONE', #1799, #1405, #2454 ) ;
#1947 = CARTESIAN_POINT ( 'NONE',  ( -9.528119779243679588, -32.84979118211100513, 28.73810244404557679 ) ) ;
#1948 = EDGE_CURVE ( 'NONE', #233, #2745, #3903, .T. ) ;
#1949 = AXIS2_PLACEMENT_3D ( 'NONE', #1398, #4280, #1134 ) ;
#1950 = CARTESIAN_POINT ( 'NONE',  ( -7.250000251165360510, -34.75000053661074872, 23.50999999999999801 ) ) ;
#1951 = EDGE_CURVE ( 'NONE', #4469, #2410, #2007, .T. ) ;
#1952 = VERTEX_POINT ( 'NONE', #4171 ) ;
#1953 = DIRECTION ( 'NONE',  ( 0.9396926207859080948, 0.000000000000000000, 0.3420201433256695456 ) ) ;
#1954 = EDGE_LOOP ( 'NONE', ( #4290, #2663, #1627, #1114 ) ) ;
#1955 = AXIS2_PLACEMENT_3D ( 'NONE', #3567, #46, #1107 ) ;
#1956 = FACE_OUTER_BOUND ( 'NONE', #3636, .T. ) ;
#1957 = ADVANCED_FACE ( 'NONE', ( #4196 ), #2701, .F. ) ;
#1958 = CIRCLE ( 'NONE', #3218, 0.5000000000000004441 ) ;
#1959 = DIRECTION ( 'NONE',  ( 1.000000000000000000, -1.833447576235649521E-15, 0.000000000000000000 ) ) ;
#1960 = VERTEX_POINT ( 'NONE', #941 ) ;
#1961 = ADVANCED_FACE ( 'NONE', ( #4470 ), #2355, .F. ) ;
#1962 = DIRECTION ( 'NONE',  ( 0.000000000000000000, 0.000000000000000000, 1.000000000000000000 ) ) ;
#1963 = AXIS2_PLACEMENT_3D ( 'NONE', #978, #3114, #3778 ) ;
#1964 = EDGE_CURVE ( 'NONE', #626, #3056, #1031, .T. ) ;
#1965 = CIRCLE ( 'NONE', #4547, 0.5000000000000004441 ) ;
#1966 = DIRECTION ( 'NONE',  ( -0.7071067811865510144, 0.000000000000000000, -0.7071067811865441310 ) ) ;
#1967 = CARTESIAN_POINT ( 'NONE',  ( -9.714500236650881249, -21.62500053661070254, 28.39499999999999957 ) ) ;
#1968 = AXIS2_PLACEMENT_3D ( 'NONE', #1883, #2634, #903 ) ;
#1969 = VERTEX_POINT ( 'NONE', #1631 ) ;
#1970 = DIRECTION ( 'NONE',  ( 0.000000000000000000, 0.000000000000000000, 1.000000000000000000 ) ) ;
#1971 = CONICAL_SURFACE ( 'NONE', #2562, 24.10000000000000142, 0.7853981633974476129 ) ;
#1972 = ORIENTED_EDGE ( 'NONE', *, *, #2686, .T. ) ;
#1973 = CARTESIAN_POINT ( 'NONE',  ( -22.25000003694249884, -42.59999959816424564, 23.50999999999999801 ) ) ;
#1974 = DIRECTION ( 'NONE',  ( -1.000000000000000000, 0.000000000000000000, 0.000000000000000000 ) ) ;
#1975 = VECTOR ( 'NONE', #2832, 1000.000000000000000 ) ;
#1976 = LINE ( 'NONE', #4094, #646 ) ;
#1977 = EDGE_LOOP ( 'NONE', ( #3956, #1452, #1787 ) ) ;
#1978 = CARTESIAN_POINT ( 'NONE',  ( -10.75000025116536051, -34.75000053661074872, 25.51000000000000156 ) ) ;
#1979 = ORIENTED_EDGE ( 'NONE', *, *, #516, .F. ) ;
#1980 = CONICAL_SURFACE ( 'NONE', #3748, 1.000000000000000888, 0.3490658503988667838 ) ;
#1981 = CONICAL_SURFACE ( 'NONE', #4557, 3.124999999999999112, 0.7853981633974433940 ) ;
#1982 = DIRECTION ( 'NONE',  ( 0.000000000000000000, 0.000000000000000000, 1.000000000000000000 ) ) ;
#1983 = CIRCLE ( 'NONE', #4569, 3.625000000000003109 ) ;
#1984 = VECTOR ( 'NONE', #868, 1000.000000000000114 ) ;
#1985 = ORIENTED_EDGE ( 'NONE', *, *, #1160, .F. ) ;
#1986 = CARTESIAN_POINT ( 'NONE',  ( -9.000000251165358733, -36.00000053661074872, 26.50999999999999801 ) ) ;
#1987 = VERTEX_POINT ( 'NONE', #2773 ) ;
#1988 = DIRECTION ( 'NONE',  ( 1.000000000000000000, 0.000000000000000000, 0.000000000000000000 ) ) ;
#1989 = EDGE_CURVE ( 'NONE', #4029, #233, #4130, .T. ) ;
#1990 = ADVANCED_FACE ( 'NONE', ( #1308 ), #4544, .F. ) ;
#1991 = CARTESIAN_POINT ( 'NONE',  ( -10.75000025116536051, -36.00000053661074872, 25.63500000000000156 ) ) ;
#1992 = FACE_OUTER_BOUND ( 'NONE', #3321, .T. ) ;
#1993 = CARTESIAN_POINT ( 'NONE',  ( -45.62500000000000000, -27.00000000000000000, 26.39499999999999957 ) ) ;
#1994 = ORIENTED_EDGE ( 'NONE', *, *, #2612, .F. ) ;
#1995 = DIRECTION ( 'NONE',  ( 0.000000000000000000, 0.000000000000000000, -1.000000000000000000 ) ) ;
#1996 = ORIENTED_EDGE ( 'NONE', *, *, #2380, .T. ) ;
#1997 = CARTESIAN_POINT ( 'NONE',  ( -47.00000028852669942, -35.00000013573709623, 23.50999999999999801 ) ) ;
#1998 = DIRECTION ( 'NONE',  ( 1.075145969728099686E-08, 0.9999999999999998890, 0.000000000000000000 ) ) ;
#1999 = PLANE ( 'NONE',  #1524 ) ;
#2000 = ORIENTED_EDGE ( 'NONE', *, *, #1751, .T. ) ;
#2001 = CARTESIAN_POINT ( 'NONE',  ( -10.21450023665087947, -21.62500053661070254, 28.39499999999999957 ) ) ;
#2002 = VERTEX_POINT ( 'NONE', #3474 ) ;
#2003 = CARTESIAN_POINT ( 'NONE',  ( -16.12500000000000000, -8.163947467688508652, 31.89499999999999957 ) ) ;
#2004 = DIRECTION ( 'NONE',  ( 0.9999999999999998890, 1.075145480768661804E-08, 0.000000000000000000 ) ) ;
#2005 = DIRECTION ( 'NONE',  ( 0.000000000000000000, -1.000000000000000000, 0.000000000000000000 ) ) ;
#2006 = ORIENTED_EDGE ( 'NONE', *, *, #2094, .F. ) ;
#2007 = LINE ( 'NONE', #3420, #3097 ) ;
#2008 = ORIENTED_EDGE ( 'NONE', *, *, #3004, .T. ) ;
#2009 = DIRECTION ( 'NONE',  ( 1.000000000000000000, 0.000000000000000000, 0.000000000000000000 ) ) ;
#2010 = EDGE_CURVE ( 'NONE', #1568, #3944, #1680, .T. ) ;
#2011 = LINE ( 'NONE', #3697, #27 ) ;
#2012 = DIRECTION ( 'NONE',  ( 0.000000000000000000, 0.000000000000000000, 1.000000000000000000 ) ) ;
#2013 = VERTEX_POINT ( 'NONE', #2374 ) ;
#2014 = ORIENTED_EDGE ( 'NONE', *, *, #1302, .F. ) ;
#2015 = VECTOR ( 'NONE', #129, 1000.000000000000000 ) ;
#2016 = CARTESIAN_POINT ( 'NONE',  ( -36.74999998103489673, -45.54999975406040846, 23.50999999999999801 ) ) ;
#2017 = EDGE_LOOP ( 'NONE', ( #813, #3556, #3304, #2961, #2091, #4519 ) ) ;
#2018 = PLANE ( 'NONE',  #1683 ) ;
#2019 = LINE ( 'NONE', #4458, #770 ) ;
#2020 = DIRECTION ( 'NONE',  ( 0.000000000000000000, 0.000000000000000000, -1.000000000000000000 ) ) ;
#2021 = VERTEX_POINT ( 'NONE', #3782 ) ;
#2022 = DIRECTION ( 'NONE',  ( 1.000000000000000000, 0.000000000000000000, 0.000000000000000000 ) ) ;
#2023 = ORIENTED_EDGE ( 'NONE', *, *, #4216, .F. ) ;
#2024 = CARTESIAN_POINT ( 'NONE',  ( -10.75000025116536051, -36.67314613750259866, 25.51000000000000156 ) ) ;
#2025 = DIRECTION ( 'NONE',  ( -0.7020337656680987193, 0.08454934572109017166, -0.7071067811865506814 ) ) ;
#2026 = AXIS2_PLACEMENT_3D ( 'NONE', #3563, #2826, #386 ) ;
#2027 = VERTEX_POINT ( 'NONE', #617 ) ;
#2028 = DIRECTION ( 'NONE',  ( 1.000000000000000000, 0.000000000000000000, 0.000000000000000000 ) ) ;
#2029 = CONICAL_SURFACE ( 'NONE', #1357, 3.124999999999999112, 0.7853981633974419507 ) ;
#2030 = VERTEX_POINT ( 'NONE', #985 ) ;
#2031 = CARTESIAN_POINT ( 'NONE',  ( 0.000000000000000000, 0.000000000000000000, 25.51000000000000156 ) ) ;
#2032 = AXIS2_PLACEMENT_3D ( 'NONE', #2267, #3288, #3329 ) ;
#2033 = DIRECTION ( 'NONE',  ( 0.000000000000000000, 0.000000000000000000, -1.000000000000000000 ) ) ;
#2034 = LINE ( 'NONE', #647, #1444 ) ;
#2035 = VECTOR ( 'NONE', #3437, 1000.000000000000000 ) ;
#2036 = ORIENTED_EDGE ( 'NONE', *, *, #77, .F. ) ;
#2037 = CARTESIAN_POINT ( 'NONE',  ( -50.92487075201550084, -24.09990306851174680, 31.89499999999999957 ) ) ;
#2038 = ORIENTED_EDGE ( 'NONE', *, *, #1748, .T. ) ;
#2039 = FACE_OUTER_BOUND ( 'NONE', #1484, .T. ) ;
#2040 = CARTESIAN_POINT ( 'NONE',  ( -9.826970597190046064, -32.77051730475896107, 28.58868832063276599 ) ) ;
#2041 = CONICAL_SURFACE ( 'NONE', #3152, 0.5000000000000004441, 0.7853981633974419507 ) ;
#2042 = EDGE_CURVE ( 'NONE', #1952, #3751, #2729, .T. ) ;
#2043 = EDGE_CURVE ( 'NONE', #2987, #1440, #1721, .T. ) ;
#2044 = EDGE_CURVE ( 'NONE', #1960, #3453, #2399, .T. ) ;
#2045 = VECTOR ( 'NONE', #4427, 1000.000000000000114 ) ;
#2046 = CARTESIAN_POINT ( 'NONE',  ( -9.000000251165358733, -36.00000053661074872, 26.50999999999999801 ) ) ;
#2047 = VERTEX_POINT ( 'NONE', #2056 ) ;
#2048 = DIRECTION ( 'NONE',  ( 0.000000000000000000, 0.000000000000000000, -1.000000000000000000 ) ) ;
#2049 = ORIENTED_EDGE ( 'NONE', *, *, #1412, .F. ) ;
#2050 = FACE_OUTER_BOUND ( 'NONE', #2535, .T. ) ;
#2051 = CARTESIAN_POINT ( 'NONE',  ( -8.266088396216058953, -37.25000053661077004, 25.93547513905395263 ) ) ;
#2052 = CIRCLE ( 'NONE', #2714, 0.5000000000000004441 ) ;
#2053 = CARTESIAN_POINT ( 'NONE',  ( -51.42123736512790089, -24.03973509208439907, -46.06930726875629745 ) ) ;
#2054 = CIRCLE ( 'NONE', #3087, 24.60000000000000142 ) ;
#2055 = ORIENTED_EDGE ( 'NONE', *, *, #1698, .F. ) ;
#2056 = CARTESIAN_POINT ( 'NONE',  ( -36.74999998103489673, -8.450000245939598642, 32.39500000000000313 ) ) ;
#2057 = ORIENTED_EDGE ( 'NONE', *, *, #2233, .F. ) ;
#2058 = DIRECTION ( 'NONE',  ( 0.000000000000000000, 0.000000000000000000, -1.000000000000000000 ) ) ;
#2059 = VECTOR ( 'NONE', #745, 1000.000000000000114 ) ;
#2060 = VECTOR ( 'NONE', #2913, 1000.000000000000114 ) ;
#2061 = FACE_OUTER_BOUND ( 'NONE', #1332, .T. ) ;
#2062 = LINE ( 'NONE', #1685, #1668 ) ;
#2063 = ORIENTED_EDGE ( 'NONE', *, *, #1160, .T. ) ;
#2064 = DIRECTION ( 'NONE',  ( -1.000000000000000000, 0.000000000000000000, 0.000000000000000000 ) ) ;
#2065 = ORIENTED_EDGE ( 'NONE', *, *, #4495, .T. ) ;
#2066 = CARTESIAN_POINT ( 'NONE',  ( -36.25000001167654773, -42.59999974868470218, 32.39500000000000313 ) ) ;
#2067 = LINE ( 'NONE', #1711, #1285 ) ;
#2068 = FACE_OUTER_BOUND ( 'NONE', #2367, .T. ) ;
#2069 = EDGE_LOOP ( 'NONE', ( #2361, #3508, #1462, #2843 ) ) ;
#2070 = CARTESIAN_POINT ( 'NONE',  ( -17.35269212046414822, -48.70979522388140026, 26.39499999999999957 ) ) ;
#2071 = ORIENTED_EDGE ( 'NONE', *, *, #3040, .F. ) ;
#2072 = FACE_OUTER_BOUND ( 'NONE', #2783, .T. ) ;
#2073 = DIRECTION ( 'NONE',  ( 1.000000000000000000, 0.000000000000000000, 0.000000000000000000 ) ) ;
#2074 = VERTEX_POINT ( 'NONE', #1007 ) ;
#2075 = DIRECTION ( 'NONE',  ( 1.000000000000000000, 0.000000000000000000, 0.000000000000000000 ) ) ;
#2076 = EDGE_LOOP ( 'NONE', ( #1206, #4350, #2083, #3770 ) ) ;
#2077 = CARTESIAN_POINT ( 'NONE',  ( -36.74999998103489673, -45.54999975406040846, 23.50999999999999801 ) ) ;
#2078 = EDGE_LOOP ( 'NONE', ( #3159, #3875, #1378, #930, #1859, #2869, #1027 ) ) ;
#2079 = DIRECTION ( 'NONE',  ( 0.000000000000000000, -1.000000000000000000, 0.000000000000000000 ) ) ;
#2080 = DIRECTION ( 'NONE',  ( 0.000000000000000000, 0.000000000000000000, -1.000000000000000000 ) ) ;
#2081 = EDGE_CURVE ( 'NONE', #3231, #3031, #3540, .T. ) ;
#2082 = ADVANCED_FACE ( 'NONE', ( #4520 ), #2423, .F. ) ;
#2083 = ORIENTED_EDGE ( 'NONE', *, *, #1590, .F. ) ;
#2084 = CARTESIAN_POINT ( 'NONE',  ( -5.285500236650880979, -26.12500053661069899, 23.50999999999999801 ) ) ;
#2085 = PLANE ( 'NONE',  #3440 ) ;
#2086 = VECTOR ( 'NONE', #1581, 1000.000000000000000 ) ;
#2087 = LINE ( 'NONE', #583, #121 ) ;
#2088 = DIRECTION ( 'NONE',  ( 0.000000000000000000, 0.000000000000000000, -1.000000000000000000 ) ) ;
#2089 = ORIENTED_EDGE ( 'NONE', *, *, #4075, .T. ) ;
#2090 = CARTESIAN_POINT ( 'NONE',  ( -13.00000000000017941, -45.83605253231170451, 26.39499999999999957 ) ) ;
#2091 = ORIENTED_EDGE ( 'NONE', *, *, #1403, .T. ) ;
#2092 = FACE_OUTER_BOUND ( 'NONE', #676, .T. ) ;
#2093 = EDGE_CURVE ( 'NONE', #3705, #626, #1368, .T. ) ;
#2094 = EDGE_CURVE ( 'NONE', #878, #4077, #3360, .T. ) ;
#2095 = EDGE_LOOP ( 'NONE', ( #2214, #902, #775, #1592 ) ) ;
#2096 = CARTESIAN_POINT ( 'NONE',  ( -9.701486571343650667, -32.50587448758145115, 27.92102733061420139 ) ) ;
#2097 = ORIENTED_EDGE ( 'NONE', *, *, #803, .F. ) ;
#2098 = AXIS2_PLACEMENT_3D ( 'NONE', #4110, #3787, #3717 ) ;
#2099 = ADVANCED_FACE ( 'NONE', ( #749 ), #1817, .F. ) ;
#2100 = FACE_OUTER_BOUND ( 'NONE', #1944, .T. ) ;
#2101 = EDGE_CURVE ( 'NONE', #2658, #3653, #182, .T. ) ;
#2102 = AXIS2_PLACEMENT_3D ( 'NONE', #2540, #1918, #807 ) ;
#2103 = ADVANCED_FACE ( 'NONE', ( #3920 ), #1503, .T. ) ;
#2104 = ORIENTED_EDGE ( 'NONE', *, *, #3027, .F. ) ;
#2105 = DIRECTION ( 'NONE',  ( 0.000000000000000000, 0.000000000000000000, -1.000000000000000000 ) ) ;
#2106 = EDGE_CURVE ( 'NONE', #3934, #1034, #3559, .T. ) ;
#2107 = LINE ( 'NONE', #1316, #3000 ) ;
#2108 = AXIS2_PLACEMENT_3D ( 'NONE', #628, #3753, #581 ) ;
#2109 = UNCERTAINTY_MEASURE_WITH_UNIT (LENGTH_MEASURE( 1.000000000000000082E-05 ), #3924, 'distance_accuracy_value', 'NONE');
#2110 = ORIENTED_EDGE ( 'NONE', *, *, #3243, .T. ) ;
#2111 = DIRECTION ( 'NONE',  ( 1.000000000000000000, 0.000000000000000000, 0.000000000000000000 ) ) ;
#2112 = LINE ( 'NONE', #3244, #473 ) ;
#2113 = CARTESIAN_POINT ( 'NONE',  ( -16.12500000000000000, -45.83605253231170451, 26.39499999999999957 ) ) ;
#2114 = AXIS2_PLACEMENT_3D ( 'NONE', #81, #2845, #3282 ) ;
#2115 = VERTEX_POINT ( 'NONE', #2515 ) ;
#2116 = CARTESIAN_POINT ( 'NONE',  ( -37.25000001490199963, -44.44999975943615311, 23.50999999999999801 ) ) ;
#2117 = EDGE_LOOP ( 'NONE', ( #1337, #686, #316, #867 ) ) ;
#2118 = DIRECTION ( 'NONE',  ( 0.000000000000000000, 0.000000000000000000, 1.000000000000000000 ) ) ;
#2119 = ORIENTED_EDGE ( 'NONE', *, *, #912, .F. ) ;
#2120 = VECTOR ( 'NONE', #1657, 1000.000000000000114 ) ;
#2121 = ORIENTED_EDGE ( 'NONE', *, *, #3063, .T. ) ;
#2122 = CARTESIAN_POINT ( 'NONE',  ( -9.214500236650879472, -32.87500053661069899, 28.89499999999999957 ) ) ;
#2123 = ORIENTED_EDGE ( 'NONE', *, *, #3584, .T. ) ;
#2124 = VECTOR ( 'NONE', #2298, 1000.000000000000000 ) ;
#2125 = DIRECTION ( 'NONE',  ( -1.000000000000000000, 0.000000000000000000, 0.000000000000000000 ) ) ;
#2126 = VECTOR ( 'NONE', #2138, 1000.000000000000114 ) ;
#2127 = VERTEX_POINT ( 'NONE', #1049 ) ;
#2128 = LINE ( 'NONE', #3906, #2984 ) ;
#2129 = AXIS2_PLACEMENT_3D ( 'NONE', #2168, #1798, #1824 ) ;
#2130 = CARTESIAN_POINT ( 'NONE',  ( -5.785500168379100749, -25.12500053661070254, 23.50999999999999801 ) ) ;
#2131 = EDGE_CURVE ( 'NONE', #4243, #87, #3202, .T. ) ;
#2132 = AXIS2_PLACEMENT_3D ( 'NONE', #1622, #3034, #2673 ) ;
#2133 = AXIS2_PLACEMENT_3D ( 'NONE', #593, #4105, #4444 ) ;
#2134 = ORIENTED_EDGE ( 'NONE', *, *, #434, .F. ) ;
#2135 = CARTESIAN_POINT ( 'NONE',  ( -16.12500000000000000, -8.163947467688508652, 23.50999999999999801 ) ) ;
#2136 = CARTESIAN_POINT ( 'NONE',  ( -50.92487062729449576, -29.90009702502035083, 26.39499999999999957 ) ) ;
#2137 = LINE ( 'NONE', #3552, #2338 ) ;
#2138 = DIRECTION ( 'NONE',  ( 0.9999999999999998890, -1.075146298205147952E-08, 0.000000000000000000 ) ) ;
#2139 = ORIENTED_EDGE ( 'NONE', *, *, #741, .F. ) ;
#2140 = CARTESIAN_POINT ( 'NONE',  ( -36.74999998103489673, -8.450000245939598642, 23.50999999999999801 ) ) ;
#2141 = ORIENTED_EDGE ( 'NONE', *, *, #3151, .T. ) ;
#2142 = CARTESIAN_POINT ( 'NONE',  ( -36.74999998103489673, -45.54999975406040846, 23.50999999999999801 ) ) ;
#2143 = EDGE_CURVE ( 'NONE', #587, #3516, #2822, .T. ) ;
#2144 = EDGE_CURVE ( 'NONE', #587, #3123, #4221, .T. ) ;
#2145 = EDGE_LOOP ( 'NONE', ( #2393, #4181, #4031, #1249 ) ) ;
#2146 = CARTESIAN_POINT ( 'NONE',  ( -9.614333652707570010, -32.68227390174055813, 28.09533316788645152 ) ) ;
#2147 = EDGE_LOOP ( 'NONE', ( #3436, #2369, #4047, #2556, #1156, #3658, #4157, #4191, #31, #3900 ) ) ;
#2148 = CYLINDRICAL_SURFACE ( 'NONE', #1669, 2.000000000000001776 ) ;
#2149 = VERTEX_POINT ( 'NONE', #381 ) ;
#2150 = FACE_OUTER_BOUND ( 'NONE', #307, .T. ) ;
#2151 = CYLINDRICAL_SURFACE ( 'NONE', #2026, 24.60000000000000142 ) ;
#2152 = EDGE_CURVE ( 'NONE', #378, #4521, #1793, .T. ) ;
#2153 = CARTESIAN_POINT ( 'NONE',  ( -22.24999998103490384, -6.600000401835780295, 23.50999999999999801 ) ) ;
#2154 = ORIENTED_EDGE ( 'NONE', *, *, #1113, .T. ) ;
#2155 = CARTESIAN_POINT ( 'NONE',  ( -4.785500236650880090, -27.87500053661070254, 32.39500000000000313 ) ) ;
#2156 = PLANE ( 'NONE',  #1955 ) ;
#2157 = CARTESIAN_POINT ( 'NONE',  ( -10.27572932354629209, -37.25000053661075583, 25.60079435776118828 ) ) ;
#2158 = FACE_BOUND ( 'NONE', #970, .T. ) ;
#2159 = EDGE_CURVE ( 'NONE', #3944, #1029, #918, .T. ) ;
#2160 = ORIENTED_EDGE ( 'NONE', *, *, #59, .T. ) ;
#2161 = FACE_BOUND ( 'NONE', #603, .T. ) ;
#2162 = FACE_OUTER_BOUND ( 'NONE', #214, .T. ) ;
#2163 = VERTEX_POINT ( 'NONE', #4282 ) ;
#2164 = CARTESIAN_POINT ( 'NONE',  ( -9.651393434469390797, -32.62681001800509506, 28.02121360436325048 ) ) ;
#2165 = VERTEX_POINT ( 'NONE', #1115 ) ;
#2166 = CARTESIAN_POINT ( 'NONE',  ( -43.50000011650329412, -19.00000017336725122, 23.50999999999999801 ) ) ;
#2167 = ORIENTED_EDGE ( 'NONE', *, *, #2543, .T. ) ;
#2168 = CARTESIAN_POINT ( 'NONE',  ( -36.75000001167654773, -42.09999975406040562, 23.50999999999999801 ) ) ;
#2169 = CARTESIAN_POINT ( 'NONE',  ( -9.000000251165358733, -36.00000053661074872, 32.39500000000000313 ) ) ;
#2170 = LINE ( 'NONE', #387, #2331 ) ;
#2171 = VECTOR ( 'NONE', #1966, 999.9999999999998863 ) ;
#2172 = VERTEX_POINT ( 'NONE', #1555 ) ;
#2173 = DIRECTION ( 'NONE',  ( 0.000000000000000000, 0.000000000000000000, -1.000000000000000000 ) ) ;
#2174 = VECTOR ( 'NONE', #2957, 999.9999999999998863 ) ;
#2175 = CARTESIAN_POINT ( 'NONE',  ( -9.289608677614229038, -34.75000053661074872, 26.11042640710906326 ) ) ;
#2176 = AXIS2_PLACEMENT_3D ( 'NONE', #853, #3634, #873 ) ;
#2177 = CARTESIAN_POINT ( 'NONE',  ( -10.12036210396316527, -21.41073162508361349, 28.44207028819130301 ) ) ;
#2178 = VERTEX_POINT ( 'NONE', #1536 ) ;
#2179 = LINE ( 'NONE', #2140, #2273 ) ;
#2180 = CYLINDRICAL_SURFACE ( 'NONE', #4015, 3.125000000000002665 ) ;
#2181 = CIRCLE ( 'NONE', #1963, 24.10000000000000142 ) ;
#2182 = ADVANCED_FACE ( 'NONE', ( #191 ), #2659, .F. ) ;
#2183 = EDGE_CURVE ( 'NONE', #2702, #2950, #884, .T. ) ;
#2184 = EDGE_CURVE ( 'NONE', #1932, #3319, #3661, .T. ) ;
#2185 = VECTOR ( 'NONE', #3732, 1000.000000000000114 ) ;
#2186 = ORIENTED_EDGE ( 'NONE', *, *, #255, .T. ) ;
#2187 = CARTESIAN_POINT ( 'NONE',  ( -7.250000251165360510, -35.55897410844022488, 25.59333333333334437 ) ) ;
#2188 = ORIENTED_EDGE ( 'NONE', *, *, #3927, .T. ) ;
#2189 = DIRECTION ( 'NONE',  ( 1.000000000000000000, 0.000000000000000000, 0.000000000000000000 ) ) ;
#2190 = CIRCLE ( 'NONE', #3662, 1.875000000000000000 ) ;
#2191 = CIRCLE ( 'NONE', #4033, 0.4999999999999995559 ) ;
#2192 = ORIENTED_EDGE ( 'NONE', *, *, #3960, .F. ) ;
#2193 = LINE ( 'NONE', #405, #1530 ) ;
#2194 = DIRECTION ( 'NONE',  ( -1.000000000000000000, 0.000000000000000000, 0.000000000000000000 ) ) ;
#2195 = DIRECTION ( 'NONE',  ( -1.000000000000000000, 0.000000000000000000, 0.000000000000000000 ) ) ;
#2196 = VECTOR ( 'NONE', #4493, 1000.000000000000000 ) ;
#2197 = VECTOR ( 'NONE', #4234, 1000.000000000000000 ) ;
#2198 = VECTOR ( 'NONE', #68, 1000.000000000000000 ) ;
#2199 = ORIENTED_EDGE ( 'NONE', *, *, #1252, .T. ) ;
#2200 = LINE ( 'NONE', #66, #756 ) ;
#2201 = CARTESIAN_POINT ( 'NONE',  ( -51.60000000000000142, -26.99999953231175098, -46.06930726875629745 ) ) ;
#2202 = AXIS2_PLACEMENT_3D ( 'NONE', #3991, #1188, #1917 ) ;
#2203 = CARTESIAN_POINT ( 'NONE',  ( -9.585039949184437802, -21.16059037101661389, 28.70973012416475711 ) ) ;
#2204 = ORIENTED_EDGE ( 'NONE', *, *, #2447, .F. ) ;
#2205 = LINE ( 'NONE', #2271, #2500 ) ;
#2206 = CARTESIAN_POINT ( 'NONE',  ( -9.462538996846445727, -32.85957379882434992, 28.77076050690420672 ) ) ;
#2207 = EDGE_CURVE ( 'NONE', #3056, #819, #701, .T. ) ;
#2208 = CARTESIAN_POINT ( 'NONE',  ( -36.75000001167654773, -9.550000245939591181, 23.50999999999999801 ) ) ;
#2209 = ORIENTED_EDGE ( 'NONE', *, *, #2581, .F. ) ;
#2210 = CARTESIAN_POINT ( 'NONE',  ( -37.25000000307539949, -8.450000240563859677, 32.39500000000000313 ) ) ;
#2211 = ORIENTED_EDGE ( 'NONE', *, *, #1767, .F. ) ;
#2212 = DIRECTION ( 'NONE',  ( -1.000000000000000000, 0.000000000000000000, 0.000000000000000000 ) ) ;
#2213 = DIRECTION ( 'NONE',  ( 0.000000000000000000, 0.000000000000000000, 1.000000000000000000 ) ) ;
#2214 = ORIENTED_EDGE ( 'NONE', *, *, #116, .T. ) ;
#2215 = DIRECTION ( 'NONE',  ( 0.000000000000000000, 0.000000000000000000, 1.000000000000000000 ) ) ;
#2216 = CARTESIAN_POINT ( 'NONE',  ( -13.71450016837912145, -21.62500053661070254, 28.89499999999999957 ) ) ;
#2217 = FACE_OUTER_BOUND ( 'NONE', #896, .T. ) ;
#2218 = ORIENTED_EDGE ( 'NONE', *, *, #595, .T. ) ;
#2219 = LINE ( 'NONE', #4383, #2429 ) ;
#2220 = EDGE_CURVE ( 'NONE', #1290, #2172, #4396, .T. ) ;
#2221 = PLANE ( 'NONE',  #2916 ) ;
#2222 = EDGE_CURVE ( 'NONE', #3438, #1048, #2585, .T. ) ;
#2223 = CARTESIAN_POINT ( 'NONE',  ( -9.932387384241117445, -21.27683755650499720, 28.53605619891914458 ) ) ;
#2224 = ORIENTED_EDGE ( 'NONE', *, *, #2081, .T. ) ;
#2225 = DIRECTION ( 'NONE',  ( -0.3420201433256694901, 0.000000000000000000, -0.9396926207859080948 ) ) ;
#2226 = FACE_OUTER_BOUND ( 'NONE', #2928, .T. ) ;
#2227 = DIRECTION ( 'NONE',  ( 0.000000000000000000, -1.000000000000000000, 0.000000000000000000 ) ) ;
#2228 = ORIENTED_EDGE ( 'NONE', *, *, #975, .F. ) ;
#2229 = DIRECTION ( 'NONE',  ( -1.000000000000000000, 0.000000000000000000, 0.000000000000000000 ) ) ;
#2230 = VERTEX_POINT ( 'NONE', #818 ) ;
#2231 = EDGE_CURVE ( 'NONE', #2881, #2749, #2951, .T. ) ;
#2232 = CARTESIAN_POINT ( 'NONE',  ( -9.739566944274837823, -21.53536380414172413, 28.36993329237581563 ) ) ;
#2233 = EDGE_CURVE ( 'NONE', #4573, #207, #4420, .T. ) ;
#2234 = VECTOR ( 'NONE', #636, 1000.000000000000000 ) ;
#2235 = CARTESIAN_POINT ( 'NONE',  ( -12.22571662411993998, -46.66927889707749699, 26.39499999999999957 ) ) ;
#2236 = EDGE_LOOP ( 'NONE', ( #1321, #4318, #3188, #3519, #2487, #4051, #752, #1084, #158, #3091, #3278, #363, #2407, #374, #3190, #631 ) ) ;
#2237 = DIRECTION ( 'NONE',  ( 1.000000000000000000, 0.000000000000000000, 0.000000000000000000 ) ) ;
#2238 = CARTESIAN_POINT ( 'NONE',  ( -13.00000000000000000, -8.163947467688508652, 26.39499999999999957 ) ) ;
#2239 = CARTESIAN_POINT ( 'NONE',  ( -5.785500236650880090, -28.37500053661070254, 23.50999999999999801 ) ) ;
#2240 = EDGE_CURVE ( 'NONE', #2838, #2836, #1880, .T. ) ;
#2241 = EDGE_CURVE ( 'NONE', #2823, #3453, #1205, .T. ) ;
#2242 = EDGE_CURVE ( 'NONE', #2465, #2672, #2607, .T. ) ;
#2243 = EDGE_LOOP ( 'NONE', ( #325, #101, #4490, #2167 ) ) ;
#2244 = CARTESIAN_POINT ( 'NONE',  ( -48.00000011650330123, -19.00000013573709978, 23.50999999999999801 ) ) ;
#2245 = DIRECTION ( 'NONE',  ( -0.9396926207859080948, 0.000000000000000000, 0.3420201433256695456 ) ) ;
#2246 = VECTOR ( 'NONE', #1053, 1000.000000000000000 ) ;
#2247 = AXIS2_PLACEMENT_3D ( 'NONE', #746, #3249, #3533 ) ;
#2248 = DIRECTION ( 'NONE',  ( 1.000000000000000000, 0.000000000000000000, 0.000000000000000000 ) ) ;
#2249 = ORIENTED_EDGE ( 'NONE', *, *, #3549, .T. ) ;
#2250 = CARTESIAN_POINT ( 'NONE',  ( -46.00000028852669942, -35.00000013573709623, 23.50999999999999801 ) ) ;
#2251 = FACE_BOUND ( 'NONE', #2236, .T. ) ;
#2252 = DIRECTION ( 'NONE',  ( 0.000000000000000000, 0.000000000000000000, 1.000000000000000000 ) ) ;
#2253 = ORIENTED_EDGE ( 'NONE', *, *, #2814, .F. ) ;
#2254 = DIRECTION ( 'NONE',  ( -1.000000000000000000, 0.000000000000000000, 0.000000000000000000 ) ) ;
#2255 = ORIENTED_EDGE ( 'NONE', *, *, #832, .F. ) ;
#2256 = CARTESIAN_POINT ( 'NONE',  ( -9.614333652707710343, -21.31772717148099616, 28.09533316788620283 ) ) ;
#2257 = VECTOR ( 'NONE', #1183, 1000.000000000000000 ) ;
#2258 = DIRECTION ( 'NONE',  ( 1.000000000000000000, 0.000000000000000000, 0.000000000000000000 ) ) ;
#2259 = ORIENTED_EDGE ( 'NONE', *, *, #3048, .T. ) ;
#2260 = CARTESIAN_POINT ( 'NONE',  ( -36.75000001167654773, -9.550000245939591181, 23.50999999999999801 ) ) ;
#2261 = AXIS2_PLACEMENT_3D ( 'NONE', #780, #430, #1848 ) ;
#2262 = LINE ( 'NONE', #1171, #2690 ) ;
#2263 = CARTESIAN_POINT ( 'NONE',  ( -9.352639571004699448, -21.14428281821407651, 28.61906308448542902 ) ) ;
#2264 = VECTOR ( 'NONE', #4108, 1000.000000000000000 ) ;
#2265 = DIRECTION ( 'NONE',  ( -0.4242388570908811052, 0.5657043327872059990, 0.7071067811865510144 ) ) ;
#2266 = EDGE_CURVE ( 'NONE', #2576, #4499, #862, .T. ) ;
#2267 = CARTESIAN_POINT ( 'NONE',  ( -37.25000001490199963, -44.44999975943615311, 23.50999999999999801 ) ) ;
#2268 = CIRCLE ( 'NONE', #126, 3.124999999999999112 ) ;
#2269 = CARTESIAN_POINT ( 'NONE',  ( -10.01396652636116968, -21.32419919141499065, 28.49522335772989479 ) ) ;
#2270 = ORIENTED_EDGE ( 'NONE', *, *, #1796, .T. ) ;
#2271 = CARTESIAN_POINT ( 'NONE',  ( -17.04912285973840014, -49.16959405453259535, -46.06930726875629745 ) ) ;
#2272 = CARTESIAN_POINT ( 'NONE',  ( -9.370515319455982706, -32.86983745054926231, 28.81674898727745315 ) ) ;
#2273 = VECTOR ( 'NONE', #3595, 1000.000000000000000 ) ;
#2274 = AXIS2_PLACEMENT_3D ( 'NONE', #1079, #2905, #1447 ) ;
#2275 = DIRECTION ( 'NONE',  ( 1.000000000000000000, 0.000000000000000000, 0.000000000000000000 ) ) ;
#2276 = AXIS2_PLACEMENT_3D ( 'NONE', #253, #210, #3085 ) ;
#2277 = ORIENTED_EDGE ( 'NONE', *, *, #643, .T. ) ;
#2278 = FACE_OUTER_BOUND ( 'NONE', #2983, .T. ) ;
#2279 = VERTEX_POINT ( 'NONE', #1912 ) ;
#2280 = ADVANCED_FACE ( 'NONE', ( #3320 ), #3706, .T. ) ;
#2281 = CARTESIAN_POINT ( 'NONE',  ( -9.718119206147440181, -21.18810734018154918, 28.64319051525144744 ) ) ;
#2282 = EDGE_CURVE ( 'NONE', #3074, #2178, #107, .T. ) ;
#2283 = DIRECTION ( 'NONE',  ( 1.000000000000000000, 0.000000000000000000, 0.000000000000000000 ) ) ;
#2284 = VERTEX_POINT ( 'NONE', #146 ) ;
#2285 = DIRECTION ( 'NONE',  ( 0.000000000000000000, 0.000000000000000000, -1.000000000000000000 ) ) ;
#2286 = CARTESIAN_POINT ( 'NONE',  ( -36.74999998103489673, -8.450000245939598642, 23.50999999999999801 ) ) ;
#2287 = PLANE ( 'NONE',  #2314 ) ;
#2288 = CYLINDRICAL_SURFACE ( 'NONE', #2176, 0.5000000000000004441 ) ;
#2289 = ADVANCED_FACE ( 'NONE', ( #2278 ), #535, .F. ) ;
#2290 = LINE ( 'NONE', #2502, #4316 ) ;
#2291 = EDGE_CURVE ( 'NONE', #3153, #4471, #1289, .T. ) ;
#2292 = DIRECTION ( 'NONE',  ( -1.000000000000000000, 0.000000000000000000, 0.000000000000000000 ) ) ;
#2293 = VERTEX_POINT ( 'NONE', #2210 ) ;
#2294 = CARTESIAN_POINT ( 'NONE',  ( -16.12500000000000000, -8.163947467688508652, 31.89499999999999957 ) ) ;
#2295 = CARTESIAN_POINT ( 'NONE',  ( -13.71450016837912145, -32.37500053661069899, 28.39499999999999957 ) ) ;
#2296 = EDGE_CURVE ( 'NONE', #2883, #4377, #1734, .T. ) ;
#2297 = CARTESIAN_POINT ( 'NONE',  ( -6.285500168379109631, -23.32499953231175027, 25.10999999999999943 ) ) ;
#2298 = DIRECTION ( 'NONE',  ( 0.000000000000000000, 0.000000000000000000, 1.000000000000000000 ) ) ;
#2299 = ORIENTED_EDGE ( 'NONE', *, *, #2909, .F. ) ;
#2300 = CARTESIAN_POINT ( 'NONE',  ( -7.250000251165360510, -37.25000053661074872, 23.50999999999999801 ) ) ;
#2301 = EDGE_CURVE ( 'NONE', #2688, #585, #3949, .T. ) ;
#2302 = EDGE_LOOP ( 'NONE', ( #339, #2510, #1773, #449 ) ) ;
#2303 = LINE ( 'NONE', #193, #785 ) ;
#2304 = LINE ( 'NONE', #3344, #4226 ) ;
#2305 = ORIENTED_EDGE ( 'NONE', *, *, #4406, .T. ) ;
#2306 = DIRECTION ( 'NONE',  ( 0.000000000000000000, 0.000000000000000000, -1.000000000000000000 ) ) ;
#2307 = LINE ( 'NONE', #3696, #265 ) ;
#2308 = VECTOR ( 'NONE', #3323, 1000.000000000000000 ) ;
#2309 = CARTESIAN_POINT ( 'NONE',  ( -12.50000000000015987, -45.83605253231170451, 32.39500000000000313 ) ) ;
#2310 = DIRECTION ( 'NONE',  ( 0.000000000000000000, 0.000000000000000000, 1.000000000000000000 ) ) ;
#2311 = DIRECTION ( 'NONE',  ( -1.000000000000000000, 0.000000000000000000, 0.000000000000000000 ) ) ;
#2312 = ORIENTED_EDGE ( 'NONE', *, *, #1131, .F. ) ;
#2313 = DIRECTION ( 'NONE',  ( -1.000000000000000000, 0.000000000000000000, 0.000000000000000000 ) ) ;
#2314 = AXIS2_PLACEMENT_3D ( 'NONE', #1940, #4083, #3477 ) ;
#2315 = CYLINDRICAL_SURFACE ( 'NONE', #3948, 0.5000000000000004441 ) ;
#2316 = AXIS2_PLACEMENT_3D ( 'NONE', #4298, #3867, #3896 ) ;
#2317 = DIRECTION ( 'NONE',  ( 0.000000000000000000, 0.000000000000000000, -1.000000000000000000 ) ) ;
#2318 = ORIENTED_EDGE ( 'NONE', *, *, #495, .F. ) ;
#2319 = LINE ( 'NONE', #2392, #2481 ) ;
#2320 = ORIENTED_EDGE ( 'NONE', *, *, #245, .T. ) ;
#2321 = AXIS2_PLACEMENT_3D ( 'NONE', #996, #2412, #3818 ) ;
#2322 = EDGE_CURVE ( 'NONE', #4077, #678, #306, .T. ) ;
#2323 = EDGE_CURVE ( 'NONE', #3012, #3581, #1347, .T. ) ;
#2324 = VECTOR ( 'NONE', #4385, 1000.000000000000114 ) ;
#2325 =( NAMED_UNIT ( * ) PLANE_ANGLE_UNIT ( ) SI_UNIT ( $, .RADIAN. ) );
#2326 = ORIENTED_EDGE ( 'NONE', *, *, #3042, .F. ) ;
#2327 = DIRECTION ( 'NONE',  ( 0.000000000000000000, 0.000000000000000000, 1.000000000000000000 ) ) ;
#2328 = ORIENTED_EDGE ( 'NONE', *, *, #1891, .F. ) ;
#2329 = CARTESIAN_POINT ( 'NONE',  ( -19.25000000000000000, -45.83605253231170451, 31.89499999999999957 ) ) ;
#2330 = AXIS2_PLACEMENT_3D ( 'NONE', #4512, #1715, #1248 ) ;
#2331 = VECTOR ( 'NONE', #3585, 1000.000000000000000 ) ;
#2332 = CARTESIAN_POINT ( 'NONE',  ( -13.71450016837912145, -23.12500053661069899, 28.89499999999999957 ) ) ;
#2333 = DIRECTION ( 'NONE',  ( 0.000000000000000000, 0.000000000000000000, 1.000000000000000000 ) ) ;
#2334 = ORIENTED_EDGE ( 'NONE', *, *, #60, .T. ) ;
#2335 = AXIS2_PLACEMENT_3D ( 'NONE', #2031, #3446, #3124 ) ;
#2336 = ORIENTED_EDGE ( 'NONE', *, *, #3470, .F. ) ;
#2337 = LINE ( 'NONE', #2016, #4564 ) ;
#2338 = VECTOR ( 'NONE', #2004, 1000.000000000000114 ) ;
#2339 = ORIENTED_EDGE ( 'NONE', *, *, #3397, .T. ) ;
#2340 = CARTESIAN_POINT ( 'NONE',  ( -24.00000033153250101, -38.25000032926340054, 23.50999999999999801 ) ) ;
#2341 = CARTESIAN_POINT ( 'NONE',  ( -6.785500236650880090, -32.87500053661069899, 25.10999999999999943 ) ) ;
#2342 = CIRCLE ( 'NONE', #3607, 24.60000000000000142 ) ;
#2343 = CARTESIAN_POINT ( 'NONE',  ( -7.250000251165360510, -34.75000053661074872, 25.51000000000000156 ) ) ;
#2344 = ORIENTED_EDGE ( 'NONE', *, *, #3196, .T. ) ;
#2345 = CARTESIAN_POINT ( 'NONE',  ( 0.000000000000000000, -21.62500053661070254, 28.89499999999999957 ) ) ;
#2346 = ORIENTED_EDGE ( 'NONE', *, *, #2867, .T. ) ;
#2347 = AXIS2_PLACEMENT_3D ( 'NONE', #1092, #3572, #394 ) ;
#2348 = DIRECTION ( 'NONE',  ( 0.000000000000000000, 0.000000000000000000, -1.000000000000000000 ) ) ;
#2349 = EDGE_CURVE ( 'NONE', #2279, #69, #2181, .T. ) ;
#2350 = TOROIDAL_SURFACE ( 'NONE', #2938, 1.500000000000000000, 0.5000000000000000000 ) ;
#2351 = DIRECTION ( 'NONE',  ( -1.000000000000000000, 0.000000000000000000, 0.000000000000000000 ) ) ;
#2352 = CONICAL_SURFACE ( 'NONE', #3313, 0.5000000000000004441, 0.7853981633974419507 ) ;
#2353 = LINE ( 'NONE', #1279, #4076 ) ;
#2354 = EDGE_LOOP ( 'NONE', ( #4386, #1492, #4443, #847 ) ) ;
#2355 = PLANE ( 'NONE',  #3755 ) ;
#2356 = ORIENTED_EDGE ( 'NONE', *, *, #801, .T. ) ;
#2357 = CARTESIAN_POINT ( 'NONE',  ( -9.714500236650881249, -21.62500053661070254, 27.89499999999999957 ) ) ;
#2358 = CARTESIAN_POINT ( 'NONE',  ( -4.785500236650880090, -25.62500053661070254, 23.50999999999999801 ) ) ;
#2359 = FACE_OUTER_BOUND ( 'NONE', #3950, .T. ) ;
#2360 = ORIENTED_EDGE ( 'NONE', *, *, #2266, .T. ) ;
#2361 = ORIENTED_EDGE ( 'NONE', *, *, #1161, .F. ) ;
#2362 = CYLINDRICAL_SURFACE ( 'NONE', #1906, 0.5000000000000004441 ) ;
#2363 = ORIENTED_EDGE ( 'NONE', *, *, #2010, .T. ) ;
#2364 = CARTESIAN_POINT ( 'NONE',  ( -50.62488857932370223, -24.49991643837219968, 26.39499999999999957 ) ) ;
#2365 = CARTESIAN_POINT ( 'NONE',  ( -9.715636355426747528, -32.80896438297845918, 28.64433314966787592 ) ) ;
#2366 = CARTESIAN_POINT ( 'NONE',  ( -21.15000000307539807, -8.450000413662390741, 32.39500000000000313 ) ) ;
#2367 = EDGE_LOOP ( 'NONE', ( #3324, #2601, #1391, #3251, #750, #1229, #2224, #1425 ) ) ;
#2368 = CARTESIAN_POINT ( 'NONE',  ( -13.00000000000017941, -45.83605253231170451, 31.89499999999999957 ) ) ;
#2369 = ORIENTED_EDGE ( 'NONE', *, *, #703, .F. ) ;
#2370 = PLANE ( 'NONE',  #3352 ) ;
#2371 = DIRECTION ( 'NONE',  ( 0.000000000000000000, 1.000000000000000000, 0.000000000000000000 ) ) ;
#2372 = CARTESIAN_POINT ( 'NONE',  ( -27.00000000000000000, -26.99999953231175098, 26.39499999999999957 ) ) ;
#2373 = ORIENTED_EDGE ( 'NONE', *, *, #456, .T. ) ;
#2374 = CARTESIAN_POINT ( 'NONE',  ( -51.42487075201550084, -24.09990306851174680, 31.89499999999999957 ) ) ;
#2375 = ORIENTED_EDGE ( 'NONE', *, *, #975, .T. ) ;
#2376 = EDGE_CURVE ( 'NONE', #3200, #1346, #1069, .T. ) ;
#2377 = FACE_OUTER_BOUND ( 'NONE', #1351, .T. ) ;
#2378 = LINE ( 'NONE', #224, #2539 ) ;
#2379 = ADVANCED_BREP_SHAPE_REPRESENTATION ( 'encodercover', ( #1736, #3785 ), #1639 ) ;
#2380 = EDGE_CURVE ( 'NONE', #2639, #951, #901, .T. ) ;
#2381 = DIRECTION ( 'NONE',  ( 1.000000000000000000, 0.000000000000000000, 0.000000000000000000 ) ) ;
#2382 = ADVANCED_FACE ( 'NONE', ( #659 ), #2695, .F. ) ;
#2383 = EDGE_CURVE ( 'NONE', #1673, #1177, #215, .T. ) ;
#2384 = EDGE_LOOP ( 'NONE', ( #320, #1575, #986, #18 ) ) ;
#2385 = PRODUCT_DEFINITION_FORMATION_WITH_SPECIFIED_SOURCE ( 'ANY', '', #1012, .NOT_KNOWN. ) ;
#2386 = CARTESIAN_POINT ( 'NONE',  ( -36.25000001167654773, -11.40000025131531913, 23.50999999999999801 ) ) ;
#2387 = ORIENTED_EDGE ( 'NONE', *, *, #2222, .T. ) ;
#2388 = DIRECTION ( 'NONE',  ( 0.000000000000000000, 0.000000000000000000, -1.000000000000000000 ) ) ;
#2389 = LINE ( 'NONE', #1645, #250 ) ;
#2390 = DIRECTION ( 'NONE',  ( 0.000000000000000000, -1.000000000000000000, 0.000000000000000000 ) ) ;
#2391 = ORIENTED_EDGE ( 'NONE', *, *, #4154, .F. ) ;
#2392 = CARTESIAN_POINT ( 'NONE',  ( -21.74999998103490029, -47.89999959278849673, 23.50999999999999801 ) ) ;
#2393 = ORIENTED_EDGE ( 'NONE', *, *, #4538, .T. ) ;
#2394 = DIRECTION ( 'NONE',  ( 0.000000000000000000, 0.000000000000000000, 1.000000000000000000 ) ) ;
#2395 = CARTESIAN_POINT ( 'NONE',  ( -8.710391824719145859, -37.25000053661074872, 26.11042640710971696 ) ) ;
#2396 = VECTOR ( 'NONE', #1013, 1000.000000000000000 ) ;
#2397 = DIRECTION ( 'NONE',  ( 0.000000000000000000, -1.000000000000000000, 0.000000000000000000 ) ) ;
#2398 = ORIENTED_EDGE ( 'NONE', *, *, #1362, .T. ) ;
#2399 = LINE ( 'NONE', #3805, #947 ) ;
#2400 = VECTOR ( 'NONE', #1528, 1000.000000000000000 ) ;
#2401 = ORIENTED_EDGE ( 'NONE', *, *, #3543, .F. ) ;
#2402 = CARTESIAN_POINT ( 'NONE',  ( -5.785500236650880090, -28.87500053661070254, 23.50999999999999801 ) ) ;
#2403 = AXIS2_PLACEMENT_3D ( 'NONE', #3679, #2982, #1567 ) ;
#2404 = DIRECTION ( 'NONE',  ( 0.000000000000000000, 0.000000000000000000, 1.000000000000000000 ) ) ;
#2405 = FACE_OUTER_BOUND ( 'NONE', #2606, .T. ) ;
#2406 = AXIS2_PLACEMENT_3D ( 'NONE', #1986, #3395, #220 ) ;
#2407 = ORIENTED_EDGE ( 'NONE', *, *, #3002, .F. ) ;
#2408 = LINE ( 'NONE', #3814, #499 ) ;
#2409 = ADVANCED_FACE ( 'NONE', ( #4097 ), #3825, .F. ) ;
#2410 = VERTEX_POINT ( 'NONE', #1978 ) ;
#2411 = DIRECTION ( 'NONE',  ( 0.000000000000000000, 0.000000000000000000, -1.000000000000000000 ) ) ;
#2412 = DIRECTION ( 'NONE',  ( 1.075146174658022085E-08, 1.000000000000000000, 0.000000000000000000 ) ) ;
#2413 = CLOSED_SHELL ( 'NONE', ( #3627, #3399, #7, #2578, #1129, #3858, #1558, #4294, #3263, #455, #2589, #4054, #2103, #3107, #786, #2280, #562, #3683, #2865, #2182, #2730, #4099, #4219, #2777, #1810, #2899, #2289, #1957, #639, #3596, #774, #537, #3454, #4042, #2082, #3743, #507, #3727, #2735, #682, #106, #2649, #3591, #733, #4200, #602, #3786, #1408, #2382, #2753, #2851, #4312, #2638, #2815, #346, #1641, #3869, #4292, #4014, #3603, #1610, #1894, #2439, #2959, #299, #684, #4556, #2409, #1386, #2721, #3259, #3053, #1800, #3645, #942, #3205, #997, #3003, #2960, #1961, #3767, #4218, #319, #1250, #454, #3983, #1123, #4065, #4204, #3729, #4335, #3364, #1990, #2467, #3876, #1259, #105, #1719, #3842, #4424, #2859, #201, #966, #1420, #2448, #3870, #3340, #1336, #1076, #2911, #1068, #601, #599, #1595, #2788, #4548, #3822, #2099, #4491, #322, #1741, #3928, #4402, #3735, #4144, #3493, #1022, #4346, #1067, #527, #143, #2522, #3150, #1612, #90, #1761, #1559, #1754, #1939, #3061, #1268, #1735, #3871 ) ) ;
#2414 = VECTOR ( 'NONE', #1860, 1000.000000000000000 ) ;
#2415 = DIRECTION ( 'NONE',  ( 1.000000000000000000, 0.000000000000000000, 0.000000000000000000 ) ) ;
#2416 = ORIENTED_EDGE ( 'NONE', *, *, #2349, .T. ) ;
#2417 = DIRECTION ( 'NONE',  ( 0.000000000000000000, 0.000000000000000000, 1.000000000000000000 ) ) ;
#2418 = VERTEX_POINT ( 'NONE', #3464 ) ;
#2419 = CARTESIAN_POINT ( 'NONE',  ( -2.399999999999855138, -26.99999953231175098, 31.89499999999999957 ) ) ;
#2420 = CARTESIAN_POINT ( 'NONE',  ( -36.74999998103489673, -45.54999975406040846, 32.39500000000000313 ) ) ;
#2421 = VECTOR ( 'NONE', #2877, 1000.000000000000000 ) ;
#2422 = ORIENTED_EDGE ( 'NONE', *, *, #2761, .F. ) ;
#2423 = PLANE ( 'NONE',  #4120 ) ;
#2424 = EDGE_CURVE ( 'NONE', #2883, #3231, #1001, .T. ) ;
#2425 = ORIENTED_EDGE ( 'NONE', *, *, #3775, .T. ) ;
#2426 = LINE ( 'NONE', #910, #3232 ) ;
#2427 = CARTESIAN_POINT ( 'NONE',  ( -9.714500168379121448, -23.32499953231175027, 25.10999999999999943 ) ) ;
#2428 = EDGE_CURVE ( 'NONE', #4124, #3153, #2677, .T. ) ;
#2429 = VECTOR ( 'NONE', #3633, 1000.000000000000000 ) ;
#2430 = CIRCLE ( 'NONE', #571, 1.000000000000000888 ) ;
#2431 = DIRECTION ( 'NONE',  ( 1.000000000000000000, 0.000000000000000000, 0.000000000000000000 ) ) ;
#2432 = CARTESIAN_POINT ( 'NONE',  ( -43.50000028852669942, -35.00000017336724767, 23.50999999999999801 ) ) ;
#2433 = DIRECTION ( 'NONE',  ( -1.000000000000000000, 0.000000000000000000, 0.000000000000000000 ) ) ;
#2434 = ORIENTED_EDGE ( 'NONE', *, *, #2266, .F. ) ;
#2435 = EDGE_CURVE ( 'NONE', #921, #2688, #2319, .T. ) ;
#2436 = EDGE_LOOP ( 'NONE', ( #3140, #376, #438, #2104 ) ) ;
#2437 = CYLINDRICAL_SURFACE ( 'NONE', #3471, 0.5000000000000004441 ) ;
#2438 = DIRECTION ( 'NONE',  ( 0.000000000000000000, 0.000000000000000000, -1.000000000000000000 ) ) ;
#2439 = ADVANCED_FACE ( 'NONE', ( #632 ), #3136, .F. ) ;
#2440 = DIRECTION ( 'NONE',  ( -1.000000000000000000, 0.000000000000000000, 0.000000000000000000 ) ) ;
#2441 = EDGE_CURVE ( 'NONE', #2576, #594, #550, .T. ) ;
#2442 = VERTEX_POINT ( 'NONE', #3758 ) ;
#2443 = DIRECTION ( 'NONE',  ( 1.075146955435521982E-08, -1.000000000000000000, 0.000000000000000000 ) ) ;
#2444 = ORIENTED_EDGE ( 'NONE', *, *, #113, .F. ) ;
#2445 = DIRECTION ( 'NONE',  ( -1.000000000000000000, 0.000000000000000000, 0.000000000000000000 ) ) ;
#2446 = EDGE_CURVE ( 'NONE', #3081, #2021, #3067, .T. ) ;
#2447 = EDGE_CURVE ( 'NONE', #432, #3375, #4311, .T. ) ;
#2448 = ADVANCED_FACE ( 'NONE', ( #2746, #4074, #4463, #2723, #1672, #4123, #3090, #4489, #4537, #3865, #375, #3894, #2161, #1786 ), #697, .F. ) ;
#2449 = ORIENTED_EDGE ( 'NONE', *, *, #1519, .T. ) ;
#2450 = DIRECTION ( 'NONE',  ( -1.000000000000000000, 0.000000000000000000, 0.000000000000000000 ) ) ;
#2451 = ORIENTED_EDGE ( 'NONE', *, *, #538, .F. ) ;
#2452 = DIRECTION ( 'NONE',  ( 0.3420201433256694901, 4.188538737677000393E-17, -0.9396926207859080948 ) ) ;
#2453 = ORIENTED_EDGE ( 'NONE', *, *, #1419, .T. ) ;
#2454 = DIRECTION ( 'NONE',  ( 1.000000000000000000, 0.000000000000000000, 0.000000000000000000 ) ) ;
#2455 = CARTESIAN_POINT ( 'NONE',  ( -7.250000251165360510, -36.44102696478127257, 25.59333333333334437 ) ) ;
#2456 = EDGE_CURVE ( 'NONE', #3859, #4307, #1026, .T. ) ;
#2457 = EDGE_LOOP ( 'NONE', ( #3413, #919, #2008, #3576, #3664, #3523, #3165, #3298, #2363, #3789, #357, #2398, #425, #3765, #1771, #1886 ) ) ;
#2458 = DIRECTION ( 'NONE',  ( 0.000000000000000000, 0.000000000000000000, -1.000000000000000000 ) ) ;
#2459 = FACE_OUTER_BOUND ( 'NONE', #2660, .T. ) ;
#2460 = DIRECTION ( 'NONE',  ( 0.000000000000000000, 0.000000000000000000, -1.000000000000000000 ) ) ;
#2461 = VERTEX_POINT ( 'NONE', #1063 ) ;
#2462 = LINE ( 'NONE', #4190, #4479 ) ;
#2463 = ORIENTED_EDGE ( 'NONE', *, *, #4017, .T. ) ;
#2464 = DIRECTION ( 'NONE',  ( 0.000000000000000000, 0.000000000000000000, -1.000000000000000000 ) ) ;
#2465 = VERTEX_POINT ( 'NONE', #1436 ) ;
#2466 = CARTESIAN_POINT ( 'NONE',  ( -7.250000251165360510, -35.32685493571890589, 25.51000000000000156 ) ) ;
#2467 = ADVANCED_FACE ( 'NONE', ( #3935 ), #3201, .F. ) ;
#2468 = ORIENTED_EDGE ( 'NONE', *, *, #4267, .F. ) ;
#2469 = EDGE_CURVE ( 'NONE', #3594, #4, #2794, .T. ) ;
#2470 = DIRECTION ( 'NONE',  ( -1.000000000000000000, 0.000000000000000000, 0.000000000000000000 ) ) ;
#2471 = AXIS2_PLACEMENT_3D ( 'NONE', #4125, #679, #3138 ) ;
#2472 = ORIENTED_EDGE ( 'NONE', *, *, #1270, .F. ) ;
#2473 = LINE ( 'NONE', #3544, #2396 ) ;
#2474 = DIRECTION ( 'NONE',  ( 0.000000000000000000, 0.000000000000000000, -1.000000000000000000 ) ) ;
#2475 = VECTOR ( 'NONE', #3060, 1000.000000000000000 ) ;
#2476 = ORIENTED_EDGE ( 'NONE', *, *, #651, .T. ) ;
#2477 = CARTESIAN_POINT ( 'NONE',  ( -9.359426917752790231, -32.85538220510624541, 28.60514538540529017 ) ) ;
#2478 = EDGE_CURVE ( 'NONE', #1044, #2672, #2484, .T. ) ;
#2479 = DIRECTION ( 'NONE',  ( 0.000000000000000000, -0.9396926207859080948, 0.3420201433256695456 ) ) ;
#2480 = CARTESIAN_POINT ( 'NONE',  ( -36.24999997565915777, -47.89999974868470645, 23.50999999999999801 ) ) ;
#2481 = VECTOR ( 'NONE', #1626, 1000.000000000000114 ) ;
#2482 = CARTESIAN_POINT ( 'NONE',  ( -17.35304657052135013, -49.62954414835459716, -46.06930726875629745 ) ) ;
#2483 = EDGE_LOOP ( 'NONE', ( #782, #3487 ) ) ;
#2484 = LINE ( 'NONE', #1110, #2059 ) ;
#2485 = ORIENTED_EDGE ( 'NONE', *, *, #3308, .F. ) ;
#2486 = LINE ( 'NONE', #3183, #992 ) ;
#2487 = ORIENTED_EDGE ( 'NONE', *, *, #1456, .F. ) ;
#2488 = VECTOR ( 'NONE', #3307, 1000.000000000000000 ) ;
#2489 = EDGE_CURVE ( 'NONE', #1029, #1526, #10, .T. ) ;
#2490 = EDGE_LOOP ( 'NONE', ( #2391, #885, #4215, #2299 ) ) ;
#2491 = CARTESIAN_POINT ( 'NONE',  ( -36.74999998103489673, -45.54999975406040846, 23.50999999999999801 ) ) ;
#2492 = ORIENTED_EDGE ( 'NONE', *, *, #93, .F. ) ;
#2493 = AXIS2_PLACEMENT_3D ( 'NONE', #1185, #4055, #2609 ) ;
#2494 = DIRECTION ( 'NONE',  ( 0.000000000000000000, 0.000000000000000000, -1.000000000000000000 ) ) ;
#2495 = VECTOR ( 'NONE', #3267, 1000.000000000000000 ) ;
#2496 = ORIENTED_EDGE ( 'NONE', *, *, #2670, .T. ) ;
#2497 = PRODUCT_DEFINITION_SHAPE ( 'NONE', 'NONE',  #2807 ) ;
#2498 = FILL_AREA_STYLE ('',( #1102 ) ) ;
#2499 = LINE ( 'NONE', #3521, #2246 ) ;
#2500 = VECTOR ( 'NONE', #1854, 1000.000000000000000 ) ;
#2501 = CONICAL_SURFACE ( 'NONE', #4194, 3.125000000000002665, 0.7853981633974419507 ) ;
#2502 = CARTESIAN_POINT ( 'NONE',  ( -36.24999997565915777, -47.89999974868470645, 32.39500000000000313 ) ) ;
#2503 = CIRCLE ( 'NONE', #2132, 3.624999999999999556 ) ;
#2504 = AXIS2_PLACEMENT_3D ( 'NONE', #3100, #1281, #3443 ) ;
#2505 = VERTEX_POINT ( 'NONE', #2090 ) ;
#2506 = DIRECTION ( 'NONE',  ( -1.000000000000000000, 0.000000000000000000, 0.000000000000000000 ) ) ;
#2507 = CARTESIAN_POINT ( 'NONE',  ( -7.250000251165360510, -34.75000053661074872, 25.51000000000000156 ) ) ;
#2508 = DIRECTION ( 'NONE',  ( 0.000000000000000000, 0.000000000000000000, -1.000000000000000000 ) ) ;
#2509 = FACE_OUTER_BOUND ( 'NONE', #2964, .T. ) ;
#2510 = ORIENTED_EDGE ( 'NONE', *, *, #3881, .F. ) ;
#2511 = DIRECTION ( 'NONE',  ( -0.9999999999999998890, 1.075146094838459930E-08, 0.000000000000000000 ) ) ;
#2512 = ORIENTED_EDGE ( 'NONE', *, *, #3245, .F. ) ;
#2513 = FACE_OUTER_BOUND ( 'NONE', #4131, .T. ) ;
#2514 = VERTEX_POINT ( 'NONE', #3507 ) ;
#2515 = CARTESIAN_POINT ( 'NONE',  ( -9.214500236650879472, -21.12500053661070254, 28.89499999999999957 ) ) ;
#2516 = ORIENTED_EDGE ( 'NONE', *, *, #2587, .T. ) ;
#2517 = PLANE ( 'NONE',  #3741 ) ;
#2518 = EDGE_LOOP ( 'NONE', ( #1972, #3210, #1895 ) ) ;
#2519 = DIRECTION ( 'NONE',  ( 1.000000000000000000, 0.000000000000000000, 0.000000000000000000 ) ) ;
#2520 = DIRECTION ( 'NONE',  ( 0.7071067811865510144, 8.659560562354971069E-17, -0.7071067811865441310 ) ) ;
#2521 = DIRECTION ( 'NONE',  ( 1.000000000000000000, 0.000000000000000000, 0.000000000000000000 ) ) ;
#2522 = ADVANCED_FACE ( 'NONE', ( #1740 ), #1980, .F. ) ;
#2523 = ORIENTED_EDGE ( 'NONE', *, *, #3254, .F. ) ;
#2524 = CARTESIAN_POINT ( 'NONE',  ( -14.52500000000000036, -8.163947467688508652, 26.39499999999999957 ) ) ;
#2525 = EDGE_CURVE ( 'NONE', #4307, #600, #3181, .T. ) ;
#2526 = DIRECTION ( 'NONE',  ( 1.000000000000000000, 0.000000000000000000, 0.000000000000000000 ) ) ;
#2527 = EDGE_CURVE ( 'NONE', #3694, #3167, #2530, .T. ) ;
#2528 = CARTESIAN_POINT ( 'NONE',  ( -10.08984209376511032, -21.38095453110034683, 28.45727858516613296 ) ) ;
#2529 = EDGE_LOOP ( 'NONE', ( #1656, #1482, #1619, #2739 ) ) ;
#2530 = LINE ( 'NONE', #1396, #1014 ) ;
#2531 = DIRECTION ( 'NONE',  ( 1.075145480768661969E-08, -1.000000000000000000, 0.000000000000000000 ) ) ;
#2532 = VECTOR ( 'NONE', #500, 1000.000000000000114 ) ;
#2533 = EDGE_LOOP ( 'NONE', ( #3647, #1549, #1506, #518 ) ) ;
#2534 = CARTESIAN_POINT ( 'NONE',  ( -9.739566944275196647, -32.46463726907830250, 28.36993329237555628 ) ) ;
#2535 = EDGE_LOOP ( 'NONE', ( #1979, #3849, #4296 ) ) ;
#2536 = DIRECTION ( 'NONE',  ( 0.000000000000000000, 0.000000000000000000, 1.000000000000000000 ) ) ;
#2537 = ORIENTED_EDGE ( 'NONE', *, *, #367, .T. ) ;
#2538 = DIRECTION ( 'NONE',  ( 1.000000000000000000, 0.000000000000000000, 0.000000000000000000 ) ) ;
#2539 = VECTOR ( 'NONE', #3103, 1000.000000000000000 ) ;
#2540 = CARTESIAN_POINT ( 'NONE',  ( -16.12500000000000000, -8.163947467688508652, 26.39499999999999957 ) ) ;
#2541 = CYLINDRICAL_SURFACE ( 'NONE', #1738, 2.000000000000001776 ) ;
#2542 = CIRCLE ( 'NONE', #1578, 0.8750000000000007772 ) ;
#2543 = EDGE_CURVE ( 'NONE', #3121, #463, #1415, .T. ) ;
#2544 = EDGE_LOOP ( 'NONE', ( #1540, #1050, #3445, #2228 ) ) ;
#2545 = DIRECTION ( 'NONE',  ( 0.000000000000000000, -1.000000000000000000, 0.000000000000000000 ) ) ;
#2546 = CIRCLE ( 'NONE', #2990, 0.5000000000000004441 ) ;
#2547 = DIRECTION ( 'NONE',  ( 1.000000000000000000, 0.000000000000000000, 0.000000000000000000 ) ) ;
#2548 = VECTOR ( 'NONE', #110, 1000.000000000000000 ) ;
#2549 = DIRECTION ( 'NONE',  ( 0.000000000000000000, 1.000000000000000000, 0.000000000000000000 ) ) ;
#2550 = ORIENTED_EDGE ( 'NONE', *, *, #3512, .T. ) ;
#2551 = DIRECTION ( 'NONE',  ( -0.7071067811865435759, 0.000000000000000000, -0.7071067811865515695 ) ) ;
#2552 = DIRECTION ( 'NONE',  ( 0.000000000000000000, 0.000000000000000000, -1.000000000000000000 ) ) ;
#2553 = AXIS2_PLACEMENT_3D ( 'NONE', #285, #2764, #2022 ) ;
#2554 = AXIS2_PLACEMENT_3D ( 'NONE', #2873, #1104, #42 ) ;
#2555 = CARTESIAN_POINT ( 'NONE',  ( -48.75000000000000000, -27.00000000000000000, 23.50999999999999801 ) ) ;
#2556 = ORIENTED_EDGE ( 'NONE', *, *, #77, .T. ) ;
#2557 = CARTESIAN_POINT ( 'NONE',  ( -16.12500000000000000, -45.83605253231170451, 32.39500000000000313 ) ) ;
#2558 = EDGE_LOOP ( 'NONE', ( #1718, #3310, #1348, #592 ) ) ;
#2559 = LINE ( 'NONE', #3967, #3889 ) ;
#2560 = EDGE_CURVE ( 'NONE', #3184, #1064, #4261, .T. ) ;
#2561 = CARTESIAN_POINT ( 'NONE',  ( -10.75000025116536051, -35.32685493571890589, 25.51000000000000156 ) ) ;
#2562 = AXIS2_PLACEMENT_3D ( 'NONE', #1345, #3435, #976 ) ;
#2563 = ORIENTED_EDGE ( 'NONE', *, *, #538, .T. ) ;
#2564 = LINE ( 'NONE', #63, #3504 ) ;
#2565 = EDGE_CURVE ( 'NONE', #415, #2047, #2179, .T. ) ;
#2566 = CARTESIAN_POINT ( 'NONE',  ( -4.785500236650880090, -28.37500053661070254, 32.39500000000000313 ) ) ;
#2567 = AXIS2_PLACEMENT_3D ( 'NONE', #3354, #3700, #604 ) ;
#2568 = AXIS2_PLACEMENT_3D ( 'NONE', #2294, #2577, #4297 ) ;
#2569 = VECTOR ( 'NONE', #625, 1000.000000000000000 ) ;
#2570 = VERTEX_POINT ( 'NONE', #3225 ) ;
#2571 = CARTESIAN_POINT ( 'NONE',  ( -21.75000003694249884, -11.90000040721150043, 23.50999999999999801 ) ) ;
#2572 = FACE_OUTER_BOUND ( 'NONE', #2518, .T. ) ;
#2573 = AXIS2_PLACEMENT_3D ( 'NONE', #1973, #2411, #3057 ) ;
#2574 = EDGE_CURVE ( 'NONE', #2912, #69, #1813, .T. ) ;
#2575 = DIRECTION ( 'NONE',  ( 1.000000000000000000, 0.000000000000000000, 0.000000000000000000 ) ) ;
#2576 = VERTEX_POINT ( 'NONE', #416 ) ;
#2577 = DIRECTION ( 'NONE',  ( 0.000000000000000000, 0.000000000000000000, 1.000000000000000000 ) ) ;
#2578 = ADVANCED_FACE ( 'NONE', ( #1460 ), #2799, .T. ) ;
#2579 = B_SPLINE_CURVE_WITH_KNOTS ( 'NONE', 3,
 ( #23, #3502, #3860, #1038, #326, #1106, #1430, #1732, #4185, #4530, #1085, #1453, #1020, #3177, #3154, #1366, #5, #3548, #2829, #1057, #1392, #2477, #715, #3910 ),
 .UNSPECIFIED., .F., .F.,
 ( 4, 2, 2, 2, 2, 2, 2, 2, 1, 1, 2, 2, 4 ),
 ( 0.000000000000000000, 0.2499999999999644729, 0.3749999999999418243, 0.4374999999999297229, 0.4687499999999267253, 0.4999999999999237277, 0.6249999999999032996, 0.6874999999998903100, 0.7187499999998870903, 0.7343749999998885336, 0.7421874999998921973, 0.7499999999998958611, 1.000000000000000000 ),
 .UNSPECIFIED. ) ;
#2580 = DIRECTION ( 'NONE',  ( 1.000000000000000000, 0.000000000000000000, 0.000000000000000000 ) ) ;
#2581 = EDGE_CURVE ( 'NONE', #1960, #1383, #2818, .T. ) ;
#2582 = CARTESIAN_POINT ( 'NONE',  ( -37.25000001490199963, -9.550000240563859322, 32.39500000000000313 ) ) ;
#2583 =( BOUNDED_SURFACE ( )  B_SPLINE_SURFACE ( 3, 2, ( 
 ( #1579, #3988, #4423 ),
 ( #3301, #3322, #2661 ),
 ( #4006, #2929, #1251 ),
 ( #2281, #3692, #2590 ),
 ( #521, #3709, #2953 ),
 ( #4327, #1167, #2256 ),
 ( #820, #2232, #148 ),
 ( #2995, #1603, #3343 ),
 ( #539, #1538, #2679 ),
 ( #217, #1560, #4375 ) ),
 .UNSPECIFIED., .F., .F., .F. ) 
 B_SPLINE_SURFACE_WITH_KNOTS ( ( 4, 2, 2, 2, 4 ),
 ( 3, 3 ),
 ( 4.712388980384689674, 5.105088062083409817, 5.497787143782139729, 5.890486225480859872, 6.283185307179590673 ),
 ( 0.000000000000000000, 1.000000000000000000 ),
 .UNSPECIFIED. ) 
 GEOMETRIC_REPRESENTATION_ITEM ( )  RATIONAL_B_SPLINE_SURFACE ( (
 ( 1.000000000000000000, 1.000000000000000000, 1.000000000000000000),
 ( 1.000000000000000000, 1.000158585517698207, 1.000000000000000000),
 ( 1.000000000000000000, 0.9867291829329980501, 1.000000000000000000),
 ( 1.000000000000000000, 0.9386556568293159541, 1.000000000000000000),
 ( 1.000000000000000000, 0.9038128751444499676, 1.000000000000000000),
 ( 1.000000000000000000, 0.8282379324244300012, 1.000000000000000000),
 ( 1.000000000000000000, 0.7876784991487909560, 1.000000000000000000),
 ( 1.000000000000000000, 0.7265517405484099855, 1.000000000000000000),
 ( 1.000000000000000000, 0.7066757558485919910, 1.000000000000000000),
 ( 1.000000000000000000, 0.7071067811865480168, 1.000000000000000000) ) ) 
 REPRESENTATION_ITEM ( '' )  SURFACE ( )  );
#2584 = ORIENTED_EDGE ( 'NONE', *, *, #3531, .T. ) ;
#2585 = LINE ( 'NONE', #492, #2779 ) ;
#2586 = ORIENTED_EDGE ( 'NONE', *, *, #944, .T. ) ;
#2587 = EDGE_CURVE ( 'NONE', #3184, #169, #2462, .T. ) ;
#2588 = EDGE_CURVE ( 'NONE', #3031, #4377, #2205, .T. ) ;
#2589 = ADVANCED_FACE ( 'NONE', ( #2945 ), #718, .T. ) ;
#2590 = CARTESIAN_POINT ( 'NONE',  ( -9.466309721399149169, -21.18810734018144970, 28.39138103050314754 ) ) ;
#2591 = EDGE_CURVE ( 'NONE', #1048, #3184, #352, .T. ) ;
#2592 = DIRECTION ( 'NONE',  ( 0.000000000000000000, 0.000000000000000000, -1.000000000000000000 ) ) ;
#2593 = VERTEX_POINT ( 'NONE', #1875 ) ;
#2594 = LINE ( 'NONE', #4426, #1984 ) ;
#2595 = CARTESIAN_POINT ( 'NONE',  ( -7.125000251165340082, -36.00000053661074872, 25.51000000000000156 ) ) ;
#2596 = LINE ( 'NONE', #453, #3953 ) ;
#2597 = ORIENTED_EDGE ( 'NONE', *, *, #1112, .F. ) ;
#2598 = CARTESIAN_POINT ( 'NONE',  ( -9.714500168379100131, -30.67499953231175169, 23.50999999999999801 ) ) ;
#2599 = CARTESIAN_POINT ( 'NONE',  ( -21.15000000307539807, -8.450000413662390741, 32.39500000000000313 ) ) ;
#2600 = CARTESIAN_POINT ( 'NONE',  ( -9.969847264739266635, -21.29723928108489517, 28.51730973143039094 ) ) ;
#2601 = ORIENTED_EDGE ( 'NONE', *, *, #4387, .T. ) ;
#2602 = CYLINDRICAL_SURFACE ( 'NONE', #3169, 0.5000000000000004441 ) ;
#2603 = CARTESIAN_POINT ( 'NONE',  ( -7.250000251165360510, -37.25000053661074872, 25.51000000000000156 ) ) ;
#2604 = CARTESIAN_POINT ( 'NONE',  ( -36.24999998103490384, -6.600000251315320199, 23.50999999999999801 ) ) ;
#2605 = LINE ( 'NONE', #860, #2124 ) ;
#2606 = EDGE_LOOP ( 'NONE', ( #1150, #3826, #2625 ) ) ;
#2607 = LINE ( 'NONE', #4351, #3222 ) ;
#2608 = EDGE_LOOP ( 'NONE', ( #1780, #4303, #2774, #4371 ) ) ;
#2609 = DIRECTION ( 'NONE',  ( 1.000000000000000000, 0.000000000000000000, 0.000000000000000000 ) ) ;
#2610 = CIRCLE ( 'NONE', #1790, 3.124999999999999112 ) ;
#2611 = CARTESIAN_POINT ( 'NONE',  ( -4.785500236650880090, -25.62500053661070254, 23.50999999999999801 ) ) ;
#2612 = EDGE_CURVE ( 'NONE', #2593, #2763, #1198, .T. ) ;
#2613 = ORIENTED_EDGE ( 'NONE', *, *, #4342, .F. ) ;
#2614 = FACE_OUTER_BOUND ( 'NONE', #1371, .T. ) ;
#2615 = CARTESIAN_POINT ( 'NONE',  ( -17.54912285973840369, -49.16959405453259535, 26.39499999999999957 ) ) ;
#2616 = LINE ( 'NONE', #1611, #1892 ) ;
#2617 = ORIENTED_EDGE ( 'NONE', *, *, #1618, .T. ) ;
#2618 = LINE ( 'NONE', #109, #3973 ) ;
#2619 = LINE ( 'NONE', #1897, #334 ) ;
#2620 = CARTESIAN_POINT ( 'NONE',  ( -24.15709089416284883, -39.59290976663309891, 23.94160277363619826 ) ) ;
#2621 = AXIS2_PLACEMENT_3D ( 'NONE', #1684, #2033, #2737 ) ;
#2622 = EDGE_CURVE ( 'NONE', #3806, #4165, #3686, .T. ) ;
#2623 = AXIS2_PLACEMENT_3D ( 'NONE', #3936, #766, #1095 ) ;
#2624 = LINE ( 'NONE', #788, #2866 ) ;
#2625 = ORIENTED_EDGE ( 'NONE', *, *, #2101, .T. ) ;
#2626 = CARTESIAN_POINT ( 'NONE',  ( -42.50000028852669942, -35.00000017336724767, 23.50999999999999801 ) ) ;
#2627 = DIRECTION ( 'NONE',  ( 1.000000000000000000, 0.000000000000000000, 0.000000000000000000 ) ) ;
#2628 = EDGE_CURVE ( 'NONE', #1699, #314, #3269, .T. ) ;
#2629 = AXIS2_PLACEMENT_3D ( 'NONE', #142, #1552, #440 ) ;
#2630 = CARTESIAN_POINT ( 'NONE',  ( -50.92487062729449576, -29.90009702502035083, -46.06930726875629745 ) ) ;
#2631 = VERTEX_POINT ( 'NONE', #1133 ) ;
#2632 = DIRECTION ( 'NONE',  ( 0.000000000000000000, 0.000000000000000000, 1.000000000000000000 ) ) ;
#2633 = EDGE_LOOP ( 'NONE', ( #399, #2758, #1025, #4464 ) ) ;
#2634 = DIRECTION ( 'NONE',  ( 0.000000000000000000, 0.000000000000000000, -1.000000000000000000 ) ) ;
#2635 = VECTOR ( 'NONE', #3899, 1000.000000000000000 ) ;
#2636 = EDGE_CURVE ( 'NONE', #2149, #3653, #4024, .T. ) ;
#2637 = CARTESIAN_POINT ( 'NONE',  ( -50.92487062729449576, -29.90009702502035083, 26.39499999999999957 ) ) ;
#2638 = ADVANCED_FACE ( 'NONE', ( #3332 ), #2602, .F. ) ;
#2639 = VERTEX_POINT ( 'NONE', #3999 ) ;
#2640 = FACE_OUTER_BOUND ( 'NONE', #4389, .T. ) ;
#2641 = AXIS2_PLACEMENT_3D ( 'NONE', #2432, #2827, #3478 ) ;
#2642 = CARTESIAN_POINT ( 'NONE',  ( -9.214500236650879472, -32.37500053661069899, 25.10999999999999943 ) ) ;
#2643 = CARTESIAN_POINT ( 'NONE',  ( -16.12500000000000000, -45.83605253231170451, 26.39499999999999957 ) ) ;
#2644 = VECTOR ( 'NONE', #1820, 1000.000000000000000 ) ;
#2645 = LINE ( 'NONE', #4133, #2171 ) ;
#2646 = CARTESIAN_POINT ( 'NONE',  ( -21.15000000307539807, -8.450000413662390741, 23.50999999999999801 ) ) ;
#2647 = AXIS2_PLACEMENT_3D ( 'NONE', #3643, #127, #4356 ) ;
#2648 = ORIENTED_EDGE ( 'NONE', *, *, #2207, .T. ) ;
#2649 = ADVANCED_FACE ( 'NONE', ( #4319 ), #790, .T. ) ;
#2650 = AXIS2_PLACEMENT_3D ( 'NONE', #1670, #3088, #1768 ) ;
#2651 = DIRECTION ( 'NONE',  ( 0.000000000000000000, 0.000000000000000000, -1.000000000000000000 ) ) ;
#2652 = ORIENTED_EDGE ( 'NONE', *, *, #801, .F. ) ;
#2653 = CARTESIAN_POINT ( 'NONE',  ( -36.25000001705229380, -42.09999974868470218, 32.39500000000000313 ) ) ;
#2654 = FACE_OUTER_BOUND ( 'NONE', #2533, .T. ) ;
#2655 = MECHANICAL_DESIGN_GEOMETRIC_PRESENTATION_REPRESENTATION (  '', ( #53 ), #3238 ) ;
#2656 = LINE ( 'NONE', #4322, #3083 ) ;
#2657 = VECTOR ( 'NONE', #3293, 1000.000000000000000 ) ;
#2658 = VERTEX_POINT ( 'NONE', #2626 ) ;
#2659 = PLANE ( 'NONE',  #1511 ) ;
#2660 = EDGE_LOOP ( 'NONE', ( #2747, #3072, #4241, #3904 ) ) ;
#2661 = CARTESIAN_POINT ( 'NONE',  ( -9.279961879946350578, -21.12500053661070254, 28.76407671340905026 ) ) ;
#2662 = CARTESIAN_POINT ( 'NONE',  ( -16.12500000000000000, -8.163947467688508652, 26.39499999999999957 ) ) ;
#2663 = ORIENTED_EDGE ( 'NONE', *, *, #1467, .F. ) ;
#2664 = CARTESIAN_POINT ( 'NONE',  ( -10.75000025116536051, -36.00000053661074872, 25.63500000000000156 ) ) ;
#2665 = LINE ( 'NONE', #4060, #1223 ) ;
#2666 = CARTESIAN_POINT ( 'NONE',  ( -17.35269117570640063, -5.290204372508919839, 31.89499999999999957 ) ) ;
#2667 = DIRECTION ( 'NONE',  ( 0.9999999999999998890, -1.075146108214253827E-08, 0.000000000000000000 ) ) ;
#2668 = LINE ( 'NONE', #1195, #3449 ) ;
#2669 = DIRECTION ( 'NONE',  ( 1.000000000000000000, 0.000000000000000000, 0.000000000000000000 ) ) ;
#2670 = EDGE_CURVE ( 'NONE', #4521, #3153, #1604, .T. ) ;
#2671 = EDGE_CURVE ( 'NONE', #1046, #3228, #3659, .T. ) ;
#2672 = VERTEX_POINT ( 'NONE', #2988 ) ;
#2673 = DIRECTION ( 'NONE',  ( 1.000000000000000000, 1.674905425081055409E-14, 0.000000000000000000 ) ) ;
#2674 = DIRECTION ( 'NONE',  ( 0.000000000000000000, 0.000000000000000000, -1.000000000000000000 ) ) ;
#2675 = DIRECTION ( 'NONE',  ( -1.000000000000000000, 0.000000000000000000, 0.000000000000000000 ) ) ;
#2676 = EDGE_LOOP ( 'NONE', ( #2797, #4529, #4058 ) ) ;
#2677 = LINE ( 'NONE', #2368, #259 ) ;
#2678 = ORIENTED_EDGE ( 'NONE', *, *, #1112, .T. ) ;
#2679 = CARTESIAN_POINT ( 'NONE',  ( -9.714500236650881249, -21.55953889583404859, 27.89500000003269875 ) ) ;
#2680 = ORIENTED_EDGE ( 'NONE', *, *, #1131, .T. ) ;
#2681 = DIRECTION ( 'NONE',  ( -0.9396926207859080948, 0.000000000000000000, 0.3420201433256695456 ) ) ;
#2682 = DIRECTION ( 'NONE',  ( 0.000000000000000000, 0.000000000000000000, -1.000000000000000000 ) ) ;
#2683 = CARTESIAN_POINT ( 'NONE',  ( -43.50000011650329412, -19.00000017336725122, 23.50999999999999801 ) ) ;
#2684 = LINE ( 'NONE', #4034, #1140 ) ;
#2685 = VERTEX_POINT ( 'NONE', #2653 ) ;
#2686 = EDGE_CURVE ( 'NONE', #286, #567, #4048, .T. ) ;
#2687 = DIRECTION ( 'NONE',  ( 1.000000000000000000, 0.000000000000000000, 0.000000000000000000 ) ) ;
#2688 = VERTEX_POINT ( 'NONE', #879 ) ;
#2689 = DIRECTION ( 'NONE',  ( 0.000000000000000000, 0.000000000000000000, -1.000000000000000000 ) ) ;
#2690 = VECTOR ( 'NONE', #3673, 1000.000000000000000 ) ;
#2691 = DIRECTION ( 'NONE',  ( 0.000000000000000000, 0.000000000000000000, -1.000000000000000000 ) ) ;
#2692 = AXIS2_PLACEMENT_3D ( 'NONE', #4514, #4166, #3416 ) ;
#2693 = DIRECTION ( 'NONE',  ( -0.4242388327623083932, -0.5657043510319409441, 0.7071067811865507924 ) ) ;
#2694 = ORIENTED_EDGE ( 'NONE', *, *, #663, .T. ) ;
#2695 = CYLINDRICAL_SURFACE ( 'NONE', #1815, 0.5000000000000004441 ) ;
#2696 = VERTEX_POINT ( 'NONE', #3702 ) ;
#2697 = CARTESIAN_POINT ( 'NONE',  ( -7.848703372529413969, -37.25000053661074162, 25.69354063902891383 ) ) ;
#2698 = AXIS2_PLACEMENT_3D ( 'NONE', #4062, #205, #180 ) ;
#2699 = LINE ( 'NONE', #3490, #2896 ) ;
#2700 = VERTEX_POINT ( 'NONE', #70 ) ;
#2701 = PLANE ( 'NONE',  #2504 ) ;
#2702 = VERTEX_POINT ( 'NONE', #1479 ) ;
#2703 = DIRECTION ( 'NONE',  ( -0.9999999999999998890, -1.075146131343901938E-08, 0.000000000000000000 ) ) ;
#2704 = AXIS2_PLACEMENT_3D ( 'NONE', #4324, #586, #4142 ) ;
#2705 = EDGE_CURVE ( 'NONE', #683, #2178, #1157, .T. ) ;
#2706 = VECTOR ( 'NONE', #21, 1000.000000000000000 ) ;
#2707 = EDGE_CURVE ( 'NONE', #2461, #2021, #3637, .T. ) ;
#2708 = CARTESIAN_POINT ( 'NONE',  ( -10.21450023665087947, 0.000000000000000000, 27.89499999999999957 ) ) ;
#2709 = CARTESIAN_POINT ( 'NONE',  ( 0.000000000000000000, -32.37500053661069899, 28.89499999999999957 ) ) ;
#2710 = VERTEX_POINT ( 'NONE', #119 ) ;
#2711 = CONICAL_SURFACE ( 'NONE', #926, 1.875000000000000000, 0.7853981633974532750 ) ;
#2712 = ORIENTED_EDGE ( 'NONE', *, *, #418, .T. ) ;
#2713 = CARTESIAN_POINT ( 'NONE',  ( -6.285500168379099861, -23.57500057347749589, 32.39500000000000313 ) ) ;
#2714 = AXIS2_PLACEMENT_3D ( 'NONE', #2604, #838, #1856 ) ;
#2715 = ORIENTED_EDGE ( 'NONE', *, *, #1465, .F. ) ;
#2716 = DIRECTION ( 'NONE',  ( 1.000000000000000000, 0.000000000000000000, 0.000000000000000000 ) ) ;
#2717 = CARTESIAN_POINT ( 'NONE',  ( -9.577659328976981357, -32.84086569559466540, 28.71341946115778754 ) ) ;
#2718 = EDGE_CURVE ( 'NONE', #2514, #1686, #3539, .T. ) ;
#2719 = VECTOR ( 'NONE', #2693, 1000.000000000000000 ) ;
#2720 = DIRECTION ( 'NONE',  ( 0.000000000000000000, 0.000000000000000000, -1.000000000000000000 ) ) ;
#2721 = ADVANCED_FACE ( 'NONE', ( #4368 ), #3316, .F. ) ;
#2722 = ORIENTED_EDGE ( 'NONE', *, *, #2628, .F. ) ;
#2723 = FACE_BOUND ( 'NONE', #3691, .T. ) ;
#2724 = EDGE_LOOP ( 'NONE', ( #3489, #1716, #73, #1570 ) ) ;
#2725 = CARTESIAN_POINT ( 'NONE',  ( -9.214500236650879472, -32.87500053661069899, 28.39499999999999957 ) ) ;
#2726 = COLOUR_RGB ( '',0.000000000000000000, 1.000000000000000000, 1.000000000000000000 ) ;
#2727 = CARTESIAN_POINT ( 'NONE',  ( -9.481614043092598365, -37.25000053661074872, 26.06509841280764661 ) ) ;
#2728 = CIRCLE ( 'NONE', #1908, 24.10000000000000142 ) ;
#2729 = CIRCLE ( 'NONE', #359, 1.600000000000000755 ) ;
#2730 = ADVANCED_FACE ( 'NONE', ( #3752 ), #995, .F. ) ;
#2731 = ORIENTED_EDGE ( 'NONE', *, *, #3405, .F. ) ;
#2732 = DIRECTION ( 'NONE',  ( 1.000000000000000000, 0.000000000000000000, 0.000000000000000000 ) ) ;
#2733 = EDGE_CURVE ( 'NONE', #3859, #698, #922, .T. ) ;
#2734 = VERTEX_POINT ( 'NONE', #954 ) ;
#2735 = ADVANCED_FACE ( 'NONE', ( #4068 ), #2018, .T. ) ;
#2736 = CARTESIAN_POINT ( 'NONE',  ( -9.433477166812259895, -21.17393468644646148, 28.45704502161461136 ) ) ;
#2737 = DIRECTION ( 'NONE',  ( -1.000000000000000000, 0.000000000000000000, 0.000000000000000000 ) ) ;
#2738 = DIRECTION ( 'NONE',  ( 1.000000000000000000, 0.000000000000000000, 0.000000000000000000 ) ) ;
#2739 = ORIENTED_EDGE ( 'NONE', *, *, #643, .F. ) ;
#2740 = DIRECTION ( 'NONE',  ( -1.000000000000000000, 0.000000000000000000, 0.000000000000000000 ) ) ;
#2741 = VERTEX_POINT ( 'NONE', #4158 ) ;
#2742 = DIRECTION ( 'NONE',  ( -0.000000000000000000, 1.000000000000000000, 0.000000000000000000 ) ) ;
#2743 = CARTESIAN_POINT ( 'NONE',  ( -9.578228679410862867, -32.84075895591487892, 28.71313574368041444 ) ) ;
#2744 = LINE ( 'NONE', #3462, #2719 ) ;
#2745 = VERTEX_POINT ( 'NONE', #3356 ) ;
#2746 = FACE_BOUND ( 'NONE', #1334, .T. ) ;
#2747 = ORIENTED_EDGE ( 'NONE', *, *, #4562, .F. ) ;
#2748 = CARTESIAN_POINT ( 'NONE',  ( -10.75000025116536051, -34.75000053661074872, 25.51000000000000156 ) ) ;
#2749 = VERTEX_POINT ( 'NONE', #3381 ) ;
#2750 = DIRECTION ( 'NONE',  ( 0.000000000000000000, 1.000000000000000000, 0.000000000000000000 ) ) ;
#2751 = VERTEX_POINT ( 'NONE', #4457 ) ;
#2752 = CARTESIAN_POINT ( 'NONE',  ( -9.000000251165358733, -36.00000053661074872, 25.51000000000000156 ) ) ;
#2753 = ADVANCED_FACE ( 'NONE', ( #4138 ), #1322, .F. ) ;
#2754 = CARTESIAN_POINT ( 'NONE',  ( -7.250000251165360510, -34.75000053661074872, 25.51000000000000156 ) ) ;
#2755 = CARTESIAN_POINT ( 'NONE',  ( -27.00000000000000000, -26.99999953231175098, 31.89499999999999957 ) ) ;
#2756 = ORIENTED_EDGE ( 'NONE', *, *, #1764, .T. ) ;
#2757 = CARTESIAN_POINT ( 'NONE',  ( -24.00000033153250101, -38.25000032926340054, 23.50999999999999801 ) ) ;
#2758 = ORIENTED_EDGE ( 'NONE', *, *, #2152, .T. ) ;
#2759 = CARTESIAN_POINT ( 'NONE',  ( -37.25000001490199963, -44.44999975943615311, 23.50999999999999801 ) ) ;
#2760 = FACE_OUTER_BOUND ( 'NONE', #3219, .T. ) ;
#2761 = EDGE_CURVE ( 'NONE', #3694, #3037, #1644, .T. ) ;
#2762 = LINE ( 'NONE', #4162, #1828 ) ;
#2763 = VERTEX_POINT ( 'NONE', #1666 ) ;
#2764 = DIRECTION ( 'NONE',  ( 0.000000000000000000, 0.000000000000000000, -1.000000000000000000 ) ) ;
#2765 = EDGE_CURVE ( 'NONE', #1952, #432, #4508, .T. ) ;
#2766 = EDGE_LOOP ( 'NONE', ( #3355, #108, #2994, #3224 ) ) ;
#2767 = CARTESIAN_POINT ( 'NONE',  ( -6.285500236650880979, -32.37500053661069899, 32.39500000000000313 ) ) ;
#2768 = CARTESIAN_POINT ( 'NONE',  ( -9.753683185855592797, -37.25000053661074872, 25.92536448339632216 ) ) ;
#2769 = VECTOR ( 'NONE', #3811, 1000.000000000000227 ) ;
#2770 = B_SPLINE_CURVE_WITH_KNOTS ( 'NONE', 3,
 ( #3195, #2848, #3221, #716, #390, #1086, #371, #24, #4207, #1039, #3931, #4230, #759, #2175, #3589, #1831, #412, #4276, #4560, #674, #67, #1431, #4251, #351 ),
 .UNSPECIFIED., .F., .F.,
 ( 4, 1, 1, 1, 1, 1, 2, 2, 2, 1, 1, 1, 1, 1, 2, 2, 4 ),
 ( 0.000000000000000000, 0.1250000000000192069, 0.1875000000000278944, 0.2187500000000323630, 0.2343750000000345834, 0.2421875000000357214, 0.2460937500000353606, 0.2500000000000350275, 0.5000000000000176525, 0.6250000000000079936, 0.6875000000000023315, 0.7187500000000003331, 0.7343749999999985567, 0.7421874999999977796, 0.7460937499999981126, 0.7499999999999983347, 1.000000000000000000 ),
 .UNSPECIFIED. ) ;
#2771 = CARTESIAN_POINT ( 'NONE',  ( 0.000000000000000000, 0.000000000000000000, 28.39499999999999957 ) ) ;
#2772 = ORIENTED_EDGE ( 'NONE', *, *, #822, .T. ) ;
#2773 = CARTESIAN_POINT ( 'NONE',  ( -5.785500168379100749, -25.62500053661070254, 32.39500000000000313 ) ) ;
#2774 = ORIENTED_EDGE ( 'NONE', *, *, #4413, .T. ) ;
#2775 = CARTESIAN_POINT ( 'NONE',  ( -50.62488857932370223, -24.49991643837219968, 31.89499999999999957 ) ) ;
#2776 = AXIS2_PLACEMENT_3D ( 'NONE', #2830, #2479, #3888 ) ;
#2777 = ADVANCED_FACE ( 'NONE', ( #2039 ), #4119, .F. ) ;
#2778 = EDGE_CURVE ( 'NONE', #594, #427, #1293, .T. ) ;
#2779 = VECTOR ( 'NONE', #1858, 1000.000000000000000 ) ;
#2780 = FACE_OUTER_BOUND ( 'NONE', #2147, .T. ) ;
#2781 = CARTESIAN_POINT ( 'NONE',  ( -24.00000033153250101, -15.75000037226925009, 23.50999999999999801 ) ) ;
#2782 = VECTOR ( 'NONE', #735, 1000.000000000000000 ) ;
#2783 = EDGE_LOOP ( 'NONE', ( #3363, #1184, #3424, #672 ) ) ;
#2784 = CARTESIAN_POINT ( 'NONE',  ( -14.52500000000000036, -8.163947467688508652, 23.50999999999999801 ) ) ;
#2785 = VERTEX_POINT ( 'NONE', #554 ) ;
#2786 = PLANE ( 'NONE',  #3902 ) ;
#2787 = LINE ( 'NONE', #740, #3070 ) ;
#2788 = ADVANCED_FACE ( 'NONE', ( #3431 ), #3817, .T. ) ;
#2789 = AXIS2_PLACEMENT_3D ( 'NONE', #1149, #3631, #3907 ) ;
#2790 = EDGE_CURVE ( 'NONE', #3963, #3781, #2503, .T. ) ;
#2791 = AXIS2_PLACEMENT_3D ( 'NONE', #2842, #2494, #2884 ) ;
#2792 = LINE ( 'NONE', #3823, #2937 ) ;
#2793 = ORIENTED_EDGE ( 'NONE', *, *, #3569, .T. ) ;
#2794 = LINE ( 'NONE', #2855, #1439 ) ;
#2795 = EDGE_LOOP ( 'NONE', ( #1835, #2492, #3135, #1399 ) ) ;
#2796 = CARTESIAN_POINT ( 'NONE',  ( -19.25000000000000000, -8.163947467688508652, 31.89499999999999957 ) ) ;
#2797 = ORIENTED_EDGE ( 'NONE', *, *, #3676, .F. ) ;
#2798 = AXIS2_PLACEMENT_3D ( 'NONE', #1929, #3335, #608 ) ;
#2799 = CONICAL_SURFACE ( 'NONE', #3606, 24.10000000000000142, 0.7853981633974476129 ) ;
#2800 = VECTOR ( 'NONE', #1369, 1000.000000000000000 ) ;
#2801 = ORIENTED_EDGE ( 'NONE', *, *, #3206, .T. ) ;
#2802 = CARTESIAN_POINT ( 'NONE',  ( -17.35269117570640063, -5.290204372508919839, 26.39499999999999957 ) ) ;
#2803 = VERTEX_POINT ( 'NONE', #1267 ) ;
#2804 = DIRECTION ( 'NONE',  ( 0.000000000000000000, 0.000000000000000000, -1.000000000000000000 ) ) ;
#2805 = AXIS2_PLACEMENT_3D ( 'NONE', #1920, #4314, #156 ) ;
#2806 = AXIS2_PLACEMENT_3D ( 'NONE', #476, #3369, #907 ) ;
#2807 = PRODUCT_DEFINITION ( 'UNKNOWN', '', #2385, #1407 ) ;
#2808 = EDGE_LOOP ( 'NONE', ( #2401, #2801, #2856, #1535 ) ) ;
#2809 = DIRECTION ( 'NONE',  ( 0.000000000000000000, 0.000000000000000000, 1.000000000000000000 ) ) ;
#2810 = CARTESIAN_POINT ( 'NONE',  ( -7.250000251165360510, -36.00000053661074872, 25.63500000000000156 ) ) ;
#2811 = ORIENTED_EDGE ( 'NONE', *, *, #367, .F. ) ;
#2812 = CARTESIAN_POINT ( 'NONE',  ( -22.24999998103490384, -47.39999959816420017, 23.50999999999999801 ) ) ;
#2813 = DIRECTION ( 'NONE',  ( 0.000000000000000000, 1.000000000000000000, 0.000000000000000000 ) ) ;
#2814 = EDGE_CURVE ( 'NONE', #4471, #3963, #2728, .T. ) ;
#2815 = ADVANCED_FACE ( 'NONE', ( #4117 ), #3792, .F. ) ;
#2816 = DIRECTION ( 'NONE',  ( 0.000000000000000000, 0.000000000000000000, 1.000000000000000000 ) ) ;
#2817 = ORIENTED_EDGE ( 'NONE', *, *, #113, .T. ) ;
#2818 = LINE ( 'NONE', #1836, #4563 ) ;
#2819 = VERTEX_POINT ( 'NONE', #1593 ) ;
#2820 = FACE_OUTER_BOUND ( 'NONE', #1583, .T. ) ;
#2821 = ORIENTED_EDGE ( 'NONE', *, *, #3207, .F. ) ;
#2822 = LINE ( 'NONE', #4239, #3520 ) ;
#2823 = VERTEX_POINT ( 'NONE', #3110 ) ;
#2824 = FACE_OUTER_BOUND ( 'NONE', #666, .T. ) ;
#2825 = ORIENTED_EDGE ( 'NONE', *, *, #115, .T. ) ;
#2826 = DIRECTION ( 'NONE',  ( 0.000000000000000000, 0.000000000000000000, 1.000000000000000000 ) ) ;
#2827 = DIRECTION ( 'NONE',  ( 0.000000000000000000, 0.000000000000000000, -1.000000000000000000 ) ) ;
#2828 = ORIENTED_EDGE ( 'NONE', *, *, #1125, .T. ) ;
#2829 = CARTESIAN_POINT ( 'NONE',  ( -9.407220199406713945, -32.83637291102147060, 28.50956532025617207 ) ) ;
#2830 = CARTESIAN_POINT ( 'NONE',  ( -24.00000033153250101, -39.75000032926339344, 23.50999999999999801 ) ) ;
#2831 = EDGE_CURVE ( 'NONE', #3081, #4205, #3459, .T. ) ;
#2832 = DIRECTION ( 'NONE',  ( 0.000000000000000000, 0.000000000000000000, 1.000000000000000000 ) ) ;
#2833 = B_SPLINE_CURVE_WITH_KNOTS ( 'NONE', 3,
 ( #3030, #2455, #3812, #2810 ),
 .UNSPECIFIED., .F., .F.,
 ( 4, 4 ),
 ( 0.000000000000000000, 1.000000000000000000 ),
 .UNSPECIFIED. ) ;
#2834 = ORIENTED_EDGE ( 'NONE', *, *, #2043, .T. ) ;
#2835 = DIRECTION ( 'NONE',  ( 0.9999999999999998890, 1.075146955435521817E-08, 0.000000000000000000 ) ) ;
#2836 = VERTEX_POINT ( 'NONE', #1343 ) ;
#2837 = CARTESIAN_POINT ( 'NONE',  ( -21.15000001490199821, -9.550000413662390386, 23.50999999999999801 ) ) ;
#2838 = VERTEX_POINT ( 'NONE', #1763 ) ;
#2839 = CARTESIAN_POINT ( 'NONE',  ( -9.714507602620434668, -32.37226018676944506, 28.39499263403042306 ) ) ;
#2840 = EDGE_LOOP ( 'NONE', ( #1416, #2387, #337, #2516 ) ) ;
#2841 = CIRCLE ( 'NONE', #2910, 0.5000000000000004441 ) ;
#2842 = CARTESIAN_POINT ( 'NONE',  ( -6.785500168379100749, -21.62500053661070254, 25.10999999999999943 ) ) ;
#2843 = ORIENTED_EDGE ( 'NONE', *, *, #2093, .T. ) ;
#2844 = CARTESIAN_POINT ( 'NONE',  ( -4.785500236650880090, -28.37500053661070254, 23.50999999999999801 ) ) ;
#2845 = DIRECTION ( 'NONE',  ( 0.000000000000000000, 0.000000000000000000, 1.000000000000000000 ) ) ;
#2846 = VERTEX_POINT ( 'NONE', #3131 ) ;
#2847 = LINE ( 'NONE', #4206, #656 ) ;
#2848 = CARTESIAN_POINT ( 'NONE',  ( -7.724271178777700086, -34.75000053661076294, 25.60079435775616830 ) ) ;
#2849 = DIRECTION ( 'NONE',  ( 1.000000000000000000, 0.000000000000000000, 0.000000000000000000 ) ) ;
#2850 = AXIS2_PLACEMENT_3D ( 'NONE', #3160, #2443, #30 ) ;
#2851 = ADVANCED_FACE ( 'NONE', ( #3840 ), #2437, .F. ) ;
#2852 = CARTESIAN_POINT ( 'NONE',  ( -21.15000000307539807, -8.450000413662390741, 23.50999999999999801 ) ) ;
#2853 = CIRCLE ( 'NONE', #3077, 0.4999999999999995559 ) ;
#2854 = ORIENTED_EDGE ( 'NONE', *, *, #3908, .F. ) ;
#2855 = CARTESIAN_POINT ( 'NONE',  ( -21.15000000307539807, -45.54999958633759860, 23.50999999999999801 ) ) ;
#2856 = ORIENTED_EDGE ( 'NONE', *, *, #4075, .F. ) ;
#2857 = PLANE ( 'NONE',  #3795 ) ;
#2858 = AXIS2_PLACEMENT_3D ( 'NONE', #4173, #2058, #2009 ) ;
#2859 = ADVANCED_FACE ( 'NONE', ( #370 ), #389, .F. ) ;
#2860 = VERTEX_POINT ( 'NONE', #4275 ) ;
#2861 = CARTESIAN_POINT ( 'NONE',  ( -16.12500000000000000, -8.163947467688508652, 23.50999999999999801 ) ) ;
#2862 = ORIENTED_EDGE ( 'NONE', *, *, #703, .T. ) ;
#2863 = VECTOR ( 'NONE', #2849, 1000.000000000000000 ) ;
#2864 = CARTESIAN_POINT ( 'NONE',  ( -15.71450016837909835, -21.12500053661074872, 28.89499999999999957 ) ) ;
#2865 = ADVANCED_FACE ( 'NONE', ( #4559 ), #2875, .F. ) ;
#2866 = VECTOR ( 'NONE', #1548, 1000.000000000000000 ) ;
#2867 = EDGE_CURVE ( 'NONE', #3284, #1747, #2847, .T. ) ;
#2868 = EDGE_CURVE ( 'NONE', #3275, #2710, #2579, .T. ) ;
#2869 = ORIENTED_EDGE ( 'NONE', *, *, #4453, .T. ) ;
#2870 = FACE_OUTER_BOUND ( 'NONE', #2966, .T. ) ;
#2871 = CARTESIAN_POINT ( 'NONE',  ( -47.14999999999999858, -27.00000000000000000, 26.39499999999999957 ) ) ;
#2872 = CIRCLE ( 'NONE', #3164, 2.000000000000000000 ) ;
#2873 = CARTESIAN_POINT ( 'NONE',  ( -16.12500000000000000, -8.163947467688508652, 31.89499999999999957 ) ) ;
#2874 = ORIENTED_EDGE ( 'NONE', *, *, #3917, .F. ) ;
#2875 = CYLINDRICAL_SURFACE ( 'NONE', #4336, 0.4999999999999995559 ) ;
#2876 = DIRECTION ( 'NONE',  ( -0.3236155771181853935, -0.3236155771181853935, -0.8891264907159878161 ) ) ;
#2877 = DIRECTION ( 'NONE',  ( 0.000000000000000000, 0.000000000000000000, 1.000000000000000000 ) ) ;
#2878 = VERTEX_POINT ( 'NONE', #738 ) ;
#2879 = DIRECTION ( 'NONE',  ( 0.000000000000000000, 0.000000000000000000, -1.000000000000000000 ) ) ;
#2880 = DIRECTION ( 'NONE',  ( 1.000000000000000000, 0.000000000000000000, 0.000000000000000000 ) ) ;
#2881 = VERTEX_POINT ( 'NONE', #2155 ) ;
#2882 = DIRECTION ( 'NONE',  ( -1.000000000000000000, 0.000000000000000000, 0.000000000000000000 ) ) ;
#2883 = VERTEX_POINT ( 'NONE', #4229 ) ;
#2884 = DIRECTION ( 'NONE',  ( 0.000000000000000000, -1.000000000000000000, 0.000000000000000000 ) ) ;
#2885 = ORIENTED_EDGE ( 'NONE', *, *, #335, .T. ) ;
#2886 = FACE_OUTER_BOUND ( 'NONE', #167, .T. ) ;
#2887 = DIRECTION ( 'NONE',  ( 1.000000000000000000, 0.000000000000000000, 0.000000000000000000 ) ) ;
#2888 = DIRECTION ( 'NONE',  ( 0.000000000000000000, 1.000000000000000000, 0.000000000000000000 ) ) ;
#2889 = ORIENTED_EDGE ( 'NONE', *, *, #17, .T. ) ;
#2890 = PLANE ( 'NONE',  #1124 ) ;
#2891 = CARTESIAN_POINT ( 'NONE',  ( -36.75000001167654773, -42.59999974868470218, 32.39500000000000313 ) ) ;
#2892 = CARTESIAN_POINT ( 'NONE',  ( -10.03417171379614281, -21.33815357807328184, 28.48511166785298343 ) ) ;
#2893 = ORIENTED_EDGE ( 'NONE', *, *, #3027, .T. ) ;
#2894 = DIRECTION ( 'NONE',  ( 0.3420201433256694901, 4.188538737677000393E-17, -0.9396926207859080948 ) ) ;
#2895 = LINE ( 'NONE', #1461, #4451 ) ;
#2896 = VECTOR ( 'NONE', #2397, 1000.000000000000000 ) ;
#2897 = EDGE_CURVE ( 'NONE', #4165, #2685, #3827, .T. ) ;
#2898 = FACE_OUTER_BOUND ( 'NONE', #530, .T. ) ;
#2899 = ADVANCED_FACE ( 'NONE', ( #3220 ), #2786, .F. ) ;
#2900 = ORIENTED_EDGE ( 'NONE', *, *, #2565, .T. ) ;
#2901 = CARTESIAN_POINT ( 'NONE',  ( -9.345374184267690509, -32.86198687269269669, 28.63325210476639882 ) ) ;
#2902 = ORIENTED_EDGE ( 'NONE', *, *, #844, .T. ) ;
#2903 = LINE ( 'NONE', #1466, #708 ) ;
#2904 = VERTEX_POINT ( 'NONE', #2524 ) ;
#2905 = DIRECTION ( 'NONE',  ( 0.000000000000000000, 0.000000000000000000, 1.000000000000000000 ) ) ;
#2906 = VECTOR ( 'NONE', #4411, 1000.000000000000000 ) ;
#2907 = FACE_OUTER_BOUND ( 'NONE', #3044, .T. ) ;
#2908 = CARTESIAN_POINT ( 'NONE',  ( -9.714500168379100131, -30.67499953231175169, 25.10999999999999943 ) ) ;
#2909 = EDGE_CURVE ( 'NONE', #4573, #3235, #3887, .T. ) ;
#2910 = AXIS2_PLACEMENT_3D ( 'NONE', #1847, #3281, #103 ) ;
#2911 = ADVANCED_FACE ( 'NONE', ( #3482 ), #302, .F. ) ;
#2912 = VERTEX_POINT ( 'NONE', #3614 ) ;
#2913 = DIRECTION ( 'NONE',  ( -0.9999999999999998890, -1.075146876446283726E-08, 0.000000000000000000 ) ) ;
#2914 = CARTESIAN_POINT ( 'NONE',  ( -51.60000000000000142, -26.99999953231175098, 23.50999999999999801 ) ) ;
#2915 = EDGE_CURVE ( 'NONE', #2465, #1753, #1545, .T. ) ;
#2916 = AXIS2_PLACEMENT_3D ( 'NONE', #831, #2245, #3312 ) ;
#2917 = EDGE_CURVE ( 'NONE', #2074, #1327, #508, .T. ) ;
#2918 = LINE ( 'NONE', #1834, #1678 ) ;
#2919 = ORIENTED_EDGE ( 'NONE', *, *, #3470, .T. ) ;
#2920 = DIRECTION ( 'NONE',  ( -1.000000000000000000, 0.000000000000000000, 0.000000000000000000 ) ) ;
#2921 = CARTESIAN_POINT ( 'NONE',  ( -7.250000251165360510, -34.75000053661074872, 23.50999999999999801 ) ) ;
#2922 = VECTOR ( 'NONE', #3622, 1000.000000000000000 ) ;
#2923 = EDGE_CURVE ( 'NONE', #2950, #1262, #1869, .T. ) ;
#2924 = VECTOR ( 'NONE', #4309, 1000.000000000000000 ) ;
#2925 = CYLINDRICAL_SURFACE ( 'NONE', #4403, 0.5000000000000004441 ) ;
#2926 = ORIENTED_EDGE ( 'NONE', *, *, #1261, .F. ) ;
#2927 = DIRECTION ( 'NONE',  ( 0.9999999999999998890, -1.075146298205147952E-08, 0.000000000000000000 ) ) ;
#2928 = EDGE_LOOP ( 'NONE', ( #863, #4023, #2974, #1006 ) ) ;
#2929 = CARTESIAN_POINT ( 'NONE',  ( -9.412821750177631230, -21.15276834103367776, 28.69667848647310393 ) ) ;
#2930 = AXIS2_PLACEMENT_3D ( 'NONE', #2166, #1424, #3538 ) ;
#2931 = CARTESIAN_POINT ( 'NONE',  ( -27.00000000000000000, -26.99999953231175098, 31.89499999999999957 ) ) ;
#2932 = AXIS2_PLACEMENT_3D ( 'NONE', #1208, #4398, #472 ) ;
#2933 = ORIENTED_EDGE ( 'NONE', *, *, #2622, .F. ) ;
#2934 = CARTESIAN_POINT ( 'NONE',  ( -42.50000028852669942, -35.00000017336724767, 23.50999999999999801 ) ) ;
#2935 = DIRECTION ( 'NONE',  ( 1.000000000000000000, -1.387778780781444413E-14, 0.000000000000000000 ) ) ;
#2936 = LINE ( 'NONE', #3975, #2782 ) ;
#2937 = VECTOR ( 'NONE', #2460, 1000.000000000000000 ) ;
#2938 = AXIS2_PLACEMENT_3D ( 'NONE', #4037, #3695, #2237 ) ;
#2939 = EDGE_LOOP ( 'NONE', ( #2057, #3339, #3214, #2694 ) ) ;
#2940 = CARTESIAN_POINT ( 'NONE',  ( -36.75000001167654773, -11.90000024593959971, 23.50999999999999801 ) ) ;
#2941 = DIRECTION ( 'NONE',  ( 0.000000000000000000, 0.000000000000000000, -1.000000000000000000 ) ) ;
#2942 = VECTOR ( 'NONE', #1550, 1000.000000000000000 ) ;
#2943 = LINE ( 'NONE', #1477, #2495 ) ;
#2944 = ORIENTED_EDGE ( 'NONE', *, *, #1766, .T. ) ;
#2945 = FACE_OUTER_BOUND ( 'NONE', #1478, .T. ) ;
#2946 = CYLINDRICAL_SURFACE ( 'NONE', #2629, 3.124999999999999112 ) ;
#2947 = EDGE_CURVE ( 'NONE', #993, #4395, #1174, .T. ) ;
#2948 = PLANE ( 'NONE',  #712 ) ;
#2949 = DIRECTION ( 'NONE',  ( 0.000000000000000000, 0.000000000000000000, 1.000000000000000000 ) ) ;
#2950 = VERTEX_POINT ( 'NONE', #1830 ) ;
#2951 = LINE ( 'NONE', #1931, #2922 ) ;
#2952 = ORIENTED_EDGE ( 'NONE', *, *, #2790, .F. ) ;
#2953 = CARTESIAN_POINT ( 'NONE',  ( -9.521773601780589402, -21.22516712055389831, 28.28045326974070051 ) ) ;
#2954 = DIRECTION ( 'NONE',  ( 0.000000000000000000, 0.000000000000000000, 1.000000000000000000 ) ) ;
#2955 = EDGE_LOOP ( 'NONE', ( #640, #3558, #4482, #1625 ) ) ;
#2956 = CARTESIAN_POINT ( 'NONE',  ( -34.00000033153249746, -15.75000037226925009, 23.50999999999999801 ) ) ;
#2957 = DIRECTION ( 'NONE',  ( 0.7071067811865431318, 0.000000000000000000, 0.7071067811865520136 ) ) ;
#2958 = CARTESIAN_POINT ( 'NONE',  ( -36.74999998103489673, -8.450000245939598642, 23.50999999999999801 ) ) ;
#2959 = ADVANCED_FACE ( 'NONE', ( #433 ), #3265, .F. ) ;
#2960 = ADVANCED_FACE ( 'NONE', ( #1218 ), #1151, .F. ) ;
#2961 = ORIENTED_EDGE ( 'NONE', *, *, #4561, .T. ) ;
#2962 = CARTESIAN_POINT ( 'NONE',  ( -21.15000001490199821, -9.550000413662390386, 32.39500000000000313 ) ) ;
#2963 = DIRECTION ( 'NONE',  ( 0.000000000000000000, -1.000000000000000000, 0.000000000000000000 ) ) ;
#2964 = EDGE_LOOP ( 'NONE', ( #3599, #1544, #1298, #2121, #1996, #3253 ) ) ;
#2965 = LINE ( 'NONE', #3682, #4187 ) ;
#2966 = EDGE_LOOP ( 'NONE', ( #1105, #2919, #2952, #1002 ) ) ;
#2967 = DIRECTION ( 'NONE',  ( 1.000000000000000000, 0.000000000000000000, 0.000000000000000000 ) ) ;
#2968 = CARTESIAN_POINT ( 'NONE',  ( -21.15000001490199821, -44.44999958633759007, 23.50999999999999801 ) ) ;
#2969 = EDGE_CURVE ( 'NONE', #169, #1414, #4045, .T. ) ;
#2970 = DIRECTION ( 'NONE',  ( 0.000000000000000000, 0.000000000000000000, 1.000000000000000000 ) ) ;
#2971 = CARTESIAN_POINT ( 'NONE',  ( -13.71450016837912145, -21.12500053661070254, 28.89499999999999957 ) ) ;
#2972 = VERTEX_POINT ( 'NONE', #2598 ) ;
#2973 = CARTESIAN_POINT ( 'NONE',  ( -36.24999998103490384, -47.39999974868469934, 32.39500000000000313 ) ) ;
#2974 = ORIENTED_EDGE ( 'NONE', *, *, #1989, .T. ) ;
#2975 = CARTESIAN_POINT ( 'NONE',  ( -15.21450016837910013, -30.87500053661069899, 28.89499999999999957 ) ) ;
#2976 = CARTESIAN_POINT ( 'NONE',  ( -48.75000000000000000, -27.00000000000000000, 23.50999999999999801 ) ) ;
#2977 = ORIENTED_EDGE ( 'NONE', *, *, #434, .T. ) ;
#2978 = CARTESIAN_POINT ( 'NONE',  ( -21.15000001490199821, -44.44999958633759007, 23.50999999999999801 ) ) ;
#2979 = CARTESIAN_POINT ( 'NONE',  ( -10.75000025116536051, -36.21664509781734154, 25.63500000000001222 ) ) ;
#2980 = CARTESIAN_POINT ( 'NONE',  ( -47.00000028852669942, -35.00000013573709623, 23.50999999999999801 ) ) ;
#2981 = DIRECTION ( 'NONE',  ( -0.9999999999999998890, 1.075146108214253827E-08, 0.000000000000000000 ) ) ;
#2982 = DIRECTION ( 'NONE',  ( 0.000000000000000000, 0.000000000000000000, 1.000000000000000000 ) ) ;
#2983 = EDGE_LOOP ( 'NONE', ( #2902, #75, #3980 ) ) ;
#2984 = VECTOR ( 'NONE', #3148, 1000.000000000000114 ) ;
#2985 = CIRCLE ( 'NONE', #2316, 2.000000000000000000 ) ;
#2986 = CARTESIAN_POINT ( 'NONE',  ( -9.504354851118828051, -21.14461886809181479, 28.75007331895702123 ) ) ;
#2987 = VERTEX_POINT ( 'NONE', #3930 ) ;
#2988 = CARTESIAN_POINT ( 'NONE',  ( -36.75000001167654773, -9.550000245939591181, 32.39500000000000313 ) ) ;
#2989 = CARTESIAN_POINT ( 'NONE',  ( -36.75000001167654773, -42.59999974868470218, 23.50999999999999801 ) ) ;
#2990 = AXIS2_PLACEMENT_3D ( 'NONE', #3350, #137, #4341 ) ;
#2991 = FACE_OUTER_BOUND ( 'NONE', #1731, .T. ) ;
#2992 = VERTEX_POINT ( 'NONE', #4363 ) ;
#2993 = DIRECTION ( 'NONE',  ( 7.653187284551810764E-15, -1.000000000000000000, 0.000000000000000000 ) ) ;
#2994 = ORIENTED_EDGE ( 'NONE', *, *, #1582, .F. ) ;
#2995 = CARTESIAN_POINT ( 'NONE',  ( -10.18847290603682154, -21.49412658564039802, 28.40801366530709871 ) ) ;
#2996 = AXIS2_PLACEMENT_3D ( 'NONE', #3641, #469, #1230 ) ;
#2997 = DIRECTION ( 'NONE',  ( 1.000000000000000000, 0.000000000000000000, 0.000000000000000000 ) ) ;
#2998 = ORIENTED_EDGE ( 'NONE', *, *, #4400, .F. ) ;
#2999 = CARTESIAN_POINT ( 'NONE',  ( -50.92487075201550084, -24.09990306851174680, 31.89499999999999957 ) ) ;
#3000 = VECTOR ( 'NONE', #2474, 1000.000000000000000 ) ;
#3001 = CARTESIAN_POINT ( 'NONE',  ( -21.74999998103490029, -45.54999959278850241, 23.50999999999999801 ) ) ;
#3002 = EDGE_CURVE ( 'NONE', #3235, #1987, #136, .T. ) ;
#3003 = ADVANCED_FACE ( 'NONE', ( #852 ), #810, .F. ) ;
#3004 = EDGE_CURVE ( 'NONE', #3284, #415, #2219, .T. ) ;
#3005 = CIRCLE ( 'NONE', #1009, 1.875000000000000000 ) ;
#3006 = LINE ( 'NONE', #2666, #2906 ) ;
#3007 = CARTESIAN_POINT ( 'NONE',  ( -50.62488847180560469, -29.50008364225890389, 31.89499999999999957 ) ) ;
#3008 = VECTOR ( 'NONE', #3272, 1000.000000000000114 ) ;
#3009 = VECTOR ( 'NONE', #4257, 1000.000000000000114 ) ;
#3010 = VECTOR ( 'NONE', #743, 1000.000000000000000 ) ;
#3011 = FACE_OUTER_BOUND ( 'NONE', #2676, .T. ) ;
#3012 = VERTEX_POINT ( 'NONE', #1475 ) ;
#3013 = DIRECTION ( 'NONE',  ( 0.000000000000000000, 0.000000000000000000, -1.000000000000000000 ) ) ;
#3014 = CYLINDRICAL_SURFACE ( 'NONE', #3515, 0.4999999999999995559 ) ;
#3015 = AXIS2_PLACEMENT_3D ( 'NONE', #1225, #1571, #141 ) ;
#3016 = CONICAL_SURFACE ( 'NONE', #3677, 1.000000000000000888, 0.3490658503988667838 ) ;
#3017 = DIRECTION ( 'NONE',  ( 1.000000000000000000, 0.000000000000000000, 0.000000000000000000 ) ) ;
#3018 = FACE_OUTER_BOUND ( 'NONE', #1182, .T. ) ;
#3019 = ORIENTED_EDGE ( 'NONE', *, *, #3196, .F. ) ;
#3020 = CARTESIAN_POINT ( 'NONE',  ( -24.00000033153250101, -38.25000032926340054, 23.50999999999999801 ) ) ;
#3021 = VERTEX_POINT ( 'NONE', #4340 ) ;
#3022 = CARTESIAN_POINT ( 'NONE',  ( -17.35304545186550129, -4.370455393150895596, -46.06930726875629745 ) ) ;
#3023 = DIRECTION ( 'NONE',  ( 0.7019683925133171076, 0.08509039847287681868, 0.7071067811865451302 ) ) ;
#3024 = ORIENTED_EDGE ( 'NONE', *, *, #3341, .F. ) ;
#3025 = CARTESIAN_POINT ( 'NONE',  ( -43.50000011650329412, -19.00000017336725122, 26.25747741945460234 ) ) ;
#3026 = DIRECTION ( 'NONE',  ( 0.000000000000000000, 0.000000000000000000, -1.000000000000000000 ) ) ;
#3027 = EDGE_CURVE ( 'NONE', #4281, #1935, #3654, .T. ) ;
#3028 = LINE ( 'NONE', #3349, #1871 ) ;
#3029 = CARTESIAN_POINT ( 'NONE',  ( -36.74999998103489673, -45.54999975406040846, 23.50999999999999801 ) ) ;
#3030 = CARTESIAN_POINT ( 'NONE',  ( -7.250000251165360510, -36.67314613750259866, 25.51000000000000156 ) ) ;
#3031 = VERTEX_POINT ( 'NONE', #3285 ) ;
#3032 = CARTESIAN_POINT ( 'NONE',  ( -16.12500000000000000, -45.83605253231170451, 31.89499999999999957 ) ) ;
#3033 = VERTEX_POINT ( 'NONE', #1896 ) ;
#3034 = DIRECTION ( 'NONE',  ( 0.000000000000000000, 0.000000000000000000, -1.000000000000000000 ) ) ;
#3035 = CARTESIAN_POINT ( 'NONE',  ( -10.21450023665087947, -32.37500053661069899, 28.39499999999999957 ) ) ;
#3036 = DIRECTION ( 'NONE',  ( 0.000000000000000000, 0.000000000000000000, 1.000000000000000000 ) ) ;
#3037 = VERTEX_POINT ( 'NONE', #460 ) ;
#3038 = DIRECTION ( 'NONE',  ( -1.000000000000000000, 0.000000000000000000, 0.000000000000000000 ) ) ;
#3039 = ORIENTED_EDGE ( 'NONE', *, *, #3644, .T. ) ;
#3040 = EDGE_CURVE ( 'NONE', #1969, #1177, #3384, .T. ) ;
#3041 = CARTESIAN_POINT ( 'NONE',  ( -9.759633537988326779, -37.25000053661074872, 25.92228097772861517 ) ) ;
#3042 = EDGE_CURVE ( 'NONE', #594, #69, #2618, .T. ) ;
#3043 = CARTESIAN_POINT ( 'NONE',  ( -36.75000001167654773, -44.44999975406039994, 23.50999999999999801 ) ) ;
#3044 = EDGE_LOOP ( 'NONE', ( #4438, #744, #3024, #2463, #3998, #3608 ) ) ;
#3045 = CARTESIAN_POINT ( 'NONE',  ( -6.785500168379100749, -21.12500053661070254, 25.10999999999999943 ) ) ;
#3046 = ORIENTED_EDGE ( 'NONE', *, *, #1329, .T. ) ;
#3047 = CARTESIAN_POINT ( 'NONE',  ( -50.62488857932370223, -24.49991643837219968, 26.39499999999999957 ) ) ;
#3048 = EDGE_CURVE ( 'NONE', #4499, #1699, #1983, .T. ) ;
#3049 = DIRECTION ( 'NONE',  ( 1.000000000000000000, 0.000000000000000000, 0.000000000000000000 ) ) ;
#3050 = CARTESIAN_POINT ( 'NONE',  ( -6.285500168379099861, -25.12500053661070254, 23.50999999999999801 ) ) ;
#3051 = EDGE_CURVE ( 'NONE', #819, #1097, #2200, .T. ) ;
#3052 = CARTESIAN_POINT ( 'NONE',  ( -21.15000000307539807, -45.54999958633759860, 23.50999999999999801 ) ) ;
#3053 = ADVANCED_FACE ( 'NONE', ( #3995 ), #2890, .F. ) ;
#3054 = EDGE_LOOP ( 'NONE', ( #2862, #2425 ) ) ;
#3055 = DIRECTION ( 'NONE',  ( 0.000000000000000000, 0.000000000000000000, 1.000000000000000000 ) ) ;
#3056 = VERTEX_POINT ( 'NONE', #4428 ) ;
#3057 = DIRECTION ( 'NONE',  ( -1.000000000000000000, 0.000000000000000000, 0.000000000000000000 ) ) ;
#3058 = CIRCLE ( 'NONE', #904, 2.000000000000000000 ) ;
#3059 = EDGE_CURVE ( 'NONE', #3844, #233, #431, .T. ) ;
#3060 = DIRECTION ( 'NONE',  ( 0.000000000000000000, -1.000000000000000000, 0.000000000000000000 ) ) ;
#3061 = ADVANCED_FACE ( 'NONE', ( #204 ), #4159, .T. ) ;
#3062 = AXIS2_PLACEMENT_3D ( 'NONE', #1838, #699, #2118 ) ;
#3063 = EDGE_CURVE ( 'NONE', #3200, #2639, #2011, .T. ) ;
#3064 = EDGE_CURVE ( 'NONE', #3882, #2904, #3211, .T. ) ;
#3065 = CARTESIAN_POINT ( 'NONE',  ( -5.285500236650880979, -26.12500053661069899, 32.39500000000000313 ) ) ;
#3066 = EDGE_LOOP ( 'NONE', ( #2834, #2453, #2468, #2038 ) ) ;
#3067 = LINE ( 'NONE', #1648, #3147 ) ;
#3068 = EDGE_LOOP ( 'NONE', ( #4452, #1363, #953, #1679 ) ) ;
#3069 = DIRECTION ( 'NONE',  ( 1.000000000000000000, 0.000000000000000000, 0.000000000000000000 ) ) ;
#3070 = VECTOR ( 'NONE', #4186, 1000.000000000000000 ) ;
#3071 = CARTESIAN_POINT ( 'NONE',  ( -12.52600693663782039, -46.26949679616760136, 31.89499999999999957 ) ) ;
#3072 = ORIENTED_EDGE ( 'NONE', *, *, #1361, .F. ) ;
#3073 = DIRECTION ( 'NONE',  ( 0.000000000000000000, 0.000000000000000000, 1.000000000000000000 ) ) ;
#3074 = VERTEX_POINT ( 'NONE', #526 ) ;
#3075 = LINE ( 'NONE', #1033, #2120 ) ;
#3076 = VECTOR ( 'NONE', #2927, 1000.000000000000114 ) ;
#3077 = AXIS2_PLACEMENT_3D ( 'NONE', #2130, #4477, #2738 ) ;
#3078 = DIRECTION ( 'NONE',  ( 0.000000000000000000, -1.000000000000000000, 0.000000000000000000 ) ) ;
#3079 = FACE_OUTER_BOUND ( 'NONE', #3804, .T. ) ;
#3080 = AXIS2_PLACEMENT_3D ( 'NONE', #2643, #198, #153 ) ;
#3081 = VERTEX_POINT ( 'NONE', #1286 ) ;
#3082 = CARTESIAN_POINT ( 'NONE',  ( -47.00000011650330123, -19.00000013573709978, 23.50999999999999801 ) ) ;
#3083 = VECTOR ( 'NONE', #2227, 1000.000000000000000 ) ;
#3084 = ORIENTED_EDGE ( 'NONE', *, *, #457, .F. ) ;
#3085 = DIRECTION ( 'NONE',  ( 0.000000000000000000, -1.000000000000000000, 0.000000000000000000 ) ) ;
#3086 = CARTESIAN_POINT ( 'NONE',  ( -10.21450023665088125, -32.43707884626348914, 28.39500000000000668 ) ) ;
#3087 = AXIS2_PLACEMENT_3D ( 'NONE', #4366, #3635, #4022 ) ;
#3088 = DIRECTION ( 'NONE',  ( 0.000000000000000000, 0.000000000000000000, 1.000000000000000000 ) ) ;
#3089 = ORIENTED_EDGE ( 'NONE', *, *, #4555, .T. ) ;
#3090 = FACE_BOUND ( 'NONE', #1954, .T. ) ;
#3091 = ORIENTED_EDGE ( 'NONE', *, *, #2376, .T. ) ;
#3092 = LINE ( 'NONE', #2725, #692 ) ;
#3093 = AXIS2_PLACEMENT_3D ( 'NONE', #2956, #2681, #3672 ) ;
#3094 = EDGE_CURVE ( 'NONE', #4077, #1849, #2645, .T. ) ;
#3095 = CARTESIAN_POINT ( 'NONE',  ( -8.890076968242270894, -37.25000053661075583, 26.13550888735556654 ) ) ;
#3096 = AXIS2_PLACEMENT_3D ( 'NONE', #2571, #783, #1566 ) ;
#3097 = VECTOR ( 'NONE', #3764, 1000.000000000000000 ) ;
#3098 = PLANE ( 'NONE',  #3198 ) ;
#3099 = ORIENTED_EDGE ( 'NONE', *, *, #2428, .F. ) ;
#3100 = CARTESIAN_POINT ( 'NONE',  ( -24.00000033153250101, -15.75000037226925009, 23.50999999999999801 ) ) ;
#3101 = ORIENTED_EDGE ( 'NONE', *, *, #3230, .F. ) ;
#3102 = CARTESIAN_POINT ( 'NONE',  ( -9.393551473325823409, -21.15815742261357357, 28.53690666883244376 ) ) ;
#3103 = DIRECTION ( 'NONE',  ( 0.000000000000000000, 1.000000000000000000, 0.000000000000000000 ) ) ;
#3104 = LINE ( 'NONE', #4227, #1821 ) ;
#3105 = EDGE_CURVE ( 'NONE', #233, #2279, #3006, .T. ) ;
#3106 = ORIENTED_EDGE ( 'NONE', *, *, #4433, .F. ) ;
#3107 = ADVANCED_FACE ( 'NONE', ( #3372 ), #4448, .T. ) ;
#3108 = CARTESIAN_POINT ( 'NONE',  ( -16.12500000000000000, -8.163947467688508652, 31.89499999999999957 ) ) ;
#3109 = ORIENTED_EDGE ( 'NONE', *, *, #803, .T. ) ;
#3110 = CARTESIAN_POINT ( 'NONE',  ( -7.250000251165360510, -37.25000053661074872, 23.50999999999999801 ) ) ;
#3111 = CARTESIAN_POINT ( 'NONE',  ( -9.714500168379100131, -30.67499953231175169, 25.10999999999999943 ) ) ;
#3112 = DIRECTION ( 'NONE',  ( 0.000000000000000000, 0.000000000000000000, -1.000000000000000000 ) ) ;
#3113 = ORIENTED_EDGE ( 'NONE', *, *, #4331, .T. ) ;
#3114 = DIRECTION ( 'NONE',  ( 0.000000000000000000, 0.000000000000000000, 1.000000000000000000 ) ) ;
#3115 = ORIENTED_EDGE ( 'NONE', *, *, #398, .T. ) ;
#3116 = LINE ( 'NONE', #2748, #1058 ) ;
#3117 = EDGE_CURVE ( 'NONE', #501, #951, #3058, .T. ) ;
#3118 = DIRECTION ( 'NONE',  ( 0.000000000000000000, 0.000000000000000000, -1.000000000000000000 ) ) ;
#3119 = EDGE_CURVE ( 'NONE', #1842, #1044, #3028, .T. ) ;
#3120 = LINE ( 'NONE', #590, #2234 ) ;
#3121 = VERTEX_POINT ( 'NONE', #948 ) ;
#3122 = DIRECTION ( 'NONE',  ( 1.000000000000000000, 0.000000000000000000, 0.000000000000000000 ) ) ;
#3123 = VERTEX_POINT ( 'NONE', #3745 ) ;
#3124 = DIRECTION ( 'NONE',  ( 0.000000000000000000, -1.000000000000000000, 0.000000000000000000 ) ) ;
#3125 = EDGE_CURVE ( 'NONE', #1414, #3033, #914, .T. ) ;
#3126 = CARTESIAN_POINT ( 'NONE',  ( -36.74999998103489673, -47.39999974868469934, 32.39500000000000313 ) ) ;
#3127 = DIRECTION ( 'NONE',  ( -1.000000000000000000, 7.401486830834377462E-15, 0.000000000000000000 ) ) ;
#3128 = EDGE_LOOP ( 'NONE', ( #4445, #3481, #511, #668 ) ) ;
#3129 = FACE_OUTER_BOUND ( 'NONE', #4264, .T. ) ;
#3130 = EDGE_LOOP ( 'NONE', ( #1309, #3868, #3777, #1643, #1288 ) ) ;
#3131 = CARTESIAN_POINT ( 'NONE',  ( -7.250000251165360510, -36.67314613750259866, 25.51000000000000156 ) ) ;
#3132 = DIRECTION ( 'NONE',  ( 0.000000000000000000, 0.000000000000000000, 1.000000000000000000 ) ) ;
#3133 = CIRCLE ( 'NONE', #4231, 1.599999999999997202 ) ;
#3134 = DIRECTION ( 'NONE',  ( 0.000000000000000000, 0.000000000000000000, -1.000000000000000000 ) ) ;
#3135 = ORIENTED_EDGE ( 'NONE', *, *, #844, .F. ) ;
#3136 = CYLINDRICAL_SURFACE ( 'NONE', #406, 0.5000000000000004441 ) ;
#3137 = ORIENTED_EDGE ( 'NONE', *, *, #1938, .T. ) ;
#3138 = DIRECTION ( 'NONE',  ( -1.000000000000000000, 0.000000000000000000, 0.000000000000000000 ) ) ;
#3139 = CIRCLE ( 'NONE', #4161, 1.600000000000000755 ) ;
#3140 = ORIENTED_EDGE ( 'NONE', *, *, #155, .F. ) ;
#3141 = DIRECTION ( 'NONE',  ( 0.000000000000000000, 0.000000000000000000, -1.000000000000000000 ) ) ;
#3142 = CIRCLE ( 'NONE', #2403, 0.4999999999999995559 ) ;
#3143 = ORIENTED_EDGE ( 'NONE', *, *, #255, .F. ) ;
#3144 = LINE ( 'NONE', #1380, #413 ) ;
#3145 = AXIS2_PLACEMENT_3D ( 'NONE', #522, #541, #100 ) ;
#3146 = ORIENTED_EDGE ( 'NONE', *, *, #4533, .T. ) ;
#3147 = VECTOR ( 'NONE', #1326, 1000.000000000000114 ) ;
#3148 = DIRECTION ( 'NONE',  ( -1.075145969728095881E-08, 0.9999999999999998890, 0.000000000000000000 ) ) ;
#3149 = PLANE ( 'NONE',  #43 ) ;
#3150 = ADVANCED_FACE ( 'NONE', ( #244 ), #620, .F. ) ;
#3151 = EDGE_CURVE ( 'NONE', #4469, #1849, #3954, .T. ) ;
#3152 = AXIS2_PLACEMENT_3D ( 'NONE', #275, #4504, #246 ) ;
#3153 = VERTEX_POINT ( 'NONE', #2309 ) ;
#3154 = CARTESIAN_POINT ( 'NONE',  ( -9.464329733490352226, -32.80848154524584004, 28.39550301528587539 ) ) ;
#3155 = DIRECTION ( 'NONE',  ( 1.000000000000000000, 0.000000000000000000, 0.000000000000000000 ) ) ;
#3156 = VECTOR ( 'NONE', #170, 1000.000000000000000 ) ;
#3157 = AXIS2_PLACEMENT_3D ( 'NONE', #3065, #2317, #3017 ) ;
#3158 = CARTESIAN_POINT ( 'NONE',  ( -21.15000001490199821, -9.550000413662390386, 23.50999999999999801 ) ) ;
#3159 = ORIENTED_EDGE ( 'NONE', *, *, #1485, .F. ) ;
#3160 = CARTESIAN_POINT ( 'NONE',  ( -21.15000000307539807, -45.54999958633759860, 23.50999999999999801 ) ) ;
#3161 = EDGE_LOOP ( 'NONE', ( #3497, #3479, #4189 ) ) ;
#3162 = DIRECTION ( 'NONE',  ( 0.000000000000000000, 0.000000000000000000, 1.000000000000000000 ) ) ;
#3163 = CIRCLE ( 'NONE', #4476, 2.000000000000000000 ) ;
#3164 = AXIS2_PLACEMENT_3D ( 'NONE', #4081, #1237, #3325 ) ;
#3165 = ORIENTED_EDGE ( 'NONE', *, *, #2915, .T. ) ;
#3166 = CARTESIAN_POINT ( 'NONE',  ( -10.21450023661815898, -32.44046217738734583, 28.39499999999999957 ) ) ;
#3167 = VERTEX_POINT ( 'NONE', #3400 ) ;
#3168 = CARTESIAN_POINT ( 'NONE',  ( -9.371397792621154466, -21.15020989111566863, 28.58138045737383237 ) ) ;
#3169 = AXIS2_PLACEMENT_3D ( 'NONE', #439, #162, #2920 ) ;
#3170 = CIRCLE ( 'NONE', #1760, 0.5000000000000004441 ) ;
#3171 = ORIENTED_EDGE ( 'NONE', *, *, #944, .F. ) ;
#3172 = PLANE ( 'NONE',  #762 ) ;
#3173 = EDGE_CURVE ( 'NONE', #2172, #2570, #2378, .T. ) ;
#3174 = CARTESIAN_POINT ( 'NONE',  ( -21.75000003694249884, -42.09999959278849957, 23.50999999999999801 ) ) ;
#3175 = UNCERTAINTY_MEASURE_WITH_UNIT (LENGTH_MEASURE( 1.000000000000000082E-05 ), #1253, 'distance_accuracy_value', 'NONE');
#3176 = EDGE_LOOP ( 'NONE', ( #2097, #4313, #800, #2933 ) ) ;
#3177 = CARTESIAN_POINT ( 'NONE',  ( -9.479308291774104944, -32.79946056581755442, 28.36557944101921436 ) ) ;
#3178 = DIRECTION ( 'NONE',  ( 0.000000000000000000, 0.000000000000000000, -1.000000000000000000 ) ) ;
#3179 = FACE_OUTER_BOUND ( 'NONE', #861, .T. ) ;
#3180 = ORIENTED_EDGE ( 'NONE', *, *, #317, .T. ) ;
#3181 = LINE ( 'NONE', #4567, #3009 ) ;
#3182 = VERTEX_POINT ( 'NONE', #4041 ) ;
#3183 = CARTESIAN_POINT ( 'NONE',  ( -5.285500236650880979, -28.37500053661070254, 23.50999999999999801 ) ) ;
#3184 = VERTEX_POINT ( 'NONE', #1635 ) ;
#3185 = DIRECTION ( 'NONE',  ( 1.000000000000000000, 0.000000000000000000, 0.000000000000000000 ) ) ;
#3186 = ORIENTED_EDGE ( 'NONE', *, *, #2428, .T. ) ;
#3187 = CARTESIAN_POINT ( 'NONE',  ( -10.08828663228750067, -32.62681001800545033, 28.45810680218164990 ) ) ;
#3188 = ORIENTED_EDGE ( 'NONE', *, *, #779, .F. ) ;
#3189 = CARTESIAN_POINT ( 'NONE',  ( -12.52600693663782039, -46.26949679616760136, -46.06930726875629745 ) ) ;
#3190 = ORIENTED_EDGE ( 'NONE', *, *, #2231, .F. ) ;
#3191 = DIRECTION ( 'NONE',  ( -1.000000000000000000, 0.000000000000000000, 0.000000000000000000 ) ) ;
#3192 = CARTESIAN_POINT ( 'NONE',  ( -21.74999998103490029, -6.600000401835780295, 23.50999999999999801 ) ) ;
#3193 = ORIENTED_EDGE ( 'NONE', *, *, #2296, .F. ) ;
#3194 = CARTESIAN_POINT ( 'NONE',  ( -48.75000000000000000, -27.00000000000000000, 26.39499999999999957 ) ) ;
#3195 = CARTESIAN_POINT ( 'NONE',  ( -7.602457765227970121, -34.75000053661074872, 25.51000000000000156 ) ) ;
#3196 = EDGE_CURVE ( 'NONE', #2912, #3844, #3432, .T. ) ;
#3197 = CARTESIAN_POINT ( 'NONE',  ( -8.316123613174918106, -37.25000053661075583, 25.96021576496641359 ) ) ;
#3198 = AXIS2_PLACEMENT_3D ( 'NONE', #2771, #3762, #3832 ) ;
#3199 = CYLINDRICAL_SURFACE ( 'NONE', #1015, 1.600000000000000755 ) ;
#3200 = VERTEX_POINT ( 'NONE', #547 ) ;
#3201 = PLANE ( 'NONE',  #2850 ) ;
#3202 = B_SPLINE_CURVE_WITH_KNOTS ( 'NONE', 3,
 ( #4572, #1400, #2187, #2466 ),
 .UNSPECIFIED., .F., .F.,
 ( 4, 4 ),
 ( 0.000000000000000000, 1.000000000000000000 ),
 .UNSPECIFIED. ) ;
#3203 = ORIENTED_EDGE ( 'NONE', *, *, #3495, .T. ) ;
#3204 = PLANE ( 'NONE',  #247 ) ;
#3205 = ADVANCED_FACE ( 'NONE', ( #872 ), #2287, .F. ) ;
#3206 = EDGE_CURVE ( 'NONE', #4201, #3882, #2, .T. ) ;
#3207 = EDGE_CURVE ( 'NONE', #4281, #2878, #2473, .T. ) ;
#3208 = ORIENTED_EDGE ( 'NONE', *, *, #2915, .F. ) ;
#3209 = CARTESIAN_POINT ( 'NONE',  ( -19.25000000000000000, -45.83605253231170451, 31.89499999999999957 ) ) ;
#3210 = ORIENTED_EDGE ( 'NONE', *, *, #4551, .F. ) ;
#3211 = CIRCLE ( 'NONE', #3862, 1.600000000000000755 ) ;
#3212 = CARTESIAN_POINT ( 'NONE',  ( -9.214500236650879472, -21.12500053661070254, 25.10999999999999943 ) ) ;
#3213 = AXIS2_PLACEMENT_3D ( 'NONE', #2169, #477, #3609 ) ;
#3214 = ORIENTED_EDGE ( 'NONE', *, *, #3002, .T. ) ;
#3215 = DIRECTION ( 'NONE',  ( 1.000000000000000000, 0.000000000000000000, 0.000000000000000000 ) ) ;
#3216 = LINE ( 'NONE', #2754, #760 ) ;
#3217 = CARTESIAN_POINT ( 'NONE',  ( -12.22571662411993998, -46.66927889707749699, 31.89499999999999957 ) ) ;
#3218 = AXIS2_PLACEMENT_3D ( 'NONE', #2136, #3550, #1782 ) ;
#3219 = EDGE_LOOP ( 'NONE', ( #56, #3171, #1769, #2900 ) ) ;
#3220 = FACE_OUTER_BOUND ( 'NONE', #4513, .T. ) ;
#3221 = CARTESIAN_POINT ( 'NONE',  ( -7.896855002180616090, -34.75000053661074872, 25.72119226884067444 ) ) ;
#3222 = VECTOR ( 'NONE', #2632, 1000.000000000000000 ) ;
#3223 = CARTESIAN_POINT ( 'NONE',  ( -9.714500168379100131, -21.12500053661070254, 23.50999999999999801 ) ) ;
#3224 = ORIENTED_EDGE ( 'NONE', *, *, #3714, .F. ) ;
#3225 = CARTESIAN_POINT ( 'NONE',  ( -21.74999998103490029, -6.600000401835780295, 23.50999999999999801 ) ) ;
#3226 = DIRECTION ( 'NONE',  ( 1.000000000000000000, -1.075145969728099851E-08, 0.000000000000000000 ) ) ;
#3227 = CIRCLE ( 'NONE', #3080, 1.600000000000000755 ) ;
#3228 = VERTEX_POINT ( 'NONE', #4225 ) ;
#3229 = CARTESIAN_POINT ( 'NONE',  ( -9.730982507506533707, -32.37970279428147791, 28.37851772914446258 ) ) ;
#3230 = EDGE_CURVE ( 'NONE', #3963, #3184, #1426, .T. ) ;
#3231 = VERTEX_POINT ( 'NONE', #1384 ) ;
#3232 = VECTOR ( 'NONE', #4374, 1000.000000000000000 ) ;
#3233 = CYLINDRICAL_SURFACE ( 'NONE', #855, 0.5000000000000004441 ) ;
#3234 = CIRCLE ( 'NONE', #1306, 24.60000000000000142 ) ;
#3235 = VERTEX_POINT ( 'NONE', #4552 ) ;
#3236 = CARTESIAN_POINT ( 'NONE',  ( -36.74999998103489673, -6.600000251315320199, 32.39500000000000313 ) ) ;
#3237 = DIRECTION ( 'NONE',  ( 0.000000000000000000, 0.000000000000000000, -1.000000000000000000 ) ) ;
#3238 =( GEOMETRIC_REPRESENTATION_CONTEXT ( 3 ) GLOBAL_UNCERTAINTY_ASSIGNED_CONTEXT ( ( #2109 ) ) GLOBAL_UNIT_ASSIGNED_CONTEXT ( ( #3924, #428, #450 ) ) REPRESENTATION_CONTEXT ( 'NONE', 'WORKASPACE' ) );
#3239 = LINE ( 'NONE', #64, #924 ) ;
#3240 = VECTOR ( 'NONE', #830, 1000.000000000000114 ) ;
#3241 = ORIENTED_EDGE ( 'NONE', *, *, #3341, .T. ) ;
#3242 = DIRECTION ( 'NONE',  ( 0.000000000000000000, -1.000000000000000000, 0.000000000000000000 ) ) ;
#3243 = EDGE_CURVE ( 'NONE', #3275, #1673, #466, .T. ) ;
#3244 = CARTESIAN_POINT ( 'NONE',  ( -37.25000001490199963, -9.550000240563859322, 23.50999999999999801 ) ) ;
#3245 = EDGE_CURVE ( 'NONE', #2836, #3934, #689, .T. ) ;
#3246 = CARTESIAN_POINT ( 'NONE',  ( -6.285500168379109631, -23.32499953231175027, 25.10999999999999943 ) ) ;
#3247 = ORIENTED_EDGE ( 'NONE', *, *, #823, .F. ) ;
#3248 = CARTESIAN_POINT ( 'NONE',  ( -36.75000001167654773, -42.59999974868470218, 32.39500000000000313 ) ) ;
#3249 = DIRECTION ( 'NONE',  ( 0.000000000000000000, 0.000000000000000000, -1.000000000000000000 ) ) ;
#3250 = DIRECTION ( 'NONE',  ( -1.000000000000000000, 0.000000000000000000, 0.000000000000000000 ) ) ;
#3251 = ORIENTED_EDGE ( 'NONE', *, *, #4500, .T. ) ;
#3252 = CARTESIAN_POINT ( 'NONE',  ( -9.412821750177782221, -32.84723273218863682, 28.69667848647307196 ) ) ;
#3253 = ORIENTED_EDGE ( 'NONE', *, *, #1703, .T. ) ;
#3254 = EDGE_CURVE ( 'NONE', #1046, #314, #1428, .T. ) ;
#3255 = FACE_OUTER_BOUND ( 'NONE', #3068, .T. ) ;
#3256 = EDGE_CURVE ( 'NONE', #1785, #2819, #1035, .T. ) ;
#3257 = ORIENTED_EDGE ( 'NONE', *, *, #3405, .T. ) ;
#3258 = LINE ( 'NONE', #3971, #573 ) ;
#3259 = ADVANCED_FACE ( 'NONE', ( #1755 ), #3172, .F. ) ;
#3260 = CARTESIAN_POINT ( 'NONE',  ( -36.24999997565915777, -6.100000251315320199, 32.39500000000000313 ) ) ;
#3261 = CYLINDRICAL_SURFACE ( 'NONE', #2114, 1.600000000000000755 ) ;
#3262 = EDGE_CURVE ( 'NONE', #3182, #3501, #1723, .T. ) ;
#3263 = ADVANCED_FACE ( 'NONE', ( #734 ), #391, .F. ) ;
#3264 = ORIENTED_EDGE ( 'NONE', *, *, #2131, .F. ) ;
#3265 = CYLINDRICAL_SURFACE ( 'NONE', #2805, 0.5000000000000004441 ) ;
#3266 = FACE_OUTER_BOUND ( 'NONE', #4488, .T. ) ;
#3267 = DIRECTION ( 'NONE',  ( 1.000000000000000000, 0.000000000000000000, 0.000000000000000000 ) ) ;
#3268 = ORIENTED_EDGE ( 'NONE', *, *, #4393, .T. ) ;
#3269 = LINE ( 'NONE', #1178, #4113 ) ;
#3270 = CARTESIAN_POINT ( 'NONE',  ( -16.12500000000000000, -45.83605253231170451, 23.50999999999999801 ) ) ;
#3271 = AXIS2_PLACEMENT_3D ( 'NONE', #2976, #2213, #448 ) ;
#3272 = DIRECTION ( 'NONE',  ( -0.9999999999999998890, -1.075146876446283726E-08, 0.000000000000000000 ) ) ;
#3273 = ORIENTED_EDGE ( 'NONE', *, *, #3406, .T. ) ;
#3274 = DIRECTION ( 'NONE',  ( 0.000000000000000000, 0.000000000000000000, -1.000000000000000000 ) ) ;
#3275 = VERTEX_POINT ( 'NONE', #1080 ) ;
#3276 = FACE_OUTER_BOUND ( 'NONE', #3465, .T. ) ;
#3277 = FACE_OUTER_BOUND ( 'NONE', #2608, .T. ) ;
#3278 = ORIENTED_EDGE ( 'NONE', *, *, #1617, .F. ) ;
#3279 = DIRECTION ( 'NONE',  ( 0.000000000000000000, 1.000000000000000000, 0.000000000000000000 ) ) ;
#3280 = AXIS2_PLACEMENT_3D ( 'NONE', #3992, #3630, #503 ) ;
#3281 = DIRECTION ( 'NONE',  ( 0.000000000000000000, 0.000000000000000000, -1.000000000000000000 ) ) ;
#3282 = DIRECTION ( 'NONE',  ( 1.000000000000000000, 0.000000000000000000, 0.000000000000000000 ) ) ;
#3283 = CIRCLE ( 'NONE', #3720, 0.4999999658641118838 ) ;
#3284 = VERTEX_POINT ( 'NONE', #670 ) ;
#3285 = CARTESIAN_POINT ( 'NONE',  ( -17.04912285973840014, -49.16959405453259535, 26.39499999999999957 ) ) ;
#3286 = VECTOR ( 'NONE', #1998, 1000.000000000000114 ) ;
#3287 = EDGE_CURVE ( 'NONE', #1568, #2442, #2499, .T. ) ;
#3288 = DIRECTION ( 'NONE',  ( -1.000000000000000000, -1.075146915940909968E-08, 0.000000000000000000 ) ) ;
#3289 = EDGE_CURVE ( 'NONE', #3816, #1673, #321, .T. ) ;
#3290 = CONICAL_SURFACE ( 'NONE', #700, 3.124999999999999112, 0.7853981633974433940 ) ;
#3291 = CARTESIAN_POINT ( 'NONE',  ( -9.713997221281278627, -21.19151952795042604, 28.64517050320481317 ) ) ;
#3292 = VERTEX_POINT ( 'NONE', #1727 ) ;
#3293 = DIRECTION ( 'NONE',  ( 1.000000000000000000, 0.000000000000000000, 0.000000000000000000 ) ) ;
#3294 = DIRECTION ( 'NONE',  ( 0.000000000000000000, 0.000000000000000000, 1.000000000000000000 ) ) ;
#3295 = VECTOR ( 'NONE', #611, 1000.000000000000000 ) ;
#3296 = VECTOR ( 'NONE', #4446, 1000.000000000000000 ) ;
#3297 = DIRECTION ( 'NONE',  ( 1.000000000000000000, 0.000000000000000000, 0.000000000000000000 ) ) ;
#3298 = ORIENTED_EDGE ( 'NONE', *, *, #1654, .T. ) ;
#3299 = DIRECTION ( 'NONE',  ( 1.000000000000000000, 0.000000000000000000, 0.000000000000000000 ) ) ;
#3300 = EDGE_LOOP ( 'NONE', ( #1720, #4425, #3193, #2211 ) ) ;
#3301 = CARTESIAN_POINT ( 'NONE',  ( -9.345423523241418451, -21.12500053661070254, 28.82953835670399911 ) ) ;
#3302 = LINE ( 'NONE', #2611, #2308 ) ;
#3303 = AXIS2_PLACEMENT_3D ( 'NONE', #563, #4032, #4078 ) ;
#3304 = ORIENTED_EDGE ( 'NONE', *, *, #3579, .T. ) ;
#3305 = CARTESIAN_POINT ( 'NONE',  ( -36.24999997565915777, -47.89999974868470645, 32.39500000000000313 ) ) ;
#3306 = CARTESIAN_POINT ( 'NONE',  ( -13.00000000000000000, -8.163947467688508652, 31.89499999999999957 ) ) ;
#3307 = DIRECTION ( 'NONE',  ( 0.000000000000000000, 0.000000000000000000, -1.000000000000000000 ) ) ;
#3308 = EDGE_CURVE ( 'NONE', #4558, #633, #2128, .T. ) ;
#3309 = AXIS2_PLACEMENT_3D ( 'NONE', #1489, #2215, #650 ) ;
#3310 = ORIENTED_EDGE ( 'NONE', *, *, #2622, .T. ) ;
#3311 = CARTESIAN_POINT ( 'NONE',  ( -12.52600706049404167, -7.730502175423169753, 26.39499999999999957 ) ) ;
#3312 = DIRECTION ( 'NONE',  ( 0.000000000000000000, 1.000000000000000000, 0.000000000000000000 ) ) ;
#3313 = AXIS2_PLACEMENT_3D ( 'NONE', #2999, #2306, #197 ) ;
#3314 = CARTESIAN_POINT ( 'NONE',  ( -51.60000000000000142, -26.99999953231175098, 26.39499999999999957 ) ) ;
#3315 = EDGE_LOOP ( 'NONE', ( #3203, #1254, #3491, #3430, #1665, #3623, #3701, #444, #1101, #3463, #3898, #3046 ) ) ;
#3316 = PLANE ( 'NONE',  #3754 ) ;
#3317 = DIRECTION ( 'NONE',  ( 0.000000000000000000, 0.000000000000000000, 1.000000000000000000 ) ) ;
#3318 = DIRECTION ( 'NONE',  ( 1.000000000000000000, 0.000000000000000000, 0.000000000000000000 ) ) ;
#3319 = VERTEX_POINT ( 'NONE', #3126 ) ;
#3320 = FACE_OUTER_BOUND ( 'NONE', #2436, .T. ) ;
#3321 = EDGE_LOOP ( 'NONE', ( #1132, #4098, #3409, #380 ) ) ;
#3322 = CARTESIAN_POINT ( 'NONE',  ( -9.312685570585969685, -21.12500053661582555, 28.79681466606442442 ) ) ;
#3323 = DIRECTION ( 'NONE',  ( 0.000000000000000000, 1.000000000000000000, 0.000000000000000000 ) ) ;
#3324 = ORIENTED_EDGE ( 'NONE', *, *, #1275, .F. ) ;
#3325 = DIRECTION ( 'NONE',  ( 1.000000000000000000, 0.000000000000000000, 0.000000000000000000 ) ) ;
#3326 = CARTESIAN_POINT ( 'NONE',  ( -13.71450016837912145, -30.87500053661069899, 28.89499999999999957 ) ) ;
#3327 = LINE ( 'NONE', #3001, #2264 ) ;
#3328 = CARTESIAN_POINT ( 'NONE',  ( -36.75000001167654773, -9.550000245939591181, 23.50999999999999801 ) ) ;
#3329 = DIRECTION ( 'NONE',  ( -1.075146915940909802E-08, 0.9999999999999998890, 0.000000000000000000 ) ) ;
#3330 = CARTESIAN_POINT ( 'NONE',  ( -9.743920795540333302, -21.20054050737445195, 28.63019194492391506 ) ) ;
#3331 = ORIENTED_EDGE ( 'NONE', *, *, #1418, .F. ) ;
#3332 = FACE_OUTER_BOUND ( 'NONE', #3772, .T. ) ;
#3333 = CARTESIAN_POINT ( 'NONE',  ( -12.52600693663782039, -46.26949679616760136, 31.89499999999999957 ) ) ;
#3334 = DIRECTION ( 'NONE',  ( 0.000000000000000000, 0.000000000000000000, -1.000000000000000000 ) ) ;
#3335 = DIRECTION ( 'NONE',  ( 0.000000000000000000, 0.000000000000000000, 1.000000000000000000 ) ) ;
#3336 = ORIENTED_EDGE ( 'NONE', *, *, #2560, .F. ) ;
#3337 = CARTESIAN_POINT ( 'NONE',  ( -6.285500236650880979, -32.37500053661069899, 25.10999999999999943 ) ) ;
#3338 = AXIS2_PLACEMENT_3D ( 'NONE', #846, #4357, #1934 ) ;
#3339 = ORIENTED_EDGE ( 'NONE', *, *, #2909, .T. ) ;
#3340 = ADVANCED_FACE ( 'NONE', ( #2780 ), #2151, .T. ) ;
#3341 = EDGE_CURVE ( 'NONE', #4198, #1312, #3216, .T. ) ;
#3342 = EDGE_CURVE ( 'NONE', #3438, #169, #3348, .T. ) ;
#3343 = CARTESIAN_POINT ( 'NONE',  ( -9.701486571343819421, -21.49412658564039802, 27.92102733061420139 ) ) ;
#3344 = CARTESIAN_POINT ( 'NONE',  ( -17.54912285973840369, -49.16959405453259535, 32.39500000000000313 ) ) ;
#3345 = ORIENTED_EDGE ( 'NONE', *, *, #3546, .F. ) ;
#3346 = LINE ( 'NONE', #1584, #1314 ) ;
#3347 = CARTESIAN_POINT ( 'NONE',  ( -36.75000001167654773, -44.44999975406039994, 32.39500000000000313 ) ) ;
#3348 = CIRCLE ( 'NONE', #4299, 3.124999999999999112 ) ;
#3349 = CARTESIAN_POINT ( 'NONE',  ( -37.25000001490199963, -9.550000240563859322, 23.50999999999999801 ) ) ;
#3350 = CARTESIAN_POINT ( 'NONE',  ( -36.24999998103490384, -6.600000251315320199, 32.39500000000000313 ) ) ;
#3351 = CARTESIAN_POINT ( 'NONE',  ( -4.785500236650880090, -28.37500053661070254, 23.50999999999999801 ) ) ;
#3352 = AXIS2_PLACEMENT_3D ( 'NONE', #3780, #613, #3439 ) ;
#3353 = CONICAL_SURFACE ( 'NONE', #2471, 1.000000000000000888, 0.3490658503988667838 ) ;
#3354 = CARTESIAN_POINT ( 'NONE',  ( 0.000000000000000000, 0.000000000000000000, 25.51000000000000156 ) ) ;
#3355 = ORIENTED_EDGE ( 'NONE', *, *, #1403, .F. ) ;
#3356 = CARTESIAN_POINT ( 'NONE',  ( -19.25000000000000000, -8.163947467688508652, 31.89499999999999957 ) ) ;
#3357 = DIRECTION ( 'NONE',  ( 0.000000000000000000, 0.000000000000000000, 1.000000000000000000 ) ) ;
#3358 = AXIS2_PLACEMENT_3D ( 'NONE', #836, #3660, #880 ) ;
#3359 = DIRECTION ( 'NONE',  ( 1.075146094838460095E-08, 1.000000000000000000, 0.000000000000000000 ) ) ;
#3360 = CIRCLE ( 'NONE', #2406, 0.8750000000000007772 ) ;
#3361 = ORIENTED_EDGE ( 'NONE', *, *, #2790, .T. ) ;
#3362 = DIRECTION ( 'NONE',  ( 0.000000000000000000, -1.000000000000000000, 0.000000000000000000 ) ) ;
#3363 = ORIENTED_EDGE ( 'NONE', *, *, #595, .F. ) ;
#3364 = ADVANCED_FACE ( 'NONE', ( #2061 ), #1358, .F. ) ;
#3365 = LINE ( 'NONE', #3022, #3371 ) ;
#3366 = AXIS2_PLACEMENT_3D ( 'NONE', #3174, #3451, #4179 ) ;
#3367 = DIRECTION ( 'NONE',  ( 0.2772937474705298722, -0.6504676606978657682, -0.7071067811865447972 ) ) ;
#3368 = ORIENTED_EDGE ( 'NONE', *, *, #1023, .F. ) ;
#3369 = DIRECTION ( 'NONE',  ( 0.000000000000000000, 0.000000000000000000, -1.000000000000000000 ) ) ;
#3370 = DIRECTION ( 'NONE',  ( -1.000000000000000000, 0.000000000000000000, 0.000000000000000000 ) ) ;
#3371 = VECTOR ( 'NONE', #3391, 1000.000000000000000 ) ;
#3372 = FACE_OUTER_BOUND ( 'NONE', #2529, .T. ) ;
#3373 = FACE_OUTER_BOUND ( 'NONE', #1857, .T. ) ;
#3374 = ORIENTED_EDGE ( 'NONE', *, *, #2489, .F. ) ;
#3375 = VERTEX_POINT ( 'NONE', #754 ) ;
#3376 = AXIS2_PLACEMENT_3D ( 'NONE', #88, #1501, #4390 ) ;
#3377 = CONICAL_SURFACE ( 'NONE', #274, 0.5000000000000004441, 0.7853981633974419507 ) ;
#3378 = EDGE_CURVE ( 'NONE', #216, #3929, #1354, .T. ) ;
#3379 = DIRECTION ( 'NONE',  ( 1.000000000000000000, 0.000000000000000000, 0.000000000000000000 ) ) ;
#3380 = ORIENTED_EDGE ( 'NONE', *, *, #3879, .F. ) ;
#3381 = CARTESIAN_POINT ( 'NONE',  ( -4.785500236650880090, -26.12500053661069899, 32.39500000000000313 ) ) ;
#3382 = LINE ( 'NONE', #211, #4454 ) ;
#3383 = EDGE_CURVE ( 'NONE', #878, #4243, #132, .T. ) ;
#3384 = CIRCLE ( 'NONE', #1389, 0.5000000000000004441 ) ;
#3385 = AXIS2_PLACEMENT_3D ( 'NONE', #3032, #4115, #4431 ) ;
#3386 = CARTESIAN_POINT ( 'NONE',  ( -4.785500236650880090, -27.87500053661070254, 23.50999999999999801 ) ) ;
#3387 = CARTESIAN_POINT ( 'NONE',  ( -22.25000003694249884, -42.59999959816424564, 32.39500000000000313 ) ) ;
#3388 = EDGE_LOOP ( 'NONE', ( #342, #4511, #1318, #1096 ) ) ;
#3389 = CARTESIAN_POINT ( 'NONE',  ( -36.24999998103490384, -47.39999974868469934, 23.50999999999999801 ) ) ;
#3390 = ORIENTED_EDGE ( 'NONE', *, *, #4353, .T. ) ;
#3391 = DIRECTION ( 'NONE',  ( 0.000000000000000000, 0.000000000000000000, -1.000000000000000000 ) ) ;
#3392 = LINE ( 'NONE', #3043, #1712 ) ;
#3393 = EDGE_CURVE ( 'NONE', #4124, #378, #1055, .T. ) ;
#3394 = EDGE_LOOP ( 'NONE', ( #61, #1647, #2071 ) ) ;
#3395 = DIRECTION ( 'NONE',  ( 0.000000000000000000, 0.000000000000000000, -1.000000000000000000 ) ) ;
#3396 = ORIENTED_EDGE ( 'NONE', *, *, #1899, .T. ) ;
#3397 = EDGE_CURVE ( 'NONE', #3501, #3182, #3133, .T. ) ;
#3398 = FACE_OUTER_BOUND ( 'NONE', #3300, .T. ) ;
#3399 = ADVANCED_FACE ( 'NONE', ( #826 ), #3715, .T. ) ;
#3400 = CARTESIAN_POINT ( 'NONE',  ( -36.24999997565915777, -6.100000251315320199, 23.50999999999999801 ) ) ;
#3401 = LINE ( 'NONE', #916, #915 ) ;
#3402 = EDGE_CURVE ( 'NONE', #2700, #2745, #2262, .T. ) ;
#3403 = CARTESIAN_POINT ( 'NONE',  ( -37.25000000307539949, -8.450000240563859677, 23.50999999999999801 ) ) ;
#3404 = EDGE_CURVE ( 'NONE', #2027, #2846, #4447, .T. ) ;
#3405 = EDGE_CURVE ( 'NONE', #3929, #994, #2564, .T. ) ;
#3406 = EDGE_CURVE ( 'NONE', #2002, #2751, #1497, .T. ) ;
#3407 = ORIENTED_EDGE ( 'NONE', *, *, #456, .F. ) ;
#3408 = FACE_OUTER_BOUND ( 'NONE', #616, .T. ) ;
#3409 = ORIENTED_EDGE ( 'NONE', *, *, #3289, .F. ) ;
#3410 = DIRECTION ( 'NONE',  ( 0.9396926207859080948, 0.000000000000000000, 0.3420201433256695456 ) ) ;
#3411 = CARTESIAN_POINT ( 'NONE',  ( -10.09748073842158433, -32.61815890139640572, 28.45350735929070041 ) ) ;
#3412 = DIRECTION ( 'NONE',  ( 0.000000000000000000, 0.000000000000000000, 1.000000000000000000 ) ) ;
#3413 = ORIENTED_EDGE ( 'NONE', *, *, #2527, .T. ) ;
#3414 = DIRECTION ( 'NONE',  ( 0.7071067811865441310, 0.000000000000000000, 0.7071067811865510144 ) ) ;
#3415 = ORIENTED_EDGE ( 'NONE', *, *, #4007, .F. ) ;
#3416 = DIRECTION ( 'NONE',  ( 1.000000000000000000, 0.000000000000000000, 0.000000000000000000 ) ) ;
#3417 = CARTESIAN_POINT ( 'NONE',  ( -12.52600693663779907, -46.26949679616760136, 32.39500000000000313 ) ) ;
#3418 = CARTESIAN_POINT ( 'NONE',  ( -21.15000000307539807, -45.54999958633759860, 32.39500000000000313 ) ) ;
#3419 = ORIENTED_EDGE ( 'NONE', *, *, #4178, .T. ) ;
#3420 = CARTESIAN_POINT ( 'NONE',  ( -10.75000025116536051, -34.75000053661074872, 25.51000000000000156 ) ) ;
#3421 = ORIENTED_EDGE ( 'NONE', *, *, #933, .T. ) ;
#3422 = CARTESIAN_POINT ( 'NONE',  ( -13.02241977296366038, -46.20971138046329685, 26.39499999999999957 ) ) ;
#3423 = VECTOR ( 'NONE', #4079, 1000.000000000000000 ) ;
#3424 = ORIENTED_EDGE ( 'NONE', *, *, #936, .F. ) ;
#3425 = DIRECTION ( 'NONE',  ( 0.000000000000000000, 0.000000000000000000, 1.000000000000000000 ) ) ;
#3426 = DIRECTION ( 'NONE',  ( 0.000000000000000000, 1.000000000000000000, 0.000000000000000000 ) ) ;
#3427 = ORIENTED_EDGE ( 'NONE', *, *, #297, .F. ) ;
#3428 = EDGE_LOOP ( 'NONE', ( #1714, #3759, #2270 ) ) ;
#3429 = DIRECTION ( 'NONE',  ( 0.000000000000000000, 0.000000000000000000, -1.000000000000000000 ) ) ;
#3430 = ORIENTED_EDGE ( 'NONE', *, *, #1040, .T. ) ;
#3431 = FACE_OUTER_BOUND ( 'NONE', #1032, .T. ) ;
#3432 = CIRCLE ( 'NONE', #2098, 24.60000000000000142 ) ;
#3433 = CARTESIAN_POINT ( 'NONE',  ( -48.75000000000000000, -27.00000000000000000, 31.89499999999999957 ) ) ;
#3434 = CIRCLE ( 'NONE', #2623, 24.60000000000000142 ) ;
#3435 = DIRECTION ( 'NONE',  ( 0.000000000000000000, 0.000000000000000000, -1.000000000000000000 ) ) ;
#3436 = ORIENTED_EDGE ( 'NONE', *, *, #4197, .F. ) ;
#3437 = DIRECTION ( 'NONE',  ( 0.000000000000000000, 0.000000000000000000, -1.000000000000000000 ) ) ;
#3438 = VERTEX_POINT ( 'NONE', #2238 ) ;
#3439 = DIRECTION ( 'NONE',  ( 0.000000000000000000, 1.000000000000000000, 0.000000000000000000 ) ) ;
#3440 = AXIS2_PLACEMENT_3D ( 'NONE', #2507, #2526, #2813 ) ;
#3441 = CARTESIAN_POINT ( 'NONE',  ( 0.000000000000000000, 0.000000000000000000, 0.000000000000000000 ) ) ;
#3442 = ORIENTED_EDGE ( 'NONE', *, *, #2581, .T. ) ;
#3443 = DIRECTION ( 'NONE',  ( -1.000000000000000000, 0.000000000000000000, 0.000000000000000000 ) ) ;
#3444 = EDGE_CURVE ( 'NONE', #594, #2013, #2841, .T. ) ;
#3445 = ORIENTED_EDGE ( 'NONE', *, *, #1938, .F. ) ;
#3446 = DIRECTION ( 'NONE',  ( 0.000000000000000000, 0.000000000000000000, -1.000000000000000000 ) ) ;
#3447 = AXIS2_PLACEMENT_3D ( 'NONE', #1693, #2417, #3486 ) ;
#3448 = EDGE_CURVE ( 'NONE', #678, #2230, #767, .T. ) ;
#3449 = VECTOR ( 'NONE', #4450, 1000.000000000000114 ) ;
#3450 = CARTESIAN_POINT ( 'NONE',  ( -12.22571675054579998, -7.330720072583160274, -46.06930726875629745 ) ) ;
#3451 = DIRECTION ( 'NONE',  ( 1.000000000000000000, 0.000000000000000000, 0.000000000000000000 ) ) ;
#3452 = VECTOR ( 'NONE', #1443, 1000.000000000000000 ) ;
#3453 = VERTEX_POINT ( 'NONE', #1490 ) ;
#3454 = ADVANCED_FACE ( 'NONE', ( #2907 ), #3972, .F. ) ;
#3455 = CARTESIAN_POINT ( 'NONE',  ( -10.21450023665087947, -32.37500053661069899, 28.39499999999999957 ) ) ;
#3456 = EDGE_CURVE ( 'NONE', #3031, #2165, #908, .T. ) ;
#3457 = AXIS2_PLACEMENT_3D ( 'NONE', #717, #3890, #2351 ) ;
#3458 = ORIENTED_EDGE ( 'NONE', *, *, #822, .F. ) ;
#3459 = LINE ( 'NONE', #280, #572 ) ;
#3460 = CARTESIAN_POINT ( 'NONE',  ( -9.909035533217831926, -32.73483940450238805, 28.54773208670513895 ) ) ;
#3461 = CONICAL_SURFACE ( 'NONE', #1752, 0.5000000000000004441, 0.7853981633974419507 ) ;
#3462 = CARTESIAN_POINT ( 'NONE',  ( -50.62488847180560469, -29.50008364225890389, 31.89499999999999957 ) ) ;
#3463 = ORIENTED_EDGE ( 'NONE', *, *, #702, .T. ) ;
#3464 = CARTESIAN_POINT ( 'NONE',  ( -10.75000025116536051, -34.75000053661074872, 23.50999999999999801 ) ) ;
#3465 = EDGE_LOOP ( 'NONE', ( #227, #382, #1474, #1874, #513, #192 ) ) ;
#3466 = FACE_OUTER_BOUND ( 'NONE', #1365, .T. ) ;
#3467 = VECTOR ( 'NONE', #4388, 1000.000000000000000 ) ;
#3468 = VERTEX_POINT ( 'NONE', #3260 ) ;
#3469 = CARTESIAN_POINT ( 'NONE',  ( -24.00000033153250101, -38.25000032926340054, 23.50999999999999801 ) ) ;
#3470 = EDGE_CURVE ( 'NONE', #1048, #3781, #1889, .T. ) ;
#3471 = AXIS2_PLACEMENT_3D ( 'NONE', #2812, #1781, #350 ) ;
#3472 = DIRECTION ( 'NONE',  ( 0.000000000000000000, 0.000000000000000000, -1.000000000000000000 ) ) ;
#3473 = EDGE_LOOP ( 'NONE', ( #4440, #623 ) ) ;
#3474 = CARTESIAN_POINT ( 'NONE',  ( -21.75000003694249884, -11.40000040183578101, 32.39500000000000313 ) ) ;
#3475 = ORIENTED_EDGE ( 'NONE', *, *, #4406, .F. ) ;
#3476 = DIRECTION ( 'NONE',  ( 0.000000000000000000, 0.000000000000000000, -1.000000000000000000 ) ) ;
#3477 = DIRECTION ( 'NONE',  ( -0.9999999999999998890, 1.075146215115871861E-08, 0.000000000000000000 ) ) ;
#3478 = DIRECTION ( 'NONE',  ( -1.000000000000000000, 0.000000000000000000, 0.000000000000000000 ) ) ;
#3479 = ORIENTED_EDGE ( 'NONE', *, *, #4216, .T. ) ;
#3480 = LINE ( 'NONE', #300, #3829 ) ;
#3481 = ORIENTED_EDGE ( 'NONE', *, *, #1698, .T. ) ;
#3482 = FACE_OUTER_BOUND ( 'NONE', #1638, .T. ) ;
#3483 = CARTESIAN_POINT ( 'NONE',  ( -13.02600693663782039, -46.26949679616760136, 31.89499999999999957 ) ) ;
#3484 = DIRECTION ( 'NONE',  ( 1.000000000000000000, 0.000000000000000000, 0.000000000000000000 ) ) ;
#3485 = ORIENTED_EDGE ( 'NONE', *, *, #2241, .T. ) ;
#3486 = DIRECTION ( 'NONE',  ( 1.000000000000000000, 0.000000000000000000, 0.000000000000000000 ) ) ;
#3487 = ORIENTED_EDGE ( 'NONE', *, *, #447, .F. ) ;
#3488 = DIRECTION ( 'NONE',  ( 1.000000000000000000, 0.000000000000000000, 0.000000000000000000 ) ) ;
#3489 = ORIENTED_EDGE ( 'NONE', *, *, #510, .T. ) ;
#3490 = CARTESIAN_POINT ( 'NONE',  ( -36.75000001167654773, -44.44999975406039994, 23.50999999999999801 ) ) ;
#3491 = ORIENTED_EDGE ( 'NONE', *, *, #26, .T. ) ;
#3492 = DIRECTION ( 'NONE',  ( 0.000000000000000000, 0.000000000000000000, -1.000000000000000000 ) ) ;
#3493 = ADVANCED_FACE ( 'NONE', ( #429 ), #4012, .F. ) ;
#3494 = ORIENTED_EDGE ( 'NONE', *, *, #912, .T. ) ;
#3495 = EDGE_CURVE ( 'NONE', #1829, #269, #41, .T. ) ;
#3496 = LINE ( 'NONE', #1704, #3668 ) ;
#3497 = ORIENTED_EDGE ( 'NONE', *, *, #877, .F. ) ;
#3498 = CARTESIAN_POINT ( 'NONE',  ( -10.21450023665087947, -32.37500053661069899, 27.89499999999999957 ) ) ;
#3499 = VECTOR ( 'NONE', #290, 1000.000000000000114 ) ;
#3500 = DIRECTION ( 'NONE',  ( 0.000000000000000000, 0.000000000000000000, -1.000000000000000000 ) ) ;
#3501 = VERTEX_POINT ( 'NONE', #2871 ) ;
#3502 = CARTESIAN_POINT ( 'NONE',  ( -9.714500236650881249, -32.43706586007256476, 27.89500000000000313 ) ) ;
#3503 = CARTESIAN_POINT ( 'NONE',  ( -16.12500000000000000, -8.163947467688508652, 26.39499999999999957 ) ) ;
#3504 = VECTOR ( 'NONE', #4272, 1000.000000000000000 ) ;
#3505 = CARTESIAN_POINT ( 'NONE',  ( -12.22571675054579998, -7.330720072583160274, 26.39499999999999957 ) ) ;
#3506 = ORIENTED_EDGE ( 'NONE', *, *, #988, .F. ) ;
#3507 = CARTESIAN_POINT ( 'NONE',  ( -50.35000000000000142, -27.00000000000000000, 23.50999999999999801 ) ) ;
#3508 = ORIENTED_EDGE ( 'NONE', *, *, #497, .T. ) ;
#3509 = CYLINDRICAL_SURFACE ( 'NONE', #1806, 0.5000000000000004441 ) ;
#3510 = EDGE_LOOP ( 'NONE', ( #4528, #1, #2186, #235 ) ) ;
#3511 = AXIS2_PLACEMENT_3D ( 'NONE', #1825, #3925, #4308 ) ;
#3512 = EDGE_CURVE ( 'NONE', #1373, #951, #1725, .T. ) ;
#3513 = ORIENTED_EDGE ( 'NONE', *, *, #3404, .F. ) ;
#3514 = CARTESIAN_POINT ( 'NONE',  ( -9.714500236650881249, -32.37500053661069899, 27.89499999999999957 ) ) ;
#3515 = AXIS2_PLACEMENT_3D ( 'NONE', #515, #815, #3982 ) ;
#3516 = VERTEX_POINT ( 'NONE', #1103 ) ;
#3517 = DIRECTION ( 'NONE',  ( -1.000000000000000000, 0.000000000000000000, 0.000000000000000000 ) ) ;
#3518 = AXIS2_PLACEMENT_3D ( 'NONE', #3718, #2012, #1636 ) ;
#3519 = ORIENTED_EDGE ( 'NONE', *, *, #4069, .T. ) ;
#3520 = VECTOR ( 'NONE', #1071, 1000.000000000000000 ) ;
#3521 = CARTESIAN_POINT ( 'NONE',  ( -36.25000001705229380, -11.90000025131532091, 32.39500000000000313 ) ) ;
#3522 = CARTESIAN_POINT ( 'NONE',  ( -9.714500168379121448, -23.32499953231175027, 25.10999999999999943 ) ) ;
#3523 = ORIENTED_EDGE ( 'NONE', *, *, #1808, .T. ) ;
#3524 = DIRECTION ( 'NONE',  ( -0.000000000000000000, 0.9396926207859080948, 0.3420201433256695456 ) ) ;
#3525 = DIRECTION ( 'NONE',  ( 0.000000000000000000, 0.000000000000000000, 1.000000000000000000 ) ) ;
#3526 = VECTOR ( 'NONE', #731, 1000.000000000000000 ) ;
#3527 = AXIS2_PLACEMENT_3D ( 'NONE', #934, #3118, #1350 ) ;
#3528 = LINE ( 'NONE', #354, #2800 ) ;
#3529 = VERTEX_POINT ( 'NONE', #2419 ) ;
#3530 = DIRECTION ( 'NONE',  ( 0.000000000000000000, 0.000000000000000000, 1.000000000000000000 ) ) ;
#3531 = EDGE_CURVE ( 'NONE', #2836, #2696, #4193, .T. ) ;
#3532 = VERTEX_POINT ( 'NONE', #1213 ) ;
#3533 = DIRECTION ( 'NONE',  ( -1.000000000000000000, 0.000000000000000000, 0.000000000000000000 ) ) ;
#3534 = CIRCLE ( 'NONE', #419, 3.625000000000003109 ) ;
#3535 = ORIENTED_EDGE ( 'NONE', *, *, #297, .T. ) ;
#3536 = CARTESIAN_POINT ( 'NONE',  ( -9.646486886914585668, -32.67968404086481371, 28.46301334973620456 ) ) ;
#3537 = ORIENTED_EDGE ( 'NONE', *, *, #4208, .F. ) ;
#3538 = DIRECTION ( 'NONE',  ( -1.000000000000000000, 0.000000000000000000, 0.000000000000000000 ) ) ;
#3539 = CIRCLE ( 'NONE', #1094, 1.599999999999997202 ) ;
#3540 = CIRCLE ( 'NONE', #1533, 0.5000000000000004441 ) ;
#3541 = EDGE_CURVE ( 'NONE', #2230, #678, #2542, .T. ) ;
#3542 = ORIENTED_EDGE ( 'NONE', *, *, #1808, .F. ) ;
#3543 = EDGE_CURVE ( 'NONE', #4201, #1745, #3139, .T. ) ;
#3544 = CARTESIAN_POINT ( 'NONE',  ( -6.285500168379099861, -21.12500053661070254, 23.50999999999999801 ) ) ;
#3545 = DIRECTION ( 'NONE',  ( 1.000000000000000000, 0.000000000000000000, 0.000000000000000000 ) ) ;
#3546 = EDGE_CURVE ( 'NONE', #994, #561, #97, .T. ) ;
#3547 = ORIENTED_EDGE ( 'NONE', *, *, #3393, .F. ) ;
#3548 = CARTESIAN_POINT ( 'NONE',  ( -9.413658412976454670, -32.83366577334652447, 28.49669754548788347 ) ) ;
#3549 = EDGE_CURVE ( 'NONE', #1429, #2803, #1872, .T. ) ;
#3550 = DIRECTION ( 'NONE',  ( 0.000000000000000000, 0.000000000000000000, -1.000000000000000000 ) ) ;
#3551 = EDGE_CURVE ( 'NONE', #2410, #2418, #3116, .T. ) ;
#3552 = CARTESIAN_POINT ( 'NONE',  ( -36.74999998103489673, -45.54999975406040846, 32.39500000000000313 ) ) ;
#3553 = DIRECTION ( 'NONE',  ( 0.000000000000000000, 0.000000000000000000, -1.000000000000000000 ) ) ;
#3554 = EDGE_LOOP ( 'NONE', ( #404, #2874, #1792, #2334, #1632, #493, #2065 ) ) ;
#3555 = DIRECTION ( 'NONE',  ( 0.7019683961726952415, -0.08509036828415382503, 0.7071067811865482389 ) ) ;
#3556 = ORIENTED_EDGE ( 'NONE', *, *, #2106, .T. ) ;
#3557 = LINE ( 'NONE', #3958, #3580 ) ;
#3558 = ORIENTED_EDGE ( 'NONE', *, *, #3117, .T. ) ;
#3559 = LINE ( 'NONE', #338, #4542 ) ;
#3560 = ORIENTED_EDGE ( 'NONE', *, *, #3064, .T. ) ;
#3561 = LINE ( 'NONE', #4242, #4472 ) ;
#3562 = ORIENTED_EDGE ( 'NONE', *, *, #3684, .T. ) ;
#3563 = CARTESIAN_POINT ( 'NONE',  ( -27.00000000000000000, -26.99999953231175098, -46.06930726875629745 ) ) ;
#3564 = DIRECTION ( 'NONE',  ( 1.000000000000000000, 0.000000000000000000, 0.000000000000000000 ) ) ;
#3565 = ORIENTED_EDGE ( 'NONE', *, *, #396, .F. ) ;
#3566 = CARTESIAN_POINT ( 'NONE',  ( -24.00000033153250101, -14.25000037226925897, 23.50999999999999801 ) ) ;
#3567 = CARTESIAN_POINT ( 'NONE',  ( -36.75000001167654773, -44.44999975406039994, 23.50999999999999801 ) ) ;
#3568 = CARTESIAN_POINT ( 'NONE',  ( -10.10314550013832680, -37.25000053661074872, 25.72119226884944609 ) ) ;
#3569 = EDGE_CURVE ( 'NONE', #2745, #1500, #1003, .T. ) ;
#3570 = LINE ( 'NONE', #1413, #2421 ) ;
#3571 = EDGE_LOOP ( 'NONE', ( #15, #709, #1000, #355 ) ) ;
#3572 = DIRECTION ( 'NONE',  ( 0.000000000000000000, 0.000000000000000000, -1.000000000000000000 ) ) ;
#3573 = DIRECTION ( 'NONE',  ( 0.000000000000000000, 0.000000000000000000, 1.000000000000000000 ) ) ;
#3574 = ORIENTED_EDGE ( 'NONE', *, *, #3051, .T. ) ;
#3575 = DIRECTION ( 'NONE',  ( 0.000000000000000000, 0.000000000000000000, -1.000000000000000000 ) ) ;
#3576 = ORIENTED_EDGE ( 'NONE', *, *, #445, .T. ) ;
#3577 = AXIS2_PLACEMENT_3D ( 'NONE', #2708, #3078, #574 ) ;
#3578 = LINE ( 'NONE', #1843, #3452 ) ;
#3579 = EDGE_CURVE ( 'NONE', #1034, #2710, #3092, .T. ) ;
#3580 = VECTOR ( 'NONE', #3573, 1000.000000000000000 ) ;
#3581 = VERTEX_POINT ( 'NONE', #236 ) ;
#3582 = CARTESIAN_POINT ( 'NONE',  ( -27.00000000000000000, -26.99999953231175098, -46.06930726875629745 ) ) ;
#3583 = CARTESIAN_POINT ( 'NONE',  ( -6.285500236650880979, -32.87500053661069899, 23.50999999999999801 ) ) ;
#3584 = EDGE_CURVE ( 'NONE', #1034, #3532, #3283, .T. ) ;
#3585 = DIRECTION ( 'NONE',  ( 0.000000000000000000, 0.000000000000000000, 1.000000000000000000 ) ) ;
#3586 = VECTOR ( 'NONE', #4043, 1000.000000000000114 ) ;
#3587 = ORIENTED_EDGE ( 'NONE', *, *, #3404, .T. ) ;
#3588 = DIRECTION ( 'NONE',  ( 0.000000000000000000, 0.000000000000000000, -1.000000000000000000 ) ) ;
#3589 = CARTESIAN_POINT ( 'NONE',  ( -9.511772107808228682, -34.75000053661075583, 26.03590610626254431 ) ) ;
#3590 = AXIS2_PLACEMENT_3D ( 'NONE', #95, #519, #3986 ) ;
#3591 = ADVANCED_FACE ( 'NONE', ( #2072 ), #634, .T. ) ;
#3592 = CARTESIAN_POINT ( 'NONE',  ( -33.25000033153254719, -15.00000037226925187, 25.57060806459095303 ) ) ;
#3593 = CIRCLE ( 'NONE', #4176, 3.125000000000002665 ) ;
#3594 = VERTEX_POINT ( 'NONE', #4465 ) ;
#3595 = DIRECTION ( 'NONE',  ( 0.000000000000000000, 0.000000000000000000, 1.000000000000000000 ) ) ;
#3596 = ADVANCED_FACE ( 'NONE', ( #2050 ), #3353, .F. ) ;
#3597 = CARTESIAN_POINT ( 'NONE',  ( -51.42487062729449576, -29.90009702502035083, 26.39499999999999957 ) ) ;
#3598 = AXIS2_PLACEMENT_3D ( 'NONE', #506, #4381, #4407 ) ;
#3599 = ORIENTED_EDGE ( 'NONE', *, *, #1161, .T. ) ;
#3600 = CARTESIAN_POINT ( 'NONE',  ( -9.718119206147440181, -32.81189373304000156, 28.64319051525174942 ) ) ;
#3601 = ORIENTED_EDGE ( 'NONE', *, *, #175, .T. ) ;
#3602 = VECTOR ( 'NONE', #372, 1000.000000000000000 ) ;
#3603 = ADVANCED_FACE ( 'NONE', ( #3466 ), #1655, .F. ) ;
#3604 = DIRECTION ( 'NONE',  ( 1.000000000000000000, 0.000000000000000000, 0.000000000000000000 ) ) ;
#3605 = EDGE_CURVE ( 'NONE', #216, #4456, #263, .T. ) ;
#3606 = AXIS2_PLACEMENT_3D ( 'NONE', #677, #2879, #4279 ) ;
#3607 = AXIS2_PLACEMENT_3D ( 'NONE', #8, #3134, #695 ) ;
#3608 = ORIENTED_EDGE ( 'NONE', *, *, #3551, .T. ) ;
#3609 = DIRECTION ( 'NONE',  ( 1.000000000000000000, 0.000000000000000000, 0.000000000000000000 ) ) ;
#3610 = AXIS2_PLACEMENT_3D ( 'NONE', #2340, #3410, #606 ) ;
#3611 = AXIS2_PLACEMENT_3D ( 'NONE', #3582, #776, #3215 ) ;
#3612 = LINE ( 'NONE', #2908, #1370 ) ;
#3613 = ORIENTED_EDGE ( 'NONE', *, *, #2042, .F. ) ;
#3614 = CARTESIAN_POINT ( 'NONE',  ( -51.42123736512790089, -24.03973509208439907, 31.89499999999999957 ) ) ;
#3615 = FACE_OUTER_BOUND ( 'NONE', #2354, .T. ) ;
#3616 = CARTESIAN_POINT ( 'NONE',  ( -9.381656614598201216, -21.12500053661070609, 28.81142181102632804 ) ) ;
#3617 = ORIENTED_EDGE ( 'NONE', *, *, #4253, .F. ) ;
#3618 = CARTESIAN_POINT ( 'NONE',  ( -51.42123723781929812, -29.96026502279434922, -46.06930726875629745 ) ) ;
#3619 = CARTESIAN_POINT ( 'NONE',  ( -9.564864782129777865, -32.84331705248396105, 28.71980533853309581 ) ) ;
#3620 = DIRECTION ( 'NONE',  ( 0.000000000000000000, 1.000000000000000000, 0.000000000000000000 ) ) ;
#3621 = ORIENTED_EDGE ( 'NONE', *, *, #116, .F. ) ;
#3622 = DIRECTION ( 'NONE',  ( 0.000000000000000000, 1.000000000000000000, 0.000000000000000000 ) ) ;
#3623 = ORIENTED_EDGE ( 'NONE', *, *, #4154, .T. ) ;
#3624 = CARTESIAN_POINT ( 'NONE',  ( -5.785500168379100749, -25.62500053661070254, 23.50999999999999801 ) ) ;
#3625 = CYLINDRICAL_SURFACE ( 'NONE', #3145, 0.5000000000000004441 ) ;
#3626 = EDGE_CURVE ( 'NONE', #1849, #1383, #649, .T. ) ;
#3627 = ADVANCED_FACE ( 'NONE', ( #4038 ), #2029, .F. ) ;
#3628 = ORIENTED_EDGE ( 'NONE', *, *, #3512, .F. ) ;
#3629 = PLANE ( 'NONE',  #2129 ) ;
#3630 = DIRECTION ( 'NONE',  ( 0.000000000000000000, 0.000000000000000000, 1.000000000000000000 ) ) ;
#3631 = DIRECTION ( 'NONE',  ( 0.000000000000000000, 0.000000000000000000, 1.000000000000000000 ) ) ;
#3632 = ORIENTED_EDGE ( 'NONE', *, *, #4210, .F. ) ;
#3633 = DIRECTION ( 'NONE',  ( 0.000000000000000000, -1.000000000000000000, 0.000000000000000000 ) ) ;
#3634 = DIRECTION ( 'NONE',  ( 0.000000000000000000, 0.000000000000000000, 1.000000000000000000 ) ) ;
#3635 = DIRECTION ( 'NONE',  ( 0.000000000000000000, 0.000000000000000000, -1.000000000000000000 ) ) ;
#3636 = EDGE_LOOP ( 'NONE', ( #3872, #980, #4080 ) ) ;
#3637 = LINE ( 'NONE', #464, #2657 ) ;
#3638 = FACE_OUTER_BOUND ( 'NONE', #841, .T. ) ;
#3639 = CARTESIAN_POINT ( 'NONE',  ( -21.15000001490199821, -44.44999958633759007, 23.50999999999999801 ) ) ;
#3640 = ORIENTED_EDGE ( 'NONE', *, *, #2043, .F. ) ;
#3641 = CARTESIAN_POINT ( 'NONE',  ( -5.785500168379100749, -25.12500053661070254, 23.50999999999999801 ) ) ;
#3642 = ORIENTED_EDGE ( 'NONE', *, *, #3933, .T. ) ;
#3643 = CARTESIAN_POINT ( 'NONE',  ( -16.12500000000000000, -8.163947467688508652, 23.50999999999999801 ) ) ;
#3644 = EDGE_CURVE ( 'NONE', #1747, #2047, #3760, .T. ) ;
#3645 = ADVANCED_FACE ( 'NONE', ( #960 ), #2370, .F. ) ;
#3646 = CARTESIAN_POINT ( 'NONE',  ( -17.04912285973840014, -49.16959405453259535, 31.89499999999999957 ) ) ;
#3647 = ORIENTED_EDGE ( 'NONE', *, *, #2094, .T. ) ;
#3648 = CARTESIAN_POINT ( 'NONE',  ( -6.285500168379099861, -25.12500053661070254, 32.39500000000000313 ) ) ;
#3649 = VECTOR ( 'NONE', #1338, 1000.000000000000000 ) ;
#3650 = DIRECTION ( 'NONE',  ( 0.000000000000000000, 0.000000000000000000, -1.000000000000000000 ) ) ;
#3651 = DIRECTION ( 'NONE',  ( 0.000000000000000000, 0.000000000000000000, -1.000000000000000000 ) ) ;
#3652 = CIRCLE ( 'NONE', #1949, 0.5000000000000004441 ) ;
#3653 = VERTEX_POINT ( 'NONE', #1814 ) ;
#3654 = LINE ( 'NONE', #1127, #797 ) ;
#3655 = AXIS2_PLACEMENT_3D ( 'NONE', #1021, #2438, #3155 ) ;
#3656 = CARTESIAN_POINT ( 'NONE',  ( -13.00000000000017941, -45.83605253231170451, 31.89499999999999957 ) ) ;
#3657 = CARTESIAN_POINT ( 'NONE',  ( -21.75000003694249884, -42.59999959816424564, 32.39500000000000313 ) ) ;
#3658 = ORIENTED_EDGE ( 'NONE', *, *, #1275, .T. ) ;
#3659 = LINE ( 'NONE', #3618, #2942 ) ;
#3660 = DIRECTION ( 'NONE',  ( 0.000000000000000000, 0.000000000000000000, 1.000000000000000000 ) ) ;
#3661 = CIRCLE ( 'NONE', #851, 0.5000000000000004441 ) ;
#3662 = AXIS2_PLACEMENT_3D ( 'NONE', #1706, #323, #3127 ) ;
#3663 = CARTESIAN_POINT ( 'NONE',  ( -17.54912285973840369, -49.16959405453259535, -46.06930726875629745 ) ) ;
#3664 = ORIENTED_EDGE ( 'NONE', *, *, #4056, .T. ) ;
#3665 = DIRECTION ( 'NONE',  ( 0.000000000000000000, 0.000000000000000000, -1.000000000000000000 ) ) ;
#3666 = ORIENTED_EDGE ( 'NONE', *, *, #1113, .F. ) ;
#3667 = CARTESIAN_POINT ( 'NONE',  ( -21.74999998103490029, -45.54999959278850241, 32.39500000000000313 ) ) ;
#3668 = VECTOR ( 'NONE', #1356, 1000.000000000000000 ) ;
#3669 = DIRECTION ( 'NONE',  ( 0.000000000000000000, 0.000000000000000000, 1.000000000000000000 ) ) ;
#3670 = CIRCLE ( 'NONE', #3303, 3.125000000000002665 ) ;
#3671 = EDGE_LOOP ( 'NONE', ( #3101, #3923, #3336 ) ) ;
#3672 = DIRECTION ( 'NONE',  ( 0.000000000000000000, 1.000000000000000000, 0.000000000000000000 ) ) ;
#3673 = DIRECTION ( 'NONE',  ( 0.000000000000000000, 0.000000000000000000, 1.000000000000000000 ) ) ;
#3674 = CARTESIAN_POINT ( 'NONE',  ( -36.74999998103489673, -8.450000245939598642, 23.50999999999999801 ) ) ;
#3675 = CIRCLE ( 'NONE', #794, 3.124999999999999112 ) ;
#3676 = EDGE_CURVE ( 'NONE', #683, #3074, #2895, .T. ) ;
#3677 = AXIS2_PLACEMENT_3D ( 'NONE', #4066, #971, #2311 ) ;
#3678 = CARTESIAN_POINT ( 'NONE',  ( -48.75000000000000000, -27.00000000000000000, 32.39500000000000313 ) ) ;
#3679 = CARTESIAN_POINT ( 'NONE',  ( -5.285500236650880979, -26.12500053661069899, 23.50999999999999801 ) ) ;
#3680 = AXIS2_PLACEMENT_3D ( 'NONE', #1997, #2388, #2313 ) ;
#3681 = EDGE_CURVE ( 'NONE', #2734, #501, #471, .T. ) ;
#3682 = CARTESIAN_POINT ( 'NONE',  ( -15.71450016837909835, -21.12500053661074872, 32.39500000000000313 ) ) ;
#3683 = ADVANCED_FACE ( 'NONE', ( #1788 ), #4570, .F. ) ;
#3684 = EDGE_CURVE ( 'NONE', #4135, #2593, #1207, .T. ) ;
#3685 = ORIENTED_EDGE ( 'NONE', *, *, #2184, .T. ) ;
#3686 = LINE ( 'NONE', #3248, #793 ) ;
#3687 = CARTESIAN_POINT ( 'NONE',  ( -21.74999998103490029, -45.54999959278850241, 32.39500000000000313 ) ) ;
#3688 = FACE_OUTER_BOUND ( 'NONE', #1652, .T. ) ;
#3689 = ORIENTED_EDGE ( 'NONE', *, *, #1075, .F. ) ;
#3690 = CARTESIAN_POINT ( 'NONE',  ( -24.00000033153250101, -15.75000037226925009, 23.50999999999999801 ) ) ;
#3691 = EDGE_LOOP ( 'NONE', ( #4283, #3562, #4256, #3109, #3921, #1846, #3866, #1777, #279, #2000, #4362, #4141, #196, #209, #3853, #309 ) ) ;
#3692 = CARTESIAN_POINT ( 'NONE',  ( -9.579241447335764548, -21.24874394843882897, 28.53025878931528325 ) ) ;
#3693 = CARTESIAN_POINT ( 'NONE',  ( -17.35304545186550129, -4.370455393150895596, 31.89499999999999957 ) ) ;
#3694 = VERTEX_POINT ( 'NONE', #1065 ) ;
#3695 = DIRECTION ( 'NONE',  ( 0.000000000000000000, 0.000000000000000000, 1.000000000000000000 ) ) ;
#3696 = CARTESIAN_POINT ( 'NONE',  ( -37.25000001490199963, -9.550000240563859322, 32.39500000000000313 ) ) ;
#3697 = CARTESIAN_POINT ( 'NONE',  ( -9.714500168379100131, -21.12500053661070254, 32.39500000000000313 ) ) ;
#3698 = CARTESIAN_POINT ( 'NONE',  ( -21.15000000307539807, -45.54999958633759860, 32.39500000000000313 ) ) ;
#3699 = DIRECTION ( 'NONE',  ( 0.000000000000000000, 0.000000000000000000, 1.000000000000000000 ) ) ;
#3700 = DIRECTION ( 'NONE',  ( 0.000000000000000000, 0.000000000000000000, -1.000000000000000000 ) ) ;
#3701 = ORIENTED_EDGE ( 'NONE', *, *, #2233, .T. ) ;
#3702 = CARTESIAN_POINT ( 'NONE',  ( -6.285500236650880979, -32.37500053661069899, 32.39500000000000313 ) ) ;
#3703 = PLANE ( 'NONE',  #4088 ) ;
#3704 = LINE ( 'NONE', #533, #3968 ) ;
#3705 = VERTEX_POINT ( 'NONE', #725 ) ;
#3706 = CYLINDRICAL_SURFACE ( 'NONE', #2996, 0.4999999999999995559 ) ;
#3707 = AXIS2_PLACEMENT_3D ( 'NONE', #4008, #2592, #1863 ) ;
#3708 = ORIENTED_EDGE ( 'NONE', *, *, #1862, .T. ) ;
#3709 = CARTESIAN_POINT ( 'NONE',  ( -9.646486886914843240, -21.32031703235609044, 28.46301334973615482 ) ) ;
#3710 = LINE ( 'NONE', #4376, #4001 ) ;
#3711 = ORIENTED_EDGE ( 'NONE', *, *, #165, .T. ) ;
#3712 = CARTESIAN_POINT ( 'NONE',  ( -34.00000033153249746, -15.75000037226925009, 23.50999999999999801 ) ) ;
#3713 = CYLINDRICAL_SURFACE ( 'NONE', #1295, 0.5000000000000004441 ) ;
#3714 = EDGE_CURVE ( 'NONE', #54, #520, #2985, .T. ) ;
#3715 = CONICAL_SURFACE ( 'NONE', #324, 0.5000000000000004441, 0.7853981633974419507 ) ;
#3716 = EDGE_CURVE ( 'NONE', #3037, #1099, #3652, .T. ) ;
#3717 = DIRECTION ( 'NONE',  ( 1.000000000000000000, 0.000000000000000000, 0.000000000000000000 ) ) ;
#3718 = CARTESIAN_POINT ( 'NONE',  ( -16.12500000000000000, -45.83605253231170451, 26.39499999999999957 ) ) ;
#3719 = LINE ( 'NONE', #2620, #1221 ) ;
#3720 = AXIS2_PLACEMENT_3D ( 'NONE', #2642, #661, #2445 ) ;
#3721 = CIRCLE ( 'NONE', #3655, 0.4999999999999995559 ) ;
#3722 = CARTESIAN_POINT ( 'NONE',  ( -5.785500168379100749, -25.12500053661070254, 32.39500000000000313 ) ) ;
#3723 = ORIENTED_EDGE ( 'NONE', *, *, #1180, .T. ) ;
#3724 = DIRECTION ( 'NONE',  ( 0.000000000000000000, 0.000000000000000000, 1.000000000000000000 ) ) ;
#3725 = CARTESIAN_POINT ( 'NONE',  ( -9.214500236650879472, -32.37500053661069899, 23.50999999999999801 ) ) ;
#3726 = VECTOR ( 'NONE', #2963, 1000.000000000000000 ) ;
#3727 = ADVANCED_FACE ( 'NONE', ( #51 ), #3204, .F. ) ;
#3728 = CARTESIAN_POINT ( 'NONE',  ( -21.74999998103490029, -6.100000407211509490, 23.50999999999999801 ) ) ;
#3729 = ADVANCED_FACE ( 'NONE', ( #1438 ), #2857, .F. ) ;
#3730 = AXIS2_PLACEMENT_3D ( 'NONE', #315, #3141, #2450 ) ;
#3731 = EDGE_LOOP ( 'NONE', ( #3419, #2139, #4358, #2373 ) ) ;
#3732 = DIRECTION ( 'NONE',  ( 0.3236155771181853935, 0.3236155771181853935, -0.8891264907159878161 ) ) ;
#3733 = ORIENTED_EDGE ( 'NONE', *, *, #2152, .F. ) ;
#3734 = DIRECTION ( 'NONE',  ( 0.000000000000000000, 0.000000000000000000, 1.000000000000000000 ) ) ;
#3735 = ADVANCED_FACE ( 'NONE', ( #2162 ), #2180, .F. ) ;
#3736 = EDGE_CURVE ( 'NONE', #977, #4536, #2486, .T. ) ;
#3737 = EDGE_LOOP ( 'NONE', ( #1775, #1464, #2110 ) ) ;
#3738 = PLANE ( 'NONE',  #2202 ) ;
#3739 = EDGE_LOOP ( 'NONE', ( #1537, #943, #3106, #3019 ) ) ;
#3740 = EDGE_CURVE ( 'NONE', #2514, #3182, #3557, .T. ) ;
#3741 = AXIS2_PLACEMENT_3D ( 'NONE', #1795, #2125, #2536 ) ;
#3742 = LINE ( 'NONE', #2286, #2045 ) ;
#3743 = ADVANCED_FACE ( 'NONE', ( #2513 ), #395, .F. ) ;
#3744 = CIRCLE ( 'NONE', #3457, 1.000000000000000888 ) ;
#3745 = CARTESIAN_POINT ( 'NONE',  ( -36.74999998103489673, -47.39999974868469934, 23.50999999999999801 ) ) ;
#3746 = CYLINDRICAL_SURFACE ( 'NONE', #2698, 0.5000000000000004441 ) ;
#3747 = ORIENTED_EDGE ( 'NONE', *, *, #3119, .F. ) ;
#3748 = AXIS2_PLACEMENT_3D ( 'NONE', #4212, #765, #3915 ) ;
#3749 = CIRCLE ( 'NONE', #1756, 1.000000000000000888 ) ;
#3750 = CARTESIAN_POINT ( 'NONE',  ( -24.00000033153250101, -39.75000032926339344, 23.50999999999999801 ) ) ;
#3751 = VERTEX_POINT ( 'NONE', #377 ) ;
#3752 = FACE_OUTER_BOUND ( 'NONE', #4325, .T. ) ;
#3753 = DIRECTION ( 'NONE',  ( 0.000000000000000000, 0.000000000000000000, -1.000000000000000000 ) ) ;
#3754 = AXIS2_PLACEMENT_3D ( 'NONE', #3773, #1945, #3013 ) ;
#3755 = AXIS2_PLACEMENT_3D ( 'NONE', #239, #1352, #1377 ) ;
#3756 = CARTESIAN_POINT ( 'NONE',  ( -36.75000001167654773, -9.550000245939591181, 32.39500000000000313 ) ) ;
#3757 = ORIENTED_EDGE ( 'NONE', *, *, #1252, .F. ) ;
#3758 = CARTESIAN_POINT ( 'NONE',  ( -36.25000001705229380, -11.90000025131532091, 32.39500000000000313 ) ) ;
#3759 = ORIENTED_EDGE ( 'NONE', *, *, #111, .T. ) ;
#3760 = LINE ( 'NONE', #588, #397 ) ;
#3761 = DIRECTION ( 'NONE',  ( 0.000000000000000000, 0.000000000000000000, 1.000000000000000000 ) ) ;
#3762 = DIRECTION ( 'NONE',  ( 0.000000000000000000, 0.000000000000000000, 1.000000000000000000 ) ) ;
#3763 = ORIENTED_EDGE ( 'NONE', *, *, #1473, .T. ) ;
#3764 = DIRECTION ( 'NONE',  ( 0.000000000000000000, 1.000000000000000000, 0.000000000000000000 ) ) ;
#3765 = ORIENTED_EDGE ( 'NONE', *, *, #2220, .T. ) ;
#3766 = CARTESIAN_POINT ( 'NONE',  ( -9.465167086981276512, -21.19103669024195469, 28.39386388123412885 ) ) ;
#3767 = ADVANCED_FACE ( 'NONE', ( #2820 ), #1045, .F. ) ;
#3768 = DIRECTION ( 'NONE',  ( 1.000000000000000000, 0.000000000000000000, 0.000000000000000000 ) ) ;
#3769 = LINE ( 'NONE', #1241, #4459 ) ;
#3770 = ORIENTED_EDGE ( 'NONE', *, *, #154, .T. ) ;
#3771 = DIRECTION ( 'NONE',  ( 0.000000000000000000, 0.000000000000000000, -1.000000000000000000 ) ) ;
#3772 = EDGE_LOOP ( 'NONE', ( #4568, #2055, #3851, #706 ) ) ;
#3773 = CARTESIAN_POINT ( 'NONE',  ( -9.714500236650881249, -32.87500053661069899, 23.50999999999999801 ) ) ;
#3774 = CARTESIAN_POINT ( 'NONE',  ( -10.19109633700501938, -32.49993688138687986, 28.40670433964687547 ) ) ;
#3775 = EDGE_CURVE ( 'NONE', #4147, #130, #3434, .T. ) ;
#3776 = FACE_OUTER_BOUND ( 'NONE', #3671, .T. ) ;
#3777 = ORIENTED_EDGE ( 'NONE', *, *, #3959, .T. ) ;
#3778 = DIRECTION ( 'NONE',  ( 1.000000000000000000, 0.000000000000000000, 0.000000000000000000 ) ) ;
#3779 = VERTEX_POINT ( 'NONE', #3597 ) ;
#3780 = CARTESIAN_POINT ( 'NONE',  ( -6.285500168379099861, -23.57500057347749589, 23.50999999999999801 ) ) ;
#3781 = VERTEX_POINT ( 'NONE', #417 ) ;
#3782 = CARTESIAN_POINT ( 'NONE',  ( -24.00000033153250101, -14.25000037226925897, 23.50999999999999801 ) ) ;
#3783 = ORIENTED_EDGE ( 'NONE', *, *, #3094, .T. ) ;
#3784 = CARTESIAN_POINT ( 'NONE',  ( -9.389694898124188782, -21.15668402073986343, 28.54463545450741790 ) ) ;
#3785 = AXIS2_PLACEMENT_3D ( 'NONE', #3441, #379, #3185 ) ;
#3786 = ADVANCED_FACE ( 'NONE', ( #2092 ), #3509, .T. ) ;
#3787 = DIRECTION ( 'NONE',  ( 0.000000000000000000, 0.000000000000000000, -1.000000000000000000 ) ) ;
#3788 = CARTESIAN_POINT ( 'NONE',  ( -33.25000033153254719, -39.00000032926339344, 25.57060806459095303 ) ) ;
#3789 = ORIENTED_EDGE ( 'NONE', *, *, #2159, .T. ) ;
#3790 = LINE ( 'NONE', #3750, #2569 ) ;
#3791 = ORIENTED_EDGE ( 'NONE', *, *, #248, .F. ) ;
#3792 = CYLINDRICAL_SURFACE ( 'NONE', #724, 0.5000000000000004441 ) ;
#3793 = AXIS2_PLACEMENT_3D ( 'NONE', #1778, #4202, #3191 ) ;
#3794 = CARTESIAN_POINT ( 'NONE',  ( -22.25000004231819872, -11.90000040183577923, 23.50999999999999801 ) ) ;
#3795 = AXIS2_PLACEMENT_3D ( 'NONE', #2142, #2531, #2464 ) ;
#3796 = DIRECTION ( 'NONE',  ( 0.000000000000000000, 0.000000000000000000, 1.000000000000000000 ) ) ;
#3797 = VERTEX_POINT ( 'NONE', #2603 ) ;
#3798 = CARTESIAN_POINT ( 'NONE',  ( -24.00000033153250101, -38.25000032926340054, 23.50999999999999801 ) ) ;
#3799 = ORIENTED_EDGE ( 'NONE', *, *, #2867, .F. ) ;
#3800 = DIRECTION ( 'NONE',  ( 0.000000000000000000, 0.000000000000000000, -1.000000000000000000 ) ) ;
#3801 = CIRCLE ( 'NONE', #546, 3.124999999999999112 ) ;
#3802 = CARTESIAN_POINT ( 'NONE',  ( -8.488228394524487186, -37.25000053661075583, 26.03590610626303103 ) ) ;
#3803 = CARTESIAN_POINT ( 'NONE',  ( -34.00000033153254719, -38.25000032926340054, 23.50999999999999801 ) ) ;
#3804 = EDGE_LOOP ( 'NONE', ( #393, #4507, #2825, #284 ) ) ;
#3805 = CARTESIAN_POINT ( 'NONE',  ( -10.75000025116536051, -37.25000053661074872, 25.51000000000000156 ) ) ;
#3806 = VERTEX_POINT ( 'NONE', #2989 ) ;
#3807 = DIRECTION ( 'NONE',  ( 1.000000000000000000, 0.000000000000000000, 0.000000000000000000 ) ) ;
#3808 = AXIS2_PLACEMENT_3D ( 'NONE', #1483, #3575, #3873 ) ;
#3809 = VECTOR ( 'NONE', #1054, 1000.000000000000000 ) ;
#3810 = ORIENTED_EDGE ( 'NONE', *, *, #2291, .F. ) ;
#3811 = DIRECTION ( 'NONE',  ( -0.7020337415081618904, -0.08454954632667517622, -0.7071067811865507924 ) ) ;
#3812 = CARTESIAN_POINT ( 'NONE',  ( -7.250000251165360510, -36.21664509781732022, 25.63500000000001222 ) ) ;
#3813 = ORIENTED_EDGE ( 'NONE', *, *, #4069, .F. ) ;
#3814 = CARTESIAN_POINT ( 'NONE',  ( -7.250000251165360510, -37.25000053661074872, 25.51000000000000156 ) ) ;
#3815 = AXIS2_PLACEMENT_3D ( 'NONE', #2975, #2371, #3761 ) ;
#3816 = VERTEX_POINT ( 'NONE', #2295 ) ;
#3817 = PLANE ( 'NONE',  #2276 ) ;
#3818 = DIRECTION ( 'NONE',  ( 0.000000000000000000, 0.000000000000000000, -1.000000000000000000 ) ) ;
#3819 = EDGE_CURVE ( 'NONE', #1911, #817, #120, .T. ) ;
#3820 = CIRCLE ( 'NONE', #1154, 0.5000000000000004441 ) ;
#3821 = EDGE_CURVE ( 'NONE', #1224, #2823, #163, .T. ) ;
#3822 = ADVANCED_FACE ( 'NONE', ( #2654 ), #1594, .F. ) ;
#3823 = CARTESIAN_POINT ( 'NONE',  ( -21.75000003694249884, -42.59999959816424564, 23.50999999999999801 ) ) ;
#3824 = ORIENTED_EDGE ( 'NONE', *, *, #3605, .F. ) ;
#3825 = PLANE ( 'NONE',  #4461 ) ;
#3826 = ORIENTED_EDGE ( 'NONE', *, *, #1927, .T. ) ;
#3827 = CIRCLE ( 'NONE', #202, 0.5000000000000004441 ) ;
#3828 = DIRECTION ( 'NONE',  ( -0.7071067811865431318, 8.659560562354881089E-17, 0.7071067811865520136 ) ) ;
#3829 = VECTOR ( 'NONE', #502, 1000.000000000000114 ) ;
#3830 = ORIENTED_EDGE ( 'NONE', *, *, #4387, .F. ) ;
#3831 = VECTOR ( 'NONE', #2545, 1000.000000000000000 ) ;
#3832 = DIRECTION ( 'NONE',  ( 1.000000000000000000, 0.000000000000000000, 0.000000000000000000 ) ) ;
#3833 = EDGE_LOOP ( 'NONE', ( #3427, #900, #1307, #3642 ) ) ;
#3834 = CARTESIAN_POINT ( 'NONE',  ( -7.250000251165360510, -37.25000053661074872, 25.51000000000000156 ) ) ;
#3835 = ORIENTED_EDGE ( 'NONE', *, *, #3857, .T. ) ;
#3836 = CARTESIAN_POINT ( 'NONE',  ( -9.396364492970540994, -21.15924211730654747, 28.53127155723960229 ) ) ;
#3837 = DIRECTION ( 'NONE',  ( 0.000000000000000000, 0.000000000000000000, -1.000000000000000000 ) ) ;
#3838 = DIRECTION ( 'NONE',  ( 0.000000000000000000, 0.000000000000000000, 1.000000000000000000 ) ) ;
#3839 = ORIENTED_EDGE ( 'NONE', *, *, #1654, .F. ) ;
#3840 = FACE_OUTER_BOUND ( 'NONE', #1300, .T. ) ;
#3841 = CARTESIAN_POINT ( 'NONE',  ( -27.00000000000000000, -26.99999953231175098, 32.39500000000000313 ) ) ;
#3842 = ADVANCED_FACE ( 'NONE', ( #2226 ), #2946, .F. ) ;
#3843 = DIRECTION ( 'NONE',  ( 0.000000000000000000, 0.000000000000000000, 1.000000000000000000 ) ) ;
#3844 = VERTEX_POINT ( 'NONE', #1199 ) ;
#3845 = DIRECTION ( 'NONE',  ( 0.000000000000000000, 0.000000000000000000, 1.000000000000000000 ) ) ;
#3846 = ORIENTED_EDGE ( 'NONE', *, *, #1845, .T. ) ;
#3847 = DIRECTION ( 'NONE',  ( -1.000000000000000000, 0.000000000000000000, 0.000000000000000000 ) ) ;
#3848 = SHAPE_DEFINITION_REPRESENTATION ( #2497, #2379 ) ;
#3849 = ORIENTED_EDGE ( 'NONE', *, *, #2917, .T. ) ;
#3850 = CARTESIAN_POINT ( 'NONE',  ( -10.01416706876467977, -32.68227390174065050, 28.49516658394339785 ) ) ;
#3851 = ORIENTED_EDGE ( 'NONE', *, *, #3406, .F. ) ;
#3852 = DIRECTION ( 'NONE',  ( 0.000000000000000000, 0.000000000000000000, -1.000000000000000000 ) ) ;
#3853 = ORIENTED_EDGE ( 'NONE', *, *, #1891, .T. ) ;
#3854 = CARTESIAN_POINT ( 'NONE',  ( -48.75000000000000000, -27.00000000000000000, 26.39499999999999957 ) ) ;
#3855 = AXIS2_PLACEMENT_3D ( 'NONE', #2637, #4057, #4306 ) ;
#3856 = LINE ( 'NONE', #2781, #1589 ) ;
#3857 = EDGE_CURVE ( 'NONE', #4029, #2700, #3801, .T. ) ;
#3858 = ADVANCED_FACE ( 'NONE', ( #4000 ), #401, .T. ) ;
#3859 = VERTEX_POINT ( 'NONE', #1926 ) ;
#3860 = CARTESIAN_POINT ( 'NONE',  ( -9.703323264618914479, -32.49860477792012858, 27.91735883144898267 ) ) ;
#3861 = DIRECTION ( 'NONE',  ( 0.000000000000000000, 0.000000000000000000, -1.000000000000000000 ) ) ;
#3862 = AXIS2_PLACEMENT_3D ( 'NONE', #1613, #273, #3768 ) ;
#3863 = CARTESIAN_POINT ( 'NONE',  ( -48.75000000000000000, -27.00000000000000000, 32.39500000000000313 ) ) ;
#3864 = ORIENTED_EDGE ( 'NONE', *, *, #3048, .F. ) ;
#3865 = FACE_BOUND ( 'NONE', #1145, .T. ) ;
#3866 = ORIENTED_EDGE ( 'NONE', *, *, #2733, .T. ) ;
#3867 = DIRECTION ( 'NONE',  ( 0.000000000000000000, 0.000000000000000000, -1.000000000000000000 ) ) ;
#3868 = ORIENTED_EDGE ( 'NONE', *, *, #3444, .T. ) ;
#3869 = ADVANCED_FACE ( 'NONE', ( #4391 ), #3014, .F. ) ;
#3870 = ADVANCED_FACE ( 'NONE', ( #488, #89, #2251, #1572, #3638 ), #4369, .T. ) ;
#3871 = ADVANCED_FACE ( 'NONE', ( #4049 ), #1729, .F. ) ;
#3872 = ORIENTED_EDGE ( 'NONE', *, *, #1927, .F. ) ;
#3873 = DIRECTION ( 'NONE',  ( -1.000000000000000000, 0.000000000000000000, 0.000000000000000000 ) ) ;
#3874 = AXIS2_PLACEMENT_3D ( 'NONE', #3333, #2674, #4320 ) ;
#3875 = ORIENTED_EDGE ( 'NONE', *, *, #4432, .T. ) ;
#3876 = ADVANCED_FACE ( 'NONE', ( #4025 ), #3703, .F. ) ;
#3877 = CYLINDRICAL_SURFACE ( 'NONE', #557, 0.8750000000000007772 ) ;
#3878 = AXIS2_PLACEMENT_3D ( 'NONE', #3029, #4429, #1258 ) ;
#3879 = EDGE_CURVE ( 'NONE', #3751, #1952, #1658, .T. ) ;
#3880 = EDGE_CURVE ( 'NONE', #2710, #1673, #4175, .T. ) ;
#3881 = EDGE_CURVE ( 'NONE', #3319, #3123, #2389, .T. ) ;
#3882 = VERTEX_POINT ( 'NONE', #4484 ) ;
#3883 = VECTOR ( 'NONE', #1274, 1000.000000000000000 ) ;
#3884 = CARTESIAN_POINT ( 'NONE',  ( -12.52600706049404167, -7.730502175423169753, 32.39500000000000313 ) ) ;
#3885 = LINE ( 'NONE', #1016, #1004 ) ;
#3886 = EDGE_LOOP ( 'NONE', ( #1694, #1421, #1879, #219, #1070, #1709, #3632, #4172, #1922, #1681, #3273, #3617, #2449, #2312, #612, #523 ) ) ;
#3887 = LINE ( 'NONE', #653, #282 ) ;
#3888 = DIRECTION ( 'NONE',  ( -1.000000000000000000, 0.000000000000000000, 0.000000000000000000 ) ) ;
#3889 = VECTOR ( 'NONE', #707, 1000.000000000000000 ) ;
#3890 = DIRECTION ( 'NONE',  ( 0.000000000000000000, 0.000000000000000000, -1.000000000000000000 ) ) ;
#3891 = CIRCLE ( 'NONE', #1011, 1.000000000000000888 ) ;
#3892 = CARTESIAN_POINT ( 'NONE',  ( -13.71450016837912145, -21.62500053661070254, 28.39499999999999957 ) ) ;
#3893 = EDGE_LOOP ( 'NONE', ( #2926, #959, #145 ) ) ;
#3894 = FACE_BOUND ( 'NONE', #2483, .T. ) ;
#3895 = ORIENTED_EDGE ( 'NONE', *, *, #2478, .T. ) ;
#3896 = DIRECTION ( 'NONE',  ( 1.000000000000000000, 0.000000000000000000, 0.000000000000000000 ) ) ;
#3897 = ORIENTED_EDGE ( 'NONE', *, *, #3917, .T. ) ;
#3898 = ORIENTED_EDGE ( 'NONE', *, *, #876, .T. ) ;
#3899 = DIRECTION ( 'NONE',  ( 0.000000000000000000, -1.000000000000000000, 0.000000000000000000 ) ) ;
#3900 = ORIENTED_EDGE ( 'NONE', *, *, #1485, .T. ) ;
#3901 = CARTESIAN_POINT ( 'NONE',  ( -9.000000251165358733, -36.00000053661074872, 23.50999999999999801 ) ) ;
#3902 = AXIS2_PLACEMENT_3D ( 'NONE', #3566, #3524, #45 ) ;
#3903 = CIRCLE ( 'NONE', #2133, 3.124999999999999112 ) ;
#3904 = ORIENTED_EDGE ( 'NONE', *, *, #4071, .F. ) ;
#3905 = SURFACE_SIDE_STYLE ('',( #1469 ) ) ;
#3906 = CARTESIAN_POINT ( 'NONE',  ( -21.15000001490199821, -44.44999958633759007, 32.39500000000000313 ) ) ;
#3907 = DIRECTION ( 'NONE',  ( 1.000000000000000000, 0.000000000000000000, 0.000000000000000000 ) ) ;
#3908 = EDGE_CURVE ( 'NONE', #4165, #463, #4436, .T. ) ;
#3909 = EDGE_LOOP ( 'NONE', ( #49, #1126 ) ) ;
#3910 = CARTESIAN_POINT ( 'NONE',  ( -9.214500236650879472, -32.87500053661069899, 28.89499999999999957 ) ) ;
#3911 = CARTESIAN_POINT ( 'NONE',  ( -27.00000000000000000, -26.99999953231175098, 32.39500000000000313 ) ) ;
#3912 = CARTESIAN_POINT ( 'NONE',  ( -43.50000011650329412, -19.00000017336725122, 23.50999999999999801 ) ) ;
#3913 = LINE ( 'NONE', #2482, #3010 ) ;
#3914 = ORIENTED_EDGE ( 'NONE', *, *, #4208, .T. ) ;
#3915 = DIRECTION ( 'NONE',  ( -1.000000000000000000, 0.000000000000000000, 0.000000000000000000 ) ) ;
#3916 = CARTESIAN_POINT ( 'NONE',  ( -22.25000003694249884, -42.59999959816424564, 23.50999999999999801 ) ) ;
#3917 = EDGE_CURVE ( 'NONE', #3797, #2823, #1269, .T. ) ;
#3918 = EDGE_CURVE ( 'NONE', #3532, #2163, #1323, .T. ) ;
#3919 = ORIENTED_EDGE ( 'NONE', *, *, #3064, .F. ) ;
#3920 = FACE_OUTER_BOUND ( 'NONE', #3737, .T. ) ;
#3921 = ORIENTED_EDGE ( 'NONE', *, *, #4524, .T. ) ;
#3922 = DIRECTION ( 'NONE',  ( 0.000000000000000000, 0.000000000000000000, -1.000000000000000000 ) ) ;
#3923 = ORIENTED_EDGE ( 'NONE', *, *, #1465, .T. ) ;
#3924 =( LENGTH_UNIT ( ) NAMED_UNIT ( * ) SI_UNIT ( .MILLI., .METRE. ) );
#3925 = DIRECTION ( 'NONE',  ( -0.000000000000000000, 1.000000000000000000, 0.000000000000000000 ) ) ;
#3926 = DIRECTION ( 'NONE',  ( 0.9999999999999998890, 1.075146129532929780E-08, 0.000000000000000000 ) ) ;
#3927 = EDGE_CURVE ( 'NONE', #2749, #2127, #2019, .T. ) ;
#3928 = ADVANCED_FACE ( 'NONE', ( #4092 ), #4070, .F. ) ;
#3929 = VERTEX_POINT ( 'NONE', #3483 ) ;
#3930 = CARTESIAN_POINT ( 'NONE',  ( -21.75000003694249884, -44.44999959278849389, 32.39500000000000313 ) ) ;
#3931 = CARTESIAN_POINT ( 'NONE',  ( -8.518386459230997687, -34.75000053661075583, 26.06509841280837136 ) ) ;
#3932 = DIRECTION ( 'NONE',  ( 0.000000000000000000, 0.000000000000000000, -1.000000000000000000 ) ) ;
#3933 = EDGE_CURVE ( 'NONE', #4332, #2576, #694, .T. ) ;
#3934 = VERTEX_POINT ( 'NONE', #2341 ) ;
#3935 = FACE_OUTER_BOUND ( 'NONE', #3731, .T. ) ;
#3936 = CARTESIAN_POINT ( 'NONE',  ( -27.00000000000000000, -26.99999953231175098, 23.50999999999999801 ) ) ;
#3937 = AXIS2_PLACEMENT_3D ( 'NONE', #1866, #3237, #2935 ) ;
#3938 = ORIENTED_EDGE ( 'NONE', *, *, #3151, .F. ) ;
#3939 = CARTESIAN_POINT ( 'NONE',  ( -9.476248131884490888, -32.86198687269269669, 28.76412605238320097 ) ) ;
#3940 = EDGE_LOOP ( 'NONE', ( #479, #957, #2328, #1247 ) ) ;
#3941 = AXIS2_PLACEMENT_3D ( 'NONE', #2837, #3226, #1480 ) ;
#3942 = CARTESIAN_POINT ( 'NONE',  ( -27.00000000000000000, -26.99999953231175098, 23.50999999999999801 ) ) ;
#3943 = AXIS2_PLACEMENT_3D ( 'NONE', #3911, #3861, #693 ) ;
#3944 = VERTEX_POINT ( 'NONE', #3794 ) ;
#3945 = CARTESIAN_POINT ( 'NONE',  ( -7.250000251165360510, -34.75000053661074872, 23.50999999999999801 ) ) ;
#3946 = CARTESIAN_POINT ( 'NONE',  ( -16.12500000000000000, -45.83605253231170451, 31.89499999999999957 ) ) ;
#3947 = LINE ( 'NONE', #1826, #2924 ) ;
#3948 = AXIS2_PLACEMENT_3D ( 'NONE', #3725, #555, #1974 ) ;
#3949 = CIRCLE ( 'NONE', #2704, 0.5000000000000004441 ) ;
#3950 = EDGE_LOOP ( 'NONE', ( #3839, #1688, #1509, #1864 ) ) ;
#3951 = CARTESIAN_POINT ( 'NONE',  ( -10.21450023665087947, -21.62500053661070254, 27.89499999999999957 ) ) ;
#3952 = CARTESIAN_POINT ( 'NONE',  ( -6.785500236650880090, -32.87500053661069899, 23.50999999999999801 ) ) ;
#3953 = VECTOR ( 'NONE', #3926, 1000.000000000000114 ) ;
#3954 = B_SPLINE_CURVE_WITH_KNOTS ( 'NONE', 3,
 ( #1240, #968, #891, #1991 ),
 .UNSPECIFIED., .F., .F.,
 ( 4, 4 ),
 ( 0.000000000000000000, 1.000000000000000000 ),
 .UNSPECIFIED. ) ;
#3955 = CARTESIAN_POINT ( 'NONE',  ( -9.878485552222619148, -21.24988550406710885, 28.56300825135702937 ) ) ;
#3956 = ORIENTED_EDGE ( 'NONE', *, *, #111, .F. ) ;
#3957 = DIRECTION ( 'NONE',  ( 0.000000000000000000, 0.000000000000000000, -1.000000000000000000 ) ) ;
#3958 = CARTESIAN_POINT ( 'NONE',  ( -50.35000000000000142, -27.00000000000000000, 23.50999999999999801 ) ) ;
#3959 = EDGE_CURVE ( 'NONE', #2013, #2912, #1364, .T. ) ;
#3960 = EDGE_CURVE ( 'NONE', #534, #1290, #654, .T. ) ;
#3961 = VECTOR ( 'NONE', #2390, 1000.000000000000000 ) ;
#3962 = LINE ( 'NONE', #796, #47 ) ;
#3963 = VERTEX_POINT ( 'NONE', #4509 ) ;
#3964 = DIRECTION ( 'NONE',  ( 0.000000000000000000, 0.000000000000000000, -1.000000000000000000 ) ) ;
#3965 = ORIENTED_EDGE ( 'NONE', *, *, #4432, .F. ) ;
#3966 = CIRCLE ( 'NONE', #1596, 1.599999999999997202 ) ;
#3967 = CARTESIAN_POINT ( 'NONE',  ( -21.15000000307539807, -8.450000413662390741, 23.50999999999999801 ) ) ;
#3968 = VECTOR ( 'NONE', #3036, 1000.000000000000000 ) ;
#3969 = FACE_OUTER_BOUND ( 'NONE', #1091, .T. ) ;
#3970 = EDGE_LOOP ( 'NONE', ( #150, #491 ) ) ;
#3971 = CARTESIAN_POINT ( 'NONE',  ( -21.75000003694249884, -44.44999959278849389, 23.50999999999999801 ) ) ;
#3972 = PLANE ( 'NONE',  #3511 ) ;
#3973 = VECTOR ( 'NONE', #2265, 1000.000000000000114 ) ;
#3974 = VECTOR ( 'NONE', #2327, 1000.000000000000000 ) ;
#3975 = CARTESIAN_POINT ( 'NONE',  ( -7.250000251165360510, -37.25000053661074872, 25.51000000000000156 ) ) ;
#3976 = ORIENTED_EDGE ( 'NONE', *, *, #832, .T. ) ;
#3977 = DIRECTION ( 'NONE',  ( 1.000000000000000000, 0.000000000000000000, 0.000000000000000000 ) ) ;
#3978 = CARTESIAN_POINT ( 'NONE',  ( -24.00000033153250101, -15.75000037226925009, 23.50999999999999801 ) ) ;
#3979 = DIRECTION ( 'NONE',  ( 0.000000000000000000, 0.000000000000000000, 1.000000000000000000 ) ) ;
#3980 = ORIENTED_EDGE ( 'NONE', *, *, #2446, .T. ) ;
#3981 = CARTESIAN_POINT ( 'NONE',  ( -34.00000033153254719, -38.25000032926340054, 23.50999999999999801 ) ) ;
#3982 = DIRECTION ( 'NONE',  ( -1.000000000000000000, 0.000000000000000000, 0.000000000000000000 ) ) ;
#3983 = ADVANCED_FACE ( 'NONE', ( #2760 ), #303, .F. ) ;
#3984 = CARTESIAN_POINT ( 'NONE',  ( -15.21450016837910013, -30.87500053661069899, 28.39499999999999957 ) ) ;
#3985 = EDGE_LOOP ( 'NONE', ( #3485, #384, #696, #3494, #1816, #3897 ) ) ;
#3986 = DIRECTION ( 'NONE',  ( -1.000000000000000000, 0.000000000000000000, 0.000000000000000000 ) ) ;
#3987 = EDGE_LOOP ( 'NONE', ( #3115, #3747, #4344, #2586 ) ) ;
#3988 = CARTESIAN_POINT ( 'NONE',  ( -9.214500236650879472, -21.12500053661070254, 28.89499999999999957 ) ) ;
#3989 = CARTESIAN_POINT ( 'NONE',  ( -21.75000003694249884, -44.44999959278849389, 23.50999999999999801 ) ) ;
#3990 = EDGE_LOOP ( 'NONE', ( #681, #2346, #3039, #4274 ) ) ;
#3991 = CARTESIAN_POINT ( 'NONE',  ( -6.285500168379099861, -25.62500053661070254, 23.50999999999999801 ) ) ;
#3992 = CARTESIAN_POINT ( 'NONE',  ( -9.000000251165358733, -36.00000053661074872, 25.51000000000000156 ) ) ;
#3993 = CARTESIAN_POINT ( 'NONE',  ( -51.42487062729449576, -29.90009702502035083, 31.89499999999999957 ) ) ;
#3994 = ORIENTED_EDGE ( 'NONE', *, *, #3245, .T. ) ;
#3995 = FACE_OUTER_BOUND ( 'NONE', #1634, .T. ) ;
#3996 = CARTESIAN_POINT ( 'NONE',  ( -7.602457765227970121, -34.75000053661074872, 25.51000000000000156 ) ) ;
#3997 = CARTESIAN_POINT ( 'NONE',  ( -19.75000000000000000, -8.163947467688508652, 32.39500000000000313 ) ) ;
#3998 = ORIENTED_EDGE ( 'NONE', *, *, #664, .F. ) ;
#3999 = CARTESIAN_POINT ( 'NONE',  ( -13.71450016837912145, -21.12500053661070254, 32.39500000000000313 ) ) ;
#4000 = FACE_OUTER_BOUND ( 'NONE', #829, .T. ) ;
#4001 = VECTOR ( 'NONE', #194, 1000.000000000000114 ) ;
#4002 = CARTESIAN_POINT ( 'NONE',  ( -13.02600693663782039, -46.26949679616760136, 26.39499999999999957 ) ) ;
#4003 = ORIENTED_EDGE ( 'NONE', *, *, #3383, .F. ) ;
#4004 = CARTESIAN_POINT ( 'NONE',  ( -45.62500000000000000, -27.00000000000000000, 31.89499999999999957 ) ) ;
#4005 = ORIENTED_EDGE ( 'NONE', *, *, #200, .F. ) ;
#4006 = CARTESIAN_POINT ( 'NONE',  ( -9.476248131884490888, -21.13801420052860180, 28.76412605238344966 ) ) ;
#4007 = EDGE_CURVE ( 'NONE', #1526, #2702, #2067, .T. ) ;
#4008 = CARTESIAN_POINT ( 'NONE',  ( -12.52600693663782039, -46.26949679616760136, 26.39499999999999957 ) ) ;
#4009 = ORIENTED_EDGE ( 'NONE', *, *, #3933, .F. ) ;
#4010 = CARTESIAN_POINT ( 'NONE',  ( -43.50000011650329412, -19.00000017336725122, 23.50999999999999801 ) ) ;
#4011 = AXIS2_PLACEMENT_3D ( 'NONE', #3854, #2105, #990 ) ;
#4012 = CYLINDRICAL_SURFACE ( 'NONE', #2102, 3.124999999999999112 ) ;
#4013 = LINE ( 'NONE', #2239, #3296 ) ;
#4014 = ADVANCED_FACE ( 'NONE', ( #1367 ), #2315, .F. ) ;
#4015 = AXIS2_PLACEMENT_3D ( 'NONE', #4259, #1772, #4236 ) ;
#4016 = EDGE_CURVE ( 'NONE', #78, #286, #3382, .T. ) ;
#4017 = EDGE_CURVE ( 'NONE', #4198, #2992, #2770, .T. ) ;
#4018 = ORIENTED_EDGE ( 'NONE', *, *, #2917, .F. ) ;
#4019 = DIRECTION ( 'NONE',  ( 0.000000000000000000, 0.000000000000000000, -1.000000000000000000 ) ) ;
#4020 = AXIS2_PLACEMENT_3D ( 'NONE', #3503, #3178, #1733 ) ;
#4021 = LINE ( 'NONE', #85, #2548 ) ;
#4022 = DIRECTION ( 'NONE',  ( 1.000000000000000000, 1.156482317317871291E-14, 0.000000000000000000 ) ) ;
#4023 = ORIENTED_EDGE ( 'NONE', *, *, #3857, .F. ) ;
#4024 = LINE ( 'NONE', #1925, #498 ) ;
#4025 = FACE_OUTER_BOUND ( 'NONE', #3940, .T. ) ;
#4026 = VECTOR ( 'NONE', #35, 999.9999999999998863 ) ;
#4027 = CIRCLE ( 'NONE', #4467, 24.60000000000000142 ) ;
#4028 = CARTESIAN_POINT ( 'NONE',  ( -13.00000000000000000, -8.163947467688508652, 31.89499999999999957 ) ) ;
#4029 = VERTEX_POINT ( 'NONE', #1807 ) ;
#4030 = DIRECTION ( 'NONE',  ( 0.7071067811865431318, 0.000000000000000000, 0.7071067811865520136 ) ) ;
#4031 = ORIENTED_EDGE ( 'NONE', *, *, #2144, .F. ) ;
#4032 = DIRECTION ( 'NONE',  ( 0.000000000000000000, 0.000000000000000000, 1.000000000000000000 ) ) ;
#4033 = AXIS2_PLACEMENT_3D ( 'NONE', #570, #3026, #1585 ) ;
#4034 = CARTESIAN_POINT ( 'NONE',  ( -36.24999997565915777, -6.100000251315320199, 23.50999999999999801 ) ) ;
#4035 = CIRCLE ( 'NONE', #272, 1.875000000000000000 ) ;
#4036 = ORIENTED_EDGE ( 'NONE', *, *, #925, .T. ) ;
#4037 = CARTESIAN_POINT ( 'NONE',  ( -13.71450016837912145, -23.12500053661069899, 28.89499999999999957 ) ) ;
#4038 = FACE_OUTER_BOUND ( 'NONE', #2117, .T. ) ;
#4039 = DIRECTION ( 'NONE',  ( -1.000000000000000000, 0.000000000000000000, 0.000000000000000000 ) ) ;
#4040 = VECTOR ( 'NONE', #3429, 1000.000000000000000 ) ;
#4041 = CARTESIAN_POINT ( 'NONE',  ( -50.35000000000000142, -27.00000000000000000, 26.39499999999999957 ) ) ;
#4042 = ADVANCED_FACE ( 'NONE', ( #1411 ), #2085, .F. ) ;
#4043 = DIRECTION ( 'NONE',  ( 0.9999999999999998890, 1.075146955435521817E-08, 0.000000000000000000 ) ) ;
#4044 = FACE_OUTER_BOUND ( 'NONE', #4496, .T. ) ;
#4045 = CIRCLE ( 'NONE', #1837, 0.5000000000000004441 ) ;
#4046 = CARTESIAN_POINT ( 'NONE',  ( -50.92487062729449576, -29.90009702502035083, 32.39500000000000313 ) ) ;
#4047 = ORIENTED_EDGE ( 'NONE', *, *, #1607, .T. ) ;
#4048 = LINE ( 'NONE', #3981, #421 ) ;
#4049 = FACE_OUTER_BOUND ( 'NONE', #423, .T. ) ;
#4050 = LINE ( 'NONE', #1228, #1227 ) ;
#4051 = ORIENTED_EDGE ( 'NONE', *, *, #3714, .T. ) ;
#4052 = DIRECTION ( 'NONE',  ( 1.000000000000000000, 0.000000000000000000, 0.000000000000000000 ) ) ;
#4053 = ORIENTED_EDGE ( 'NONE', *, *, #257, .F. ) ;
#4054 = ADVANCED_FACE ( 'NONE', ( #2459 ), #1433, .T. ) ;
#4055 = DIRECTION ( 'NONE',  ( 0.000000000000000000, 0.000000000000000000, 1.000000000000000000 ) ) ;
#4056 = EDGE_CURVE ( 'NONE', #34, #1842, #2112, .T. ) ;
#4057 = DIRECTION ( 'NONE',  ( 0.000000000000000000, 0.000000000000000000, -1.000000000000000000 ) ) ;
#4058 = ORIENTED_EDGE ( 'NONE', *, *, #447, .T. ) ;
#4059 = LINE ( 'NONE', #3712, #133 ) ;
#4060 = CARTESIAN_POINT ( 'NONE',  ( -36.75000001167654773, -42.09999975406040562, 23.50999999999999801 ) ) ;
#4061 = DIRECTION ( 'NONE',  ( 0.000000000000000000, 0.000000000000000000, -1.000000000000000000 ) ) ;
#4062 = CARTESIAN_POINT ( 'NONE',  ( -36.25000001167654773, -11.40000025131531913, 23.50999999999999801 ) ) ;
#4063 = EDGE_CURVE ( 'NONE', #2172, #96, #2787, .T. ) ;
#4064 = LINE ( 'NONE', #3351, #187 ) ;
#4065 = ADVANCED_FACE ( 'NONE', ( #328 ), #2156, .F. ) ;
#4066 = CARTESIAN_POINT ( 'NONE',  ( -47.00000028852669942, -35.00000013573709623, 23.50999999999999801 ) ) ;
#4067 = ORIENTED_EDGE ( 'NONE', *, *, #4538, .F. ) ;
#4068 = FACE_OUTER_BOUND ( 'NONE', #3510, .T. ) ;
#4069 = EDGE_CURVE ( 'NONE', #2696, #2284, #3721, .T. ) ;
#4070 = CYLINDRICAL_SURFACE ( 'NONE', #1136, 3.124999999999999112 ) ;
#4071 = EDGE_CURVE ( 'NONE', #1699, #2631, #36, .T. ) ;
#4072 = DIRECTION ( 'NONE',  ( 1.000000000000000000, 0.000000000000000000, 0.000000000000000000 ) ) ;
#4073 = ORIENTED_EDGE ( 'NONE', *, *, #2376, .F. ) ;
#4074 = FACE_BOUND ( 'NONE', #3970, .T. ) ;
#4075 = EDGE_CURVE ( 'NONE', #2904, #3882, #624, .T. ) ;
#4076 = VECTOR ( 'NONE', #1697, 1000.000000000000000 ) ;
#4077 = VERTEX_POINT ( 'NONE', #1393 ) ;
#4078 = DIRECTION ( 'NONE',  ( 1.000000000000000000, 0.000000000000000000, 0.000000000000000000 ) ) ;
#4079 = DIRECTION ( 'NONE',  ( -1.000000000000000000, 0.000000000000000000, 0.000000000000000000 ) ) ;
#4080 = ORIENTED_EDGE ( 'NONE', *, *, #1893, .T. ) ;
#4081 = CARTESIAN_POINT ( 'NONE',  ( -13.71450016837912145, -30.87500053661069899, 28.89499999999999957 ) ) ;
#4082 = FACE_OUTER_BOUND ( 'NONE', #3990, .T. ) ;
#4083 = DIRECTION ( 'NONE',  ( -1.075146215115872026E-08, -1.000000000000000000, 0.000000000000000000 ) ) ;
#4084 = CARTESIAN_POINT ( 'NONE',  ( -7.250000251165360510, -36.00000053661074872, 25.63500000000000156 ) ) ;
#4085 = ORIENTED_EDGE ( 'NONE', *, *, #3626, .F. ) ;
#4086 = VECTOR ( 'NONE', #1328, 1000.000000000000000 ) ;
#4087 = ORIENTED_EDGE ( 'NONE', *, *, #739, .T. ) ;
#4088 = AXIS2_PLACEMENT_3D ( 'NONE', #2968, #1876, #1905 ) ;
#4089 = CARTESIAN_POINT ( 'NONE',  ( -15.71450016837909835, -30.87500053661069899, 28.39499999999999957 ) ) ;
#4090 = ORIENTED_EDGE ( 'NONE', *, *, #2231, .T. ) ;
#4091 = DIRECTION ( 'NONE',  ( 1.000000000000000000, 0.000000000000000000, 0.000000000000000000 ) ) ;
#4092 = FACE_OUTER_BOUND ( 'NONE', #3388, .T. ) ;
#4093 = AXIS2_PLACEMENT_3D ( 'NONE', #2646, #1522, #1128 ) ;
#4094 = CARTESIAN_POINT ( 'NONE',  ( -9.214500236650879472, -21.12500053661070254, 23.50999999999999801 ) ) ;
#4095 = VECTOR ( 'NONE', #2993, 1000.000000000000000 ) ;
#4096 = ORIENTED_EDGE ( 'NONE', *, *, #223, .T. ) ;
#4097 = FACE_OUTER_BOUND ( 'NONE', #4184, .T. ) ;
#4098 = ORIENTED_EDGE ( 'NONE', *, *, #3880, .T. ) ;
#4099 = ADVANCED_FACE ( 'NONE', ( #1059 ), #6, .F. ) ;
#4100 = EDGE_CURVE ( 'NONE', #3779, #470, #1958, .T. ) ;
#4101 = CARTESIAN_POINT ( 'NONE',  ( -9.789589872353014144, -37.25000053661074872, 25.90654469783270031 ) ) ;
#4102 = CONICAL_SURFACE ( 'NONE', #2641, 1.000000000000000888, 0.3490658503988667838 ) ;
#4103 = FACE_OUTER_BOUND ( 'NONE', #730, .T. ) ;
#4104 = ORIENTED_EDGE ( 'NONE', *, *, #2628, .T. ) ;
#4105 = DIRECTION ( 'NONE',  ( 0.000000000000000000, 0.000000000000000000, 1.000000000000000000 ) ) ;
#4106 = EDGE_LOOP ( 'NONE', ( #3113, #2277, #1924, #4373, #652, #262, #1513, #4149 ) ) ;
#4107 = CIRCLE ( 'NONE', #1445, 1.000000000000000888 ) ;
#4108 = DIRECTION ( 'NONE',  ( 0.000000000000000000, 1.000000000000000000, 0.000000000000000000 ) ) ;
#4109 = CIRCLE ( 'NONE', #4254, 0.5000000000000004441 ) ;
#4110 = CARTESIAN_POINT ( 'NONE',  ( -27.00000000000000000, -26.99999953231175098, 31.89499999999999957 ) ) ;
#4111 = DIRECTION ( 'NONE',  ( 0.000000000000000000, 0.000000000000000000, -1.000000000000000000 ) ) ;
#4112 = ORIENTED_EDGE ( 'NONE', *, *, #1412, .T. ) ;
#4113 = VECTOR ( 'NONE', #2551, 1000.000000000000000 ) ;
#4114 = VECTOR ( 'NONE', #2651, 1000.000000000000000 ) ;
#4115 = DIRECTION ( 'NONE',  ( 0.000000000000000000, 0.000000000000000000, 1.000000000000000000 ) ) ;
#4116 = ORIENTED_EDGE ( 'NONE', *, *, #1551, .T. ) ;
#4117 = FACE_OUTER_BOUND ( 'NONE', #1220, .T. ) ;
#4118 = DIRECTION ( 'NONE',  ( 1.000000000000000000, 0.000000000000000000, 0.000000000000000000 ) ) ;
#4119 = CONICAL_SURFACE ( 'NONE', #3680, 1.000000000000000888, 0.3490658503988667838 ) ;
#4120 = AXIS2_PLACEMENT_3D ( 'NONE', #3834, #667, #3492 ) ;
#4121 = LINE ( 'NONE', #4437, #52 ) ;
#4122 = VERTEX_POINT ( 'NONE', #1476 ) ;
#4123 = FACE_BOUND ( 'NONE', #3315, .T. ) ;
#4124 = VERTEX_POINT ( 'NONE', #3656 ) ;
#4125 = CARTESIAN_POINT ( 'NONE',  ( -47.00000011650330123, -19.00000013573709978, 23.50999999999999801 ) ) ;
#4126 = EDGE_CURVE ( 'NONE', #2284, #3934, #528, .T. ) ;
#4127 = CARTESIAN_POINT ( 'NONE',  ( -24.00000033153250101, -15.75000037226925009, 23.50999999999999801 ) ) ;
#4128 = APPLICATION_PROTOCOL_DEFINITION ( 'draft international standard', 'automotive_design', 1998, #4328 ) ;
#4129 = ORIENTED_EDGE ( 'NONE', *, *, #1748, .F. ) ;
#4130 = LINE ( 'NONE', #2802, #726 ) ;
#4131 = EDGE_LOOP ( 'NONE', ( #4220, #1166, #39, #2141, #964, #2209, #1266 ) ) ;
#4132 = LINE ( 'NONE', #294, #1744 ) ;
#4133 = CARTESIAN_POINT ( 'NONE',  ( -10.87500025116538183, -36.00000053661074872, 25.51000000000000156 ) ) ;
#4134 = CARTESIAN_POINT ( 'NONE',  ( -48.75000000000000000, -27.00000000000000000, 26.39499999999999957 ) ) ;
#4135 = VERTEX_POINT ( 'NONE', #784 ) ;
#4136 = CARTESIAN_POINT ( 'NONE',  ( -2.399999999999855138, -26.99999953231175098, -46.06930726875629745 ) ) ;
#4137 = ORIENTED_EDGE ( 'NONE', *, *, #1663, .T. ) ;
#4138 = FACE_OUTER_BOUND ( 'NONE', #648, .T. ) ;
#4139 = DIRECTION ( 'NONE',  ( 0.000000000000000000, 0.000000000000000000, -1.000000000000000000 ) ) ;
#4140 = DIRECTION ( 'NONE',  ( 0.000000000000000000, 0.000000000000000000, -1.000000000000000000 ) ) ;
#4141 = ORIENTED_EDGE ( 'NONE', *, *, #2301, .T. ) ;
#4142 = DIRECTION ( 'NONE',  ( 1.000000000000000000, 0.000000000000000000, 0.000000000000000000 ) ) ;
#4143 = ORIENTED_EDGE ( 'NONE', *, *, #791, .T. ) ;
#4144 = ADVANCED_FACE ( 'NONE', ( #461 ), #1870, .F. ) ;
#4145 = LINE ( 'NONE', #264, #2196 ) ;
#4146 = CARTESIAN_POINT ( 'NONE',  ( -19.75000000000000000, -45.83605253231170451, 32.39500000000000313 ) ) ;
#4147 = VERTEX_POINT ( 'NONE', #2914 ) ;
#4148 = DIRECTION ( 'NONE',  ( 0.000000000000000000, 1.000000000000000000, 0.000000000000000000 ) ) ;
#4149 = ORIENTED_EDGE ( 'NONE', *, *, #4354, .T. ) ;
#4150 = CYLINDRICAL_SURFACE ( 'NONE', #1822, 0.5000000000000004441 ) ;
#4151 = CARTESIAN_POINT ( 'NONE',  ( -16.12500000000000000, -8.163947467688508652, 26.39499999999999957 ) ) ;
#4152 = EDGE_CURVE ( 'NONE', #1747, #3468, #2546, .T. ) ;
#4153 = DIRECTION ( 'NONE',  ( 0.000000000000000000, -1.000000000000000000, 0.000000000000000000 ) ) ;
#4154 = EDGE_CURVE ( 'NONE', #2127, #4573, #3142, .T. ) ;
#4155 = ORIENTED_EDGE ( 'NONE', *, *, #3456, .F. ) ;
#4156 = DIRECTION ( 'NONE',  ( 0.000000000000000000, -1.000000000000000000, 0.000000000000000000 ) ) ;
#4157 = ORIENTED_EDGE ( 'NONE', *, *, #1418, .T. ) ;
#4158 = CARTESIAN_POINT ( 'NONE',  ( -15.71450016837909835, -23.12500053661069899, 32.39500000000000313 ) ) ;
#4159 = CONICAL_SURFACE ( 'NONE', #2621, 0.5000000000000004441, 0.7853981633974419507 ) ;
#4160 = CARTESIAN_POINT ( 'NONE',  ( -10.02217889479410040, -32.67827010881662630, 28.49116279101938431 ) ) ;
#4161 = AXIS2_PLACEMENT_3D ( 'NONE', #1674, #2394, #869 ) ;
#4162 = CARTESIAN_POINT ( 'NONE',  ( -36.75000001167654773, -44.44999975406039994, 32.39500000000000313 ) ) ;
#4163 = ORIENTED_EDGE ( 'NONE', *, *, #4152, .F. ) ;
#4164 = DIRECTION ( 'NONE',  ( 0.000000000000000000, 0.000000000000000000, 1.000000000000000000 ) ) ;
#4165 = VERTEX_POINT ( 'NONE', #2891 ) ;
#4166 = DIRECTION ( 'NONE',  ( 0.000000000000000000, 0.000000000000000000, -1.000000000000000000 ) ) ;
#4167 = LINE ( 'NONE', #3417, #564 ) ;
#4168 = VECTOR ( 'NONE', #4030, 999.9999999999998863 ) ;
#4169 = CARTESIAN_POINT ( 'NONE',  ( 0.000000000000000000, 0.000000000000000000, 25.51000000000000156 ) ) ;
#4170 = EDGE_LOOP ( 'NONE', ( #768, #1030, #1353, #1762 ) ) ;
#4171 = CARTESIAN_POINT ( 'NONE',  ( -14.52500000000015845, -45.83605253231170451, 23.50999999999999801 ) ) ;
#4172 = ORIENTED_EDGE ( 'NONE', *, *, #2923, .F. ) ;
#4173 = CARTESIAN_POINT ( 'NONE',  ( -16.12500000000000000, -8.163947467688508652, 32.39500000000000313 ) ) ;
#4174 = VECTOR ( 'NONE', #2229, 1000.000000000000000 ) ;
#4175 = B_SPLINE_CURVE_WITH_KNOTS ( 'NONE', 3,
 ( #858, #1245, #2272, #2206, #532, #1947, #186, #3619, #1502, #2717, #2743, #955, #2365, #1623, #2040, #923, #1690, #974, #3460, #4160, #3411, #3774, #3086, #3035 ),
 .UNSPECIFIED., .F., .F.,
 ( 4, 2, 2, 1, 1, 2, 2, 2, 2, 2, 2, 2, 4 ),
 ( 0.000000000000000000, 0.1249999999999560352, 0.1874999999999360789, 0.2187499999999278077, 0.2343749999999250044, 0.2421874999999256151, 0.2499999999999262257, 0.3749999999999287237, 0.4374999999999318323, 0.4687499999999359401, 0.4999999999999400480, 0.7499999999999700240, 1.000000000000000000 ),
 .UNSPECIFIED. ) ;
#4176 = AXIS2_PLACEMENT_3D ( 'NONE', #4134, #969, #2381 ) ;
#4177 = CARTESIAN_POINT ( 'NONE',  ( -21.74999998103490029, -47.89999959278849673, 23.50999999999999801 ) ) ;
#4178 = EDGE_CURVE ( 'NONE', #817, #4558, #1175, .T. ) ;
#4179 = DIRECTION ( 'NONE',  ( 0.000000000000000000, 1.000000000000000000, 0.000000000000000000 ) ) ;
#4180 = CIRCLE ( 'NONE', #3598, 1.499999999999999556 ) ;
#4181 = ORIENTED_EDGE ( 'NONE', *, *, #3881, .T. ) ;
#4182 = DIRECTION ( 'NONE',  ( 0.000000000000000000, 0.000000000000000000, 1.000000000000000000 ) ) ;
#4183 = AXIS2_PLACEMENT_3D ( 'NONE', #859, #2275, #3620 ) ;
#4184 = EDGE_LOOP ( 'NONE', ( #1211, #2476, #3089, #172 ) ) ;
#4185 = CARTESIAN_POINT ( 'NONE',  ( -9.592190505226694697, -32.70276179212940804, 28.13965297190667414 ) ) ;
#4186 = DIRECTION ( 'NONE',  ( 0.000000000000000000, 0.000000000000000000, 1.000000000000000000 ) ) ;
#4187 = VECTOR ( 'NONE', #462, 1000.000000000000000 ) ;
#4188 = DIRECTION ( 'NONE',  ( 0.000000000000000000, 0.000000000000000000, 1.000000000000000000 ) ) ;
#4189 = ORIENTED_EDGE ( 'NONE', *, *, #3378, .F. ) ;
#4190 = CARTESIAN_POINT ( 'NONE',  ( -13.02241987973623871, -7.790287732977018820, 26.39499999999999957 ) ) ;
#4191 = ORIENTED_EDGE ( 'NONE', *, *, #1361, .T. ) ;
#4192 = VECTOR ( 'NONE', #973, 1000.000000000000000 ) ;
#4193 = LINE ( 'NONE', #2767, #4086 ) ;
#4194 = AXIS2_PLACEMENT_3D ( 'NONE', #4286, #1120, #2538 ) ;
#4195 = ORIENTED_EDGE ( 'NONE', *, *, #2671, .F. ) ;
#4196 = FACE_OUTER_BOUND ( 'NONE', #2544, .T. ) ;
#4197 = EDGE_CURVE ( 'NONE', #4147, #1429, #509, .T. ) ;
#4198 = VERTEX_POINT ( 'NONE', #3996 ) ;
#4199 = FACE_OUTER_BOUND ( 'NONE', #442, .T. ) ;
#4200 = ADVANCED_FACE ( 'NONE', ( #3266 ), #2288, .T. ) ;
#4201 = VERTEX_POINT ( 'NONE', #4293 ) ;
#4202 = DIRECTION ( 'NONE',  ( 0.000000000000000000, 0.000000000000000000, -1.000000000000000000 ) ) ;
#4203 = CARTESIAN_POINT ( 'NONE',  ( -7.250000251165360510, -35.32685493571890589, 25.51000000000000156 ) ) ;
#4204 = ADVANCED_FACE ( 'NONE', ( #3615 ), #435, .F. ) ;
#4205 = VERTEX_POINT ( 'NONE', #3978 ) ;
#4206 = CARTESIAN_POINT ( 'NONE',  ( -36.74999998103489673, -6.600000251315320199, 32.39500000000000313 ) ) ;
#4207 = CARTESIAN_POINT ( 'NONE',  ( -8.246317316474719661, -34.75000053661074872, 25.92536448339600952 ) ) ;
#4208 = EDGE_CURVE ( 'NONE', #3963, #3033, #4315, .T. ) ;
#4209 = DIRECTION ( 'NONE',  ( 0.000000000000000000, 0.000000000000000000, 1.000000000000000000 ) ) ;
#4210 = EDGE_CURVE ( 'NONE', #1262, #96, #157, .T. ) ;
#4211 = VERTEX_POINT ( 'NONE', #1219 ) ;
#4212 = CARTESIAN_POINT ( 'NONE',  ( -47.00000011650330123, -19.00000013573709978, 23.50999999999999801 ) ) ;
#4213 = ORIENTED_EDGE ( 'NONE', *, *, #4487, .F. ) ;
#4214 = DIRECTION ( 'NONE',  ( 0.000000000000000000, 0.000000000000000000, -1.000000000000000000 ) ) ;
#4215 = ORIENTED_EDGE ( 'NONE', *, *, #1135, .F. ) ;
#4216 = EDGE_CURVE ( 'NONE', #4471, #3929, #4021, .T. ) ;
#4217 = EDGE_CURVE ( 'NONE', #96, #1099, #2619, .T. ) ;
#4218 = ADVANCED_FACE ( 'NONE', ( #4364 ), #1194, .F. ) ;
#4219 = ADVANCED_FACE ( 'NONE', ( #2572 ), #2221, .F. ) ;
#4220 = ORIENTED_EDGE ( 'NONE', *, *, #1467, .T. ) ;
#4221 = LINE ( 'NONE', #2491, #2635 ) ;
#4222 = ORIENTED_EDGE ( 'NONE', *, *, #1703, .F. ) ;
#4223 = FACE_OUTER_BOUND ( 'NONE', #1977, .T. ) ;
#4224 = ORIENTED_EDGE ( 'NONE', *, *, #2868, .T. ) ;
#4225 = CARTESIAN_POINT ( 'NONE',  ( -51.42123723781929812, -29.96026502279434922, 26.39499999999999957 ) ) ;
#4226 = VECTOR ( 'NONE', #3367, 1000.000000000000227 ) ;
#4227 = CARTESIAN_POINT ( 'NONE',  ( -9.714500168379121448, -23.32499953231175027, 25.10999999999999943 ) ) ;
#4228 = ORIENTED_EDGE ( 'NONE', *, *, #1180, .F. ) ;
#4229 = CARTESIAN_POINT ( 'NONE',  ( -17.35269212046414822, -48.70979522388140026, 31.89499999999999957 ) ) ;
#4230 = CARTESIAN_POINT ( 'NONE',  ( -8.764874118754638843, -34.75000053661075583, 26.13395109673198746 ) ) ;
#4231 = AXIS2_PLACEMENT_3D ( 'NONE', #452, #3650, #1542 ) ;
#4232 = DIRECTION ( 'NONE',  ( 0.000000000000000000, 0.000000000000000000, -1.000000000000000000 ) ) ;
#4233 = ORIENTED_EDGE ( 'NONE', *, *, #451, .T. ) ;
#4234 = DIRECTION ( 'NONE',  ( 0.000000000000000000, 0.000000000000000000, 1.000000000000000000 ) ) ;
#4235 = ORIENTED_EDGE ( 'NONE', *, *, #4240, .T. ) ;
#4236 = DIRECTION ( 'NONE',  ( 1.000000000000000000, 0.000000000000000000, 0.000000000000000000 ) ) ;
#4237 = AXIS2_PLACEMENT_3D ( 'NONE', #3916, #3162, #2880 ) ;
#4238 = ORIENTED_EDGE ( 'NONE', *, *, #3736, .F. ) ;
#4239 = CARTESIAN_POINT ( 'NONE',  ( -36.74999998103489673, -45.54999975406040846, 23.50999999999999801 ) ) ;
#4240 = EDGE_CURVE ( 'NONE', #1312, #87, #482, .T. ) ;
#4241 = ORIENTED_EDGE ( 'NONE', *, *, #4355, .F. ) ;
#4242 = CARTESIAN_POINT ( 'NONE',  ( -9.714500236650881249, -32.37500053661069899, 27.89499999999999957 ) ) ;
#4243 = VERTEX_POINT ( 'NONE', #4084 ) ;
#4244 = VECTOR ( 'NONE', #3530, 1000.000000000000000 ) ;
#4245 = DIRECTION ( 'NONE',  ( 0.000000000000000000, -1.000000000000000000, 0.000000000000000000 ) ) ;
#4246 = FACE_OUTER_BOUND ( 'NONE', #4502, .T. ) ;
#4247 = VECTOR ( 'NONE', #808, 1000.000000000000000 ) ;
#4248 = ORIENTED_EDGE ( 'NONE', *, *, #3059, .F. ) ;
#4249 = DIRECTION ( 'NONE',  ( 0.000000000000000000, 0.000000000000000000, 1.000000000000000000 ) ) ;
#4250 = EDGE_CURVE ( 'NONE', #1346, #819, #225, .T. ) ;
#4251 = CARTESIAN_POINT ( 'NONE',  ( -10.15129712980372467, -34.75000053661075583, 25.69354063902711971 ) ) ;
#4252 = AXIS2_PLACEMENT_3D ( 'NONE', #1919, #4361, #3370 ) ;
#4253 = EDGE_CURVE ( 'NONE', #2442, #2751, #3401, .T. ) ;
#4254 = AXIS2_PLACEMENT_3D ( 'NONE', #3387, #1598, #213 ) ;
#4255 = CARTESIAN_POINT ( 'NONE',  ( 0.000000000000000000, -21.62500053661070254, 28.39499999999999957 ) ) ;
#4256 = ORIENTED_EDGE ( 'NONE', *, *, #481, .T. ) ;
#4257 = DIRECTION ( 'NONE',  ( 1.075146915940909802E-08, -0.9999999999999998890, 0.000000000000000000 ) ) ;
#4258 = ORIENTED_EDGE ( 'NONE', *, *, #2897, .T. ) ;
#4259 = CARTESIAN_POINT ( 'NONE',  ( -48.75000000000000000, -27.00000000000000000, 26.39499999999999957 ) ) ;
#4260 = VECTOR ( 'NONE', #28, 1000.000000000000000 ) ;
#4261 = CIRCLE ( 'NONE', #2347, 0.5000000000000004441 ) ;
#4262 = EDGE_CURVE ( 'NONE', #2505, #4122, #4310, .T. ) ;
#4263 = CIRCLE ( 'NONE', #1311, 1.000000000000000888 ) ;
#4264 = EDGE_LOOP ( 'NONE', ( #728, #486, #361, #1019 ) ) ;
#4265 = CARTESIAN_POINT ( 'NONE',  ( -9.214500236650879472, -32.87500053661069899, 28.89499999999999957 ) ) ;
#4266 = ORIENTED_EDGE ( 'NONE', *, *, #779, .T. ) ;
#4267 = EDGE_CURVE ( 'NONE', #4395, #4135, #3769, .T. ) ;
#4268 = CARTESIAN_POINT ( 'NONE',  ( -9.875000251165358733, -36.00000053661074872, 32.39500000000000313 ) ) ;
#4269 = VECTOR ( 'NONE', #897, 1000.000000000000000 ) ;
#4270 = ORIENTED_EDGE ( 'NONE', *, *, #1271, .T. ) ;
#4271 = DIRECTION ( 'NONE',  ( -0.9999999999999998890, 1.075146174658021920E-08, 0.000000000000000000 ) ) ;
#4272 = DIRECTION ( 'NONE',  ( 0.000000000000000000, 0.000000000000000000, -1.000000000000000000 ) ) ;
#4273 = CARTESIAN_POINT ( 'NONE',  ( -34.00000033153254719, -39.75000032926339344, 23.50999999999999801 ) ) ;
#4274 = ORIENTED_EDGE ( 'NONE', *, *, #2565, .F. ) ;
#4275 = CARTESIAN_POINT ( 'NONE',  ( -22.24999997565915066, -47.89999959816420017, 32.39500000000000313 ) ) ;
#4276 = CARTESIAN_POINT ( 'NONE',  ( -9.713017870106357421, -34.75000053661074872, 25.94595069844509538 ) ) ;
#4277 = CARTESIAN_POINT ( 'NONE',  ( -36.25000001167654773, -42.59999974868470218, 23.50999999999999801 ) ) ;
#4278 = ORIENTED_EDGE ( 'NONE', *, *, #516, .T. ) ;
#4279 = DIRECTION ( 'NONE',  ( -1.000000000000000000, 0.000000000000000000, 0.000000000000000000 ) ) ;
#4280 = DIRECTION ( 'NONE',  ( 0.000000000000000000, 0.000000000000000000, -1.000000000000000000 ) ) ;
#4281 = VERTEX_POINT ( 'NONE', #3050 ) ;
#4282 = CARTESIAN_POINT ( 'NONE',  ( -9.714500168379100131, -30.67499953231175169, 25.10999999999999943 ) ) ;
#4283 = ORIENTED_EDGE ( 'NONE', *, *, #4267, .T. ) ;
#4284 = DIRECTION ( 'NONE',  ( -1.000000000000000000, 0.000000000000000000, 0.000000000000000000 ) ) ;
#4285 = EDGE_LOOP ( 'NONE', ( #1823, #680, #3640, #3666, #2485, #1726, #1797, #1789, #330, #3685, #4067, #1601, #932, #1868, #2854, #4258 ) ) ;
#4286 = CARTESIAN_POINT ( 'NONE',  ( -48.75000000000000000, -27.00000000000000000, 31.89499999999999957 ) ) ;
#4287 = DIRECTION ( 'NONE',  ( 0.000000000000000000, 0.000000000000000000, -1.000000000000000000 ) ) ;
#4288 = PLANE ( 'NONE',  #2261 ) ;
#4289 = CIRCLE ( 'NONE', #1487, 0.5000000000000004441 ) ;
#4290 = ORIENTED_EDGE ( 'NONE', *, *, #1758, .F. ) ;
#4291 = CARTESIAN_POINT ( 'NONE',  ( -6.285500168379099861, -25.62500053661070254, 32.39500000000000313 ) ) ;
#4292 = ADVANCED_FACE ( 'NONE', ( #1992 ), #4449, .F. ) ;
#4293 = CARTESIAN_POINT ( 'NONE',  ( -17.72500000000000142, -8.163947467688508652, 23.50999999999999801 ) ) ;
#4294 = ADVANCED_FACE ( 'NONE', ( #3373 ), #3290, .F. ) ;
#4295 = CARTESIAN_POINT ( 'NONE',  ( -9.828673813446497931, -21.22902220316859001, 28.58781984234958884 ) ) ;
#4296 = ORIENTED_EDGE ( 'NONE', *, *, #1642, .T. ) ;
#4297 = DIRECTION ( 'NONE',  ( 1.000000000000000000, 0.000000000000000000, 0.000000000000000000 ) ) ;
#4298 = CARTESIAN_POINT ( 'NONE',  ( -13.71450016837912145, -30.87500053661069899, 32.39500000000000313 ) ) ;
#4299 = AXIS2_PLACEMENT_3D ( 'NONE', #4151, #2404, #645 ) ;
#4300 = DIRECTION ( 'NONE',  ( -1.000000000000000000, 0.000000000000000000, 0.000000000000000000 ) ) ;
#4301 = EDGE_LOOP ( 'NONE', ( #2434, #4009, #3723, #3864 ) ) ;
#4302 = CARTESIAN_POINT ( 'NONE',  ( -9.521773601780729734, -32.77483395266740018, 28.28045326974044826 ) ) ;
#4303 = ORIENTED_EDGE ( 'NONE', *, *, #1217, .T. ) ;
#4304 = DIRECTION ( 'NONE',  ( 0.000000000000000000, 0.000000000000000000, -1.000000000000000000 ) ) ;
#4305 = AXIS2_PLACEMENT_3D ( 'NONE', #3270, #3294, #2627 ) ;
#4306 = DIRECTION ( 'NONE',  ( 1.000000000000000000, 0.000000000000000000, 0.000000000000000000 ) ) ;
#4307 = VERTEX_POINT ( 'NONE', #575 ) ;
#4308 = DIRECTION ( 'NONE',  ( 1.000000000000000000, 0.000000000000000000, 0.000000000000000000 ) ) ;
#4309 = DIRECTION ( 'NONE',  ( 0.000000000000000000, 0.000000000000000000, -1.000000000000000000 ) ) ;
#4310 = CIRCLE ( 'NONE', #3518, 3.124999999999999112 ) ;
#4311 = CIRCLE ( 'NONE', #2330, 1.600000000000000755 ) ;
#4312 = ADVANCED_FACE ( 'NONE', ( #2359 ), #3746, .F. ) ;
#4313 = ORIENTED_EDGE ( 'NONE', *, *, #989, .F. ) ;
#4314 = DIRECTION ( 'NONE',  ( 0.000000000000000000, 0.000000000000000000, -1.000000000000000000 ) ) ;
#4315 = LINE ( 'NONE', #1152, #179 ) ;
#4316 = VECTOR ( 'NONE', #1172, 1000.000000000000000 ) ;
#4317 = DIRECTION ( 'NONE',  ( 0.000000000000000000, 0.000000000000000000, 1.000000000000000000 ) ) ;
#4318 = ORIENTED_EDGE ( 'NONE', *, *, #1270, .T. ) ;
#4319 = FACE_OUTER_BOUND ( 'NONE', #3130, .T. ) ;
#4320 = DIRECTION ( 'NONE',  ( -1.000000000000000000, 0.000000000000000000, 0.000000000000000000 ) ) ;
#4321 = CIRCLE ( 'NONE', #3157, 0.4999999999999995559 ) ;
#4322 = CARTESIAN_POINT ( 'NONE',  ( -15.21450016837910013, 0.000000000000000000, 28.39499999999999957 ) ) ;
#4323 = ORIENTED_EDGE ( 'NONE', *, *, #3254, .T. ) ;
#4324 = CARTESIAN_POINT ( 'NONE',  ( -22.24999998103490384, -47.39999959816420017, 23.50999999999999801 ) ) ;
#4325 = EDGE_LOOP ( 'NONE', ( #2756, #579, #4566 ) ) ;
#4326 = AXIS2_PLACEMENT_3D ( 'NONE', #232, #1297, #1624 ) ;
#4327 = CARTESIAN_POINT ( 'NONE',  ( -10.01416706876453944, -21.31772717148109919, 28.49516658394309587 ) ) ;
#4328 = APPLICATION_CONTEXT ( 'automotive_design' ) ;
#4329 = PRESENTATION_LAYER_ASSIGNMENT (  '', '', ( #53 ) ) ;
#4330 = DIRECTION ( 'NONE',  ( 0.000000000000000000, 0.000000000000000000, -1.000000000000000000 ) ) ;
#4331 = EDGE_CURVE ( 'NONE', #3705, #1969, #1588, .T. ) ;
#4332 = VERTEX_POINT ( 'NONE', #3007 ) ;
#4333 = DIRECTION ( 'NONE',  ( 0.000000000000000000, 0.000000000000000000, -1.000000000000000000 ) ) ;
#4334 = DIRECTION ( 'NONE',  ( 0.000000000000000000, 0.000000000000000000, -1.000000000000000000 ) ) ;
#4335 = ADVANCED_FACE ( 'NONE', ( #4412 ), #1614, .F. ) ;
#4336 = AXIS2_PLACEMENT_3D ( 'NONE', #2084, #2458, #2506 ) ;
#4337 = AXIS2_PLACEMENT_3D ( 'NONE', #1653, #2732, #2750 ) ;
#4338 = CARTESIAN_POINT ( 'NONE',  ( -5.785500168379100749, -25.62500053661070254, 23.50999999999999801 ) ) ;
#4339 = EDGE_LOOP ( 'NONE', ( #3895, #1853, #3542, #1062 ) ) ;
#4340 = CARTESIAN_POINT ( 'NONE',  ( -34.00000033153249746, -15.75000037226925009, 23.50999999999999801 ) ) ;
#4341 = DIRECTION ( 'NONE',  ( 1.000000000000000000, 1.734723475976805517E-15, 0.000000000000000000 ) ) ;
#4342 = EDGE_CURVE ( 'NONE', #3468, #3167, #2684, .T. ) ;
#4343 = LINE ( 'NONE', #414, #494 ) ;
#4344 = ORIENTED_EDGE ( 'NONE', *, *, #4056, .F. ) ;
#4345 = DIRECTION ( 'NONE',  ( 0.000000000000000000, 0.000000000000000000, -1.000000000000000000 ) ) ;
#4346 = ADVANCED_FACE ( 'NONE', ( #1512 ), #3625, .T. ) ;
#4347 = CARTESIAN_POINT ( 'NONE',  ( -16.12500000000000000, -8.163947467688508652, 26.39499999999999957 ) ) ;
#4348 = PLANE ( 'NONE',  #4183 ) ;
#4349 = CARTESIAN_POINT ( 'NONE',  ( -37.25000001490199963, -9.550000240563859322, 23.50999999999999801 ) ) ;
#4350 = ORIENTED_EDGE ( 'NONE', *, *, #2143, .F. ) ;
#4351 = CARTESIAN_POINT ( 'NONE',  ( -36.75000001167654773, -9.550000245939591181, 23.50999999999999801 ) ) ;
#4352 = ORIENTED_EDGE ( 'NONE', *, *, #3541, .F. ) ;
#4353 = EDGE_CURVE ( 'NONE', #3033, #3529, #1730, .T. ) ;
#4354 = EDGE_CURVE ( 'NONE', #3292, #3705, #1168, .T. ) ;
#4355 = EDGE_CURVE ( 'NONE', #2631, #723, #2304, .T. ) ;
#4356 = DIRECTION ( 'NONE',  ( 1.000000000000000000, 0.000000000000000000, 0.000000000000000000 ) ) ;
#4357 = DIRECTION ( 'NONE',  ( 0.000000000000000000, 0.000000000000000000, -1.000000000000000000 ) ) ;
#4358 = ORIENTED_EDGE ( 'NONE', *, *, #2469, .F. ) ;
#4359 = PLANE ( 'NONE',  #3093 ) ;
#4360 = CARTESIAN_POINT ( 'NONE',  ( -22.25000003694249884, -11.40000040183578101, 32.39500000000000313 ) ) ;
#4361 = DIRECTION ( 'NONE',  ( 0.000000000000000000, 0.000000000000000000, -1.000000000000000000 ) ) ;
#4362 = ORIENTED_EDGE ( 'NONE', *, *, #2435, .T. ) ;
#4363 = CARTESIAN_POINT ( 'NONE',  ( -10.39754273710274113, -34.75000053661074872, 25.51000000000000156 ) ) ;
#4364 = FACE_OUTER_BOUND ( 'NONE', #4170, .T. ) ;
#4365 = LINE ( 'NONE', #917, #777 ) ;
#4366 = CARTESIAN_POINT ( 'NONE',  ( -27.00000000000000000, -26.99999953231175098, 26.39499999999999957 ) ) ;
#4367 = ORIENTED_EDGE ( 'NONE', *, *, #1317, .T. ) ;
#4368 = FACE_OUTER_BOUND ( 'NONE', #2017, .T. ) ;
#4369 = PLANE ( 'NONE',  #1504 ) ;
#4370 = CARTESIAN_POINT ( 'NONE',  ( -9.214500236650879472, -32.87500053661069899, 25.10999999999999943 ) ) ;
#4371 = ORIENTED_EDGE ( 'NONE', *, *, #2424, .T. ) ;
#4372 = CARTESIAN_POINT ( 'NONE',  ( -21.15000000307539807, -8.450000413662390741, 23.50999999999999801 ) ) ;
#4373 = ORIENTED_EDGE ( 'NONE', *, *, #3918, .T. ) ;
#4374 = DIRECTION ( 'NONE',  ( 0.000000000000000000, 0.000000000000000000, 1.000000000000000000 ) ) ;
#4375 = CARTESIAN_POINT ( 'NONE',  ( -9.714500236650881249, -21.62500053661070254, 27.89499999999999957 ) ) ;
#4376 = CARTESIAN_POINT ( 'NONE',  ( -33.84290976890220293, -14.40709093489955883, 23.94160277363619826 ) ) ;
#4377 = VERTEX_POINT ( 'NONE', #3646 ) ;
#4378 = CARTESIAN_POINT ( 'NONE',  ( -17.54912285973840369, -49.16959405453259535, 31.89499999999999957 ) ) ;
#4379 = VECTOR ( 'NONE', #1705, 1000.000000000000114 ) ;
#4380 = CARTESIAN_POINT ( 'NONE',  ( -10.75000025116536051, -36.44102696478130099, 25.59333333333334437 ) ) ;
#4381 = DIRECTION ( 'NONE',  ( 0.000000000000000000, 0.000000000000000000, 1.000000000000000000 ) ) ;
#4382 = VECTOR ( 'NONE', #792, 1000.000000000000000 ) ;
#4383 = CARTESIAN_POINT ( 'NONE',  ( -36.74999998103489673, -8.450000245939598642, 23.50999999999999801 ) ) ;
#4384 = AXIS2_PLACEMENT_3D ( 'NONE', #1941, #811, #2547 ) ;
#4385 = DIRECTION ( 'NONE',  ( -0.9999999999999998890, 1.075146377194341706E-08, 0.000000000000000000 ) ) ;
#4386 = ORIENTED_EDGE ( 'NONE', *, *, #2525, .T. ) ;
#4387 = EDGE_CURVE ( 'NONE', #4456, #994, #1263, .T. ) ;
#4388 = DIRECTION ( 'NONE',  ( 0.000000000000000000, 1.000000000000000000, 0.000000000000000000 ) ) ;
#4389 = EDGE_LOOP ( 'NONE', ( #2550, #1283, #1742, #660 ) ) ;
#4390 = DIRECTION ( 'NONE',  ( -1.000000000000000000, 0.000000000000000000, 0.000000000000000000 ) ) ;
#4391 = FACE_OUTER_BOUND ( 'NONE', #824, .T. ) ;
#4392 = VECTOR ( 'NONE', #931, 1000.000000000000000 ) ;
#4393 = EDGE_CURVE ( 'NONE', #561, #771, #149, .T. ) ;
#4394 = CARTESIAN_POINT ( 'NONE',  ( -5.785500236650880090, -28.37500053661070254, 32.39500000000000313 ) ) ;
#4395 = VERTEX_POINT ( 'NONE', #3989 ) ;
#4396 = LINE ( 'NONE', #4372, #999 ) ;
#4397 = ORIENTED_EDGE ( 'NONE', *, *, #739, .F. ) ;
#4398 = DIRECTION ( 'NONE',  ( 0.000000000000000000, 0.000000000000000000, -1.000000000000000000 ) ) ;
#4399 = VECTOR ( 'NONE', #3476, 1000.000000000000000 ) ;
#4400 = EDGE_CURVE ( 'NONE', #314, #4332, #828, .T. ) ;
#4401 = CARTESIAN_POINT ( 'NONE',  ( -9.714500168379121448, -23.32499953231175027, 25.10999999999999943 ) ) ;
#4402 = ADVANCED_FACE ( 'NONE', ( #3277 ), #1539, .F. ) ;
#4403 = AXIS2_PLACEMENT_3D ( 'NONE', #3663, #1531, #3297 ) ;
#4404 = ORIENTED_EDGE ( 'NONE', *, *, #4016, .F. ) ;
#4405 = CARTESIAN_POINT ( 'NONE',  ( -6.285500236650889860, -30.67499953231175169, 23.50999999999999801 ) ) ;
#4406 = EDGE_CURVE ( 'NONE', #1556, #2461, #3710, .T. ) ;
#4407 = DIRECTION ( 'NONE',  ( 1.000000000000000000, 0.000000000000000000, 0.000000000000000000 ) ) ;
#4408 = VECTOR ( 'NONE', #3412, 1000.000000000000000 ) ;
#4409 = AXIS2_PLACEMENT_3D ( 'NONE', #2940, #1193, #2981 ) ;
#4410 = CIRCLE ( 'NONE', #3385, 3.124999999999999112 ) ;
#4411 = DIRECTION ( 'NONE',  ( -0.2777948017743844811, 0.6502538335966379091, 0.7071067811865520136 ) ) ;
#4412 = FACE_OUTER_BOUND ( 'NONE', #2145, .T. ) ;
#4413 = EDGE_CURVE ( 'NONE', #378, #2883, #2610, .T. ) ;
#4414 = PLANE ( 'NONE',  #2567 ) ;
#4415 = ORIENTED_EDGE ( 'NONE', *, *, #664, .T. ) ;
#4416 = CARTESIAN_POINT ( 'NONE',  ( -9.714500168379100131, -30.67499953231175169, 25.10999999999999943 ) ) ;
#4417 = DIRECTION ( 'NONE',  ( 0.000000000000000000, 0.000000000000000000, 1.000000000000000000 ) ) ;
#4418 = PLANE ( 'NONE',  #4326 ) ;
#4419 = ORIENTED_EDGE ( 'NONE', *, *, #3541, .T. ) ;
#4420 = LINE ( 'NONE', #1165, #2257 ) ;
#4421 = APPLICATION_CONTEXT ( 'automotive_design' ) ;
#4422 = ORIENTED_EDGE ( 'NONE', *, *, #2424, .F. ) ;
#4423 = CARTESIAN_POINT ( 'NONE',  ( -9.214500236650879472, -21.12500053661070254, 28.89499999999999957 ) ) ;
#4424 = ADVANCED_FACE ( 'NONE', ( #1186, #1606 ), #1235, .T. ) ;
#4425 = ORIENTED_EDGE ( 'NONE', *, *, #1845, .F. ) ;
#4426 = CARTESIAN_POINT ( 'NONE',  ( -21.15000001490199821, -44.44999958633759007, 23.50999999999999801 ) ) ;
#4427 = DIRECTION ( 'NONE',  ( -0.9999999999999998890, 1.075146174658021920E-08, 0.000000000000000000 ) ) ;
#4428 = CARTESIAN_POINT ( 'NONE',  ( -6.785500168379100749, -21.12500053661070254, 25.10999999999999943 ) ) ;
#4429 = DIRECTION ( 'NONE',  ( -1.000000000000000000, 0.000000000000000000, 0.000000000000000000 ) ) ;
#4430 = EDGE_LOOP ( 'NONE', ( #559, #2036, #721, #3537, #2253 ) ) ;
#4431 = DIRECTION ( 'NONE',  ( 1.000000000000000000, 0.000000000000000000, 0.000000000000000000 ) ) ;
#4432 = EDGE_CURVE ( 'NONE', #3228, #3779, #4517, .T. ) ;
#4433 = EDGE_CURVE ( 'NONE', #3844, #2279, #1144, .T. ) ;
#4434 = ORIENTED_EDGE ( 'NONE', *, *, #4063, .T. ) ;
#4435 = DIRECTION ( 'NONE',  ( 1.075146915940909802E-08, -0.9999999999999998890, 0.000000000000000000 ) ) ;
#4436 = LINE ( 'NONE', #607, #2475 ) ;
#4437 = CARTESIAN_POINT ( 'NONE',  ( -51.42487075201550084, -24.09990306851174680, 31.89499999999999957 ) ) ;
#4438 = ORIENTED_EDGE ( 'NONE', *, *, #1758, .T. ) ;
#4439 = CARTESIAN_POINT ( 'NONE',  ( -9.875000251165358733, -36.00000053661074872, 23.50999999999999801 ) ) ;
#4440 = ORIENTED_EDGE ( 'NONE', *, *, #2042, .T. ) ;
#4441 = CARTESIAN_POINT ( 'NONE',  ( -9.751911046616619672, -37.25000053661074872, 25.92628149728492204 ) ) ;
#4442 = LINE ( 'NONE', #2420, #1861 ) ;
#4443 = ORIENTED_EDGE ( 'NONE', *, *, #2733, .F. ) ;
#4444 = DIRECTION ( 'NONE',  ( 1.000000000000000000, 0.000000000000000000, 0.000000000000000000 ) ) ;
#4445 = ORIENTED_EDGE ( 'NONE', *, *, #4253, .T. ) ;
#4446 = DIRECTION ( 'NONE',  ( 0.000000000000000000, 0.000000000000000000, 1.000000000000000000 ) ) ;
#4447 = CIRCLE ( 'NONE', #3280, 1.875000000000000000 ) ;
#4448 = CYLINDRICAL_SURFACE ( 'NONE', #3577, 0.5000000000000004441 ) ;
#4449 = CYLINDRICAL_SURFACE ( 'NONE', #1881, 0.5000000000000004441 ) ;
#4450 = DIRECTION ( 'NONE',  ( -0.9999999999999998890, -1.075146131343901938E-08, 0.000000000000000000 ) ) ;
#4451 = VECTOR ( 'NONE', #32, 1000.000000000000114 ) ;
#4452 = ORIENTED_EDGE ( 'NONE', *, *, #761, .F. ) ;
#4453 = EDGE_CURVE ( 'NONE', #427, #2803, #4289, .T. ) ;
#4454 = VECTOR ( 'NONE', #2876, 1000.000000000000114 ) ;
#4455 = CYLINDRICAL_SURFACE ( 'NONE', #422, 0.5000000000000004441 ) ;
#4456 = VERTEX_POINT ( 'NONE', #2235 ) ;
#4457 = CARTESIAN_POINT ( 'NONE',  ( -22.25000004231819872, -11.90000040183577923, 32.39500000000000313 ) ) ;
#4458 = CARTESIAN_POINT ( 'NONE',  ( -4.785500236650880090, -26.12500053661069899, 23.50999999999999801 ) ) ;
#4459 = VECTOR ( 'NONE', #3426, 1000.000000000000000 ) ;
#4460 = FACE_OUTER_BOUND ( 'NONE', #2724, .T. ) ;
#4461 = AXIS2_PLACEMENT_3D ( 'NONE', #261, #3038, #4164 ) ;
#4462 = ORIENTED_EDGE ( 'NONE', *, *, #761, .T. ) ;
#4463 = FACE_BOUND ( 'NONE', #3473, .T. ) ;
#4464 = ORIENTED_EDGE ( 'NONE', *, *, #1767, .T. ) ;
#4465 = CARTESIAN_POINT ( 'NONE',  ( -21.74999998103490029, -45.54999959278850241, 23.50999999999999801 ) ) ;
#4466 = DIRECTION ( 'NONE',  ( -1.000000000000000000, 0.000000000000000000, 0.000000000000000000 ) ) ;
#4467 = AXIS2_PLACEMENT_3D ( 'NONE', #2755, #3500, #1359 ) ;
#4468 = DIRECTION ( 'NONE',  ( 0.000000000000000000, 0.000000000000000000, 1.000000000000000000 ) ) ;
#4469 = VERTEX_POINT ( 'NONE', #2561 ) ;
#4470 = FACE_OUTER_BOUND ( 'NONE', #3571, .T. ) ;
#4471 = VERTEX_POINT ( 'NONE', #474 ) ;
#4472 = VECTOR ( 'NONE', #1073, 1000.000000000000000 ) ;
#4473 = CARTESIAN_POINT ( 'NONE',  ( -9.545466091284698251, -21.25013632000652919, 28.23312420150326929 ) ) ;
#4474 = VECTOR ( 'NONE', #614, 1000.000000000000000 ) ;
#4475 = CARTESIAN_POINT ( 'NONE',  ( -17.54912176381945343, -4.830405477280179660, 31.89499999999999957 ) ) ;
#4476 = AXIS2_PLACEMENT_3D ( 'NONE', #4510, #4140, #4072 ) ;
#4477 = DIRECTION ( 'NONE',  ( 0.000000000000000000, 0.000000000000000000, -1.000000000000000000 ) ) ;
#4478 = ORIENTED_EDGE ( 'NONE', *, *, #3579, .F. ) ;
#4479 = VECTOR ( 'NONE', #4345, 1000.000000000000000 ) ;
#4480 = AXIS2_PLACEMENT_3D ( 'NONE', #2386, #183, #2687 ) ;
#4481 = FACE_OUTER_BOUND ( 'NONE', #13, .T. ) ;
#4482 = ORIENTED_EDGE ( 'NONE', *, *, #2380, .F. ) ;
#4483 = DIRECTION ( 'NONE',  ( 0.000000000000000000, 0.000000000000000000, 1.000000000000000000 ) ) ;
#4484 = CARTESIAN_POINT ( 'NONE',  ( -17.72500000000000142, -8.163947467688508652, 26.39499999999999957 ) ) ;
#4485 = VECTOR ( 'NONE', #1887, 1000.000000000000114 ) ;
#4486 = DIRECTION ( 'NONE',  ( 0.000000000000000000, 0.000000000000000000, 1.000000000000000000 ) ) ;
#4487 = EDGE_CURVE ( 'NONE', #1138, #2127, #3302, .T. ) ;
#4488 = EDGE_LOOP ( 'NONE', ( #1292, #1435, #4143, #125, #1840 ) ) ;
#4489 = FACE_BOUND ( 'NONE', #3909, .T. ) ;
#4490 = ORIENTED_EDGE ( 'NONE', *, *, #4498, .F. ) ;
#4491 = ADVANCED_FACE ( 'NONE', ( #3969 ), #804, .F. ) ;
#4492 = DIRECTION ( 'NONE',  ( 0.000000000000000000, 0.000000000000000000, 1.000000000000000000 ) ) ;
#4493 = DIRECTION ( 'NONE',  ( 0.4246746326120445225, -0.5653772691007459272, -0.7071067811865530128 ) ) ;
#4494 = DIRECTION ( 'NONE',  ( 0.000000000000000000, -1.000000000000000000, 0.000000000000000000 ) ) ;
#4495 = EDGE_CURVE ( 'NONE', #1312, #1224, #3120, .T. ) ;
#4496 = EDGE_LOOP ( 'NONE', ( #4248, #551, #1273 ) ) ;
#4497 = DIRECTION ( 'NONE',  ( 0.9999999999999998890, -1.075146108214253827E-08, 0.000000000000000000 ) ) ;
#4498 = EDGE_CURVE ( 'NONE', #3121, #3859, #3392, .T. ) ;
#4499 = VERTEX_POINT ( 'NONE', #266 ) ;
#4500 = EDGE_CURVE ( 'NONE', #561, #2505, #312, .T. ) ;
#4501 = PLANE ( 'NONE',  #2335 ) ;
#4502 = EDGE_LOOP ( 'NONE', ( #3506, #2613, #4163, #3799 ) ) ;
#4503 = DIRECTION ( 'NONE',  ( 1.000000000000000000, 6.938893903907222067E-15, 0.000000000000000000 ) ) ;
#4504 = DIRECTION ( 'NONE',  ( 0.000000000000000000, 0.000000000000000000, -1.000000000000000000 ) ) ;
#4505 = ORIENTED_EDGE ( 'NONE', *, *, #4500, .F. ) ;
#4506 = PRESENTATION_STYLE_ASSIGNMENT (( #753 ) ) ;
#4507 = ORIENTED_EDGE ( 'NONE', *, *, #1454, .F. ) ;
#4508 = LINE ( 'NONE', #580, #1759 ) ;
#4509 = CARTESIAN_POINT ( 'NONE',  ( -12.52600706049404167, -7.730502175423180411, 32.39500000000000313 ) ) ;
#4510 = CARTESIAN_POINT ( 'NONE',  ( -13.71450016837912145, -23.12500053661069899, 32.39500000000000313 ) ) ;
#4511 = ORIENTED_EDGE ( 'NONE', *, *, #4262, .F. ) ;
#4512 = CARTESIAN_POINT ( 'NONE',  ( -16.12500000000000000, -45.83605253231170451, 26.39499999999999957 ) ) ;
#4513 = EDGE_LOOP ( 'NONE', ( #2375, #2305, #94, #605 ) ) ;
#4514 = CARTESIAN_POINT ( 'NONE',  ( -12.52600693663782039, -46.26949679616760136, 26.39499999999999957 ) ) ;
#4515 = VERTEX_POINT ( 'NONE', #1629 ) ;
#4516 = CARTESIAN_POINT ( 'NONE',  ( -8.286982632224686895, -37.25000053661074872, 25.94595069844517710 ) ) ;
#4517 = CIRCLE ( 'NONE', #3855, 0.5000000000000004441 ) ;
#4518 = LINE ( 'NONE', #615, #3423 ) ;
#4519 = ORIENTED_EDGE ( 'NONE', *, *, #1456, .T. ) ;
#4520 = FACE_OUTER_BOUND ( 'NONE', #3985, .T. ) ;
#4521 = VERTEX_POINT ( 'NONE', #4146 ) ;
#4522 = DIRECTION ( 'NONE',  ( 0.000000000000000000, 0.000000000000000000, -1.000000000000000000 ) ) ;
#4523 = CARTESIAN_POINT ( 'NONE',  ( -9.380255048088169900, -21.15321098766521857, 28.56358029526597875 ) ) ;
#4524 = EDGE_CURVE ( 'NONE', #3806, #3121, #2699, .T. ) ;
#4525 = DIRECTION ( 'NONE',  ( 1.000000000000000000, 0.000000000000000000, 0.000000000000000000 ) ) ;
#4526 = LINE ( 'NONE', #671, #188 ) ;
#4527 = VECTOR ( 'NONE', #2520, 999.9999999999998863 ) ;
#4528 = ORIENTED_EDGE ( 'NONE', *, *, #1329, .F. ) ;
#4529 = ORIENTED_EDGE ( 'NONE', *, *, #2705, .T. ) ;
#4530 = CARTESIAN_POINT ( 'NONE',  ( -9.580427646129292540, -32.71584435801352697, 28.16315494756779714 ) ) ;
#4531 = VECTOR ( 'NONE', #3828, 999.9999999999998863 ) ;
#4532 = DIRECTION ( 'NONE',  ( 0.000000000000000000, 0.000000000000000000, 1.000000000000000000 ) ) ;
#4533 = EDGE_CURVE ( 'NONE', #2803, #2912, #1677, .T. ) ;
#4534 = VECTOR ( 'NONE', #2941, 1000.000000000000000 ) ;
#4535 = DIRECTION ( 'NONE',  ( 1.000000000000000000, 0.000000000000000000, 0.000000000000000000 ) ) ;
#4536 = VERTEX_POINT ( 'NONE', #983 ) ;
#4537 = FACE_BOUND ( 'NONE', #369, .T. ) ;
#4538 = EDGE_CURVE ( 'NONE', #3516, #3319, #4442, .T. ) ;
#4539 = EDGE_LOOP ( 'NONE', ( #3733, #3547, #3186, #190 ) ) ;
#4540 = CARTESIAN_POINT ( 'NONE',  ( -12.22571662411993998, -46.66927889707749699, -46.06930726875629745 ) ) ;
#4541 = VECTOR ( 'NONE', #2310, 1000.000000000000000 ) ;
#4542 = VECTOR ( 'NONE', #2882, 1000.000000000000000 ) ;
#4543 = ORIENTED_EDGE ( 'NONE', *, *, #2705, .F. ) ;
#4544 = PLANE ( 'NONE',  #4337 ) ;
#4545 = ORIENTED_EDGE ( 'NONE', *, *, #3740, .T. ) ;
#4546 = FACE_OUTER_BOUND ( 'NONE', #1630, .T. ) ;
#4547 = AXIS2_PLACEMENT_3D ( 'NONE', #2153, #1471, #3564 ) ;
#4548 = ADVANCED_FACE ( 'NONE', ( #961 ), #565, .T. ) ;
#4549 = CIRCLE ( 'NONE', #2858, 3.624999999999999556 ) ;
#4550 = EDGE_LOOP ( 'NONE', ( #4155, #65, #3846, #3331 ) ) ;
#4551 = EDGE_CURVE ( 'NONE', #78, #567, #937, .T. ) ;
#4552 = CARTESIAN_POINT ( 'NONE',  ( -5.285500236650880979, -25.62500053661070254, 32.39500000000000313 ) ) ;
#4553 = FACE_BOUND ( 'NONE', #118, .T. ) ;
#4554 = AXIS2_PLACEMENT_3D ( 'NONE', #4349, #1534, #2949 ) ;
#4555 = EDGE_CURVE ( 'NONE', #501, #2741, #2353, .T. ) ;
#4556 = ADVANCED_FACE ( 'NONE', ( #4103 ), #3098, .T. ) ;
#4557 = AXIS2_PLACEMENT_3D ( 'NONE', #228, #1242, #2669 ) ;
#4558 = VERTEX_POINT ( 'NONE', #3418 ) ;
#4559 = FACE_OUTER_BOUND ( 'NONE', #2490, .T. ) ;
#4560 = CARTESIAN_POINT ( 'NONE',  ( -9.725548817620889963, -34.75000053661074872, 25.93968556701005213 ) ) ;
#4561 = EDGE_CURVE ( 'NONE', #2710, #888, #4518, .T. ) ;
#4562 = EDGE_CURVE ( 'NONE', #1046, #1699, #313, .T. ) ;
#4563 = VECTOR ( 'NONE', #1043, 1000.000000000000000 ) ;
#4564 = VECTOR ( 'NONE', #552, 1000.000000000000114 ) ;
#4565 = CARTESIAN_POINT ( 'NONE',  ( -13.71450016837912145, -32.37500053661069899, 28.89499999999999957 ) ) ;
#4566 = ORIENTED_EDGE ( 'NONE', *, *, #2323, .T. ) ;
#4567 = CARTESIAN_POINT ( 'NONE',  ( -37.25000001490199963, -44.44999975943615311, 32.39500000000000313 ) ) ;
#4568 = ORIENTED_EDGE ( 'NONE', *, *, #2159, .F. ) ;
#4569 = AXIS2_PLACEMENT_3D ( 'NONE', #3678, #3588, #411 ) ;
#4570 = CYLINDRICAL_SURFACE ( 'NONE', #2247, 0.4999999999999995559 ) ;
#4571 = ORIENTED_EDGE ( 'NONE', *, *, #2778, .T. ) ;
#4572 = CARTESIAN_POINT ( 'NONE',  ( -7.250000251165360510, -36.00000053661074872, 25.63500000000000156 ) ) ;
#4573 = VERTEX_POINT ( 'NONE', #905 ) ;
#4574 = CARTESIAN_POINT ( 'NONE',  ( -9.507540316464437424, -21.21951670946677382, 28.30911086332795890 ) ) ;
ENDSEC;
END-ISO-10303-21;
