ISO-10303-21;
HEADER;
FILE_DESCRIPTION (( 'STEP AP214' ),
    '1' );
FILE_NAME ('mallet_holder.STEP',
    '2026-08-25T05:50:06',
    ( '' ),
    ( '' ),
    'SwSTEP 2.0',
    'SolidWorks 2026',
    '' );
FILE_SCHEMA (( 'AUTOMOTIVE_DESIGN' ));
ENDSEC;

DATA;
#1 = CARTESIAN_POINT ( 'NONE',  ( -11.20044614766067070, 21.37194197594381961, 18.44971682622087172 ) ) ;
#2 = CYLINDRICAL_SURFACE ( 'NONE', #4483, 26.12500000000000355 ) ;
#3 = CARTESIAN_POINT ( 'NONE',  ( 36.06244584051393076, 2.121320343559644162, 5.705305031164273011 ) ) ;
#4 = DIRECTION ( 'NONE',  ( -0.000000000000000000, -0.000000000000000000, -1.000000000000000000 ) ) ;
#5 = CIRCLE ( 'NONE', #5373, 26.12500000000000355 ) ;
#6 = ORIENTED_EDGE ( 'NONE', *, *, #5043, .T. ) ;
#7 = CARTESIAN_POINT ( 'NONE',  ( -0.9320127507855793247, 24.24152194507621516, 18.32606194987848980 ) ) ;
#8 = LINE ( 'NONE', #5319, #2014 ) ;
#9 = ORIENTED_EDGE ( 'NONE', *, *, #1442, .T. ) ;
#10 = CIRCLE ( 'NONE', #3829, 23.87500000000000000 ) ;
#11 = CARTESIAN_POINT ( 'NONE',  ( 24.37500000000000000, -2.406249427655413829E-14, 18.50000000000000000 ) ) ;
#12 = AXIS2_PLACEMENT_3D ( 'NONE', #5262, #2729, #1302 ) ;
#13 = AXIS2_PLACEMENT_3D ( 'NONE', #4609, #3711, #3230 ) ;
#14 = VECTOR ( 'NONE', #2439, 1000.000000000000000 ) ;
#15 = LINE ( 'NONE', #208, #5071 ) ;
#16 = ORIENTED_EDGE ( 'NONE', *, *, #496, .F. ) ;
#17 = ADVANCED_FACE ( 'NONE', ( #5617 ), #5893, .F. ) ;
#18 = DIRECTION ( 'NONE',  ( 1.000000000000000000, 0.000000000000000000, 0.000000000000000000 ) ) ;
#19 = EDGE_CURVE ( 'NONE', #25, #5762, #951, .T. ) ;
#20 = FACE_OUTER_BOUND ( 'NONE', #4730, .T. ) ;
#21 = CARTESIAN_POINT ( 'NONE',  ( 0.000000000000000000, 0.000000000000000000, -5.000000000000000000 ) ) ;
#22 = EDGE_LOOP ( 'NONE', ( #6088, #5969, #1187, #4665, #989, #2628, #3594, #3256, #5261, #3037, #6142, #2613, #3455, #3067, #3794, #1858, #5404, #1583, #1202, #1184, #3939, #2910, #242, #4795, #5265, #2055, #1816, #1119, #1441, #3072, #27, #2705, #4312, #6252, #5903, #5944, #1664, #2507, #5250, #2372, #2625, #3007, #2550, #4619, #2918, #5951, #3848, #2089, #4118, #1365, #4482, #3898, #4951, #3680, #3054, #1904, #2490, #1580, #1562, #4742, #3781, #1551, #1089, #4028 ) ) ;
#23 = AXIS2_PLACEMENT_3D ( 'NONE', #129, #592, #692 ) ;
#24 = CIRCLE ( 'NONE', #4354, 24.87500000000000000 ) ;
#25 = VERTEX_POINT ( 'NONE', #1717 ) ;
#26 = FACE_OUTER_BOUND ( 'NONE', #382, .T. ) ;
#27 = ORIENTED_EDGE ( 'NONE', *, *, #3103, .T. ) ;
#28 = EDGE_CURVE ( 'NONE', #4579, #476, #4225, .T. ) ;
#29 = CARTESIAN_POINT ( 'NONE',  ( -21.30380534126281589, -11.51504584269467379, 18.00000000000000000 ) ) ;
#30 = TOROIDAL_SURFACE ( 'NONE', #2307, 0.7000000000000005107, 0.5000000000000000000 ) ;
#31 = ADVANCED_FACE ( 'NONE', ( #1683 ), #3117, .T. ) ;
#32 = CARTESIAN_POINT ( 'NONE',  ( -21.53606469138011192, 11.41659067360702906, 18.00000000000000000 ) ) ;
#33 = CARTESIAN_POINT ( 'NONE',  ( -21.97783012094688360, 11.65077714896307270, 0.5000000000000004441 ) ) ;
#34 = VERTEX_POINT ( 'NONE', #5228 ) ;
#35 = CARTESIAN_POINT ( 'NONE',  ( 23.85058974358974382, -1.079348823583823558, 18.50000000000000000 ) ) ;
#36 = AXIS2_PLACEMENT_3D ( 'NONE', #2775, #4734, #4252 ) ;
#37 = FACE_OUTER_BOUND ( 'NONE', #1339, .T. ) ;
#38 = CARTESIAN_POINT ( 'NONE',  ( 23.95116608753940923, 0.9869050783682924433, 18.50000000000000000 ) ) ;
#39 = DIRECTION ( 'NONE',  ( -0.000000000000000000, -0.000000000000000000, -1.000000000000000000 ) ) ;
#40 = LINE ( 'NONE', #4922, #5024 ) ;
#41 = ORIENTED_EDGE ( 'NONE', *, *, #628, .F. ) ;
#42 = DIRECTION ( 'NONE',  ( 0.000000000000000000, 0.000000000000000000, -1.000000000000000000 ) ) ;
#43 = VERTEX_POINT ( 'NONE', #2647 ) ;
#44 = CARTESIAN_POINT ( 'NONE',  ( -0.8887057282367907263, 24.34196583538605552, 18.14610353506297002 ) ) ;
#45 = CARTESIAN_POINT ( 'NONE',  ( 0.9398203526526619500, -24.07274142745279732, 18.46587281468484676 ) ) ;
#46 = ORIENTED_EDGE ( 'NONE', *, *, #2987, .F. ) ;
#47 = CARTESIAN_POINT ( 'NONE',  ( 11.41659067360699709, -21.53606469138012258, 18.00000000000000000 ) ) ;
#48 = AXIS2_PLACEMENT_3D ( 'NONE', #5946, #1525, #2856 ) ;
#49 = ADVANCED_FACE ( 'NONE', ( #2618 ), #2810, .T. ) ;
#50 = DIRECTION ( 'NONE',  ( 1.000000000000000000, 0.000000000000000000, 0.000000000000000000 ) ) ;
#51 = ORIENTED_EDGE ( 'NONE', *, *, #4686, .F. ) ;
#52 = CIRCLE ( 'NONE', #3053, 0.5000000000000004441 ) ;
#53 = CARTESIAN_POINT ( 'NONE',  ( 0.9143588065410989119, 24.28297726302214699, 18.27208253284832651 ) ) ;
#54 = CARTESIAN_POINT ( 'NONE',  ( 35.53211575462400873, 1.590990257669726127, 20.00000000000000000 ) ) ;
#55 = EDGE_CURVE ( 'NONE', #181, #4649, #5484, .T. ) ;
#56 = VERTEX_POINT ( 'NONE', #5137 ) ;
#57 = ADVANCED_FACE ( 'NONE', ( #4577 ), #2388, .F. ) ;
#58 = EDGE_LOOP ( 'NONE', ( #1770, #2424, #2024, #736 ) ) ;
#59 = CIRCLE ( 'NONE', #4195, 2.249999999999988010 ) ;
#60 = DIRECTION ( 'NONE',  ( 1.000000000000000000, 0.000000000000000000, 0.000000000000000000 ) ) ;
#61 = EDGE_LOOP ( 'NONE', ( #2282, #2185, #3106, #3491 ) ) ;
#62 = DIRECTION ( 'NONE',  ( 0.000000000000000000, 0.000000000000000000, -1.000000000000000000 ) ) ;
#63 = DIRECTION ( 'NONE',  ( 1.000000000000000000, 0.000000000000000000, 0.000000000000000000 ) ) ;
#64 = AXIS2_PLACEMENT_3D ( 'NONE', #3381, #2827, #4785 ) ;
#65 = CARTESIAN_POINT ( 'NONE',  ( 36.94112549695427816, 0.000000000000000000, -46.14967917350623594 ) ) ;
#66 = ORIENTED_EDGE ( 'NONE', *, *, #1850, .F. ) ;
#67 = EDGE_CURVE ( 'NONE', #6272, #5747, #2484, .T. ) ;
#68 = DIRECTION ( 'NONE',  ( 0.000000000000000000, 0.000000000000000000, 1.000000000000000000 ) ) ;
#69 = AXIS2_PLACEMENT_3D ( 'NONE', #5921, #2020, #3102 ) ;
#70 = CYLINDRICAL_SURFACE ( 'NONE', #4543, 0.2000000000000057288 ) ;
#71 = CARTESIAN_POINT ( 'NONE',  ( -20.65508989364224135, -12.94248378347672990, 0.5000000000000004441 ) ) ;
#72 = ORIENTED_EDGE ( 'NONE', *, *, #706, .F. ) ;
#73 = CARTESIAN_POINT ( 'NONE',  ( 21.45993988965211230, -11.56019121964593488, 17.99999999999999645 ) ) ;
#74 = TOROIDAL_SURFACE ( 'NONE', #1834, 0.2000000000000011768, 0.5000000000000000000 ) ;
#75 = VERTEX_POINT ( 'NONE', #1646 ) ;
#76 = EDGE_CURVE ( 'NONE', #6179, #5565, #1862, .T. ) ;
#77 = B_SPLINE_CURVE_WITH_KNOTS ( 'NONE', 3,
 ( #2086, #3957, #5536, #1114, #5925, #3087 ),
 .UNSPECIFIED., .F., .F.,
 ( 4, 2, 4 ),
 ( 0.000000000000000000, 0.0004057619185687333721, 0.0008115238371374667442 ),
 .UNSPECIFIED. ) ;
#78 = CARTESIAN_POINT ( 'NONE',  ( -0.7793400901520405322, 24.13388892654006312, 18.32606195575476704 ) ) ;
#79 = DIRECTION ( 'NONE',  ( 1.000000000000000000, 0.000000000000000000, 0.000000000000000000 ) ) ;
#80 = ORIENTED_EDGE ( 'NONE', *, *, #6332, .F. ) ;
#81 = LINE ( 'NONE', #634, #6127 ) ;
#82 = DIRECTION ( 'NONE',  ( -1.000000000000000000, 0.000000000000000000, 0.000000000000000000 ) ) ;
#83 = EDGE_LOOP ( 'NONE', ( #1947, #2748, #4914, #5653 ) ) ;
#84 = CARTESIAN_POINT ( 'NONE',  ( -11.38327520853290409, 21.38913919693843013, 18.36113832892215925 ) ) ;
#85 = DIRECTION ( 'NONE',  ( 0.000000000000000000, 0.000000000000000000, 1.000000000000000000 ) ) ;
#86 = CARTESIAN_POINT ( 'NONE',  ( 0.000000000000000000, 0.000000000000000000, 18.00000000000000000 ) ) ;
#87 = ORIENTED_EDGE ( 'NONE', *, *, #2260, .F. ) ;
#88 = B_SPLINE_CURVE_WITH_KNOTS ( 'NONE', 3,
 ( #3070, #5550, #2038, #5102, #4578, #552 ),
 .UNSPECIFIED., .F., .F.,
 ( 4, 2, 4 ),
 ( -4.614011934029628030E-06, 0.0004081592208998194391, 0.0008209324537336684961 ),
 .UNSPECIFIED. ) ;
#89 = DIRECTION ( 'NONE',  ( 1.000000000000000000, 1.734723475976772385E-14, 0.000000000000000000 ) ) ;
#90 = ORIENTED_EDGE ( 'NONE', *, *, #4808, .T. ) ;
#91 = CARTESIAN_POINT ( 'NONE',  ( 11.32291608346458212, -21.35935851955342457, 0.5000000000000004441 ) ) ;
#92 = FACE_OUTER_BOUND ( 'NONE', #705, .T. ) ;
#93 = ORIENTED_EDGE ( 'NONE', *, *, #5476, .T. ) ;
#94 = DIRECTION ( 'NONE',  ( -0.000000000000000000, -0.000000000000000000, -1.000000000000000000 ) ) ;
#95 = CARTESIAN_POINT ( 'NONE',  ( -11.56019084560054822, -21.45993974736046894, 18.09393492550579197 ) ) ;
#96 = CARTESIAN_POINT ( 'NONE',  ( 20.55121838604271645, 12.72502572552553879, 18.27208252806133970 ) ) ;
#97 = EDGE_CURVE ( 'NONE', #5683, #517, #4144, .T. ) ;
#98 = CARTESIAN_POINT ( 'NONE',  ( 0.000000000000000000, 0.000000000000000000, -0.5000000000000000000 ) ) ;
#99 = EDGE_CURVE ( 'NONE', #2158, #2343, #5273, .T. ) ;
#100 = DIRECTION ( 'NONE',  ( 0.000000000000000000, 0.000000000000000000, -1.000000000000000000 ) ) ;
#101 = DIRECTION ( 'NONE',  ( 0.000000000000000000, -0.000000000000000000, 1.000000000000000000 ) ) ;
#102 = VERTEX_POINT ( 'NONE', #2288 ) ;
#103 = CARTESIAN_POINT ( 'NONE',  ( -0.6795804279941586312, 24.20715947483623864, 18.07330398227688306 ) ) ;
#104 = EDGE_CURVE ( 'NONE', #5871, #1229, #397, .T. ) ;
#105 = AXIS2_PLACEMENT_3D ( 'NONE', #4281, #4798, #2321 ) ;
#106 = CARTESIAN_POINT ( 'NONE',  ( 0.8809747977379016604, 24.35907445708377139, 0.5000000000000004441 ) ) ;
#107 = CARTESIAN_POINT ( 'NONE',  ( -21.53606469138011192, 11.41659067360703084, 18.50000000000000000 ) ) ;
#108 = EDGE_CURVE ( 'NONE', #4193, #498, #5787, .T. ) ;
#109 = ORIENTED_EDGE ( 'NONE', *, *, #5956, .F. ) ;
#110 = CARTESIAN_POINT ( 'NONE',  ( 18.56155300614686254, -18.56155300614686965, 20.00000000000000000 ) ) ;
#111 = AXIS2_PLACEMENT_3D ( 'NONE', #2693, #1208, #4267 ) ;
#112 = AXIS2_PLACEMENT_3D ( 'NONE', #6159, #3160, #5783 ) ;
#113 = CARTESIAN_POINT ( 'NONE',  ( -12.18750000000002309, -21.10936921724567839, 18.00000000000000000 ) ) ;
#114 = VERTEX_POINT ( 'NONE', #2727 ) ;
#115 = CARTESIAN_POINT ( 'NONE',  ( -11.51504584269466669, 21.30380534126281944, 18.00000000000000000 ) ) ;
#116 = AXIS2_PLACEMENT_3D ( 'NONE', #2419, #4377, #1939 ) ;
#117 = CARTESIAN_POINT ( 'NONE',  ( -21.10936921724568194, 12.18750000000002132, 0.000000000000000000 ) ) ;
#118 = CIRCLE ( 'NONE', #4550, 2.999999999999995559 ) ;
#119 = CARTESIAN_POINT ( 'NONE',  ( 0.000000000000000000, 0.000000000000000000, 18.00000000000000000 ) ) ;
#120 = VERTEX_POINT ( 'NONE', #2783 ) ;
#121 = AXIS2_PLACEMENT_3D ( 'NONE', #5538, #5122, #704 ) ;
#122 = CARTESIAN_POINT ( 'NONE',  ( -24.28297726302204751, -0.9143588065411111243, 18.27208253284854678 ) ) ;
#123 = ORIENTED_EDGE ( 'NONE', *, *, #5756, .T. ) ;
#124 = LINE ( 'NONE', #6103, #1527 ) ;
#125 = DIRECTION ( 'NONE',  ( -0.000000000000000000, -0.000000000000000000, -1.000000000000000000 ) ) ;
#126 = AXIS2_PLACEMENT_3D ( 'NONE', #5874, #1427, #5779 ) ;
#127 = DIRECTION ( 'NONE',  ( 0.000000000000000000, 0.000000000000000000, 1.000000000000000000 ) ) ;
#128 = ORIENTED_EDGE ( 'NONE', *, *, #387, .T. ) ;
#129 = CARTESIAN_POINT ( 'NONE',  ( 0.000000000000000000, 0.000000000000000000, 18.50000000000000000 ) ) ;
#130 = VECTOR ( 'NONE', #4936, 1000.000000000000000 ) ;
#131 = CARTESIAN_POINT ( 'NONE',  ( -12.18749999999998401, 21.10936921724570325, 18.00000000000000000 ) ) ;
#132 = CARTESIAN_POINT ( 'NONE',  ( 0.000000000000000000, 0.000000000000000000, 19.50000000000000000 ) ) ;
#133 = DIRECTION ( 'NONE',  ( 1.000000000000000000, 0.000000000000000000, 0.000000000000000000 ) ) ;
#134 = ORIENTED_EDGE ( 'NONE', *, *, #1009, .F. ) ;
#135 = DIRECTION ( 'NONE',  ( -1.000000000000000000, 0.000000000000000000, 0.000000000000000000 ) ) ;
#136 = VECTOR ( 'NONE', #3167, 1000.000000000000000 ) ;
#137 = EDGE_CURVE ( 'NONE', #456, #4929, #1300, .T. ) ;
#138 = ORIENTED_EDGE ( 'NONE', *, *, #3855, .F. ) ;
#139 = CARTESIAN_POINT ( 'NONE',  ( -0.8963195990439198901, 24.03656888321154383, 18.45554554181488527 ) ) ;
#140 = CARTESIAN_POINT ( 'NONE',  ( -24.35907445708376429, -0.8809747977378658002, 18.00000000000000000 ) ) ;
#141 = CARTESIAN_POINT ( 'NONE',  ( -20.62422489614738552, 12.69211370146488171, 18.13682064111326753 ) ) ;
#142 = ORIENTED_EDGE ( 'NONE', *, *, #2946, .F. ) ;
#143 = DIRECTION ( 'NONE',  ( -0.000000000000000000, -0.000000000000000000, -1.000000000000000000 ) ) ;
#144 = ADVANCED_FACE ( 'NONE', ( #4292 ), #4039, .T. ) ;
#145 = TOROIDAL_SURFACE ( 'NONE', #4477, 0.2000000000000025924, 0.5000000000000000000 ) ;
#146 = ORIENTED_EDGE ( 'NONE', *, *, #3319, .F. ) ;
#147 = CYLINDRICAL_SURFACE ( 'NONE', #5176, 0.2000000000000091982 ) ;
#148 = ORIENTED_EDGE ( 'NONE', *, *, #5527, .F. ) ;
#149 = DIRECTION ( 'NONE',  ( 1.000000000000000000, 0.000000000000000000, 0.000000000000000000 ) ) ;
#150 = CARTESIAN_POINT ( 'NONE',  ( -20.11554220139741389, -12.86003837256326854, 18.50000000000000000 ) ) ;
#151 = AXIS2_PLACEMENT_3D ( 'NONE', #1498, #426, #5441 ) ;
#152 = DIRECTION ( 'NONE',  ( 0.000000000000000000, 0.000000000000000000, 1.000000000000000000 ) ) ;
#153 = ORIENTED_EDGE ( 'NONE', *, *, #1744, .F. ) ;
#154 = CARTESIAN_POINT ( 'NONE',  ( 12.72036561973902202, -20.56767331040402524, 18.26915352020175121 ) ) ;
#155 = CARTESIAN_POINT ( 'NONE',  ( -24.36494840769810821, -0.7185509287937077438, 18.09393492550584526 ) ) ;
#156 = EDGE_LOOP ( 'NONE', ( #3161, #5205, #5050, #5935 ) ) ;
#157 = ADVANCED_FACE ( 'NONE', ( #2269 ), #6269, .F. ) ;
#158 = CARTESIAN_POINT ( 'NONE',  ( -10.98750000000002203, -21.10936921724567839, 18.50000000000000000 ) ) ;
#159 = CARTESIAN_POINT ( 'NONE',  ( -24.35920512820513295, 0.8737462865769779485, 18.00000000000000000 ) ) ;
#160 = CARTESIAN_POINT ( 'NONE',  ( -21.52511365561564460, 11.40134118055115842, 18.14610353506298424 ) ) ;
#161 = CARTESIAN_POINT ( 'NONE',  ( 11.31361425370671370, 21.45978020622672489, 18.32606194987853598 ) ) ;
#162 = VERTEX_POINT ( 'NONE', #4719 ) ;
#163 = DIRECTION ( 'NONE',  ( -0.000000000000000000, -0.000000000000000000, -1.000000000000000000 ) ) ;
#164 = AXIS2_PLACEMENT_3D ( 'NONE', #4277, #5857, #2315 ) ;
#165 = CARTESIAN_POINT ( 'NONE',  ( 36.91329245127124636, -0.4210392830423053123, 11.09828850517938292 ) ) ;
#166 = DIRECTION ( 'NONE',  ( -0.000000000000000000, -0.000000000000000000, -1.000000000000000000 ) ) ;
#167 = CIRCLE ( 'NONE', #4710, 0.2000000000000022593 ) ;
#168 = CARTESIAN_POINT ( 'NONE',  ( -11.32291608346460521, -21.35935851955340681, 18.50000000000000000 ) ) ;
#169 = VERTEX_POINT ( 'NONE', #3780 ) ;
#170 = CYLINDRICAL_SURFACE ( 'NONE', #1168, 2.999999999999995559 ) ;
#171 = CIRCLE ( 'NONE', #1000, 0.2000000000000091982 ) ;
#172 = ORIENTED_EDGE ( 'NONE', *, *, #5007, .T. ) ;
#173 = CARTESIAN_POINT ( 'NONE',  ( 0.6795804451154260351, 24.20715954415954840, 0.5000000000000004441 ) ) ;
#174 = EDGE_CURVE ( 'NONE', #1620, #1160, #1553, .T. ) ;
#175 = CIRCLE ( 'NONE', #2345, 2.999999999999995559 ) ;
#176 = FACE_OUTER_BOUND ( 'NONE', #351, .T. ) ;
#177 = EDGE_LOOP ( 'NONE', ( #5222, #3062, #6218, #134 ) ) ;
#178 = CARTESIAN_POINT ( 'NONE',  ( 0.1941658414615745065, 24.32704558404558526, 0.5000000000000004441 ) ) ;
#179 = ORIENTED_EDGE ( 'NONE', *, *, #5608, .T. ) ;
#180 = CARTESIAN_POINT ( 'NONE',  ( -24.35907445708375718, 0.8809747977379039918, 18.13788913655712065 ) ) ;
#181 = VERTEX_POINT ( 'NONE', #1727 ) ;
#182 = DIRECTION ( 'NONE',  ( 1.000000000000000000, 0.000000000000000000, 0.000000000000000000 ) ) ;
#183 = ADVANCED_FACE ( 'NONE', ( #5720 ), #4233, .T. ) ;
#184 = DIRECTION ( 'NONE',  ( -0.000000000000000000, -0.000000000000000000, -1.000000000000000000 ) ) ;
#185 = CARTESIAN_POINT ( 'NONE',  ( 33.94112549695428527, 0.000000000000000000, -5.000000000000000000 ) ) ;
#186 = ORIENTED_EDGE ( 'NONE', *, *, #4656, .T. ) ;
#187 = DIRECTION ( 'NONE',  ( 0.7071067811865474617, -0.7071067811865476838, 0.000000000000000000 ) ) ;
#188 = VERTEX_POINT ( 'NONE', #1789 ) ;
#189 = CARTESIAN_POINT ( 'NONE',  ( -0.8737462865769576315, 24.15920512820513011, 0.000000000000000000 ) ) ;
#190 = CARTESIAN_POINT ( 'NONE',  ( 24.35907445369763025, 0.8809748913650684576, 18.07330398571944130 ) ) ;
#191 = ADVANCED_FACE ( 'NONE', ( #1236 ), #5489, .F. ) ;
#192 = CARTESIAN_POINT ( 'NONE',  ( 11.49710307509531759, 21.30251963564343498, 18.14610353985099778 ) ) ;
#193 = VERTEX_POINT ( 'NONE', #5146 ) ;
#194 = EDGE_CURVE ( 'NONE', #3498, #1707, #4148, .T. ) ;
#195 = DIRECTION ( 'NONE',  ( -0.03614255580463084788, 0.9993466443931802168, 0.000000000000000000 ) ) ;
#196 = EDGE_CURVE ( 'NONE', #1600, #581, #3328, .T. ) ;
#197 = DIRECTION ( 'NONE',  ( -0.000000000000000000, -0.000000000000000000, -1.000000000000000000 ) ) ;
#198 = CARTESIAN_POINT ( 'NONE',  ( 20.60804315078245708, 12.69997163153633224, 18.14610353985091251 ) ) ;
#199 = DIRECTION ( 'NONE',  ( 1.000000000000000000, 0.000000000000000000, 0.000000000000000000 ) ) ;
#200 = DIRECTION ( 'NONE',  ( 1.000000000000000000, 0.000000000000000000, 0.000000000000000000 ) ) ;
#201 = ORIENTED_EDGE ( 'NONE', *, *, #1444, .F. ) ;
#202 = ORIENTED_EDGE ( 'NONE', *, *, #216, .F. ) ;
#203 = DIRECTION ( 'NONE',  ( 0.000000000000000000, 0.000000000000000000, 1.000000000000000000 ) ) ;
#204 = CARTESIAN_POINT ( 'NONE',  ( -21.16492239553631194, -11.99537024076988878, 0.5000000000000004441 ) ) ;
#205 = ORIENTED_EDGE ( 'NONE', *, *, #1735, .T. ) ;
#206 = CARTESIAN_POINT ( 'NONE',  ( 0.000000000000000000, 0.000000000000000000, 0.5000000000000004441 ) ) ;
#207 = ORIENTED_EDGE ( 'NONE', *, *, #2293, .T. ) ;
#208 = CARTESIAN_POINT ( 'NONE',  ( 35.53211575462400162, -1.590990257669718355, 20.00000000000000000 ) ) ;
#209 = ORIENTED_EDGE ( 'NONE', *, *, #1299, .F. ) ;
#210 = AXIS2_PLACEMENT_3D ( 'NONE', #5741, #4256, #2291 ) ;
#211 = CARTESIAN_POINT ( 'NONE',  ( 0.000000000000000000, 0.000000000000000000, 0.5000000000000004441 ) ) ;
#212 = CARTESIAN_POINT ( 'NONE',  ( -10.98750000000002203, -21.10936921724567839, 18.00000000000000000 ) ) ;
#213 = CARTESIAN_POINT ( 'NONE',  ( -0.6795804451153939496, 24.20715954415955196, 18.13681289817117204 ) ) ;
#214 = AXIS2_PLACEMENT_3D ( 'NONE', #3597, #2111, #2660 ) ;
#215 = CARTESIAN_POINT ( 'NONE',  ( 20.37956396649139634, 12.79080938766774977, 18.45002166485600625 ) ) ;
#216 = EDGE_CURVE ( 'NONE', #4382, #162, #5414, .T. ) ;
#217 = CIRCLE ( 'NONE', #746, 0.6999999999999992895 ) ;
#218 = CARTESIAN_POINT ( 'NONE',  ( 26.12500000000000355, 0.000000000000000000, -0.5000000000000000000 ) ) ;
#219 = ORIENTED_EDGE ( 'NONE', *, *, #1144, .F. ) ;
#220 = CARTESIAN_POINT ( 'NONE',  ( -20.62422489614740329, -12.69211370146485329, 0.5000000000000004441 ) ) ;
#221 = VECTOR ( 'NONE', #5723, 1000.000000000000000 ) ;
#222 = CARTESIAN_POINT ( 'NONE',  ( 24.07274142745252021, 0.9398203526525633622, 18.46587281468512032 ) ) ;
#223 = DIRECTION ( 'NONE',  ( 0.000000000000000000, 0.000000000000000000, 1.000000000000000000 ) ) ;
#224 = ORIENTED_EDGE ( 'NONE', *, *, #986, .T. ) ;
#225 = TOROIDAL_SURFACE ( 'NONE', #3937, 23.87500000000000000, 0.5000000000000000000 ) ;
#226 = AXIS2_PLACEMENT_3D ( 'NONE', #3557, #6035, #5579 ) ;
#227 = VECTOR ( 'NONE', #650, 1000.000000000000000 ) ;
#228 = ADVANCED_FACE ( 'NONE', ( #3179 ), #6205, .F. ) ;
#229 = ADVANCED_FACE ( 'NONE', ( #2878 ), #4446, .T. ) ;
#230 = ADVANCED_FACE ( 'NONE', ( #1449 ), #2191, .F. ) ;
#231 = AXIS2_PLACEMENT_3D ( 'NONE', #206, #1281, #2182 ) ;
#232 = CARTESIAN_POINT ( 'NONE',  ( 36.06244584051393076, -2.121320343559637056, 5.705305031164280116 ) ) ;
#233 = CIRCLE ( 'NONE', #3838, 1.200000000000003064 ) ;
#234 = DIRECTION ( 'NONE',  ( 1.000000000000000000, 0.000000000000000000, 0.000000000000000000 ) ) ;
#235 = CARTESIAN_POINT ( 'NONE',  ( -12.83628904474053556, 20.48561223297645029, 0.5000000000000004441 ) ) ;
#236 = CIRCLE ( 'NONE', #2610, 0.5000000000000013323 ) ;
#237 = TOROIDAL_SURFACE ( 'NONE', #2093, 0.7000000000000002887, 0.5000000000000000000 ) ;
#238 = EDGE_LOOP ( 'NONE', ( #355, #5123, #5095, #4146 ) ) ;
#239 = DIRECTION ( 'NONE',  ( 1.000000000000000000, 0.000000000000000000, 0.000000000000000000 ) ) ;
#240 = CIRCLE ( 'NONE', #4563, 0.1999999999999970690 ) ;
#241 = CARTESIAN_POINT ( 'NONE',  ( 12.88637327980034541, 20.25059063300769324, 18.50000000000000000 ) ) ;
#242 = ORIENTED_EDGE ( 'NONE', *, *, #706, .T. ) ;
#243 = DIRECTION ( 'NONE',  ( 1.000000000000000000, 4.956352788505143743E-15, 0.000000000000000000 ) ) ;
#244 = VECTOR ( 'NONE', #372, 1000.000000000000000 ) ;
#245 = VERTEX_POINT ( 'NONE', #5395 ) ;
#246 = CARTESIAN_POINT ( 'NONE',  ( 21.10936921724570325, 12.18749999999998579, 18.50000000000000000 ) ) ;
#247 = VERTEX_POINT ( 'NONE', #3873 ) ;
#248 = DIRECTION ( 'NONE',  ( 1.000000000000000000, -8.881784197001253901E-15, 0.000000000000000000 ) ) ;
#249 = DIRECTION ( 'NONE',  ( -0.000000000000000000, -0.000000000000000000, -1.000000000000000000 ) ) ;
#250 = CARTESIAN_POINT ( 'NONE',  ( -12.90842160554397999, 20.38584188556562182, 18.44971682622087528 ) ) ;
#251 = EDGE_CURVE ( 'NONE', #6048, #4929, #970, .T. ) ;
#252 = ORIENTED_EDGE ( 'NONE', *, *, #1932, .F. ) ;
#253 = CARTESIAN_POINT ( 'NONE',  ( 21.35935851955342102, -11.32291608346458922, 0.5000000000000004441 ) ) ;
#254 = CARTESIAN_POINT ( 'NONE',  ( -21.19489102498119237, 10.99055137102647528, 18.50000000000000000 ) ) ;
#255 = EDGE_LOOP ( 'NONE', ( #6069, #262, #1078, #485 ) ) ;
#256 = DIRECTION ( 'NONE',  ( 0.000000000000000000, -1.000000000000000000, 0.000000000000000000 ) ) ;
#257 = CIRCLE ( 'NONE', #1710, 0.7000000000000009548 ) ;
#258 = CARTESIAN_POINT ( 'NONE',  ( -24.09730958633764430, 0.9905909376775009489, 18.45554555356727988 ) ) ;
#259 = FACE_OUTER_BOUND ( 'NONE', #6080, .T. ) ;
#260 = EDGE_CURVE ( 'NONE', #745, #6056, #1678, .T. ) ;
#261 = CARTESIAN_POINT ( 'NONE',  ( -11.09327645890871672, -21.28429691372142329, 18.50000000000000355 ) ) ;
#262 = ORIENTED_EDGE ( 'NONE', *, *, #907, .T. ) ;
#263 = AXIS2_PLACEMENT_3D ( 'NONE', #3564, #694, #1592 ) ;
#264 = DIRECTION ( 'NONE',  ( 1.000000000000000000, 0.000000000000000000, 0.000000000000000000 ) ) ;
#265 = CARTESIAN_POINT ( 'NONE',  ( 0.8809747977378644679, -24.35907445708376429, 18.50000000000000000 ) ) ;
#266 = DIRECTION ( 'NONE',  ( 1.000000000000000000, 0.000000000000000000, 0.000000000000000000 ) ) ;
#267 = TOROIDAL_SURFACE ( 'NONE', #1091, 0.7000000000000109468, 0.5000000000000000000 ) ;
#268 = CYLINDRICAL_SURFACE ( 'NONE', #763, 0.7000000000000015099 ) ;
#269 = ADVANCED_FACE ( 'NONE', ( #5359 ), #5958, .F. ) ;
#270 = ORIENTED_EDGE ( 'NONE', *, *, #5091, .F. ) ;
#271 = AXIS2_PLACEMENT_3D ( 'NONE', #4833, #2997, #610 ) ;
#272 = DIRECTION ( 'NONE',  ( 0.000000000000000000, 0.000000000000000000, 1.000000000000000000 ) ) ;
#273 = CARTESIAN_POINT ( 'NONE',  ( 20.97075655407476802, 12.33167534327566983, 0.5000000000000000000 ) ) ;
#274 = ORIENTED_EDGE ( 'NONE', *, *, #974, .T. ) ;
#275 = CIRCLE ( 'NONE', #5124, 25.62500000000000355 ) ;
#276 = CARTESIAN_POINT ( 'NONE',  ( 0.000000000000000000, 0.000000000000000000, 18.00000000000000000 ) ) ;
#277 = ADVANCED_FACE ( 'NONE', ( #873 ), #2848, .T. ) ;
#278 = ORIENTED_EDGE ( 'NONE', *, *, #616, .T. ) ;
#279 = ORIENTED_EDGE ( 'NONE', *, *, #1776, .T. ) ;
#280 = AXIS2_PLACEMENT_3D ( 'NONE', #1722, #313, #4681 ) ;
#281 = CARTESIAN_POINT ( 'NONE',  ( 0.000000000000000000, 0.000000000000000000, 18.50000000000000000 ) ) ;
#282 = DIRECTION ( 'NONE',  ( 1.000000000000000000, 0.000000000000000000, 0.000000000000000000 ) ) ;
#283 = CARTESIAN_POINT ( 'NONE',  ( -11.32291608346458389, 21.35935851955342457, 18.50000000000000000 ) ) ;
#284 = EDGE_LOOP ( 'NONE', ( #4832, #5634, #6041, #3575 ) ) ;
#285 = ORIENTED_EDGE ( 'NONE', *, *, #5217, .F. ) ;
#286 = DIRECTION ( 'NONE',  ( -0.000000000000000000, -0.000000000000000000, -1.000000000000000000 ) ) ;
#287 = ORIENTED_EDGE ( 'NONE', *, *, #3469, .F. ) ;
#288 = CARTESIAN_POINT ( 'NONE',  ( -12.18750000000002309, -21.10936921724567839, 0.5000000000000004441 ) ) ;
#289 = CARTESIAN_POINT ( 'NONE',  ( -24.20715947483639852, 0.6795804279942517789, 18.07330398227675516 ) ) ;
#290 = CARTESIAN_POINT ( 'NONE',  ( -12.74187277952954034, 20.51089085741964269, 18.32606195575487362 ) ) ;
#291 = LINE ( 'NONE', #836, #2928 ) ;
#292 = ORIENTED_EDGE ( 'NONE', *, *, #3705, .T. ) ;
#293 = CARTESIAN_POINT ( 'NONE',  ( -0.8874042882187916925, -24.04460698056988477, 18.45003803226556727 ) ) ;
#294 = CARTESIAN_POINT ( 'NONE',  ( 36.91910059078088580, -0.4188103276868380687, 4.896162622871190528 ) ) ;
#295 = CARTESIAN_POINT ( 'NONE',  ( -12.18749999999998401, 21.10936921724570325, 0.5000000000000004441 ) ) ;
#296 = CARTESIAN_POINT ( 'NONE',  ( 21.28082637332581939, -11.08929415183182243, 18.50000000000000000 ) ) ;
#297 = ORIENTED_EDGE ( 'NONE', *, *, #4850, .F. ) ;
#298 = EDGE_CURVE ( 'NONE', #4760, #691, #6112, .T. ) ;
#299 = EDGE_CURVE ( 'NONE', #517, #4791, #1648, .T. ) ;
#300 = FACE_OUTER_BOUND ( 'NONE', #3543, .T. ) ;
#301 = DIRECTION ( 'NONE',  ( -1.000000000000000000, 0.000000000000000000, 0.000000000000000000 ) ) ;
#302 = EDGE_LOOP ( 'NONE', ( #224, #1819, #4603, #5103 ) ) ;
#303 = VERTEX_POINT ( 'NONE', #2619 ) ;
#304 = EDGE_CURVE ( 'NONE', #6272, #3184, #88, .T. ) ;
#305 = EDGE_LOOP ( 'NONE', ( #4569, #3608, #656, #4712 ) ) ;
#306 = ADVANCED_FACE ( 'NONE', ( #26 ), #2558, .F. ) ;
#307 = DIRECTION ( 'NONE',  ( -0.000000000000000000, -0.000000000000000000, -1.000000000000000000 ) ) ;
#308 = DIRECTION ( 'NONE',  ( 1.000000000000000000, -0.000000000000000000, -0.000000000000000000 ) ) ;
#309 = DIRECTION ( 'NONE',  ( 1.000000000000000000, 0.000000000000000000, 0.000000000000000000 ) ) ;
#310 = CARTESIAN_POINT ( 'NONE',  ( 11.32291608346458212, -21.35935851955342457, 0.000000000000000000 ) ) ;
#311 = EDGE_LOOP ( 'NONE', ( #638, #2352, #626, #3553 ) ) ;
#312 = DIRECTION ( 'NONE',  ( 0.2397720797720979125, -0.9708292073077339213, 0.000000000000000000 ) ) ;
#313 = DIRECTION ( 'NONE',  ( -0.000000000000000000, 0.000000000000000000, 1.000000000000000000 ) ) ;
#314 = CARTESIAN_POINT ( 'NONE',  ( -12.86003837256327209, 20.11554220139741034, 18.50000000000000000 ) ) ;
#315 = AXIS2_PLACEMENT_3D ( 'NONE', #1164, #686, #5492 ) ;
#316 = CIRCLE ( 'NONE', #105, 27.00000000000000000 ) ;
#317 = FACE_OUTER_BOUND ( 'NONE', #1487, .T. ) ;
#318 = VERTEX_POINT ( 'NONE', #1162 ) ;
#319 = CIRCLE ( 'NONE', #2901, 0.1999999999999987899 ) ;
#320 = CARTESIAN_POINT ( 'NONE',  ( -0.8990460756402302023, -24.85874777928035684, 0.5000000000000000000 ) ) ;
#321 = EDGE_LOOP ( 'NONE', ( #3397, #4925, #675, #66 ) ) ;
#322 = TOROIDAL_SURFACE ( 'NONE', #1255, 23.87500000000000000, 0.5000000000000000000 ) ;
#323 = DIRECTION ( 'NONE',  ( 0.000000000000000000, 0.000000000000000000, -1.000000000000000000 ) ) ;
#324 = CARTESIAN_POINT ( 'NONE',  ( -12.94248378347673700, 20.65508989364223780, 18.00000000000000000 ) ) ;
#325 = CIRCLE ( 'NONE', #6109, 1.200000000000001510 ) ;
#326 = CARTESIAN_POINT ( 'NONE',  ( -12.18750000000002309, -21.10936921724567839, 0.5000000000000004441 ) ) ;
#327 = AXIS2_PLACEMENT_3D ( 'NONE', #4032, #6038, #5581 ) ;
#328 = ORIENTED_EDGE ( 'NONE', *, *, #4878, .F. ) ;
#329 = CIRCLE ( 'NONE', #1685, 23.87500000000000000 ) ;
#330 = CARTESIAN_POINT ( 'NONE',  ( 12.02291608346458140, -21.35935851955342457, 2.168404344971008868E-16 ) ) ;
#331 = ORIENTED_EDGE ( 'NONE', *, *, #2986, .F. ) ;
#332 = DIRECTION ( 'NONE',  ( -0.6930633158547250261, 0.7208767163783651455, 0.000000000000000000 ) ) ;
#333 = ADVANCED_FACE ( 'NONE', ( #1547 ), #3804, .F. ) ;
#334 = CIRCLE ( 'NONE', #3338, 0.7000000000000027311 ) ;
#335 = VERTEX_POINT ( 'NONE', #5970 ) ;
#336 = AXIS2_PLACEMENT_3D ( 'NONE', #4913, #1362, #4815 ) ;
#337 = ORIENTED_EDGE ( 'NONE', *, *, #5430, .F. ) ;
#338 = AXIS2_PLACEMENT_3D ( 'NONE', #5460, #3142, #4584 ) ;
#339 = ORIENTED_EDGE ( 'NONE', *, *, #3281, .F. ) ;
#340 = DIRECTION ( 'NONE',  ( -0.8835308591335426787, -0.4683729507120837354, 0.000000000000000000 ) ) ;
#341 = CARTESIAN_POINT ( 'NONE',  ( -23.85058974358974382, -1.079348823583773154, 18.50000000000000000 ) ) ;
#342 = CARTESIAN_POINT ( 'NONE',  ( -12.18749999999998401, 21.10936921724570325, 18.50000000000000000 ) ) ;
#343 = AXIS2_PLACEMENT_3D ( 'NONE', #342, #894, #4896 ) ;
#344 = EDGE_CURVE ( 'NONE', #498, #2031, #1052, .T. ) ;
#345 = CARTESIAN_POINT ( 'NONE',  ( -24.35907445708377494, 0.8809747977379033257, 0.5000000000000004441 ) ) ;
#346 = ORIENTED_EDGE ( 'NONE', *, *, #299, .F. ) ;
#347 = CARTESIAN_POINT ( 'NONE',  ( -24.15920512820513366, 0.8737462865769777265, 18.00000000000000000 ) ) ;
#348 = CARTESIAN_POINT ( 'NONE',  ( -24.28297726302207593, 0.9143588065410990229, 18.27208253284848638 ) ) ;
#349 = DIRECTION ( 'NONE',  ( 1.000000000000000000, 0.000000000000000000, 0.000000000000000000 ) ) ;
#350 = CARTESIAN_POINT ( 'NONE',  ( -12.86003837256331472, -20.11554220139738547, 18.50000000000000000 ) ) ;
#351 = EDGE_LOOP ( 'NONE', ( #613, #128, #1655, #3413 ) ) ;
#352 = EDGE_CURVE ( 'NONE', #5793, #2792, #1883, .T. ) ;
#353 = EDGE_CURVE ( 'NONE', #1610, #3772, #3637, .T. ) ;
#354 = CARTESIAN_POINT ( 'NONE',  ( -24.17230653999893519, 0.7323290376699582716, 18.26916786085717348 ) ) ;
#355 = ORIENTED_EDGE ( 'NONE', *, *, #3236, .T. ) ;
#356 = AXIS2_PLACEMENT_3D ( 'NONE', #4828, #3451, #401 ) ;
#357 = CARTESIAN_POINT ( 'NONE',  ( 12.83628904474054622, 20.48561223297644673, 0.5000000000000004441 ) ) ;
#358 = FACE_BOUND ( 'NONE', #6288, .T. ) ;
#359 = CARTESIAN_POINT ( 'NONE',  ( -2.854010913593674154E-14, -24.37500000000000000, 0.000000000000000000 ) ) ;
#360 = AXIS2_PLACEMENT_3D ( 'NONE', #3566, #6047, #6079 ) ;
#361 = VERTEX_POINT ( 'NONE', #4973 ) ;
#362 = LINE ( 'NONE', #4784, #841 ) ;
#363 = CIRCLE ( 'NONE', #1197, 0.7000000000000015099 ) ;
#364 = DIRECTION ( 'NONE',  ( 0.000000000000000000, 0.000000000000000000, 1.000000000000000000 ) ) ;
#365 = CARTESIAN_POINT ( 'NONE',  ( -12.18749999999998401, 21.10936921724570325, 18.00000000000000000 ) ) ;
#366 = ORIENTED_EDGE ( 'NONE', *, *, #3022, .F. ) ;
#367 = ORIENTED_EDGE ( 'NONE', *, *, #3320, .F. ) ;
#368 = EDGE_CURVE ( 'NONE', #2717, #3992, #1453, .T. ) ;
#369 = ORIENTED_EDGE ( 'NONE', *, *, #2668, .T. ) ;
#370 = DIRECTION ( 'NONE',  ( 0.000000000000000000, 0.000000000000000000, 1.000000000000000000 ) ) ;
#371 = CIRCLE ( 'NONE', #3275, 0.2000000000000005107 ) ;
#372 = DIRECTION ( 'NONE',  ( -0.000000000000000000, -0.000000000000000000, -1.000000000000000000 ) ) ;
#373 = CIRCLE ( 'NONE', #3175, 0.5000000000000004441 ) ;
#374 = CARTESIAN_POINT ( 'NONE',  ( -21.53606469138012969, -11.41659067360699886, 18.00000000000000000 ) ) ;
#375 = VERTEX_POINT ( 'NONE', #6004 ) ;
#376 = ADVANCED_FACE ( 'NONE', ( #1582 ), #2583, .F. ) ;
#377 = CARTESIAN_POINT ( 'NONE',  ( -19.90936921724568265, 12.18750000000002132, 18.00000000000000000 ) ) ;
#378 = CARTESIAN_POINT ( 'NONE',  ( -23.85058974358974737, 1.079348823583828221, 18.49999999999999645 ) ) ;
#379 = CARTESIAN_POINT ( 'NONE',  ( -21.41187622437944071, -11.43817621292853204, 18.31245502271040948 ) ) ;
#380 = CIRCLE ( 'NONE', #3485, 0.2000000000000022593 ) ;
#381 = CARTESIAN_POINT ( 'NONE',  ( -0.7445863490943008811, -24.16039006379755705, 18.27208252806133260 ) ) ;
#382 = EDGE_LOOP ( 'NONE', ( #4510, #2713, #3268, #923 ) ) ;
#383 = CARTESIAN_POINT ( 'NONE',  ( 36.06244584051392366, -2.121320343559634836, -46.14967917350623594 ) ) ;
#384 = ORIENTED_EDGE ( 'NONE', *, *, #67, .T. ) ;
#385 = EDGE_CURVE ( 'NONE', #102, #2422, #5, .T. ) ;
#386 = DIRECTION ( 'NONE',  ( -1.000000000000000000, 0.000000000000000000, 0.000000000000000000 ) ) ;
#387 = EDGE_CURVE ( 'NONE', #34, #3505, #1666, .T. ) ;
#388 = FACE_OUTER_BOUND ( 'NONE', #3137, .T. ) ;
#389 = CARTESIAN_POINT ( 'NONE',  ( 0.8809747977379024375, 24.35907445708376784, 18.13788111813277126 ) ) ;
#390 = CARTESIAN_POINT ( 'NONE',  ( 11.39201614701074483, -21.29023094757174661, 18.32606195575472086 ) ) ;
#391 = EDGE_LOOP ( 'NONE', ( #146, #3512, #2108, #3027 ) ) ;
#392 = LINE ( 'NONE', #4361, #785 ) ;
#393 = CARTESIAN_POINT ( 'NONE',  ( 0.6795804451153918402, -24.20715954415955196, 18.50000000000000000 ) ) ;
#394 = DIRECTION ( 'NONE',  ( 1.000000000000000000, 0.000000000000000000, 0.000000000000000000 ) ) ;
#395 = DIRECTION ( 'NONE',  ( -0.5309736936810949270, 0.8473883033289135724, 0.000000000000000000 ) ) ;
#396 = CARTESIAN_POINT ( 'NONE',  ( 20.62422489614739973, 12.69211370146486040, 0.5000000000000004441 ) ) ;
#397 = B_SPLINE_CURVE_WITH_KNOTS ( 'NONE', 3,
 ( #2924, #2436, #2691, #293, #6144, #2758 ),
 .UNSPECIFIED., .F., .F.,
 ( 4, 2, 4 ),
 ( 2.168404344971008868E-19, 0.0004057619185687328842, 0.0008115238371374655516 ),
 .UNSPECIFIED. ) ;
#398 = ORIENTED_EDGE ( 'NONE', *, *, #104, .F. ) ;
#399 = VERTEX_POINT ( 'NONE', #218 ) ;
#400 = CARTESIAN_POINT ( 'NONE',  ( -21.97783012094690136, -11.65077714896304073, 0.5000000000000004441 ) ) ;
#401 = DIRECTION ( 'NONE',  ( 1.000000000000000000, 0.000000000000000000, 0.000000000000000000 ) ) ;
#402 = CARTESIAN_POINT ( 'NONE',  ( -20.52776745544123216, 12.92790769136948015, 18.32606194987841519 ) ) ;
#403 = DIRECTION ( 'NONE',  ( -0.000000000000000000, -0.000000000000000000, -1.000000000000000000 ) ) ;
#404 = ORIENTED_EDGE ( 'NONE', *, *, #5643, .F. ) ;
#405 = CARTESIAN_POINT ( 'NONE',  ( 21.97783012094689425, -11.65077714896307270, 0.000000000000000000 ) ) ;
#406 = CARTESIAN_POINT ( 'NONE',  ( -20.74138881856704586, -12.80475756209763460, 18.09393492550569249 ) ) ;
#407 = CARTESIAN_POINT ( 'NONE',  ( -21.29580473513702188, -11.43536433827209109, 18.27208252806119404 ) ) ;
#408 = CARTESIAN_POINT ( 'NONE',  ( -12.74187277952946573, -20.51089085741962137, 18.32606195575479902 ) ) ;
#409 = ORIENTED_EDGE ( 'NONE', *, *, #5004, .F. ) ;
#410 = CARTESIAN_POINT ( 'NONE',  ( 12.72502572552556188, -20.55121838604272710, 18.27208252806135036 ) ) ;
#411 = ORIENTED_EDGE ( 'NONE', *, *, #3166, .T. ) ;
#412 = CARTESIAN_POINT ( 'NONE',  ( 12.69211370146487639, 20.62422489614737842, 18.00000000000000000 ) ) ;
#413 = AXIS2_PLACEMENT_3D ( 'NONE', #3798, #5452, #2516 ) ;
#414 = CARTESIAN_POINT ( 'NONE',  ( 12.18750000000001776, 21.10936921724568194, 0.5000000000000004441 ) ) ;
#415 = DIRECTION ( 'NONE',  ( 0.000000000000000000, 0.000000000000000000, 1.000000000000000000 ) ) ;
#416 = AXIS2_PLACEMENT_3D ( 'NONE', #6291, #1974, #5364 ) ;
#417 = CARTESIAN_POINT ( 'NONE',  ( 24.35907445369763025, -0.8809748913650999880, 18.07330398571934538 ) ) ;
#418 = EDGE_CURVE ( 'NONE', #858, #6179, #4435, .T. ) ;
#419 = VERTEX_POINT ( 'NONE', #747 ) ;
#420 = ADVANCED_FACE ( 'NONE', ( #5652 ), #5164, .T. ) ;
#421 = CIRCLE ( 'NONE', #2597, 1.199999999999999734 ) ;
#422 = ADVANCED_FACE ( 'NONE', ( #3170 ), #6200, .F. ) ;
#423 = LINE ( 'NONE', #5340, #3763 ) ;
#424 = CARTESIAN_POINT ( 'NONE',  ( -20.68561223297646023, -12.83628904474053023, 18.50000000000000000 ) ) ;
#425 = AXIS2_PLACEMENT_3D ( 'NONE', #1565, #5090, #1115 ) ;
#426 = DIRECTION ( 'NONE',  ( -0.000000000000000000, -0.000000000000000000, -1.000000000000000000 ) ) ;
#427 = CARTESIAN_POINT ( 'NONE',  ( 21.35935851955342102, -11.32291608346458922, 0.000000000000000000 ) ) ;
#428 = VECTOR ( 'NONE', #5659, 1000.000000000000000 ) ;
#429 = VECTOR ( 'NONE', #4842, 1000.000000000000000 ) ;
#430 = LINE ( 'NONE', #4464, #6116 ) ;
#431 = CIRCLE ( 'NONE', #2607, 0.2000000000000091982 ) ;
#432 = ORIENTED_EDGE ( 'NONE', *, *, #1690, .F. ) ;
#433 = ADVANCED_FACE ( 'NONE', ( #3233 ), #6135, .T. ) ;
#434 = EDGE_CURVE ( 'NONE', #6373, #2717, #5066, .T. ) ;
#435 = LINE ( 'NONE', #2444, #993 ) ;
#436 = B_SPLINE_CURVE_WITH_KNOTS ( 'NONE', 3,
 ( #1540, #5992, #639, #1056, #2612, #3030 ),
 .UNSPECIFIED., .F., .F.,
 ( 4, 2, 4 ),
 ( 0.000000000000000000, 0.0004085462650294547911, 0.0008170925300589095821 ),
 .UNSPECIFIED. ) ;
#437 = TOROIDAL_SURFACE ( 'NONE', #1469, 0.2000000000000011768, 0.5000000000000000000 ) ;
#438 = DIRECTION ( 'NONE',  ( -0.000000000000000000, -0.000000000000000000, -1.000000000000000000 ) ) ;
#439 = CARTESIAN_POINT ( 'NONE',  ( -20.36811947315359461, 12.79451998428772974, 18.45554554181500606 ) ) ;
#440 = CIRCLE ( 'NONE', #4983, 0.4999999999999995559 ) ;
#441 = CARTESIAN_POINT ( 'NONE',  ( -11.48749999999998295, 21.10936921724570325, 18.00000000000000000 ) ) ;
#442 = VERTEX_POINT ( 'NONE', #6194 ) ;
#443 = DIRECTION ( 'NONE',  ( 0.000000000000000000, 0.000000000000000000, -1.000000000000000000 ) ) ;
#444 = ADVANCED_FACE ( 'NONE', ( #5229 ), #5676, .F. ) ;
#445 = DIRECTION ( 'NONE',  ( -0.000000000000000000, -0.000000000000000000, -1.000000000000000000 ) ) ;
#446 = AXIS2_PLACEMENT_3D ( 'NONE', #1755, #1265, #5236 ) ;
#447 = CARTESIAN_POINT ( 'NONE',  ( -12.85832324690328932, -20.24344071075715945, 18.49991810954458415 ) ) ;
#448 = ORIENTED_EDGE ( 'NONE', *, *, #3695, .F. ) ;
#449 = CARTESIAN_POINT ( 'NONE',  ( 12.82414064653631947, -20.61168928554869240, 18.31245502271049119 ) ) ;
#450 = ORIENTED_EDGE ( 'NONE', *, *, #3345, .F. ) ;
#451 = CARTESIAN_POINT ( 'NONE',  ( 12.80475749830280918, 20.74138921364523469, 18.00000000000000000 ) ) ;
#452 = EDGE_CURVE ( 'NONE', #1408, #5971, #1328, .T. ) ;
#453 = DIRECTION ( 'NONE',  ( 0.000000000000000000, 0.000000000000000000, 1.000000000000000000 ) ) ;
#454 = FACE_OUTER_BOUND ( 'NONE', #6128, .T. ) ;
#455 = CARTESIAN_POINT ( 'NONE',  ( 20.62422489614737486, -12.69211370146486395, 18.00000000000000000 ) ) ;
#456 = VERTEX_POINT ( 'NONE', #2231 ) ;
#457 = PRESENTATION_LAYER_ASSIGNMENT (  '', '', ( #2320 ) ) ;
#458 = DIRECTION ( 'NONE',  ( 0.000000000000000000, 0.000000000000000000, 1.000000000000000000 ) ) ;
#459 = CARTESIAN_POINT ( 'NONE',  ( -21.30380534126280878, 11.51504584269469866, 0.5000000000000004441 ) ) ;
#460 = EDGE_CURVE ( 'NONE', #840, #2238, #6290, .T. ) ;
#461 = FACE_OUTER_BOUND ( 'NONE', #2855, .T. ) ;
#462 = ADVANCED_FACE ( 'NONE', ( #1291 ), #740, .T. ) ;
#463 = CIRCLE ( 'NONE', #4074, 0.2000000000000022593 ) ;
#464 = DIRECTION ( 'NONE',  ( 1.000000000000000000, -0.000000000000000000, -0.000000000000000000 ) ) ;
#465 = AXIS2_PLACEMENT_3D ( 'NONE', #1198, #5231, #1812 ) ;
#466 = ORIENTED_EDGE ( 'NONE', *, *, #2967, .T. ) ;
#467 = B_SPLINE_CURVE_WITH_KNOTS ( 'NONE', 3,
 ( #5294, #6349, #3899, #6379, #1905, #4933 ),
 .UNSPECIFIED., .F., .F.,
 ( 4, 2, 4 ),
 ( -4.614725267096625615E-06, 0.0004052027286208951325, 0.0008150201825088868686 ),
 .UNSPECIFIED. ) ;
#468 = CARTESIAN_POINT ( 'NONE',  ( 20.68561223297645668, 12.83628904474053734, 0.5000000000000004441 ) ) ;
#469 = CARTESIAN_POINT ( 'NONE',  ( 36.30451233784348375, 1.857105851599916368, 10.51991703351723828 ) ) ;
#470 = ORIENTED_EDGE ( 'NONE', *, *, #2964, .T. ) ;
#471 = CIRCLE ( 'NONE', #4279, 0.2000000000000077827 ) ;
#472 = CARTESIAN_POINT ( 'NONE',  ( 24.85920512820513650, -0.8737462865769658471, 0.5000000000000004441 ) ) ;
#473 = PRODUCT_DEFINITION_CONTEXT ( 'detailed design', #4709, 'design' ) ;
#474 = EDGE_CURVE ( 'NONE', #188, #963, #2163, .T. ) ;
#475 = DIRECTION ( 'NONE',  ( 1.000000000000000000, 0.000000000000000000, 0.000000000000000000 ) ) ;
#476 = VERTEX_POINT ( 'NONE', #2262 ) ;
#477 = CIRCLE ( 'NONE', #3773, 0.5000000000000000000 ) ;
#478 = CARTESIAN_POINT ( 'NONE',  ( -11.41659067360700064, 21.53606469138012969, 0.5000000000000004441 ) ) ;
#479 = CARTESIAN_POINT ( 'NONE',  ( 20.90936921724570041, 12.18749999999998579, 0.5000000000000004441 ) ) ;
#480 = CARTESIAN_POINT ( 'NONE',  ( -21.45978020622676752, -11.31361425370660889, 18.32606194987854664 ) ) ;
#481 = CARTESIAN_POINT ( 'NONE',  ( -12.90653170995600263, -20.37358679578763798, 18.45554555356759607 ) ) ;
#482 = ORIENTED_EDGE ( 'NONE', *, *, #3150, .F. ) ;
#483 = AXIS2_PLACEMENT_3D ( 'NONE', #5087, #795, #2767 ) ;
#484 = CARTESIAN_POINT ( 'NONE',  ( 12.88508917690985278, -20.24402363218770162, 18.50000000000000000 ) ) ;
#485 = ORIENTED_EDGE ( 'NONE', *, *, #503, .F. ) ;
#486 = CARTESIAN_POINT ( 'NONE',  ( 12.93334658614964638, 20.57249578602649720, 18.27208253284847927 ) ) ;
#487 = AXIS2_PLACEMENT_3D ( 'NONE', #5371, #1855, #4394 ) ;
#488 = DIRECTION ( 'NONE',  ( 0.000000000000000000, 0.000000000000000000, -1.000000000000000000 ) ) ;
#489 = CARTESIAN_POINT ( 'NONE',  ( -21.19489102498121369, -10.99055137102643265, 18.50000000000000000 ) ) ;
#490 = ORIENTED_EDGE ( 'NONE', *, *, #353, .F. ) ;
#491 = CARTESIAN_POINT ( 'NONE',  ( 23.94708819546159972, -0.9907205764460118580, 18.50000000000000000 ) ) ;
#492 = CYLINDRICAL_SURFACE ( 'NONE', #5928, 0.1999999999999987899 ) ;
#493 = FACE_OUTER_BOUND ( 'NONE', #2431, .T. ) ;
#494 = CARTESIAN_POINT ( 'NONE',  ( 24.15920512820513366, -0.8737462865769658471, 0.000000000000000000 ) ) ;
#495 = CARTESIAN_POINT ( 'NONE',  ( 24.21517551389649725, 0.8363640896100065225, 18.36113832892208109 ) ) ;
#496 = EDGE_CURVE ( 'NONE', #4579, #1756, #4736, .T. ) ;
#497 = EDGE_CURVE ( 'NONE', #646, #837, #2591, .T. ) ;
#498 = VERTEX_POINT ( 'NONE', #4200 ) ;
#499 = CARTESIAN_POINT ( 'NONE',  ( -24.20715954415954840, 0.6795804451154278114, 18.50000000000000000 ) ) ;
#500 = ORIENTED_EDGE ( 'NONE', *, *, #2690, .F. ) ;
#501 = CARTESIAN_POINT ( 'NONE',  ( -20.97075655407474670, 12.33167534327568404, 0.000000000000000000 ) ) ;
#502 = EDGE_CURVE ( 'NONE', #5532, #2158, #3418, .T. ) ;
#503 = EDGE_CURVE ( 'NONE', #5898, #4344, #3923, .T. ) ;
#504 = CARTESIAN_POINT ( 'NONE',  ( 11.48750000000001670, 21.10936921724568194, 18.50000000000000000 ) ) ;
#505 = ORIENTED_EDGE ( 'NONE', *, *, #5953, .F. ) ;
#506 = FACE_OUTER_BOUND ( 'NONE', #3043, .T. ) ;
#507 = DIRECTION ( 'NONE',  ( -0.000000000000000000, -0.000000000000000000, -1.000000000000000000 ) ) ;
#508 = DIRECTION ( 'NONE',  ( 0.000000000000000000, 0.000000000000000000, 1.000000000000000000 ) ) ;
#509 = ORIENTED_EDGE ( 'NONE', *, *, #1405, .T. ) ;
#510 = ORIENTED_EDGE ( 'NONE', *, *, #4522, .F. ) ;
#511 = CARTESIAN_POINT ( 'NONE',  ( 12.69997163153631270, -20.60804315078243576, 18.14610353985090185 ) ) ;
#512 = ORIENTED_EDGE ( 'NONE', *, *, #502, .F. ) ;
#513 = B_SPLINE_CURVE_WITH_KNOTS ( 'NONE', 3,
 ( #1822, #4623, #2211, #2305, #5754, #3784 ),
 .UNSPECIFIED., .F., .F.,
 ( 4, 2, 4 ),
 ( -4.614011934023775880E-06, 0.0004081592208998242638, 0.0008209324537336722908 ),
 .UNSPECIFIED. ) ;
#514 = DIRECTION ( 'NONE',  ( 1.000000000000000000, 0.000000000000000000, 0.000000000000000000 ) ) ;
#515 = CARTESIAN_POINT ( 'NONE',  ( -21.19489102498119237, 10.99055137102647528, 18.50000000000000000 ) ) ;
#516 = DIRECTION ( 'NONE',  ( 0.000000000000000000, -1.000000000000000000, 0.000000000000000000 ) ) ;
#517 = VERTEX_POINT ( 'NONE', #2377 ) ;
#518 = CARTESIAN_POINT ( 'NONE',  ( 20.37358679578768772, -12.90653170995609855, 18.45554555356750370 ) ) ;
#519 = CARTESIAN_POINT ( 'NONE',  ( -0.6795804451154354719, -24.20715954415954485, 18.50000000000000000 ) ) ;
#520 = CARTESIAN_POINT ( 'NONE',  ( -20.97075655407476447, -12.33167534327566983, 0.5000000000000004441 ) ) ;
#521 = DIRECTION ( 'NONE',  ( 1.000000000000000000, 0.000000000000000000, 0.000000000000000000 ) ) ;
#522 = CARTESIAN_POINT ( 'NONE',  ( 36.61089047627846327, 1.382408779802662302, 5.190605364389888621 ) ) ;
#523 = ORIENTED_EDGE ( 'NONE', *, *, #1528, .T. ) ;
#524 = CARTESIAN_POINT ( 'NONE',  ( 21.30380534126281233, 11.51504584269467557, 18.50000000000000000 ) ) ;
#525 = ADVANCED_FACE ( 'NONE', ( #3830 ), #4536, .T. ) ;
#526 = AXIS2_PLACEMENT_3D ( 'NONE', #898, #5833, #1478 ) ;
#527 = AXIS2_PLACEMENT_3D ( 'NONE', #295, #728, #266 ) ;
#528 = ORIENTED_EDGE ( 'NONE', *, *, #304, .T. ) ;
#529 = AXIS2_PLACEMENT_3D ( 'NONE', #1313, #101, #1286 ) ;
#530 = CIRCLE ( 'NONE', #4145, 0.7000000000000027311 ) ;
#531 = EDGE_CURVE ( 'NONE', #1160, #5002, #2179, .T. ) ;
#532 = DIRECTION ( 'NONE',  ( -0.000000000000000000, -0.000000000000000000, -1.000000000000000000 ) ) ;
#533 = CARTESIAN_POINT ( 'NONE',  ( 1.079348823583770711, -23.85058974358974382, 18.50000000000000000 ) ) ;
#534 = ORIENTED_EDGE ( 'NONE', *, *, #5877, .F. ) ;
#535 = VECTOR ( 'NONE', #4348, 1000.000000000000000 ) ;
#536 = FACE_OUTER_BOUND ( 'NONE', #2978, .T. ) ;
#537 = UNCERTAINTY_MEASURE_WITH_UNIT (LENGTH_MEASURE( 1.000000000000000082E-05 ), #5286, 'distance_accuracy_value', 'NONE');
#538 = AXIS2_PLACEMENT_3D ( 'NONE', #320, #3243, #4264 ) ;
#539 = CIRCLE ( 'NONE', #4975, 0.5000000000000000000 ) ;
#540 = AXIS2_PLACEMENT_3D ( 'NONE', #1226, #682, #1774 ) ;
#541 = CIRCLE ( 'NONE', #2197, 24.37500000000000355 ) ;
#542 = DIRECTION ( 'NONE',  ( -0.000000000000000000, 0.000000000000000000, 1.000000000000000000 ) ) ;
#543 = ORIENTED_EDGE ( 'NONE', *, *, #3476, .F. ) ;
#544 = DIRECTION ( 'NONE',  ( 1.000000000000000000, 0.000000000000000000, 0.000000000000000000 ) ) ;
#545 = CARTESIAN_POINT ( 'NONE',  ( -20.24344071148190949, -12.85832324689367923, 18.49991804524426087 ) ) ;
#546 = EDGE_CURVE ( 'NONE', #837, #1057, #5471, .T. ) ;
#547 = CARTESIAN_POINT ( 'NONE',  ( 0.000000000000000000, 0.000000000000000000, 18.00000000000000000 ) ) ;
#548 = ORIENTED_EDGE ( 'NONE', *, *, #5748, .F. ) ;
#549 = TOROIDAL_SURFACE ( 'NONE', #231, 24.87500000000000000, 0.5000000000000000000 ) ;
#550 = AXIS2_PLACEMENT_3D ( 'NONE', #2540, #5564, #1077 ) ;
#551 = VERTEX_POINT ( 'NONE', #5323 ) ;
#552 = CARTESIAN_POINT ( 'NONE',  ( 12.94248378347673523, -20.65508989364223424, 18.00000000000000000 ) ) ;
#553 = ORIENTED_EDGE ( 'NONE', *, *, #1264, .T. ) ;
#554 = DIRECTION ( 'NONE',  ( 0.000000000000000000, -1.000000000000000000, 0.000000000000000000 ) ) ;
#555 = AXIS2_PLACEMENT_3D ( 'NONE', #2267, #2688, #3661 ) ;
#556 = CARTESIAN_POINT ( 'NONE',  ( -21.29023094757181767, 11.39201614701068799, 18.32606195575481678 ) ) ;
#557 = CARTESIAN_POINT ( 'NONE',  ( 13.20797063031729834, 21.07878404530668703, 0.000000000000000000 ) ) ;
#558 = ORIENTED_EDGE ( 'NONE', *, *, #5560, .F. ) ;
#559 = DIRECTION ( 'NONE',  ( -1.000000000000000000, 0.000000000000000000, 0.000000000000000000 ) ) ;
#560 = EDGE_CURVE ( 'NONE', #2635, #963, #631, .T. ) ;
#561 = AXIS2_PLACEMENT_3D ( 'NONE', #185, #1287, #3652 ) ;
#562 = CARTESIAN_POINT ( 'NONE',  ( 36.94112549695427816, 0.000000000000000000, -46.14967917350623594 ) ) ;
#563 = CARTESIAN_POINT ( 'NONE',  ( 10.99055137102647173, 21.19489102498119237, 18.50000000000000000 ) ) ;
#564 = B_SPLINE_CURVE_WITH_KNOTS ( 'NONE', 3,
 ( #232, #1359, #2303, #3809, #5303, #876, #4266, #294, #4178, #5753 ),
 .UNSPECIFIED., .F., .F.,
 ( 4, 2, 2, 2, 4 ),
 ( 0.000000000000000000, 0.0006312356171338890862, 0.001262471234267778172, 0.001893706851401667259, 0.002524942468535556345 ),
 .UNSPECIFIED. ) ;
#565 = FACE_OUTER_BOUND ( 'NONE', #2870, .T. ) ;
#566 = EDGE_LOOP ( 'NONE', ( #4594, #825, #2815, #1491, #5458 ) ) ;
#567 = DIRECTION ( 'NONE',  ( -0.000000000000000000, -0.000000000000000000, -1.000000000000000000 ) ) ;
#568 = ORIENTED_EDGE ( 'NONE', *, *, #5977, .F. ) ;
#569 = AXIS2_PLACEMENT_3D ( 'NONE', #2743, #1772, #5706 ) ;
#570 = CARTESIAN_POINT ( 'NONE',  ( -1.079348823583775152, 23.85058974358974737, 18.50000000000000000 ) ) ;
#571 = CARTESIAN_POINT ( 'NONE',  ( -21.10936921724568194, 12.18750000000002132, 18.00000000000000000 ) ) ;
#572 = ORIENTED_EDGE ( 'NONE', *, *, #1709, .F. ) ;
#573 = DIRECTION ( 'NONE',  ( 1.000000000000000000, 0.000000000000000000, 0.000000000000000000 ) ) ;
#574 = VECTOR ( 'NONE', #4462, 1000.000000000000000 ) ;
#575 = DIRECTION ( 'NONE',  ( -1.000000000000000000, 0.000000000000000000, 0.000000000000000000 ) ) ;
#576 = ORIENTED_EDGE ( 'NONE', *, *, #5675, .F. ) ;
#577 = DIRECTION ( 'NONE',  ( 1.000000000000000000, 0.000000000000000000, 0.000000000000000000 ) ) ;
#578 = VECTOR ( 'NONE', #3456, 1000.000000000000000 ) ;
#579 = CARTESIAN_POINT ( 'NONE',  ( -20.11554220139741389, -12.86003837256326854, 18.50000000000000000 ) ) ;
#580 = LINE ( 'NONE', #4064, #130 ) ;
#581 = VERTEX_POINT ( 'NONE', #6377 ) ;
#582 = CIRCLE ( 'NONE', #2852, 2.999999999999992450 ) ;
#583 = EDGE_CURVE ( 'NONE', #855, #3893, #2042, .T. ) ;
#584 = CARTESIAN_POINT ( 'NONE',  ( -24.09730958633765141, -0.9905909376774338915, 18.45554555356727278 ) ) ;
#585 = ADVANCED_FACE ( 'NONE', ( #2838 ), #1962, .F. ) ;
#586 = EDGE_LOOP ( 'NONE', ( #4908, #4516, #1971, #2747 ) ) ;
#587 = DIRECTION ( 'NONE',  ( 1.000000000000000000, 8.881784197001252323E-16, 0.000000000000000000 ) ) ;
#588 = CARTESIAN_POINT ( 'NONE',  ( 0.000000000000000000, 0.000000000000000000, 18.00000000000000000 ) ) ;
#589 = CIRCLE ( 'NONE', #2760, 0.2000000000000022593 ) ;
#590 = CARTESIAN_POINT ( 'NONE',  ( 11.43536433827208398, 21.29580473513693661, 18.27208252806125444 ) ) ;
#591 = ORIENTED_EDGE ( 'NONE', *, *, #2746, .F. ) ;
#592 = DIRECTION ( 'NONE',  ( -0.000000000000000000, -0.000000000000000000, -1.000000000000000000 ) ) ;
#593 = EDGE_CURVE ( 'NONE', #2422, #102, #4853, .T. ) ;
#594 = DIRECTION ( 'NONE',  ( 1.000000000000000000, 0.000000000000000000, 0.000000000000000000 ) ) ;
#595 = AXIS2_PLACEMENT_3D ( 'NONE', #1232, #6139, #1753 ) ;
#596 = ADVANCED_FACE ( 'NONE', ( #3419 ), #2869, .T. ) ;
#597 = CARTESIAN_POINT ( 'NONE',  ( 20.62422489614739618, 12.69211370146484441, 18.00000000000000000 ) ) ;
#598 = CARTESIAN_POINT ( 'NONE',  ( -11.32291608346461231, -21.35935851955340681, 18.00000000000000000 ) ) ;
#599 = ORIENTED_EDGE ( 'NONE', *, *, #5478, .F. ) ;
#600 = CARTESIAN_POINT ( 'NONE',  ( 21.18561223297644247, -12.83628904474055865, 0.5000000000000004441 ) ) ;
#601 = B_SPLINE_CURVE_WITH_KNOTS ( 'NONE', 3,
 ( #5813, #5847, #2884, #4386, #389, #2396 ),
 .UNSPECIFIED., .F., .F.,
 ( 4, 2, 4 ),
 ( -4.614011934024829589E-06, 0.0004081592208998231796, 0.0008209324537336712066 ),
 .UNSPECIFIED. ) ;
#602 = VERTEX_POINT ( 'NONE', #374 ) ;
#603 = CARTESIAN_POINT ( 'NONE',  ( -0.8809748913650208291, 24.35907445369763735, 18.07330398571949459 ) ) ;
#604 = DIRECTION ( 'NONE',  ( -0.8473883033289235645, 0.5309736936810792729, 0.000000000000000000 ) ) ;
#605 = CARTESIAN_POINT ( 'NONE',  ( 0.7793400901521223556, -24.13388892654004181, 18.32606195575484875 ) ) ;
#606 = EDGE_LOOP ( 'NONE', ( #1398, #292 ) ) ;
#607 = DIRECTION ( 'NONE',  ( 1.000000000000000000, 0.000000000000000000, 0.000000000000000000 ) ) ;
#608 = DIRECTION ( 'NONE',  ( 1.000000000000000000, 0.000000000000000000, 0.000000000000000000 ) ) ;
#609 = ORIENTED_EDGE ( 'NONE', *, *, #680, .T. ) ;
#610 = DIRECTION ( 'NONE',  ( -1.000000000000000000, 0.000000000000000000, 0.000000000000000000 ) ) ;
#611 = CARTESIAN_POINT ( 'NONE',  ( 0.8809747977379189798, 24.35907445708376784, 18.00000000000000000 ) ) ;
#612 = FACE_BOUND ( 'NONE', #6027, .T. ) ;
#613 = ORIENTED_EDGE ( 'NONE', *, *, #5956, .T. ) ;
#614 = DIRECTION ( 'NONE',  ( -0.000000000000000000, 0.000000000000000000, 1.000000000000000000 ) ) ;
#615 = ORIENTED_EDGE ( 'NONE', *, *, #55, .F. ) ;
#616 = EDGE_CURVE ( 'NONE', #1221, #2068, #3212, .T. ) ;
#617 = CARTESIAN_POINT ( 'NONE',  ( -24.35920512820514006, -0.8737462865769561882, 18.50000000000000000 ) ) ;
#618 = ADVANCED_FACE ( 'NONE', ( #1347 ), #3325, .F. ) ;
#619 = CARTESIAN_POINT ( 'NONE',  ( -24.15920512820513011, -0.8737462865769561882, 0.5000000000000004441 ) ) ;
#620 = CARTESIAN_POINT ( 'NONE',  ( 11.10217229270046602, 21.25735493762270067, 18.49991804526046835 ) ) ;
#621 = ORIENTED_EDGE ( 'NONE', *, *, #1026, .T. ) ;
#622 = CARTESIAN_POINT ( 'NONE',  ( -20.68561223297644602, 12.83628904474054622, 18.50000000000000000 ) ) ;
#623 = CARTESIAN_POINT ( 'NONE',  ( -11.39201614701064713, -21.29023094757181056, 18.32606195575485231 ) ) ;
#624 = FACE_OUTER_BOUND ( 'NONE', #5774, .T. ) ;
#625 = DIRECTION ( 'NONE',  ( 0.000000000000000000, 0.000000000000000000, 1.000000000000000000 ) ) ;
#626 = ORIENTED_EDGE ( 'NONE', *, *, #5917, .F. ) ;
#627 = CARTESIAN_POINT ( 'NONE',  ( 21.30380534126280168, -11.51504584269468978, 18.00000000000000000 ) ) ;
#628 = EDGE_CURVE ( 'NONE', #1457, #114, #4138, .T. ) ;
#629 = VERTEX_POINT ( 'NONE', #441 ) ;
#630 = DIRECTION ( 'NONE',  ( 0.000000000000000000, 0.000000000000000000, 1.000000000000000000 ) ) ;
#631 = CIRCLE ( 'NONE', #4647, 0.4999999999999998890 ) ;
#632 = CARTESIAN_POINT ( 'NONE',  ( 0.9905909376774326702, -24.09730958633765141, 18.45554555356727278 ) ) ;
#633 = ORIENTED_EDGE ( 'NONE', *, *, #502, .T. ) ;
#634 = CARTESIAN_POINT ( 'NONE',  ( 19.09188309203677747, -19.09188309203678457, -46.14967917350623594 ) ) ;
#635 = CIRCLE ( 'NONE', #1458, 24.37500000000000000 ) ;
#636 = EDGE_CURVE ( 'NONE', #2238, #3498, #2077, .T. ) ;
#637 = CIRCLE ( 'NONE', #1151, 0.2000000000000005107 ) ;
#638 = ORIENTED_EDGE ( 'NONE', *, *, #1519, .T. ) ;
#639 = CARTESIAN_POINT ( 'NONE',  ( -20.58864580465301231, -12.93613561380401755, 18.26997308932349284 ) ) ;
#640 = ORIENTED_EDGE ( 'NONE', *, *, #5673, .T. ) ;
#641 = CARTESIAN_POINT ( 'NONE',  ( -10.99055137102643798, 21.19489102498121369, 18.49999999999999645 ) ) ;
#642 = AXIS2_PLACEMENT_3D ( 'NONE', #6232, #2653, #1754 ) ;
#643 =( BOUNDED_SURFACE ( )  B_SPLINE_SURFACE ( 3, 2, ( 
 ( #3065, #5033, #611 ),
 ( #3651, #5615, #4024 ),
 ( #5099, #4508, #2580 ),
 ( #4533, #1643, #53 ),
 ( #3165, #2034, #4573 ),
 ( #3516, #4476, #2097 ),
 ( #3131, #3998, #4063 ),
 ( #5483, #1614, #3584 ) ),
 .UNSPECIFIED., .F., .F., .T. ) 
 B_SPLINE_SURFACE_WITH_KNOTS ( ( 4, 2, 2, 4 ),
 ( 3, 3 ),
 ( 0.000000000000000000, 0.0001311096522626900888, 0.0002622193045253801776, 0.0005244386090507603551 ),
 ( 0.000000000000000000, 1.000000000000000000 ),
 .UNSPECIFIED. ) 
 GEOMETRIC_REPRESENTATION_ITEM ( )  RATIONAL_B_SPLINE_SURFACE ( (
 ( 1.000000000000000000, 0.7760564330438588510, 1.000000000000000000),
 ( 1.000000000000000000, 0.7754047934802474895, 1.000000000000000000),
 ( 1.000000000000000000, 0.7971915883080128440, 1.000000000000000000),
 ( 1.000000000000000000, 0.8534865031513921840, 1.000000000000000000),
 ( 1.000000000000000000, 0.8868869947388360320, 1.000000000000000000),
 ( 1.000000000000000000, 0.9695438062022245784, 1.000000000000000000),
 ( 1.000000000000000000, 1.001548216897389709, 1.000000000000000000),
 ( 1.000000000000000000, 1.000000000000000000, 1.000000000000000000) ) ) 
 REPRESENTATION_ITEM ( '' )  SURFACE ( )  );
#644 = AXIS2_PLACEMENT_3D ( 'NONE', #1067, #3523, #3559 ) ;
#645 = CARTESIAN_POINT ( 'NONE',  ( 20.97075655407473960, -12.33167534327568937, 0.5000000000000000000 ) ) ;
#646 = VERTEX_POINT ( 'NONE', #345 ) ;
#647 = AXIS2_PLACEMENT_3D ( 'NONE', #5696, #5219, #1800 ) ;
#648 = CARTESIAN_POINT ( 'NONE',  ( 5.999999999999992006, 7.347880794884109875E-16, 19.50000000000000000 ) ) ;
#649 = ORIENTED_EDGE ( 'NONE', *, *, #4551, .F. ) ;
#650 = DIRECTION ( 'NONE',  ( -0.000000000000000000, -0.000000000000000000, -1.000000000000000000 ) ) ;
#651 = FACE_OUTER_BOUND ( 'NONE', #6362, .T. ) ;
#653 = CARTESIAN_POINT ( 'NONE',  ( -21.45993988965210875, 11.56019121964594909, 17.99999999999999645 ) ) ;
#652 = CIRCLE ( 'NONE', #3439, 0.6999999999999975131 ) ;
#654 = VECTOR ( 'NONE', #6329, 1000.000000000000000 ) ;
#655 = CARTESIAN_POINT ( 'NONE',  ( 21.07878404530666216, -13.20797063031733565, 0.000000000000000000 ) ) ;
#656 = ORIENTED_EDGE ( 'NONE', *, *, #2668, .F. ) ;
#657 = CIRCLE ( 'NONE', #2411, 0.2000000000000091982 ) ;
#658 = EDGE_CURVE ( 'NONE', #4929, #4811, #316, .T. ) ;
#659 = CARTESIAN_POINT ( 'NONE',  ( -11.41659067360702906, -21.53606469138010482, 18.00000000000000000 ) ) ;
#660 = DIRECTION ( 'NONE',  ( 0.000000000000000000, 0.000000000000000000, -1.000000000000000000 ) ) ;
#661 = DIRECTION ( 'NONE',  ( 1.000000000000000000, 0.000000000000000000, 0.000000000000000000 ) ) ;
#662 = ORIENTED_EDGE ( 'NONE', *, *, #2724, .F. ) ;
#663 = DIRECTION ( 'NONE',  ( 1.000000000000000000, 0.000000000000000000, 0.000000000000000000 ) ) ;
#664 = CIRCLE ( 'NONE', #2521, 0.7000000000000061728 ) ;
#665 = ADVANCED_FACE ( 'NONE', ( #6259 ), #1973, .T. ) ;
#666 = ORIENTED_EDGE ( 'NONE', *, *, #4808, .F. ) ;
#667 = DIRECTION ( 'NONE',  ( -0.000000000000000000, -0.000000000000000000, -1.000000000000000000 ) ) ;
#668 = DIRECTION ( 'NONE',  ( -0.8473883033289152378, 0.5309736936810923735, 0.000000000000000000 ) ) ;
#669 = ORIENTED_EDGE ( 'NONE', *, *, #4530, .T. ) ;
#670 = CARTESIAN_POINT ( 'NONE',  ( 21.10936921724570325, 12.18749999999998579, 18.00000000000000000 ) ) ;
#671 = AXIS2_PLACEMENT_3D ( 'NONE', #571, #1536, #79 ) ;
#672 = ORIENTED_EDGE ( 'NONE', *, *, #5776, .F. ) ;
#673 = B_SPLINE_CURVE_WITH_KNOTS ( 'NONE', 3,
 ( #4303, #180, #883, #4671, #6129, #3128 ),
 .UNSPECIFIED., .F., .F.,
 ( 4, 2, 4 ),
 ( 1.084202172485504434E-19, 0.0004085462650294618384, 0.0008170925300589235683 ),
 .UNSPECIFIED. ) ;
#674 = DIRECTION ( 'NONE',  ( -0.000000000000000000, -0.000000000000000000, -1.000000000000000000 ) ) ;
#675 = ORIENTED_EDGE ( 'NONE', *, *, #5476, .F. ) ;
#676 = B_SPLINE_CURVE_WITH_KNOTS ( 'NONE', 3,
 ( #1807, #4123, #6164, #3769, #213, #5195 ),
 .UNSPECIFIED., .F., .F.,
 ( 4, 2, 4 ),
 ( -4.614725267096506183E-06, 0.0004052027286208930183, 0.0008150201825088825318 ),
 .UNSPECIFIED. ) ;
#677 = EDGE_CURVE ( 'NONE', #2390, #4737, #2799, .T. ) ;
#678 = FACE_OUTER_BOUND ( 'NONE', #311, .T. ) ;
#679 = FACE_OUTER_BOUND ( 'NONE', #284, .T. ) ;
#680 = EDGE_CURVE ( 'NONE', #3425, #1600, #4027, .T. ) ;
#681 = AXIS2_PLACEMENT_3D ( 'NONE', #5916, #458, #1950 ) ;
#682 = DIRECTION ( 'NONE',  ( -0.000000000000000000, -0.000000000000000000, 1.000000000000000000 ) ) ;
#683 = CARTESIAN_POINT ( 'NONE',  ( -24.07274142745279732, -0.9398203526526682783, 18.46587281468484321 ) ) ;
#684 = ORIENTED_EDGE ( 'NONE', *, *, #216, .T. ) ;
#685 = CIRCLE ( 'NONE', #3976, 24.37500000000000000 ) ;
#686 = DIRECTION ( 'NONE',  ( -0.6930633158547179207, -0.7208767163783718068, -0.000000000000000000 ) ) ;
#687 =( BOUNDED_SURFACE ( )  B_SPLINE_SURFACE ( 3, 2, ( 
 ( #1624, #2142, #3042 ),
 ( #5586, #3526, #4515 ),
 ( #5009, #690, #192 ),
 ( #1522, #5524, #590 ),
 ( #161, #2562, #4035 ),
 ( #4485, #3593, #2072 ),
 ( #3075, #620, #2107 ),
 ( #3497, #4545, #1033 ) ),
 .UNSPECIFIED., .F., .F., .F. ) 
 B_SPLINE_SURFACE_WITH_KNOTS ( ( 4, 2, 2, 4 ),
 ( 3, 3 ),
 ( 0.000000000000000000, 0.0001311096522626864838, 0.0002622193045253729676, 0.0005244386090507459353 ),
 ( 0.000000000000000000, 1.000000000000000000 ),
 .UNSPECIFIED. ) 
 GEOMETRIC_REPRESENTATION_ITEM ( )  RATIONAL_B_SPLINE_SURFACE ( (
 ( 1.000000000000000000, 0.7760564330438608494, 1.000000000000000000),
 ( 1.000000000000000000, 0.7754047934803255382, 1.000000000000000000),
 ( 1.000000000000000000, 0.7971915883079113696, 1.000000000000000000),
 ( 1.000000000000000000, 0.8534865031514901057, 1.000000000000000000),
 ( 1.000000000000000000, 0.8868869947387741925, 1.000000000000000000),
 ( 1.000000000000000000, 0.9695438062023477022, 1.000000000000000000),
 ( 1.000000000000000000, 1.001548216897296006, 1.000000000000000000),
 ( 1.000000000000000000, 1.000000000000000000, 1.000000000000000000) ) ) 
 REPRESENTATION_ITEM ( '' )  SURFACE ( )  );
#688 = FACE_OUTER_BOUND ( 'NONE', #5360, .T. ) ;
#689 = CARTESIAN_POINT ( 'NONE',  ( -12.72502572552552813, 20.55121838604280171, 18.27208252806119404 ) ) ;
#690 = CARTESIAN_POINT ( 'NONE',  ( 11.52861301695566354, 21.44802677397315449, 18.17948586170165015 ) ) ;
#691 = VERTEX_POINT ( 'NONE', #4473 ) ;
#692 = DIRECTION ( 'NONE',  ( 1.000000000000000000, 3.552713678800500929E-15, 0.000000000000000000 ) ) ;
#693 = CIRCLE ( 'NONE', #4283, 0.7000000000000027311 ) ;
#694 = DIRECTION ( 'NONE',  ( -0.000000000000000000, -0.000000000000000000, -1.000000000000000000 ) ) ;
#695 = DIRECTION ( 'NONE',  ( -0.000000000000000000, -0.000000000000000000, -1.000000000000000000 ) ) ;
#696 = AXIS2_PLACEMENT_3D ( 'NONE', #4051, #630, #2509 ) ;
#697 = CARTESIAN_POINT ( 'NONE',  ( 12.18749999999998579, -21.10936921724569970, 0.5000000000000004441 ) ) ;
#698 = CARTESIAN_POINT ( 'NONE',  ( 21.41187622437935545, -11.43817621292863507, 18.31245502271026737 ) ) ;
#699 = ORIENTED_EDGE ( 'NONE', *, *, #3904, .T. ) ;
#700 = AXIS2_PLACEMENT_3D ( 'NONE', #950, #3789, #6336 ) ;
#701 = ORIENTED_EDGE ( 'NONE', *, *, #5436, .F. ) ;
#702 = CYLINDRICAL_SURFACE ( 'NONE', #1207, 24.37500000000000000 ) ;
#703 = CIRCLE ( 'NONE', #1520, 0.2000000000000022593 ) ;
#704 = DIRECTION ( 'NONE',  ( 1.000000000000000000, 0.000000000000000000, 0.000000000000000000 ) ) ;
#705 = EDGE_LOOP ( 'NONE', ( #4938, #1885, #448, #4402 ) ) ;
#706 = EDGE_CURVE ( 'NONE', #1066, #4248, #1247, .T. ) ;
#707 = VERTEX_POINT ( 'NONE', #4021 ) ;
#708 = FACE_OUTER_BOUND ( 'NONE', #5155, .T. ) ;
#709 = ORIENTED_EDGE ( 'NONE', *, *, #1212, .T. ) ;
#710 = CARTESIAN_POINT ( 'NONE',  ( 1.035089232241893864, -23.97938005842784293, 18.50000000000000355 ) ) ;
#711 = DIRECTION ( 'NONE',  ( -1.000000000000000000, 0.000000000000000000, 0.000000000000000000 ) ) ;
#712 = CARTESIAN_POINT ( 'NONE',  ( -12.93613561380402288, 20.58864580465300520, 18.26997308932349284 ) ) ;
#713 = EDGE_LOOP ( 'NONE', ( #1963, #5187, #5834, #1695 ) ) ;
#714 = EDGE_CURVE ( 'NONE', #318, #1254, #6104, .T. ) ;
#715 = ADVANCED_FACE ( 'NONE', ( #4962 ), #6207, .F. ) ;
#716 = CARTESIAN_POINT ( 'NONE',  ( 19.09188309203678813, 19.09188309203678102, -46.14967917350623594 ) ) ;
#717 = ADVANCED_FACE ( 'NONE', ( #3486 ), #1640, .F. ) ;
#718 = DIRECTION ( 'NONE',  ( -0.000000000000000000, -0.000000000000000000, -1.000000000000000000 ) ) ;
#719 = ORIENTED_EDGE ( 'NONE', *, *, #4720, .F. ) ;
#720 = DIRECTION ( 'NONE',  ( -0.7071067811865536790, 0.000000000000000000, -0.7071067811865414665 ) ) ;
#721 = CARTESIAN_POINT ( 'NONE',  ( 36.93547336777956502, 0.2119700702521583879, 4.880427204165797228 ) ) ;
#722 = CARTESIAN_POINT ( 'NONE',  ( -12.86003837256327209, 20.11554220139741034, 18.50000000000000000 ) ) ;
#723 = FACE_OUTER_BOUND ( 'NONE', #4360, .T. ) ;
#724 = ORIENTED_EDGE ( 'NONE', *, *, #418, .F. ) ;
#725 = CARTESIAN_POINT ( 'NONE',  ( 21.30380534126281589, 11.51504584269467024, 18.00000000000000000 ) ) ;
#726 =( BOUNDED_SURFACE ( )  B_SPLINE_SURFACE ( 3, 2, ( 
 ( #1837, #4797, #2897 ),
 ( #4310, #5767, #3317 ),
 ( #862, #6315, #2348 ),
 ( #5349, #6281, #3827 ),
 ( #5830, #5321, #402 ),
 ( #439, #2375, #2414 ),
 ( #3389, #927, #3416 ),
 ( #4369, #6346, #4503 ) ),
 .UNSPECIFIED., .F., .F., .T. ) 
 B_SPLINE_SURFACE_WITH_KNOTS ( ( 4, 2, 2, 4 ),
 ( 3, 3 ),
 ( 0.000000000000000000, 0.0001311096522626896822, 0.0002622193045253793644, 0.0005244386090507587288 ),
 ( 0.000000000000000000, 1.000000000000000000 ),
 .UNSPECIFIED. ) 
 GEOMETRIC_REPRESENTATION_ITEM ( )  RATIONAL_B_SPLINE_SURFACE ( (
 ( 1.000000000000000000, 0.7760564330438616265, 1.000000000000000000),
 ( 1.000000000000000000, 0.7754047934803154352, 1.000000000000000000),
 ( 1.000000000000000000, 0.7971915883079224718, 1.000000000000000000),
 ( 1.000000000000000000, 0.8534865031514783373, 1.000000000000000000),
 ( 1.000000000000000000, 0.8868869947387151287, 1.000000000000000000),
 ( 1.000000000000000000, 0.9695438062024690495, 1.000000000000000000),
 ( 1.000000000000000000, 1.001548216897206300, 1.000000000000000000),
 ( 1.000000000000000000, 1.000000000000000000, 1.000000000000000000) ) ) 
 REPRESENTATION_ITEM ( '' )  SURFACE ( )  );
#727 = CARTESIAN_POINT ( 'NONE',  ( -0.8737462865769576315, 24.15920512820513011, 0.5000000000000004441 ) ) ;
#728 = DIRECTION ( 'NONE',  ( 0.000000000000000000, 0.000000000000000000, 1.000000000000000000 ) ) ;
#729 = CARTESIAN_POINT ( 'NONE',  ( 20.65508989364220938, -12.94248378347677608, 18.13788111813277126 ) ) ;
#730 = VERTEX_POINT ( 'NONE', #5479 ) ;
#731 = EDGE_CURVE ( 'NONE', #2517, #4535, #1560, .T. ) ;
#732 = CARTESIAN_POINT ( 'NONE',  ( 0.6795804451154260351, 24.20715954415954840, 18.00000000000000000 ) ) ;
#733 = DIRECTION ( 'NONE',  ( -0.7071067811865475727, 0.7071067811865474617, 0.000000000000000000 ) ) ;
#734 = ORIENTED_EDGE ( 'NONE', *, *, #5315, .T. ) ;
#735 = CARTESIAN_POINT ( 'NONE',  ( 10.99055137102643975, -21.19489102498121014, 18.49999999999999645 ) ) ;
#736 = ORIENTED_EDGE ( 'NONE', *, *, #3271, .T. ) ;
#737 = EDGE_CURVE ( 'NONE', #1633, #1357, #637, .T. ) ;
#738 = FACE_OUTER_BOUND ( 'NONE', #3211, .T. ) ;
#739 = ORIENTED_EDGE ( 'NONE', *, *, #5029, .T. ) ;
#740 = TOROIDAL_SURFACE ( 'NONE', #5266, 0.2000000000000015099, 0.5000000000000000000 ) ;
#741 = CARTESIAN_POINT ( 'NONE',  ( 0.000000000000000000, 0.000000000000000000, -0.5000000000000000000 ) ) ;
#742 = DIRECTION ( 'NONE',  ( -0.000000000000000000, -0.000000000000000000, -1.000000000000000000 ) ) ;
#743 = DIRECTION ( 'NONE',  ( -0.000000000000000000, -0.000000000000000000, -1.000000000000000000 ) ) ;
#744 = CIRCLE ( 'NONE', #4336, 0.6999999999999992895 ) ;
#745 = VERTEX_POINT ( 'NONE', #4060 ) ;
#746 = AXIS2_PLACEMENT_3D ( 'NONE', #1489, #2461, #4418 ) ;
#747 = CARTESIAN_POINT ( 'NONE',  ( 36.94112549695427816, 0.000000000000000000, -5.000000000000000000 ) ) ;
#748 = EDGE_LOOP ( 'NONE', ( #3021, #2062, #4307 ) ) ;
#749 = DIRECTION ( 'NONE',  ( 0.000000000000000000, 0.000000000000000000, 1.000000000000000000 ) ) ;
#750 = EDGE_CURVE ( 'NONE', #1057, #4276, #744, .T. ) ;
#751 = CIRCLE ( 'NONE', #4341, 0.5000000000000013323 ) ;
#752 = CARTESIAN_POINT ( 'NONE',  ( -11.11960826859908025, -21.23536627660561393, 18.50000000000000355 ) ) ;
#753 = CARTESIAN_POINT ( 'NONE',  ( 20.65508989364222714, 12.94248378347675654, 18.13788111813277126 ) ) ;
#754 = DIRECTION ( 'NONE',  ( 0.8473883033289135724, 0.5309736936810948160, 0.000000000000000000 ) ) ;
#755 = ORIENTED_EDGE ( 'NONE', *, *, #1375, .T. ) ;
#756 = AXIS2_PLACEMENT_3D ( 'NONE', #5257, #834, #2813 ) ;
#757 = DIRECTION ( 'NONE',  ( 1.000000000000000000, 0.000000000000000000, 0.000000000000000000 ) ) ;
#758 = AXIS2_PLACEMENT_3D ( 'NONE', #2782, #6237, #5206 ) ;
#759 = FACE_OUTER_BOUND ( 'NONE', #3223, .T. ) ;
#760 = DIRECTION ( 'NONE',  ( 1.000000000000000000, 1.776356839400250465E-15, 0.000000000000000000 ) ) ;
#761 = CARTESIAN_POINT ( 'NONE',  ( 21.35935851955342102, -11.32291608346458922, 0.5000000000000004441 ) ) ;
#762 = ADVANCED_FACE ( 'NONE', ( #3609 ), #3933, .F. ) ;
#763 = AXIS2_PLACEMENT_3D ( 'NONE', #4782, #5725, #4299 ) ;
#764 = ORIENTED_EDGE ( 'NONE', *, *, #5749, .F. ) ;
#765 = CYLINDRICAL_SURFACE ( 'NONE', #1729, 0.2000000000000005107 ) ;
#766 = CIRCLE ( 'NONE', #1586, 0.5000000000000008882 ) ;
#767 = DIRECTION ( 'NONE',  ( -0.000000000000000000, -0.000000000000000000, -1.000000000000000000 ) ) ;
#768 = ORIENTED_EDGE ( 'NONE', *, *, #6374, .F. ) ;
#769 = CARTESIAN_POINT ( 'NONE',  ( -12.79081814730966471, -20.37953832507676921, 18.45003803226556727 ) ) ;
#770 = ORIENTED_EDGE ( 'NONE', *, *, #3614, .T. ) ;
#771 = ORIENTED_EDGE ( 'NONE', *, *, #4602, .F. ) ;
#772 = DIRECTION ( 'NONE',  ( 0.000000000000000000, 0.000000000000000000, 1.000000000000000000 ) ) ;
#773 = CARTESIAN_POINT ( 'NONE',  ( 20.48561223297645029, 12.83628904474053734, 0.000000000000000000 ) ) ;
#774 = ORIENTED_EDGE ( 'NONE', *, *, #6154, .F. ) ;
#775 = DIRECTION ( 'NONE',  ( -1.000000000000000000, 0.000000000000000000, 0.000000000000000000 ) ) ;
#776 = ORIENTED_EDGE ( 'NONE', *, *, #1220, .T. ) ;
#777 = CARTESIAN_POINT ( 'NONE',  ( -20.65508989364223069, 12.94248378347676542, 18.00000000000000000 ) ) ;
#778 = AXIS2_PLACEMENT_3D ( 'NONE', #3991, #4501, #2088 ) ;
#779 = FACE_OUTER_BOUND ( 'NONE', #3307, .T. ) ;
#780 = DIRECTION ( 'NONE',  ( 1.000000000000000000, 0.000000000000000000, 0.000000000000000000 ) ) ;
#781 = DIRECTION ( 'NONE',  ( -0.8473883033289135724, -0.5309736936810949270, 0.000000000000000000 ) ) ;
#782 = EDGE_LOOP ( 'NONE', ( #3255, #959, #4061, #2471 ) ) ;
#783 = EDGE_CURVE ( 'NONE', #4344, #730, #436, .T. ) ;
#784 = EDGE_CURVE ( 'NONE', #1071, #858, #421, .T. ) ;
#785 = VECTOR ( 'NONE', #5406, 1000.000000000000000 ) ;
#786 = DIRECTION ( 'NONE',  ( -0.000000000000000000, -0.000000000000000000, -1.000000000000000000 ) ) ;
#787 = DIRECTION ( 'NONE',  ( 1.000000000000000000, 0.000000000000000000, 0.000000000000000000 ) ) ;
#788 = CARTESIAN_POINT ( 'NONE',  ( 11.32291608346459810, 21.35935851955341391, 0.000000000000000000 ) ) ;
#789 = AXIS2_PLACEMENT_3D ( 'NONE', #2683, #4202, #832 ) ;
#790 = DIRECTION ( 'NONE',  ( -0.000000000000000000, -0.000000000000000000, -1.000000000000000000 ) ) ;
#791 = ADVANCED_FACE ( 'NONE', ( #3960 ), #147, .F. ) ;
#792 = ORIENTED_EDGE ( 'NONE', *, *, #2455, .F. ) ;
#793 = EDGE_CURVE ( 'NONE', #1872, #4944, #6060, .T. ) ;
#794 = AXIS2_PLACEMENT_3D ( 'NONE', #4703, #5193, #1284 ) ;
#795 = DIRECTION ( 'NONE',  ( -0.000000000000000000, -0.000000000000000000, -1.000000000000000000 ) ) ;
#796 = CARTESIAN_POINT ( 'NONE',  ( 21.35935851955342102, 11.32291608346458389, 18.50000000000000000 ) ) ;
#797 = ORIENTED_EDGE ( 'NONE', *, *, #914, .T. ) ;
#798 = AXIS2_PLACEMENT_3D ( 'NONE', #2633, #3639, #4150 ) ;
#799 = EDGE_LOOP ( 'NONE', ( #4182, #3169, #2777, #6248 ) ) ;
#800 = VERTEX_POINT ( 'NONE', #1575 ) ;
#801 = AXIS2_PLACEMENT_3D ( 'NONE', #4950, #5072, #983 ) ;
#802 = DIRECTION ( 'NONE',  ( 0.000000000000000000, 0.000000000000000000, 1.000000000000000000 ) ) ;
#803 = CARTESIAN_POINT ( 'NONE',  ( 0.8809747977378644679, -24.35907445708376429, 18.00000000000000000 ) ) ;
#804 = CYLINDRICAL_SURFACE ( 'NONE', #540, 26.12500000000000355 ) ;
#805 = CARTESIAN_POINT ( 'NONE',  ( -21.10936921724570681, -12.18749999999998046, 18.50000000000000000 ) ) ;
#806 = ORIENTED_EDGE ( 'NONE', *, *, #67, .F. ) ;
#807 = DIRECTION ( 'NONE',  ( 0.000000000000000000, 0.000000000000000000, 1.000000000000000000 ) ) ;
#808 = CARTESIAN_POINT ( 'NONE',  ( -24.35907445369762314, 0.8809748913651518354, 18.07330398571939867 ) ) ;
#809 = CARTESIAN_POINT ( 'NONE',  ( -12.18749999999998401, 21.10936921724570325, 18.50000000000000000 ) ) ;
#810 = CARTESIAN_POINT ( 'NONE',  ( -0.6795804451154037196, 24.20715954415955196, 18.00000000000000000 ) ) ;
#811 = ORIENTED_EDGE ( 'NONE', *, *, #1613, .F. ) ;
#812 = DIRECTION ( 'NONE',  ( 0.000000000000000000, 0.000000000000000000, 1.000000000000000000 ) ) ;
#813 = EDGE_LOOP ( 'NONE', ( #4546, #450, #4335, #2021, #4633 ) ) ;
#814 = EDGE_CURVE ( 'NONE', #2199, #5469, #4931, .T. ) ;
#815 = CARTESIAN_POINT ( 'NONE',  ( 0.000000000000000000, 0.000000000000000000, 19.50000000000000000 ) ) ;
#816 = DIRECTION ( 'NONE',  ( -0.000000000000000000, -0.000000000000000000, -1.000000000000000000 ) ) ;
#817 = DIRECTION ( 'NONE',  ( -0.000000000000000000, -0.000000000000000000, -1.000000000000000000 ) ) ;
#818 = EDGE_LOOP ( 'NONE', ( #5734, #5625, #5453, #6364, #4134, #4598 ) ) ;
#819 = B_SPLINE_CURVE_WITH_KNOTS ( 'NONE', 3,
 ( #5902, #4836, #2384, #5868, #1447, #3424 ),
 .UNSPECIFIED., .F., .F.,
 ( 4, 2, 4 ),
 ( -4.614725267114952867E-06, 0.0004052027286208468855, 0.0008150201825088086976 ),
 .UNSPECIFIED. ) ;
#820 = CARTESIAN_POINT ( 'NONE',  ( 21.10936921724570325, 12.18749999999998579, 18.50000000000000000 ) ) ;
#821 = EDGE_CURVE ( 'NONE', #1383, #456, #15, .T. ) ;
#822 = CARTESIAN_POINT ( 'NONE',  ( -10.99055137102643798, 21.19489102498121369, 18.50000000000000000 ) ) ;
#823 = ORIENTED_EDGE ( 'NONE', *, *, #3904, .F. ) ;
#824 = ORIENTED_EDGE ( 'NONE', *, *, #4011, .T. ) ;
#825 = ORIENTED_EDGE ( 'NONE', *, *, #5449, .F. ) ;
#826 = CARTESIAN_POINT ( 'NONE',  ( -24.20715954415954840, 0.6795804451154278114, 0.5000000000000004441 ) ) ;
#827 = DIRECTION ( 'NONE',  ( 0.000000000000000000, 0.000000000000000000, 1.000000000000000000 ) ) ;
#828 = DIRECTION ( 'NONE',  ( -0.000000000000000000, -0.000000000000000000, -1.000000000000000000 ) ) ;
#829 = ADVANCED_FACE ( 'NONE', ( #1334 ), #6273, .T. ) ;
#830 = CARTESIAN_POINT ( 'NONE',  ( 19.09188309203679879, 19.09188309203676681, -5.000000000000000000 ) ) ;
#831 = ORIENTED_EDGE ( 'NONE', *, *, #1709, .T. ) ;
#832 = DIRECTION ( 'NONE',  ( 1.000000000000000000, 0.000000000000000000, 0.000000000000000000 ) ) ;
#833 = CARTESIAN_POINT ( 'NONE',  ( -11.51504584269470399, -21.30380534126279812, 18.13682064111326753 ) ) ;
#834 = DIRECTION ( 'NONE',  ( -0.000000000000000000, -0.000000000000000000, -1.000000000000000000 ) ) ;
#835 = AXIS2_PLACEMENT_3D ( 'NONE', #4311, #3361, #4863 ) ;
#836 = CARTESIAN_POINT ( 'NONE',  ( 24.20715954415954840, -0.6795804451154138226, 18.50000000000000000 ) ) ;
#837 = VERTEX_POINT ( 'NONE', #6091 ) ;
#838 = AXIS2_PLACEMENT_3D ( 'NONE', #3844, #1945, #2851 ) ;
#839 = CARTESIAN_POINT ( 'NONE',  ( 36.06244584051392366, -2.121320343559634836, 19.24999999999998934 ) ) ;
#840 = VERTEX_POINT ( 'NONE', #2640 ) ;
#841 = VECTOR ( 'NONE', #3707, 1000.000000000000000 ) ;
#842 = DIRECTION ( 'NONE',  ( -1.000000000000000000, 0.000000000000000000, -0.000000000000000000 ) ) ;
#843 = CARTESIAN_POINT ( 'NONE',  ( 0.000000000000000000, 0.000000000000000000, 18.50000000000000000 ) ) ;
#844 = AXIS2_PLACEMENT_3D ( 'NONE', #588, #5040, #2106 ) ;
#845 = LINE ( 'NONE', #2306, #1793 ) ;
#846 = AXIS2_PLACEMENT_3D ( 'NONE', #6386, #1389, #1970 ) ;
#847 = CIRCLE ( 'NONE', #4449, 0.5000000000000004441 ) ;
#848 = ORIENTED_EDGE ( 'NONE', *, *, #5917, .T. ) ;
#849 = ADVANCED_FACE ( 'NONE', ( #738 ), #5376, .T. ) ;
#850 = AXIS2_PLACEMENT_3D ( 'NONE', #2868, #1346, #1439 ) ;
#851 = TOROIDAL_SURFACE ( 'NONE', #1988, 0.2000000000000011768, 0.5000000000000000000 ) ;
#852 = CARTESIAN_POINT ( 'NONE',  ( -20.37953832507680474, -12.79081814730961852, 18.45003803226556727 ) ) ;
#853 = DIRECTION ( 'NONE',  ( 1.000000000000000000, 0.000000000000000000, 0.000000000000000000 ) ) ;
#854 = CIRCLE ( 'NONE', #1691, 0.2000000000000005107 ) ;
#855 = VERTEX_POINT ( 'NONE', #4330 ) ;
#856 = CIRCLE ( 'NONE', #6316, 0.5000000000000000000 ) ;
#857 = EDGE_CURVE ( 'NONE', #2422, #6348, #362, .T. ) ;
#858 = VERTEX_POINT ( 'NONE', #3346 ) ;
#859 = AXIS2_PLACEMENT_3D ( 'NONE', #4133, #3176, #1815 ) ;
#860 = VERTEX_POINT ( 'NONE', #3305 ) ;
#861 = CARTESIAN_POINT ( 'NONE',  ( 21.10936921724568904, -12.18750000000000888, 0.5000000000000004441 ) ) ;
#862 = CARTESIAN_POINT ( 'NONE',  ( -20.60804315078243931, 12.69997163153636599, 18.14610353985090541 ) ) ;
#863 = CIRCLE ( 'NONE', #1902, 24.37500000000000355 ) ;
#864 = ADVANCED_FACE ( 'NONE', ( #2157 ), #4966, .T. ) ;
#865 = EDGE_CURVE ( 'NONE', #2599, #4212, #4119, .T. ) ;
#866 = CARTESIAN_POINT ( 'NONE',  ( -21.35935851955341391, 11.32291608346460166, 0.5000000000000004441 ) ) ;
#867 = ORIENTED_EDGE ( 'NONE', *, *, #4397, .F. ) ;
#868 = DIRECTION ( 'NONE',  ( -1.000000000000000000, 0.000000000000000000, 0.000000000000000000 ) ) ;
#869 = FACE_OUTER_BOUND ( 'NONE', #4470, .T. ) ;
#870 = FACE_OUTER_BOUND ( 'NONE', #6189, .T. ) ;
#871 = CARTESIAN_POINT ( 'NONE',  ( -0.9398203526525812368, -24.07274142745250600, 18.46587281468498887 ) ) ;
#872 = ORIENTED_EDGE ( 'NONE', *, *, #2015, .T. ) ;
#873 = FACE_OUTER_BOUND ( 'NONE', #3718, .T. ) ;
#874 = ORIENTED_EDGE ( 'NONE', *, *, #5354, .T. ) ;
#875 = CIRCLE ( 'NONE', #2420, 0.2000000000000022593 ) ;
#876 = CARTESIAN_POINT ( 'NONE',  ( 36.76906685086529336, -1.020625507067550730, 5.039881263996842442 ) ) ;
#877 = CARTESIAN_POINT ( 'NONE',  ( -11.48749999999998295, 21.10936921724570325, 0.5000000000000004441 ) ) ;
#878 = CARTESIAN_POINT ( 'NONE',  ( 24.85874777928035684, -0.8990460756402043341, 0.5000000000000000000 ) ) ;
#879 = CARTESIAN_POINT ( 'NONE',  ( 11.38327520853306396, -21.38913919693834842, 18.36113832892207753 ) ) ;
#880 = CIRCLE ( 'NONE', #4897, 0.2000000000000077827 ) ;
#881 = ORIENTED_EDGE ( 'NONE', *, *, #3666, .T. ) ;
#882 = CARTESIAN_POINT ( 'NONE',  ( 12.94248378347673523, -20.65508989364223424, 0.5000000000000004441 ) ) ;
#883 = CARTESIAN_POINT ( 'NONE',  ( -24.29835810325143086, 0.9086991660284238215, 18.26997308932349284 ) ) ;
#884 = CIRCLE ( 'NONE', #2023, 24.37500000000000355 ) ;
#885 = FACE_OUTER_BOUND ( 'NONE', #1637, .T. ) ;
#886 = CARTESIAN_POINT ( 'NONE',  ( -21.10936921724570681, -12.18749999999998046, 18.50000000000000000 ) ) ;
#887 = CARTESIAN_POINT ( 'NONE',  ( 20.97075655407473960, -12.33167534327568937, 0.000000000000000000 ) ) ;
#888 = CIRCLE ( 'NONE', #3059, 0.2000000000000022593 ) ;
#889 = ORIENTED_EDGE ( 'NONE', *, *, #5248, .T. ) ;
#890 = ORIENTED_EDGE ( 'NONE', *, *, #2548, .F. ) ;
#891 = DIRECTION ( 'NONE',  ( -0.5309736936810948160, 0.8473883033289135724, -7.444013601132083226E-16 ) ) ;
#892 = CIRCLE ( 'NONE', #2135, 0.2000000000000057288 ) ;
#893 = CARTESIAN_POINT ( 'NONE',  ( 36.94112549695430658, 0.2110488364875161560, 11.12500000000003020 ) ) ;
#894 = DIRECTION ( 'NONE',  ( 0.000000000000000000, 0.000000000000000000, 1.000000000000000000 ) ) ;
#895 = B_SPLINE_CURVE_WITH_KNOTS ( 'NONE', 3,
 ( #2861, #241, #2219, #6153, #1737, #3703 ),
 .UNSPECIFIED., .F., .F.,
 ( 4, 2, 4 ),
 ( -4.614011933982799814E-06, 0.0004081592208998585246, 0.0008209324537336998295 ),
 .UNSPECIFIED. ) ;
#896 = B_SPLINE_CURVE_WITH_KNOTS ( 'NONE', 3,
 ( #2980, #3882, #4422, #3471, #2016, #5850 ),
 .UNSPECIFIED., .F., .F.,
 ( 4, 2, 4 ),
 ( -4.614725267112993680E-06, 0.0004052027286208465060, 0.0008150201825088059871 ),
 .UNSPECIFIED. ) ;
#897 = CIRCLE ( 'NONE', #3990, 0.5000000000000013323 ) ;
#898 = CARTESIAN_POINT ( 'NONE',  ( 0.000000000000000000, 0.000000000000000000, -5.000000000000000000 ) ) ;
#899 = ORIENTED_EDGE ( 'NONE', *, *, #6187, .F. ) ;
#900 = CARTESIAN_POINT ( 'NONE',  ( -21.10936921724568194, 12.18750000000002132, 18.00000000000000000 ) ) ;
#901 = LINE ( 'NONE', #1025, #2449 ) ;
#902 = CARTESIAN_POINT ( 'NONE',  ( -21.19489102498121369, -10.99055137102643265, 18.49999999999999645 ) ) ;
#903 = ADVANCED_FACE ( 'NONE', ( #708 ), #3190, .T. ) ;
#904 = EDGE_CURVE ( 'NONE', #5930, #162, #673, .T. ) ;
#905 = CARTESIAN_POINT ( 'NONE',  ( -0.9905909376774391095, -24.09730958633756970, 18.45554555356734738 ) ) ;
#906 = ORIENTED_EDGE ( 'NONE', *, *, #2121, .F. ) ;
#907 = EDGE_CURVE ( 'NONE', #999, #730, #4746, .T. ) ;
#908 = CARTESIAN_POINT ( 'NONE',  ( 12.90653170995599197, -20.37358679578755272, 18.45554555356766002 ) ) ;
#909 = ORIENTED_EDGE ( 'NONE', *, *, #857, .T. ) ;
#910 = CARTESIAN_POINT ( 'NONE',  ( 12.79451998428765869, 20.36811947315374738, 18.45554554181485685 ) ) ;
#911 = DIRECTION ( 'NONE',  ( 0.000000000000000000, 0.000000000000000000, 1.000000000000000000 ) ) ;
#912 = FACE_OUTER_BOUND ( 'NONE', #3751, .T. ) ;
#913 = CARTESIAN_POINT ( 'NONE',  ( 21.53606469138010837, -11.41659067360702373, 18.50000000000000000 ) ) ;
#914 = EDGE_CURVE ( 'NONE', #999, #5898, #6297, .T. ) ;
#915 = ORIENTED_EDGE ( 'NONE', *, *, #4805, .T. ) ;
#916 = CARTESIAN_POINT ( 'NONE',  ( -21.35935851955342457, -11.32291608346458389, 18.50000000000000000 ) ) ;
#917 = DIRECTION ( 'NONE',  ( 1.000000000000000000, 0.000000000000000000, 0.000000000000000000 ) ) ;
#918 = CARTESIAN_POINT ( 'NONE',  ( 18.56155300614687320, -18.56155300614686254, 20.00000000000000000 ) ) ;
#919 = CARTESIAN_POINT ( 'NONE',  ( 25.50000000000000355, 0.000000000000000000, 4.874999999999997335 ) ) ;
#920 = CARTESIAN_POINT ( 'NONE',  ( 21.16492239553630839, 11.99537024076990122, 0.000000000000000000 ) ) ;
#921 = ADVANCED_FACE ( 'NONE', ( #2366 ), #4159, .F. ) ;
#922 = ORIENTED_EDGE ( 'NONE', *, *, #978, .T. ) ;
#923 = ORIENTED_EDGE ( 'NONE', *, *, #3196, .F. ) ;
#924 =( BOUNDED_SURFACE ( )  B_SPLINE_SURFACE ( 3, 2, ( 
 ( #455, #4358, #6330 ),
 ( #1459, #3879, #1428 ),
 ( #4388, #6363, #1008 ),
 ( #3437, #2464, #1978 ),
 ( #4421, #6391, #5914 ),
 ( #5435, #4945, #518 ),
 ( #2497, #3975, #2046 ),
 ( #6076, #3144, #1656 ) ),
 .UNSPECIFIED., .F., .F., .F. ) 
 B_SPLINE_SURFACE_WITH_KNOTS ( ( 4, 2, 2, 4 ),
 ( 3, 3 ),
 ( 0.000000000000000000, 0.0001311096522626846136, 0.0002622193045253692271, 0.0005244386090507384543 ),
 ( 0.000000000000000000, 1.000000000000000000 ),
 .UNSPECIFIED. ) 
 GEOMETRIC_REPRESENTATION_ITEM ( )  RATIONAL_B_SPLINE_SURFACE ( (
 ( 1.000000000000000000, 0.7760564330438606273, 1.000000000000000000),
 ( 1.000000000000000000, 0.7754047934802975606, 1.000000000000000000),
 ( 1.000000000000000000, 0.7971915883079619958, 1.000000000000000000),
 ( 1.000000000000000000, 0.8534865031514425882, 1.000000000000000000),
 ( 1.000000000000000000, 0.8868869947388143826, 1.000000000000000000),
 ( 1.000000000000000000, 0.9695438062022770920, 1.000000000000000000),
 ( 1.000000000000000000, 1.001548216897349297, 1.000000000000000000),
 ( 1.000000000000000000, 1.000000000000000000, 1.000000000000000000) ) ) 
 REPRESENTATION_ITEM ( '' )  SURFACE ( )  );
#925 = DIRECTION ( 'NONE',  ( -0.000000000000000000, -0.000000000000000000, -1.000000000000000000 ) ) ;
#926 = CARTESIAN_POINT ( 'NONE',  ( 21.35935851955341747, -11.32291608346459810, 18.00000000000000000 ) ) ;
#927 = CARTESIAN_POINT ( 'NONE',  ( -20.24344071075703155, 12.85832324690306194, 18.49991810955639338 ) ) ;
#928 = EDGE_CURVE ( 'NONE', #4455, #5667, #4820, .T. ) ;
#929 = DIRECTION ( 'NONE',  ( -0.000000000000000000, -0.000000000000000000, -1.000000000000000000 ) ) ;
#930 = ORIENTED_EDGE ( 'NONE', *, *, #3673, .F. ) ;
#931 = CYLINDRICAL_SURFACE ( 'NONE', #3768, 0.2000000000000057288 ) ;
#932 = DIRECTION ( 'NONE',  ( 1.000000000000000000, 0.000000000000000000, 0.000000000000000000 ) ) ;
#933 = DIRECTION ( 'NONE',  ( 0.000000000000000000, 0.000000000000000000, 1.000000000000000000 ) ) ;
#934 = CARTESIAN_POINT ( 'NONE',  ( -12.92790769136951745, -20.52776745544122150, 18.32606194987840098 ) ) ;
#935 = ORIENTED_EDGE ( 'NONE', *, *, #5083, .T. ) ;
#936 = EDGE_CURVE ( 'NONE', #2765, #4382, #4033, .T. ) ;
#937 = DIRECTION ( 'NONE',  ( 0.000000000000000000, 0.000000000000000000, 1.000000000000000000 ) ) ;
#938 = ORIENTED_EDGE ( 'NONE', *, *, #2326, .F. ) ;
#939 = CARTESIAN_POINT ( 'NONE',  ( 11.51504584269467202, -21.30380534126281589, 18.00000000000000000 ) ) ;
#940 = CARTESIAN_POINT ( 'NONE',  ( 21.19489102498119593, -10.99055137102646107, 18.50000000000000000 ) ) ;
#941 = CARTESIAN_POINT ( 'NONE',  ( -23.85058974358974382, -1.079348823583773154, 18.50000000000000000 ) ) ;
#942 = AXIS2_PLACEMENT_3D ( 'NONE', #5465, #1109, #3148 ) ;
#943 = CARTESIAN_POINT ( 'NONE',  ( -0.8809747977378673545, 24.35907445708376784, 18.00000000000000000 ) ) ;
#944 = ORIENTED_EDGE ( 'NONE', *, *, #4163, .F. ) ;
#945 = DIRECTION ( 'NONE',  ( 1.000000000000000000, 0.000000000000000000, 0.000000000000000000 ) ) ;
#946 = LINE ( 'NONE', #424, #3115 ) ;
#947 = AXIS2_PLACEMENT_3D ( 'NONE', #3005, #2493, #2071 ) ;
#948 = DIRECTION ( 'NONE',  ( 0.000000000000000000, 0.000000000000000000, 1.000000000000000000 ) ) ;
#949 = ADVANCED_FACE ( 'NONE', ( #2706 ), #5096, .T. ) ;
#950 = CARTESIAN_POINT ( 'NONE',  ( 0.000000000000000000, 0.000000000000000000, 0.5000000000000004441 ) ) ;
#951 = CIRCLE ( 'NONE', #1671, 0.4999999999999996669 ) ;
#952 = VECTOR ( 'NONE', #2850, 1000.000000000000000 ) ;
#953 = CARTESIAN_POINT ( 'NONE',  ( -20.68561223297643892, 12.83628904474054622, 18.00000000000000000 ) ) ;
#954 = CIRCLE ( 'NONE', #121, 0.7000000000000009548 ) ;
#955 = ORIENTED_EDGE ( 'NONE', *, *, #4059, .F. ) ;
#956 = DIRECTION ( 'NONE',  ( 1.000000000000000000, 0.000000000000000000, 0.000000000000000000 ) ) ;
#957 = AXIS2_PLACEMENT_3D ( 'NONE', #2428, #1006, #2947 ) ;
#958 = FACE_OUTER_BOUND ( 'NONE', #5701, .T. ) ;
#959 = ORIENTED_EDGE ( 'NONE', *, *, #3977, .F. ) ;
#960 = DIRECTION ( 'NONE',  ( 1.000000000000000000, 0.000000000000000000, 0.000000000000000000 ) ) ;
#961 = CIRCLE ( 'NONE', #3029, 0.5000000000000000000 ) ;
#962 = CARTESIAN_POINT ( 'NONE',  ( 0.000000000000000000, 0.000000000000000000, 18.00000000000000000 ) ) ;
#963 = VERTEX_POINT ( 'NONE', #1919 ) ;
#964 = CARTESIAN_POINT ( 'NONE',  ( -11.32291608346458389, 21.35935851955342457, 18.00000000000000000 ) ) ;
#965 = DIRECTION ( 'NONE',  ( -0.000000000000000000, -0.000000000000000000, -1.000000000000000000 ) ) ;
#966 = CARTESIAN_POINT ( 'NONE',  ( -21.45993974736049736, -11.56019084560069921, 18.09393492550586302 ) ) ;
#967 = VECTOR ( 'NONE', #1900, 1000.000000000000000 ) ;
#968 = CARTESIAN_POINT ( 'NONE',  ( -24.35907445708376429, -0.8809747977378658002, 0.5000000000000004441 ) ) ;
#969 = ORIENTED_EDGE ( 'NONE', *, *, #5267, .T. ) ;
#970 = LINE ( 'NONE', #5332, #5277 ) ;
#971 = ORIENTED_EDGE ( 'NONE', *, *, #5823, .F. ) ;
#972 = CARTESIAN_POINT ( 'NONE',  ( 20.48561223297645029, 12.83628904474053734, 0.5000000000000004441 ) ) ;
#973 = FACE_OUTER_BOUND ( 'NONE', #4752, .T. ) ;
#974 = EDGE_CURVE ( 'NONE', #4427, #1610, #3850, .T. ) ;
#975 = LINE ( 'NONE', #4323, #2408 ) ;
#976 = ORIENTED_EDGE ( 'NONE', *, *, #3666, .F. ) ;
#977 = CARTESIAN_POINT ( 'NONE',  ( 24.35907445708376784, -0.8809747977379179806, 18.00000000000000000 ) ) ;
#978 = EDGE_CURVE ( 'NONE', #6373, #3189, #5582, .T. ) ;
#979 = EDGE_LOOP ( 'NONE', ( #2526, #2649, #1215, #3286, #2313 ) ) ;
#980 = CARTESIAN_POINT ( 'NONE',  ( 0.8990460756401799092, -24.85874777928036394, 0.000000000000000000 ) ) ;
#981 = CARTESIAN_POINT ( 'NONE',  ( 21.16492239553630483, -11.99537024076991898, 0.000000000000000000 ) ) ;
#982 = CARTESIAN_POINT ( 'NONE',  ( -11.52291608346458496, 21.35935851955342457, 18.00000000000000000 ) ) ;
#983 = DIRECTION ( 'NONE',  ( 1.000000000000000000, 0.000000000000000000, 0.000000000000000000 ) ) ;
#984 = AXIS2_PLACEMENT_3D ( 'NONE', #5500, #39, #3111 ) ;
#985 = DIRECTION ( 'NONE',  ( -0.000000000000000000, -0.000000000000000000, -1.000000000000000000 ) ) ;
#986 = EDGE_CURVE ( 'NONE', #476, #4883, #2981, .T. ) ;
#987 = ADVANCED_FACE ( 'NONE', ( #5439 ), #322, .F. ) ;
#988 = AXIS2_PLACEMENT_3D ( 'NONE', #288, #4643, #6137 ) ;
#989 = ORIENTED_EDGE ( 'NONE', *, *, #4128, .T. ) ;
#990 = CARTESIAN_POINT ( 'NONE',  ( 24.85920512820513650, 0.8737462865769590747, 0.5000000000000004441 ) ) ;
#991 = DIRECTION ( 'NONE',  ( 0.000000000000000000, 0.000000000000000000, 1.000000000000000000 ) ) ;
#992 = VERTEX_POINT ( 'NONE', #981 ) ;
#993 = VECTOR ( 'NONE', #4400, 1000.000000000000000 ) ;
#994 = DIRECTION ( 'NONE',  ( 1.000000000000000000, 1.734723475976802677E-14, 0.000000000000000000 ) ) ;
#995 = ORIENTED_EDGE ( 'NONE', *, *, #546, .F. ) ;
#996 = CIRCLE ( 'NONE', #798, 0.6999999999999992895 ) ;
#997 = DIRECTION ( 'NONE',  ( 0.000000000000000000, 0.000000000000000000, 1.000000000000000000 ) ) ;
#998 = CARTESIAN_POINT ( 'NONE',  ( -12.94062465483489532, -20.63640792737877661, 18.14610353506298779 ) ) ;
#999 = VERTEX_POINT ( 'NONE', #4947 ) ;
#1000 = AXIS2_PLACEMENT_3D ( 'NONE', #5355, #445, #2418 ) ;
#1001 = EDGE_LOOP ( 'NONE', ( #5517, #2641, #1014, #5890 ) ) ;
#1002 = ORIENTED_EDGE ( 'NONE', *, *, #2316, .F. ) ;
#1003 = CARTESIAN_POINT ( 'NONE',  ( -11.99537024076992608, -21.16492239553629418, 0.5000000000000004441 ) ) ;
#1004 = AXIS2_PLACEMENT_3D ( 'NONE', #6132, #827, #1225 ) ;
#1005 = CARTESIAN_POINT ( 'NONE',  ( 0.000000000000000000, 0.000000000000000000, 18.00000000000000000 ) ) ;
#1006 = DIRECTION ( 'NONE',  ( 0.000000000000000000, 0.000000000000000000, -1.000000000000000000 ) ) ;
#1007 = ORIENTED_EDGE ( 'NONE', *, *, #4189, .F. ) ;
#1008 = CARTESIAN_POINT ( 'NONE',  ( 20.63640792737868779, -12.94062465483487223, 18.14610353506317253 ) ) ;
#1009 = EDGE_CURVE ( 'NONE', #120, #4944, #4242, .T. ) ;
#1010 = CYLINDRICAL_SURFACE ( 'NONE', #1396, 3.125000000000000888 ) ;
#1011 = DIRECTION ( 'NONE',  ( 0.000000000000000000, 0.000000000000000000, 1.000000000000000000 ) ) ;
#1012 = DIRECTION ( 'NONE',  ( -0.000000000000000000, -0.000000000000000000, 1.000000000000000000 ) ) ;
#1013 = CARTESIAN_POINT ( 'NONE',  ( 24.19707470663169246, 0.6944764848609359387, 18.14610353985090185 ) ) ;
#1014 = ORIENTED_EDGE ( 'NONE', *, *, #658, .F. ) ;
#1015 = CARTESIAN_POINT ( 'NONE',  ( -21.10936921724570681, -12.18749999999998046, 0.5000000000000004441 ) ) ;
#1016 = ORIENTED_EDGE ( 'NONE', *, *, #2358, .T. ) ;
#1017 = EDGE_CURVE ( 'NONE', #5898, #3125, #946, .T. ) ;
#1018 = DIRECTION ( 'NONE',  ( 0.000000000000000000, 0.000000000000000000, 1.000000000000000000 ) ) ;
#1019 = CARTESIAN_POINT ( 'NONE',  ( 0.6944764848609316088, -24.19707470663169246, 18.14610353985090185 ) ) ;
#1020 = ORIENTED_EDGE ( 'NONE', *, *, #3166, .F. ) ;
#1021 = FACE_OUTER_BOUND ( 'NONE', #1435, .T. ) ;
#1022 = CARTESIAN_POINT ( 'NONE',  ( 12.02291608346460450, 21.35935851955341391, 0.5000000000000004441 ) ) ;
#1023 = ORIENTED_EDGE ( 'NONE', *, *, #5608, .F. ) ;
#1024 = DIRECTION ( 'NONE',  ( -0.000000000000000000, -0.000000000000000000, -1.000000000000000000 ) ) ;
#1025 = CARTESIAN_POINT ( 'NONE',  ( -20.65508989364223069, 12.94248378347676542, 18.50000000000000000 ) ) ;
#1026 = EDGE_CURVE ( 'NONE', #1769, #1725, #3010, .T. ) ;
#1027 = CARTESIAN_POINT ( 'NONE',  ( 0.000000000000000000, 0.000000000000000000, 18.00000000000000000 ) ) ;
#1028 = EDGE_LOOP ( 'NONE', ( #1266, #1030, #5339, #3996 ) ) ;
#1029 = DIRECTION ( 'NONE',  ( -0.000000000000000000, -0.000000000000000000, -1.000000000000000000 ) ) ;
#1030 = ORIENTED_EDGE ( 'NONE', *, *, #6154, .T. ) ;
#1031 = CARTESIAN_POINT ( 'NONE',  ( 24.20715954415955196, 0.6795804451154051629, 18.50000000000000000 ) ) ;
#1032 = CARTESIAN_POINT ( 'NONE',  ( -21.48685459256751429, 11.34963067687244731, 18.27208253284860007 ) ) ;
#1033 = CARTESIAN_POINT ( 'NONE',  ( 10.99055137102647173, 21.19489102498119237, 18.50000000000000000 ) ) ;
#1034 = EDGE_LOOP ( 'NONE', ( #797, #1448, #755, #2578 ) ) ;
#1035 = CARTESIAN_POINT ( 'NONE',  ( 24.34196583538596670, -0.8887057282368913125, 18.14610353506315477 ) ) ;
#1036 = CARTESIAN_POINT ( 'NONE',  ( 36.30431395571807940, -1.857419586985391557, 10.51972942998588678 ) ) ;
#1037 = AXIS2_PLACEMENT_3D ( 'NONE', #805, #1228, #4226 ) ;
#1038 = CARTESIAN_POINT ( 'NONE',  ( 11.65077714896303718, -21.97783012094689781, 0.5000000000000000000 ) ) ;
#1039 = DIRECTION ( 'NONE',  ( 0.000000000000000000, 0.000000000000000000, 1.000000000000000000 ) ) ;
#1040 = CARTESIAN_POINT ( 'NONE',  ( -24.15920512820513011, -0.8737462865769561882, 18.50000000000000000 ) ) ;
#1041 = EDGE_CURVE ( 'NONE', #56, #2533, #2109, .T. ) ;
#1042 = B_SPLINE_CURVE_WITH_KNOTS ( 'NONE', 3,
 ( #3846, #3947, #3499, #5402, #4845, #3009 ),
 .UNSPECIFIED., .F., .F.,
 ( 4, 2, 4 ),
 ( 1.084202172485504434E-19, 0.0004057619185687322337, 0.0008115238371374643590 ),
 .UNSPECIFIED. ) ;
#1043 = AXIS2_PLACEMENT_3D ( 'NONE', #98, #625, #133 ) ;
#1044 = EDGE_LOOP ( 'NONE', ( #881, #6331, #3299, #4317 ) ) ;
#1045 = AXIS2_PLACEMENT_3D ( 'NONE', #5015, #1630, #2078 ) ;
#1046 = DIRECTION ( 'NONE',  ( 1.000000000000000000, 0.000000000000000000, 0.000000000000000000 ) ) ;
#1047 = LINE ( 'NONE', #3605, #4786 ) ;
#1048 = VERTEX_POINT ( 'NONE', #1400 ) ;
#1049 = AXIS2_PLACEMENT_3D ( 'NONE', #2266, #4230, #1167 ) ;
#1050 = EDGE_CURVE ( 'NONE', #2545, #5793, #3792, .T. ) ;
#1051 = CARTESIAN_POINT ( 'NONE',  ( 0.000000000000000000, 0.000000000000000000, 18.50000000000000000 ) ) ;
#1052 = CIRCLE ( 'NONE', #4661, 0.1999999999999987899 ) ;
#1053 = ADVANCED_FACE ( 'NONE', ( #5464 ), #2018, .F. ) ;
#1054 = CIRCLE ( 'NONE', #5904, 0.1999999999999987899 ) ;
#1055 = AXIS2_PLACEMENT_3D ( 'NONE', #3217, #6276, #1370 ) ;
#1056 = CARTESIAN_POINT ( 'NONE',  ( -20.38584188556563248, -12.90842160554397111, 18.44971682622087528 ) ) ;
#1057 = VERTEX_POINT ( 'NONE', #459 ) ;
#1058 = CARTESIAN_POINT ( 'NONE',  ( -20.48561223297645384, -12.83628904474053023, 0.5000000000000004441 ) ) ;
#1059 = FACE_OUTER_BOUND ( 'NONE', #3649, .T. ) ;
#1060 = CARTESIAN_POINT ( 'NONE',  ( 11.12089817477726683, 21.23577082125882853, 18.50000000000000000 ) ) ;
#1061 = VERTEX_POINT ( 'NONE', #3979 ) ;
#1062 = EDGE_CURVE ( 'NONE', #247, #5606, #2498, .T. ) ;
#1063 = AXIS2_PLACEMENT_3D ( 'NONE', #235, #5400, #3342 ) ;
#1064 = EDGE_CURVE ( 'NONE', #5565, #4409, #1870, .T. ) ;
#1065 = CARTESIAN_POINT ( 'NONE',  ( -24.34196583538602354, -0.8887057282367825106, 18.14610353506303397 ) ) ;
#1066 = VERTEX_POINT ( 'NONE', #1951 ) ;
#1067 = CARTESIAN_POINT ( 'NONE',  ( 21.16492239553630483, -11.99537024076991898, 0.5000000000000000000 ) ) ;
#1068 = CIRCLE ( 'NONE', #859, 0.5000000000000004441 ) ;
#1069 = CARTESIAN_POINT ( 'NONE',  ( -12.94248378347673878, 20.65508989364223069, 18.00000000000000000 ) ) ;
#1070 = DIRECTION ( 'NONE',  ( 0.000000000000000000, 0.000000000000000000, 1.000000000000000000 ) ) ;
#1071 = VERTEX_POINT ( 'NONE', #563 ) ;
#1072 = CARTESIAN_POINT ( 'NONE',  ( -24.17499999999999716, 2.704757084947590219E-14, 0.000000000000000000 ) ) ;
#1073 = TOROIDAL_SURFACE ( 'NONE', #1684, 1.200000000000001510, 0.5000000000000000000 ) ;
#1074 = CARTESIAN_POINT ( 'NONE',  ( -11.22246241333553129, -21.31751579123410067, 18.46587281468486452 ) ) ;
#1075 = CARTESIAN_POINT ( 'NONE',  ( 25.50000000000000355, 0.000000000000000000, 7.999999999999998224 ) ) ;
#1076 = DIRECTION ( 'NONE',  ( 0.000000000000000000, 0.000000000000000000, 1.000000000000000000 ) ) ;
#1077 = DIRECTION ( 'NONE',  ( 1.000000000000000000, 0.000000000000000000, 0.000000000000000000 ) ) ;
#1078 = ORIENTED_EDGE ( 'NONE', *, *, #783, .F. ) ;
#1079 = CIRCLE ( 'NONE', #4691, 0.5000000000000004441 ) ;
#1080 = CARTESIAN_POINT ( 'NONE',  ( 11.32291608346459810, 21.35935851955341391, 0.5000000000000004441 ) ) ;
#1081 = CYLINDRICAL_SURFACE ( 'NONE', #3122, 0.2000000000000022593 ) ;
#1082 = CARTESIAN_POINT ( 'NONE',  ( 0.7185509287937061895, -24.36494840769811177, 18.09393492550584526 ) ) ;
#1083 = ORIENTED_EDGE ( 'NONE', *, *, #2326, .T. ) ;
#1084 = CARTESIAN_POINT ( 'NONE',  ( 0.000000000000000000, 0.000000000000000000, 18.00000000000000000 ) ) ;
#1085 = CIRCLE ( 'NONE', #4695, 0.2000000000000005107 ) ;
#1086 = ADVANCED_FACE ( 'NONE', ( #4492 ), #70, .F. ) ;
#1087 = EDGE_CURVE ( 'NONE', #1872, #4891, #530, .T. ) ;
#1088 = DIRECTION ( 'NONE',  ( 1.000000000000000000, 0.000000000000000000, 0.000000000000000000 ) ) ;
#1089 = ORIENTED_EDGE ( 'NONE', *, *, #5036, .T. ) ;
#1090 = CARTESIAN_POINT ( 'NONE',  ( 33.94112549695428527, 0.000000000000000000, -46.14967917350623594 ) ) ;
#1091 = AXIS2_PLACEMENT_3D ( 'NONE', #3235, #749, #4169 ) ;
#1092 = CARTESIAN_POINT ( 'NONE',  ( -20.55121838604280526, -12.72502572552547484, 18.27208252806111943 ) ) ;
#1093 = FACE_OUTER_BOUND ( 'NONE', #1786, .T. ) ;
#1094 = ORIENTED_EDGE ( 'NONE', *, *, #3320, .T. ) ;
#1095 = AXIS2_PLACEMENT_3D ( 'NONE', #3163, #1928, #3824 ) ;
#1096 = CARTESIAN_POINT ( 'NONE',  ( -23.94708819548002765, -0.9907205764661669578, 18.50000000000000000 ) ) ;
#1097 = ORIENTED_EDGE ( 'NONE', *, *, #3114, .F. ) ;
#1098 = ADVANCED_FACE ( 'NONE', ( #493 ), #4423, .T. ) ;
#1099 = DIRECTION ( 'NONE',  ( 1.000000000000000000, -6.938893903907210707E-14, 0.000000000000000000 ) ) ;
#1100 = EDGE_CURVE ( 'NONE', #5238, #3871, #5477, .T. ) ;
#1101 = CARTESIAN_POINT ( 'NONE',  ( -21.25735493762237738, 11.10217229270097583, 18.49991804524320216 ) ) ;
#1102 = AXIS2_PLACEMENT_3D ( 'NONE', #6253, #925, #4857 ) ;
#1103 = CARTESIAN_POINT ( 'NONE',  ( 0.8737462865769762832, 24.15920512820513366, 0.5000000000000004441 ) ) ;
#1104 = VERTEX_POINT ( 'NONE', #1556 ) ;
#1105 = CARTESIAN_POINT ( 'NONE',  ( -12.94248378347676365, -20.65508989364222003, 18.13788913655712065 ) ) ;
#1106 = CARTESIAN_POINT ( 'NONE',  ( -11.08929415183156664, -21.28082637332591887, 18.50000000000000000 ) ) ;
#1107 = CIRCLE ( 'NONE', #4813, 0.5000000000000008882 ) ;
#1108 = CARTESIAN_POINT ( 'NONE',  ( -1.079348823583776484, 23.85058974358974737, 18.50000000000000000 ) ) ;
#1109 = DIRECTION ( 'NONE',  ( 0.000000000000000000, 0.000000000000000000, 1.000000000000000000 ) ) ;
#1110 = ORIENTED_EDGE ( 'NONE', *, *, #1627, .T. ) ;
#1111 = DIRECTION ( 'NONE',  ( 1.000000000000000000, 0.000000000000000000, 0.000000000000000000 ) ) ;
#1112 = EDGE_CURVE ( 'NONE', #691, #963, #1877, .T. ) ;
#1113 = ORIENTED_EDGE ( 'NONE', *, *, #3544, .F. ) ;
#1114 = CARTESIAN_POINT ( 'NONE',  ( -12.79081814730962385, 20.37953832507679763, 18.45003803226556727 ) ) ;
#1115 = DIRECTION ( 'NONE',  ( 1.000000000000000000, 0.000000000000000000, 0.000000000000000000 ) ) ;
#1116 = CARTESIAN_POINT ( 'NONE',  ( 0.8001869388306657171, -24.26231685946488881, 18.31245502271040948 ) ) ;
#1117 = VERTEX_POINT ( 'NONE', #4108 ) ;
#1118 = CARTESIAN_POINT ( 'NONE',  ( 12.94248378347676187, 20.65508989364223424, 18.00000000000000000 ) ) ;
#1119 = ORIENTED_EDGE ( 'NONE', *, *, #5449, .T. ) ;
#1120 = DIRECTION ( 'NONE',  ( -0.000000000000000000, -0.000000000000000000, -1.000000000000000000 ) ) ;
#1121 = ORIENTED_EDGE ( 'NONE', *, *, #3281, .T. ) ;
#1122 = CARTESIAN_POINT ( 'NONE',  ( -11.24204889892398107, 21.26443907219746166, 18.45554554181468987 ) ) ;
#1123 = DIRECTION ( 'NONE',  ( 1.000000000000000000, 0.000000000000000000, 0.000000000000000000 ) ) ;
#1124 = DIRECTION ( 'NONE',  ( 1.000000000000000000, 0.000000000000000000, 0.000000000000000000 ) ) ;
#1125 = ORIENTED_EDGE ( 'NONE', *, *, #76, .T. ) ;
#1126 = EDGE_CURVE ( 'NONE', #2599, #1704, #3828, .T. ) ;
#1127 = DIRECTION ( 'NONE',  ( 0.7071067811865473507, 0.7071067811865477948, 0.000000000000000000 ) ) ;
#1128 = EDGE_LOOP ( 'NONE', ( #6032, #4100, #4245, #4031 ) ) ;
#1129 = CYLINDRICAL_SURFACE ( 'NONE', #3157, 0.1999999999999987899 ) ;
#1130 = CARTESIAN_POINT ( 'NONE',  ( 36.83248774676596327, 0.8261556372349977417, 4.979163983618526856 ) ) ;
#1131 = CARTESIAN_POINT ( 'NONE',  ( 0.000000000000000000, 0.000000000000000000, 18.50000000000000000 ) ) ;
#1132 = CARTESIAN_POINT ( 'NONE',  ( 0.000000000000000000, 0.000000000000000000, 0.5000000000000004441 ) ) ;
#1133 = ORIENTED_EDGE ( 'NONE', *, *, #3197, .F. ) ;
#1134 = DIRECTION ( 'NONE',  ( 0.000000000000000000, 0.000000000000000000, 1.000000000000000000 ) ) ;
#1135 = ADVANCED_FACE ( 'NONE', ( #6078 ), #4190, .F. ) ;
#1136 = EDGE_CURVE ( 'NONE', #3578, #25, #3940, .T. ) ;
#1137 = B_SPLINE_CURVE_WITH_KNOTS ( 'NONE', 3,
 ( #4017, #141, #2544, #4085, #5986, #1566 ),
 .UNSPECIFIED., .F., .F.,
 ( 4, 2, 4 ),
 ( 3.469446951953614189E-18, 0.0004057619185687348900, 0.0008115238371374663105 ),
 .UNSPECIFIED. ) ;
#1138 = CARTESIAN_POINT ( 'NONE',  ( 36.18807066584034970, -1.995695518233222332, 10.41082826813706141 ) ) ;
#1139 = CARTESIAN_POINT ( 'NONE',  ( 20.37358679578797904, 12.90653170995605237, 18.45554555356730830 ) ) ;
#1140 = FACE_OUTER_BOUND ( 'NONE', #782, .T. ) ;
#1141 = ORIENTED_EDGE ( 'NONE', *, *, #251, .T. ) ;
#1142 = CARTESIAN_POINT ( 'NONE',  ( 21.53606473526115295, -11.41659059083056604, 18.07330398571939156 ) ) ;
#1143 = VERTEX_POINT ( 'NONE', #5630 ) ;
#1144 = EDGE_CURVE ( 'NONE', #399, #6160, #539, .T. ) ;
#1145 = CARTESIAN_POINT ( 'NONE',  ( -0.7185509287941108658, 24.36494840769804071, 18.09393492550589855 ) ) ;
#1146 = AXIS2_PLACEMENT_3D ( 'NONE', #3925, #5897, #5862 ) ;
#1147 = FACE_OUTER_BOUND ( 'NONE', #2175, .T. ) ;
#1148 = ORIENTED_EDGE ( 'NONE', *, *, #1087, .T. ) ;
#1149 = CARTESIAN_POINT ( 'NONE',  ( 12.83628904474052135, -20.48561223297645384, 0.000000000000000000 ) ) ;
#1150 = AXIS2_PLACEMENT_3D ( 'NONE', #1303, #6209, #3209 ) ;
#1151 = AXIS2_PLACEMENT_3D ( 'NONE', #3093, #542, #2094 ) ;
#1152 = ORIENTED_EDGE ( 'NONE', *, *, #5468, .T. ) ;
#1153 = CARTESIAN_POINT ( 'NONE',  ( -24.15920512820513366, 0.8737462865769777265, 18.00000000000000000 ) ) ;
#1154 = ORIENTED_EDGE ( 'NONE', *, *, #2409, .F. ) ;
#1155 = LINE ( 'NONE', #3550, #5016 ) ;
#1156 = CIRCLE ( 'NONE', #2394, 26.24999999999999289 ) ;
#1157 = DIRECTION ( 'NONE',  ( 0.000000000000000000, 0.000000000000000000, -1.000000000000000000 ) ) ;
#1158 = TOROIDAL_SURFACE ( 'NONE', #4149, 0.7000000000000078382, 0.5000000000000000000 ) ;
#1159 = DIRECTION ( 'NONE',  ( 0.000000000000000000, -1.000000000000000000, 0.000000000000000000 ) ) ;
#1160 = VERTEX_POINT ( 'NONE', #5113 ) ;
#1161 = AXIS2_PLACEMENT_3D ( 'NONE', #2311, #4753, #5246 ) ;
#1162 = CARTESIAN_POINT ( 'NONE',  ( -11.51504584269467379, 21.30380534126281589, 0.5000000000000004441 ) ) ;
#1163 = ORIENTED_EDGE ( 'NONE', *, *, #2174, .T. ) ;
#1164 = CARTESIAN_POINT ( 'NONE',  ( -12.33167534327569825, -20.97075655407473249, 0.5000000000000004441 ) ) ;
#1165 = DIRECTION ( 'NONE',  ( -0.000000000000000000, -0.000000000000000000, -1.000000000000000000 ) ) ;
#1167 = DIRECTION ( 'NONE',  ( 1.000000000000000000, 0.000000000000000000, 0.000000000000000000 ) ) ;
#1166 = CIRCLE ( 'NONE', #4765, 0.5000000000000000000 ) ;
#1168 = AXIS2_PLACEMENT_3D ( 'NONE', #4496, #6049, #4521 ) ;
#1169 = CARTESIAN_POINT ( 'NONE',  ( -0.1941658414615649864, -24.32704558404558881, 0.5000000000000000000 ) ) ;
#1170 = ORIENTED_EDGE ( 'NONE', *, *, #3319, .T. ) ;
#1171 = CARTESIAN_POINT ( 'NONE',  ( 24.85874777928036394, 0.8990460756401865705, 0.5000000000000000000 ) ) ;
#1172 = CIRCLE ( 'NONE', #1995, 0.7000000000000061728 ) ;
#1173 = CARTESIAN_POINT ( 'NONE',  ( -11.19077787638152799, -21.36417773346539661, 18.45554555356728343 ) ) ;
#1174 = CARTESIAN_POINT ( 'NONE',  ( 20.11554220139741389, 12.86003837256327920, 18.50000000000000000 ) ) ;
#1175 = EDGE_CURVE ( 'NONE', #75, #6270, #4948, .T. ) ;
#1176 = DIRECTION ( 'NONE',  ( 1.000000000000000000, 0.000000000000000000, 0.000000000000000000 ) ) ;
#1177 = EDGE_CURVE ( 'NONE', #303, #456, #118, .T. ) ;
#1178 = CARTESIAN_POINT ( 'NONE',  ( 21.30251963564337103, -11.49710307509525364, 18.14610353985106528 ) ) ;
#1179 = CIRCLE ( 'NONE', #3852, 24.37500000000000000 ) ;
#1180 = ORIENTED_EDGE ( 'NONE', *, *, #5478, .T. ) ;
#1181 = VERTEX_POINT ( 'NONE', #4008 ) ;
#1182 = EDGE_CURVE ( 'NONE', #3935, #3125, #4040, .T. ) ;
#1183 = ADVANCED_FACE ( 'NONE', ( #624 ), #3732, .F. ) ;
#1184 = ORIENTED_EDGE ( 'NONE', *, *, #5770, .T. ) ;
#1185 = CARTESIAN_POINT ( 'NONE',  ( 10.99055137102643975, -21.19489102498121014, 18.49999999999999645 ) ) ;
#1186 = CIRCLE ( 'NONE', #6240, 26.24999999999999289 ) ;
#1187 = ORIENTED_EDGE ( 'NONE', *, *, #4083, .T. ) ;
#1188 = DIRECTION ( 'NONE',  ( 1.000000000000000000, -0.000000000000000000, -0.000000000000000000 ) ) ;
#1189 = ORIENTED_EDGE ( 'NONE', *, *, #344, .T. ) ;
#1190 = DIRECTION ( 'NONE',  ( -1.000000000000000000, 0.000000000000000000, 0.000000000000000000 ) ) ;
#1191 = DIRECTION ( 'NONE',  ( 1.000000000000000000, 0.000000000000000000, 0.000000000000000000 ) ) ;
#1192 = CIRCLE ( 'NONE', #5627, 0.7000000000000027311 ) ;
#1193 = DIRECTION ( 'NONE',  ( 0.000000000000000000, -0.000000000000000000, 1.000000000000000000 ) ) ;
#1194 = DIRECTION ( 'NONE',  ( 1.000000000000000000, 0.000000000000000000, 0.000000000000000000 ) ) ;
#1195 = DIRECTION ( 'NONE',  ( -1.000000000000000000, 0.000000000000000000, 0.000000000000000000 ) ) ;
#1196 = ORIENTED_EDGE ( 'NONE', *, *, #593, .T. ) ;
#1197 = AXIS2_PLACEMENT_3D ( 'NONE', #3264, #5713, #4228 ) ;
#1198 = CARTESIAN_POINT ( 'NONE',  ( -12.18749999999998401, 21.10936921724570325, 0.000000000000000000 ) ) ;
#1199 = CARTESIAN_POINT ( 'NONE',  ( 23.94708819548010936, 0.9907205764660930170, 18.50000000000000000 ) ) ;
#1200 = CARTESIAN_POINT ( 'NONE',  ( -12.94248386286726848, 20.65508984389610703, 18.07330398571938446 ) ) ;
#1201 = DIRECTION ( 'NONE',  ( -0.5309736936810949270, 0.8473883033289135724, 0.000000000000000000 ) ) ;
#1202 = ORIENTED_EDGE ( 'NONE', *, *, #4397, .T. ) ;
#1203 = CIRCLE ( 'NONE', #2129, 0.7000000000000027311 ) ;
#1204 = ADVANCED_FACE ( 'NONE', ( #759 ), #1158, .T. ) ;
#1205 = CARTESIAN_POINT ( 'NONE',  ( 0.000000000000000000, 0.000000000000000000, 18.00000000000000000 ) ) ;
#1206 = CARTESIAN_POINT ( 'NONE',  ( 20.65508984389614611, 12.94248386286721697, 18.07330398571945906 ) ) ;
#1207 = AXIS2_PLACEMENT_3D ( 'NONE', #5637, #2734, #3215 ) ;
#1208 = DIRECTION ( 'NONE',  ( 0.000000000000000000, -1.000000000000000000, 0.000000000000000000 ) ) ;
#1209 = CARTESIAN_POINT ( 'NONE',  ( 20.11554220139739257, -12.86003837256329518, 18.50000000000000000 ) ) ;
#1210 = ADVANCED_FACE ( 'NONE', ( #4780 ), #2911, .T. ) ;
#1211 = EDGE_LOOP ( 'NONE', ( #889, #2008, #3000, #109, #4399 ) ) ;
#1212 = EDGE_CURVE ( 'NONE', #102, #399, #2242, .T. ) ;
#1213 = TOROIDAL_SURFACE ( 'NONE', #5537, 1.200000000000001288, 0.5000000000000000000 ) ;
#1214 = CARTESIAN_POINT ( 'NONE',  ( -11.51504584269467379, 21.30380534126281589, 18.50000000000000000 ) ) ;
#1215 = ORIENTED_EDGE ( 'NONE', *, *, #2994, .F. ) ;
#1216 = TOROIDAL_SURFACE ( 'NONE', #1004, 0.2000000000000002054, 0.5000000000000000000 ) ;
#1217 = CARTESIAN_POINT ( 'NONE',  ( 0.000000000000000000, 0.000000000000000000, 18.50000000000000000 ) ) ;
#1218 = ORIENTED_EDGE ( 'NONE', *, *, #4735, .T. ) ;
#1219 = CARTESIAN_POINT ( 'NONE',  ( 11.22246241333517425, -21.31751579123413265, 18.46587281468513098 ) ) ;
#1220 = EDGE_CURVE ( 'NONE', #2158, #4535, #2331, .T. ) ;
#1221 = VERTEX_POINT ( 'NONE', #3697 ) ;
#1222 = DIRECTION ( 'NONE',  ( 0.000000000000000000, 0.000000000000000000, 1.000000000000000000 ) ) ;
#1223 = ORIENTED_EDGE ( 'NONE', *, *, #4297, .T. ) ;
#1224 = CARTESIAN_POINT ( 'NONE',  ( 12.18749999999998579, -21.10936921724569970, 0.5000000000000004441 ) ) ;
#1225 = DIRECTION ( 'NONE',  ( 1.000000000000000000, 0.000000000000000000, 0.000000000000000000 ) ) ;
#1226 = CARTESIAN_POINT ( 'NONE',  ( 0.000000000000000000, 0.000000000000000000, -4.000000000000000000 ) ) ;
#1227 = CARTESIAN_POINT ( 'NONE',  ( -21.10936921724568194, 12.18750000000002132, 18.50000000000000000 ) ) ;
#1228 = DIRECTION ( 'NONE',  ( -0.000000000000000000, -0.000000000000000000, -1.000000000000000000 ) ) ;
#1229 = VERTEX_POINT ( 'NONE', #1728 ) ;
#1230 = EDGE_CURVE ( 'NONE', #2632, #992, #3530, .T. ) ;
#1231 = CARTESIAN_POINT ( 'NONE',  ( -20.65508989364222359, 12.94248378347676010, 18.13788913655712065 ) ) ;
#1232 = CARTESIAN_POINT ( 'NONE',  ( 0.000000000000000000, 0.000000000000000000, 18.50000000000000000 ) ) ;
#1233 = CARTESIAN_POINT ( 'NONE',  ( -12.86003837256327209, 20.11554220139741034, 18.50000000000000000 ) ) ;
#1234 = DIRECTION ( 'NONE',  ( 1.000000000000000000, 0.000000000000000000, 0.000000000000000000 ) ) ;
#1235 = ORIENTED_EDGE ( 'NONE', *, *, #1136, .F. ) ;
#1236 = FACE_OUTER_BOUND ( 'NONE', #5926, .T. ) ;
#1237 = CARTESIAN_POINT ( 'NONE',  ( -20.48561223297643963, 12.83628904474054266, 18.00000000000000000 ) ) ;
#1238 = DIRECTION ( 'NONE',  ( -0.000000000000000000, -0.000000000000000000, -1.000000000000000000 ) ) ;
#1239 = CARTESIAN_POINT ( 'NONE',  ( 0.000000000000000000, 0.000000000000000000, 20.00000000000000000 ) ) ;
#1240 = ORIENTED_EDGE ( 'NONE', *, *, #2754, .T. ) ;
#1241 = CARTESIAN_POINT ( 'NONE',  ( 11.09433928992191554, 21.28522193946198726, 18.50000000000000000 ) ) ;
#1242 = CARTESIAN_POINT ( 'NONE',  ( -20.65508989364224135, -12.94248378347672990, 18.50000000000000000 ) ) ;
#1243 = ORIENTED_EDGE ( 'NONE', *, *, #2602, .F. ) ;
#1244 = DIRECTION ( 'NONE',  ( 0.000000000000000000, 0.000000000000000000, 1.000000000000000000 ) ) ;
#1245 = ORIENTED_EDGE ( 'NONE', *, *, #3270, .T. ) ;
#1246 = EDGE_LOOP ( 'NONE', ( #6378, #4992, #6065, #4221 ) ) ;
#1247 = CIRCLE ( 'NONE', #2698, 0.7000000000000061728 ) ;
#1248 = DIRECTION ( 'NONE',  ( 1.000000000000000000, 0.000000000000000000, 0.000000000000000000 ) ) ;
#1249 = EDGE_CURVE ( 'NONE', #4869, #5386, #3222, .T. ) ;
#1250 = FACE_OUTER_BOUND ( 'NONE', #391, .T. ) ;
#1251 = AXIS2_PLACEMENT_3D ( 'NONE', #414, #453, #1393 ) ;
#1252 = EDGE_CURVE ( 'NONE', #4629, #4760, #2785, .T. ) ;
#1253 = CARTESIAN_POINT ( 'NONE',  ( 24.20715954415955196, 0.6795804451154051629, 18.00000000000000000 ) ) ;
#1254 = VERTEX_POINT ( 'NONE', #2759 ) ;
#1255 = AXIS2_PLACEMENT_3D ( 'NONE', #4461, #3951, #917 ) ;
#1256 = CIRCLE ( 'NONE', #4342, 0.5000000000000004441 ) ;
#1257 = DIRECTION ( 'NONE',  ( 1.000000000000000000, 0.000000000000000000, 0.000000000000000000 ) ) ;
#1258 = ORIENTED_EDGE ( 'NONE', *, *, #3736, .T. ) ;
#1259 = CARTESIAN_POINT ( 'NONE',  ( 11.41659067360699709, -21.53606469138012969, 18.00000000000000000 ) ) ;
#1260 = AXIS2_PLACEMENT_3D ( 'NONE', #3298, #1326, #757 ) ;
#1261 = AXIS2_PLACEMENT_3D ( 'NONE', #5334, #1972, #514 ) ;
#1262 = CARTESIAN_POINT ( 'NONE',  ( -24.36494840769841375, 0.7185509287940513579, 18.09393492550585947 ) ) ;
#1263 = CARTESIAN_POINT ( 'NONE',  ( -24.20715954415954840, 0.6795804451154278114, 18.00000000000000000 ) ) ;
#1264 = EDGE_CURVE ( 'NONE', #646, #1851, #751, .T. ) ;
#1265 = DIRECTION ( 'NONE',  ( 0.000000000000000000, 0.000000000000000000, 1.000000000000000000 ) ) ;
#1266 = ORIENTED_EDGE ( 'NONE', *, *, #1615, .F. ) ;
#1267 = ADVANCED_FACE ( 'NONE', ( #4721 ), #6145, .T. ) ;
#1268 = AXIS2_PLACEMENT_3D ( 'NONE', #2927, #3887, #4923 ) ;
#1269 = CARTESIAN_POINT ( 'NONE',  ( 21.45993974736041920, 11.56019084560074361, 18.09393492550578131 ) ) ;
#1270 = AXIS2_PLACEMENT_3D ( 'NONE', #4667, #2636, #4816 ) ;
#1271 = DIRECTION ( 'NONE',  ( 0.000000000000000000, 0.000000000000000000, 1.000000000000000000 ) ) ;
#1272 = AXIS2_PLACEMENT_3D ( 'NONE', #878, #6361, #3909 ) ;
#1273 = CARTESIAN_POINT ( 'NONE',  ( -0.9861000903782337623, -24.10886775320468089, 18.44971682622087528 ) ) ;
#1274 = CARTESIAN_POINT ( 'NONE',  ( 21.19489102498119593, -10.99055137102646107, 18.50000000000000000 ) ) ;
#1275 = CIRCLE ( 'NONE', #5191, 0.2000000000000015099 ) ;
#1276 = VERTEX_POINT ( 'NONE', #5211 ) ;
#1277 = CARTESIAN_POINT ( 'NONE',  ( 24.35907445708377139, -0.8809747977378912243, 18.00000000000000000 ) ) ;
#1278 = AXIS2_PLACEMENT_3D ( 'NONE', #1027, #2099, #1124 ) ;
#1279 = DIRECTION ( 'NONE',  ( 1.000000000000000000, 0.000000000000000000, 0.000000000000000000 ) ) ;
#1280 = ORIENTED_EDGE ( 'NONE', *, *, #1126, .F. ) ;
#1281 = DIRECTION ( 'NONE',  ( 0.000000000000000000, 0.000000000000000000, 1.000000000000000000 ) ) ;
#1282 = ORIENTED_EDGE ( 'NONE', *, *, #137, .T. ) ;
#1283 = EDGE_LOOP ( 'NONE', ( #5065, #609, #1606, #1711 ) ) ;
#1284 = DIRECTION ( 'NONE',  ( 1.000000000000000000, 0.000000000000000000, 0.000000000000000000 ) ) ;
#1285 = CARTESIAN_POINT ( 'NONE',  ( 12.94248378347673523, -20.65508989364223424, 18.00000000000000000 ) ) ;
#1286 = DIRECTION ( 'NONE',  ( 1.000000000000000000, 0.000000000000000000, 0.000000000000000000 ) ) ;
#1287 = DIRECTION ( 'NONE',  ( 0.000000000000000000, 0.000000000000000000, -1.000000000000000000 ) ) ;
#1288 = AXIS2_PLACEMENT_3D ( 'NONE', #2365, #2433, #6392 ) ;
#1289 = DIRECTION ( 'NONE',  ( 0.000000000000000000, 0.000000000000000000, 1.000000000000000000 ) ) ;
#1290 = EDGE_CURVE ( 'NONE', #3893, #4212, #564, .T. ) ;
#1291 = FACE_OUTER_BOUND ( 'NONE', #3793, .T. ) ;
#1292 = ORIENTED_EDGE ( 'NONE', *, *, #2728, .T. ) ;
#1293 = CARTESIAN_POINT ( 'NONE',  ( -20.97075655407477157, -12.33167534327566273, 0.000000000000000000 ) ) ;
#1294 = CARTESIAN_POINT ( 'NONE',  ( -24.32704558404558881, 0.1941658414615599348, 0.000000000000000000 ) ) ;
#1295 = CARTESIAN_POINT ( 'NONE',  ( -12.93334658614964283, 20.57249578602650075, 18.27208253284846506 ) ) ;
#1296 = DIRECTION ( 'NONE',  ( -0.5309736936810948160, 0.8473883033289135724, 0.000000000000000000 ) ) ;
#1297 = ORIENTED_EDGE ( 'NONE', *, *, #6257, .F. ) ;
#1298 = CIRCLE ( 'NONE', #2124, 0.2000000000000022593 ) ;
#1299 = EDGE_CURVE ( 'NONE', #3191, #4014, #6241, .T. ) ;
#1300 = LINE ( 'NONE', #839, #428 ) ;
#1301 = EDGE_LOOP ( 'NONE', ( #366, #1154, #3632, #2274 ) ) ;
#1302 = DIRECTION ( 'NONE',  ( 1.000000000000000000, 0.000000000000000000, 0.000000000000000000 ) ) ;
#1303 = CARTESIAN_POINT ( 'NONE',  ( 12.83628904474054622, 20.48561223297644673, 0.000000000000000000 ) ) ;
#1304 = CIRCLE ( 'NONE', #1726, 23.87499999999999645 ) ;
#1305 = DIRECTION ( 'NONE',  ( 1.000000000000000000, 0.000000000000000000, 0.000000000000000000 ) ) ;
#1306 = VERTEX_POINT ( 'NONE', #2210 ) ;
#1307 = CIRCLE ( 'NONE', #2239, 23.87500000000000000 ) ;
#1308 = EDGE_CURVE ( 'NONE', #2031, #2253, #3638, .T. ) ;
#1309 = CARTESIAN_POINT ( 'NONE',  ( 20.48561223297643252, -12.83628904474055865, 0.000000000000000000 ) ) ;
#1310 = DIRECTION ( 'NONE',  ( 1.000000000000000000, 0.000000000000000000, 0.000000000000000000 ) ) ;
#1311 = ORIENTED_EDGE ( 'NONE', *, *, #2293, .F. ) ;
#1312 = AXIS2_PLACEMENT_3D ( 'NONE', #1891, #1953, #3306 ) ;
#1313 = CARTESIAN_POINT ( 'NONE',  ( 0.8737462865769760612, 24.15920512820512656, 18.00000000000000000 ) ) ;
#1314 = ORIENTED_EDGE ( 'NONE', *, *, #4009, .T. ) ;
#1315 = EDGE_LOOP ( 'NONE', ( #739, #5987, #899, #5197 ) ) ;
#1316 = CIRCLE ( 'NONE', #1933, 0.2000000000000057288 ) ;
#1317 = DIRECTION ( 'NONE',  ( 1.000000000000000000, 0.000000000000000000, 0.000000000000000000 ) ) ;
#1318 = FACE_OUTER_BOUND ( 'NONE', #2991, .T. ) ;
#1319 = CARTESIAN_POINT ( 'NONE',  ( 0.000000000000000000, 0.000000000000000000, 0.5000000000000004441 ) ) ;
#1320 = CARTESIAN_POINT ( 'NONE',  ( -21.49734497068138594, 11.36222248944740976, 18.26997308932349284 ) ) ;
#1321 = ORIENTED_EDGE ( 'NONE', *, *, #2358, .F. ) ;
#1322 = CARTESIAN_POINT ( 'NONE',  ( -20.58864580465299099, 12.93613561380405841, 18.26997308932349284 ) ) ;
#1323 = EDGE_CURVE ( 'NONE', #6348, #2563, #847, .T. ) ;
#1324 = CARTESIAN_POINT ( 'NONE',  ( 0.000000000000000000, 0.000000000000000000, 0.5000000000000004441 ) ) ;
#1325 = ORIENTED_EDGE ( 'NONE', *, *, #4068, .F. ) ;
#1326 = DIRECTION ( 'NONE',  ( 0.000000000000000000, 0.000000000000000000, 1.000000000000000000 ) ) ;
#1327 = ORIENTED_EDGE ( 'NONE', *, *, #2919, .T. ) ;
#1328 = B_SPLINE_CURVE_WITH_KNOTS ( 'NONE', 3,
 ( #3771, #3687, #1320, #2716, #4677, #254 ),
 .UNSPECIFIED., .F., .F.,
 ( 4, 2, 4 ),
 ( 0.000000000000000000, 0.0004085462650294566884, 0.0008170925300589133768 ),
 .UNSPECIFIED. ) ;
#1329 = DIRECTION ( 'NONE',  ( 1.224646799147353207E-16, 1.000000000000000000, -0.000000000000000000 ) ) ;
#1330 = CARTESIAN_POINT ( 'NONE',  ( 0.8809747977378644679, -24.35907445708376429, 0.5000000000000004441 ) ) ;
#1331 = EDGE_CURVE ( 'NONE', #6249, #4826, #6303, .T. ) ;
#1332 = CARTESIAN_POINT ( 'NONE',  ( 0.1941658414615587136, 24.32704558404558881, 0.000000000000000000 ) ) ;
#1333 = ORIENTED_EDGE ( 'NONE', *, *, #2316, .T. ) ;
#1334 = FACE_OUTER_BOUND ( 'NONE', #4227, .T. ) ;
#1335 = DIRECTION ( 'NONE',  ( 0.8473883033289135724, 0.5309736936810948160, 0.000000000000000000 ) ) ;
#1336 =( BOUNDED_SURFACE ( )  B_SPLINE_SURFACE ( 3, 2, ( 
 ( #4316, #5298, #5839 ),
 ( #3332, #3902, #1420 ),
 ( #5357, #2844, #998 ),
 ( #6382, #6323, #4378 ),
 ( #408, #3835, #934 ),
 ( #5773, #2905, #481 ),
 ( #4413, #447, #5806 ),
 ( #1387, #350, #3934 ) ),
 .UNSPECIFIED., .F., .F., .F. ) 
 B_SPLINE_SURFACE_WITH_KNOTS ( ( 4, 2, 2, 4 ),
 ( 3, 3 ),
 ( 0.000000000000000000, 0.0001311096522626882456, 0.0002622193045253764913, 0.0005244386090507529826 ),
 ( 0.000000000000000000, 1.000000000000000000 ),
 .UNSPECIFIED. ) 
 GEOMETRIC_REPRESENTATION_ITEM ( )  RATIONAL_B_SPLINE_SURFACE ( (
 ( 1.000000000000000000, 0.7760564330438592950, 1.000000000000000000),
 ( 1.000000000000000000, 0.7754047934803666164, 1.000000000000000000),
 ( 1.000000000000000000, 0.7971915883078561915, 1.000000000000000000),
 ( 1.000000000000000000, 0.8534865031515574962, 1.000000000000000000),
 ( 1.000000000000000000, 0.8868869947387529873, 1.000000000000000000),
 ( 1.000000000000000000, 0.9695438062023933323, 1.000000000000000000),
 ( 1.000000000000000000, 1.001548216897261812, 1.000000000000000000),
 ( 1.000000000000000000, 1.000000000000000000, 1.000000000000000000) ) ) 
 REPRESENTATION_ITEM ( '' )  SURFACE ( )  );
#1337 = CARTESIAN_POINT ( 'NONE',  ( -0.6795804451154037196, 24.20715954415955196, 18.50000000000000000 ) ) ;
#1338 = EDGE_CURVE ( 'NONE', #1675, #5815, #1783, .T. ) ;
#1339 = EDGE_LOOP ( 'NONE', ( #2410, #3406, #490, #3129, #2301 ) ) ;
#1340 = ADVANCED_FACE ( 'NONE', ( #2460 ), #1544, .F. ) ;
#1341 = ADVANCED_FACE ( 'NONE', ( #5429 ), #3875, .F. ) ;
#1342 = ORIENTED_EDGE ( 'NONE', *, *, #5405, .F. ) ;
#1343 = ORIENTED_EDGE ( 'NONE', *, *, #6233, .F. ) ;
#1344 = DIRECTION ( 'NONE',  ( 1.000000000000000000, 0.000000000000000000, 0.000000000000000000 ) ) ;
#1345 = CARTESIAN_POINT ( 'NONE',  ( -11.51504584269470044, -21.30380534126280168, 18.50000000000000000 ) ) ;
#1346 = DIRECTION ( 'NONE',  ( 0.9708292073077320339, 0.2397720797721047958, 0.000000000000000000 ) ) ;
#1347 = FACE_OUTER_BOUND ( 'NONE', #1034, .T. ) ;
#1348 = ORIENTED_EDGE ( 'NONE', *, *, #5051, .T. ) ;
#1349 = FACE_OUTER_BOUND ( 'NONE', #3519, .T. ) ;
#1350 = CARTESIAN_POINT ( 'NONE',  ( -24.13388892654011642, 0.7793400901521817525, 18.32606195575483454 ) ) ;
#1351 = CARTESIAN_POINT ( 'NONE',  ( 21.10936921724570325, 12.18749999999998579, 18.00000000000000000 ) ) ;
#1352 = AXIS2_PLACEMENT_3D ( 'NONE', #2415, #5420, #4768 ) ;
#1353 = CARTESIAN_POINT ( 'NONE',  ( -12.33167534327566806, 20.97075655407476802, 0.000000000000000000 ) ) ;
#1354 = ORIENTED_EDGE ( 'NONE', *, *, #3736, .F. ) ;
#1355 = AXIS2_PLACEMENT_3D ( 'NONE', #3341, #4911, #3373 ) ;
#1356 = CARTESIAN_POINT ( 'NONE',  ( 12.86003837256327564, -20.11554220139740679, 18.50000000000000000 ) ) ;
#1357 = VERTEX_POINT ( 'NONE', #939 ) ;
#1358 = VECTOR ( 'NONE', #2549, 1000.000000000000000 ) ;
#1359 = CARTESIAN_POINT ( 'NONE',  ( 36.18835426059362703, -1.995411923479935234, 5.588909563981101059 ) ) ;
#1360 = CARTESIAN_POINT ( 'NONE',  ( 33.94112549695428527, 0.000000000000000000, 20.00000000000000355 ) ) ;
#1361 = AXIS2_PLACEMENT_3D ( 'NONE', #1635, #5638, #4151 ) ;
#1362 = DIRECTION ( 'NONE',  ( -0.000000000000000000, -0.000000000000000000, -1.000000000000000000 ) ) ;
#1363 = AXIS2_PLACEMENT_3D ( 'NONE', #6238, #3696, #6175 ) ;
#1364 = AXIS2_PLACEMENT_3D ( 'NONE', #2912, #5844, #5397 ) ;
#1365 = ORIENTED_EDGE ( 'NONE', *, *, #2797, .T. ) ;
#1366 = AXIS2_PLACEMENT_3D ( 'NONE', #4860, #1380, #3895 ) ;
#1367 = EDGE_CURVE ( 'NONE', #5815, #4579, #5181, .T. ) ;
#1368 = DIRECTION ( 'NONE',  ( 1.000000000000000000, 0.000000000000000000, 0.000000000000000000 ) ) ;
#1369 = DIRECTION ( 'NONE',  ( 0.000000000000000000, 0.000000000000000000, 1.000000000000000000 ) ) ;
#1370 = DIRECTION ( 'NONE',  ( -0.9606487961504517337, 0.2777658914530146128, 0.000000000000000000 ) ) ;
#1371 = TOROIDAL_SURFACE ( 'NONE', #126, 0.2000000000000002054, 0.5000000000000000000 ) ;
#1372 = VERTEX_POINT ( 'NONE', #1944 ) ;
#1373 = EDGE_CURVE ( 'NONE', #3420, #3772, #6388, .T. ) ;
#1374 = CIRCLE ( 'NONE', #2617, 0.1999999999999987899 ) ;
#1375 = EDGE_CURVE ( 'NONE', #3125, #1769, #5792, .T. ) ;
#1376 = ORIENTED_EDGE ( 'NONE', *, *, #904, .T. ) ;
#1377 = EDGE_CURVE ( 'NONE', #1357, #2298, #2009, .T. ) ;
#1378 = CARTESIAN_POINT ( 'NONE',  ( -11.65077714896308514, -21.97783012094687649, 0.000000000000000000 ) ) ;
#1379 = CARTESIAN_POINT ( 'NONE',  ( 11.98750000000001670, 21.10936921724568194, 0.5000000000000004441 ) ) ;
#1380 = DIRECTION ( 'NONE',  ( -0.000000000000000000, -0.000000000000000000, -1.000000000000000000 ) ) ;
#1381 = CIRCLE ( 'NONE', #36, 0.1999999999999987899 ) ;
#1382 = CARTESIAN_POINT ( 'NONE',  ( 34.63305338677880485, -3.550712797294746093, 8.973299605957787861 ) ) ;
#1383 = VERTEX_POINT ( 'NONE', #4875 ) ;
#1384 = CARTESIAN_POINT ( 'NONE',  ( 23.85058974358974382, -1.079348823583824002, 18.50000000000000000 ) ) ;
#1385 = DIRECTION ( 'NONE',  ( 1.000000000000000000, -8.881784197001250746E-15, 0.000000000000000000 ) ) ;
#1386 = CARTESIAN_POINT ( 'NONE',  ( -21.23414701215916267, -11.11555491047628585, 18.49999999999999645 ) ) ;
#1387 = CARTESIAN_POINT ( 'NONE',  ( -12.86003837256331472, -20.11554220139738547, 18.50000000000000000 ) ) ;
#1388 = EDGE_LOOP ( 'NONE', ( #3881, #4954, #5230, #4086 ) ) ;
#1389 = DIRECTION ( 'NONE',  ( 0.000000000000000000, 0.000000000000000000, 1.000000000000000000 ) ) ;
#1390 = ORIENTED_EDGE ( 'NONE', *, *, #352, .T. ) ;
#1391 = AXIS2_PLACEMENT_3D ( 'NONE', #3258, #2258, #282 ) ;
#1392 = CARTESIAN_POINT ( 'NONE',  ( 12.86003837256331117, 20.11554220139739257, 18.50000000000000000 ) ) ;
#1393 = DIRECTION ( 'NONE',  ( 1.000000000000000000, 0.000000000000000000, 0.000000000000000000 ) ) ;
#1394 = DIRECTION ( 'NONE',  ( 1.000000000000000000, 0.000000000000000000, 0.000000000000000000 ) ) ;
#1395 = FACE_OUTER_BOUND ( 'NONE', #1388, .T. ) ;
#1396 = AXIS2_PLACEMENT_3D ( 'NONE', #5437, #2499, #1981 ) ;
#1397 = EDGE_CURVE ( 'NONE', #860, #840, #4658, .T. ) ;
#1398 = ORIENTED_EDGE ( 'NONE', *, *, #1126, .T. ) ;
#1399 = DIRECTION ( 'NONE',  ( -0.000000000000000000, -0.000000000000000000, -1.000000000000000000 ) ) ;
#1400 = CARTESIAN_POINT ( 'NONE',  ( -10.98749999999998295, 21.10936921724570325, 18.50000000000000000 ) ) ;
#1401 = AXIS2_PLACEMENT_3D ( 'NONE', #2872, #1937, #3928 ) ;
#1402 = DIRECTION ( 'NONE',  ( -0.000000000000000000, -0.000000000000000000, -1.000000000000000000 ) ) ;
#1403 = DIRECTION ( 'NONE',  ( -1.000000000000000000, 0.000000000000000000, 0.000000000000000000 ) ) ;
#1404 = DIRECTION ( 'NONE',  ( -1.000000000000000000, 0.000000000000000000, 0.000000000000000000 ) ) ;
#1405 = EDGE_CURVE ( 'NONE', #4002, #2249, #5691, .T. ) ;
#1406 = TOROIDAL_SURFACE ( 'NONE', #794, 0.7000000000000002887, 0.5000000000000000000 ) ;
#1407 = EDGE_LOOP ( 'NONE', ( #4044, #6282, #5665, #3704 ) ) ;
#1408 = VERTEX_POINT ( 'NONE', #2945 ) ;
#1409 = DIRECTION ( 'NONE',  ( 0.000000000000000000, 0.000000000000000000, 1.000000000000000000 ) ) ;
#1410 = AXIS2_PLACEMENT_3D ( 'NONE', #3185, #4628, #239 ) ;
#1411 = CARTESIAN_POINT ( 'NONE',  ( -12.86003837256331472, -20.11554220139738547, 18.50000000000000000 ) ) ;
#1412 = CARTESIAN_POINT ( 'NONE',  ( -20.68561223297646734, -12.83628904474053023, 18.00000000000000000 ) ) ;
#1413 = EDGE_CURVE ( 'NONE', #2360, #1254, #6212, .T. ) ;
#1414 = CIRCLE ( 'NONE', #1733, 0.2000000000000057288 ) ;
#1415 = CARTESIAN_POINT ( 'NONE',  ( 34.63305338677880485, -3.550712797294751866, 7.026700394042232567 ) ) ;
#1416 = EDGE_LOOP ( 'NONE', ( #4626, #4792, #6239, #142 ) ) ;
#1417 = CARTESIAN_POINT ( 'NONE',  ( -21.30380534126281589, -11.51504584269467379, 18.00000000000000000 ) ) ;
#1418 = LINE ( 'NONE', #4347, #6258 ) ;
#1419 = CARTESIAN_POINT ( 'NONE',  ( -21.19489102498121369, -10.99055137102643265, 18.49999999999999645 ) ) ;
#1420 = CARTESIAN_POINT ( 'NONE',  ( -12.94248386286727026, -20.65508984389611058, 18.07330398571948038 ) ) ;
#1421 = ORIENTED_EDGE ( 'NONE', *, *, #4600, .T. ) ;
#1422 = EDGE_CURVE ( 'NONE', #1872, #5182, #2795, .T. ) ;
#1423 = CARTESIAN_POINT ( 'NONE',  ( 21.45978020622677462, 11.31361425370676876, 18.32606194987847559 ) ) ;
#1424 = EDGE_LOOP ( 'NONE', ( #6158, #4540, #5768, #4443 ) ) ;
#1425 = CARTESIAN_POINT ( 'NONE',  ( -24.15920512820513721, 0.8737462865769779485, 18.50000000000000000 ) ) ;
#1426 = CARTESIAN_POINT ( 'NONE',  ( 21.53606469138010837, -11.41659067360702373, 18.00000000000000000 ) ) ;
#1427 = DIRECTION ( 'NONE',  ( 0.000000000000000000, 0.000000000000000000, 1.000000000000000000 ) ) ;
#1428 = CARTESIAN_POINT ( 'NONE',  ( 20.65508984389607861, -12.94248386286731822, 18.07330398571934538 ) ) ;
#1429 = ORIENTED_EDGE ( 'NONE', *, *, #5703, .T. ) ;
#1430 = DIRECTION ( 'NONE',  ( -1.000000000000000000, 0.000000000000000000, 0.000000000000000000 ) ) ;
#1431 = DIRECTION ( 'NONE',  ( -0.5000000000000014433, -0.5000000000000014433, 0.7071067811865454633 ) ) ;
#1432 = DIRECTION ( 'NONE',  ( 1.000000000000000000, 0.000000000000000000, 0.000000000000000000 ) ) ;
#1433 = CARTESIAN_POINT ( 'NONE',  ( -12.83628904474054622, -20.48561223297643608, 18.00000000000000000 ) ) ;
#1434 = DIRECTION ( 'NONE',  ( -0.9708292073077390283, 0.2397720797720771235, 0.000000000000000000 ) ) ;
#1435 = EDGE_LOOP ( 'NONE', ( #1941, #1083, #5329, #3555 ) ) ;
#1436 = CARTESIAN_POINT ( 'NONE',  ( -0.8737462865769882736, -24.15920512820513366, 0.000000000000000000 ) ) ;
#1437 = DIRECTION ( 'NONE',  ( 1.000000000000000000, 0.000000000000000000, 0.000000000000000000 ) ) ;
#1438 = EDGE_LOOP ( 'NONE', ( #3808, #5764, #500, #2584 ) ) ;
#1439 = DIRECTION ( 'NONE',  ( -0.2397720797721047958, 0.9708292073077320339, 0.000000000000000000 ) ) ;
#1440 = DIRECTION ( 'NONE',  ( -0.9708292073077373630, 0.2397720797720840069, 0.000000000000000000 ) ) ;
#1441 = ORIENTED_EDGE ( 'NONE', *, *, #3977, .T. ) ;
#1442 = EDGE_CURVE ( 'NONE', #5793, #375, #5459, .T. ) ;
#1443 = LINE ( 'NONE', #5864, #5530 ) ;
#1444 = EDGE_CURVE ( 'NONE', #992, #5639, #4246, .T. ) ;
#1445 = FACE_OUTER_BOUND ( 'NONE', #5497, .T. ) ;
#1446 = CARTESIAN_POINT ( 'NONE',  ( -21.30251963564339945, -11.49710307509523766, 18.14610353985105107 ) ) ;
#1447 = CARTESIAN_POINT ( 'NONE',  ( 21.30380534126281233, -11.51504584269469333, 18.13681289817117204 ) ) ;
#1448 = ORIENTED_EDGE ( 'NONE', *, *, #1017, .T. ) ;
#1449 = FACE_OUTER_BOUND ( 'NONE', #4708, .T. ) ;
#1450 = EDGE_LOOP ( 'NONE', ( #3589, #3762, #2450, #2665 ) ) ;
#1451 = EDGE_CURVE ( 'NONE', #1509, #4968, #1585, .T. ) ;
#1452 = CARTESIAN_POINT ( 'NONE',  ( 12.74187277952943198, 20.51089085741962137, 18.32606195575478480 ) ) ;
#1453 = CIRCLE ( 'NONE', #5985, 0.7000000000000009548 ) ;
#1454 = EDGE_CURVE ( 'NONE', #6092, #5677, #1467, .T. ) ;
#1455 = FACE_OUTER_BOUND ( 'NONE', #979, .T. ) ;
#1456 = CARTESIAN_POINT ( 'NONE',  ( -0.8809747977378673545, 24.35907445708376784, 0.5000000000000004441 ) ) ;
#1457 = VERTEX_POINT ( 'NONE', #4513 ) ;
#1458 = AXIS2_PLACEMENT_3D ( 'NONE', #4236, #4179, #760 ) ;
#1459 = CARTESIAN_POINT ( 'NONE',  ( 20.62422484467244743, -12.69211365197597807, 18.07330398227669122 ) ) ;
#1460 = ORIENTED_EDGE ( 'NONE', *, *, #4222, .T. ) ;
#1461 = AXIS2_PLACEMENT_3D ( 'NONE', #520, #5369, #1982 ) ;
#1462 = CARTESIAN_POINT ( 'NONE',  ( 11.45194477367953390, -21.29999642732220266, 18.26915352020175121 ) ) ;
#1463 = DIRECTION ( 'NONE',  ( -0.000000000000000000, 0.000000000000000000, 1.000000000000000000 ) ) ;
#1464 = AXIS2_PLACEMENT_3D ( 'NONE', #4132, #5656, #4682 ) ;
#1465 = FACE_OUTER_BOUND ( 'NONE', #3606, .T. ) ;
#1466 = DIRECTION ( 'NONE',  ( 1.224646799147353207E-16, 1.000000000000000000, -0.000000000000000000 ) ) ;
#1467 = CIRCLE ( 'NONE', #5077, 0.7000000000000078382 ) ;
#1468 = DIRECTION ( 'NONE',  ( 0.000000000000000000, 0.000000000000000000, 1.000000000000000000 ) ) ;
#1469 = AXIS2_PLACEMENT_3D ( 'NONE', #1015, #5443, #5410 ) ;
#1470 = ORIENTED_EDGE ( 'NONE', *, *, #5906, .F. ) ;
#1471 = AXIS2_PLACEMENT_3D ( 'NONE', #11, #5927, #1508 ) ;
#1472 = CARTESIAN_POINT ( 'NONE',  ( 11.51504584269469511, 21.30380534126280878, 18.50000000000000000 ) ) ;
#1473 = AXIS2_PLACEMENT_3D ( 'NONE', #1701, #6016, #6118 ) ;
#1474 = DIRECTION ( 'NONE',  ( 0.000000000000000000, 0.000000000000000000, -1.000000000000000000 ) ) ;
#1475 = ORIENTED_EDGE ( 'NONE', *, *, #5703, .F. ) ;
#1476 = DIRECTION ( 'NONE',  ( 0.000000000000000000, 0.000000000000000000, 1.000000000000000000 ) ) ;
#1477 = AXIS2_PLACEMENT_3D ( 'NONE', #86, #5456, #6031 ) ;
#1478 = DIRECTION ( 'NONE',  ( -1.000000000000000000, 0.000000000000000000, 0.000000000000000000 ) ) ;
#1479 = EDGE_LOOP ( 'NONE', ( #1243, #1538, #1343 ) ) ;
#1480 = DIRECTION ( 'NONE',  ( 0.000000000000000000, 0.000000000000000000, 1.000000000000000000 ) ) ;
#1481 = CARTESIAN_POINT ( 'NONE',  ( -20.62422489614739618, -12.69211370146483553, 18.00000000000000000 ) ) ;
#1482 = AXIS2_PLACEMENT_3D ( 'NONE', #2934, #4829, #2804 ) ;
#1483 = FACE_OUTER_BOUND ( 'NONE', #2486, .T. ) ;
#1484 = EDGE_CURVE ( 'NONE', #2298, #4855, #3833, .T. ) ;
#1485 = ORIENTED_EDGE ( 'NONE', *, *, #5788, .F. ) ;
#1486 = CARTESIAN_POINT ( 'NONE',  ( 12.94062465483482782, -20.63640792737880858, 18.14610353506300200 ) ) ;
#1487 = EDGE_LOOP ( 'NONE', ( #3463, #6084, #398 ) ) ;
#1488 = CARTESIAN_POINT ( 'NONE',  ( 12.83153328498492129, 20.24342643571309353, 18.50000000000000000 ) ) ;
#1489 = CARTESIAN_POINT ( 'NONE',  ( 21.35935851955342102, 11.32291608346458389, 0.000000000000000000 ) ) ;
#1490 = DIRECTION ( 'NONE',  ( 0.000000000000000000, 0.000000000000000000, 1.000000000000000000 ) ) ;
#1491 = ORIENTED_EDGE ( 'NONE', *, *, #1375, .F. ) ;
#1492 = FACE_OUTER_BOUND ( 'NONE', #2524, .T. ) ;
#1493 = ADVANCED_FACE ( 'NONE', ( #2070 ), #3138, .T. ) ;
#1494 = AXIS2_PLACEMENT_3D ( 'NONE', #4733, #2710, #3229 ) ;
#1495 = APPLICATION_CONTEXT ( 'automotive_design' ) ;
#1496 = CARTESIAN_POINT ( 'NONE',  ( 11.51504584269467379, -21.30380534126281944, 18.13681289817117204 ) ) ;
#1497 = DIRECTION ( 'NONE',  ( -0.000000000000000000, -0.000000000000000000, -1.000000000000000000 ) ) ;
#1498 = CARTESIAN_POINT ( 'NONE',  ( -0.8737462865769882736, -24.15920512820513366, 0.5000000000000004441 ) ) ;
#1499 = DIRECTION ( 'NONE',  ( 0.000000000000000000, -0.000000000000000000, 1.000000000000000000 ) ) ;
#1500 = CIRCLE ( 'NONE', #151, 0.2000000000000058398 ) ;
#1501 = DIRECTION ( 'NONE',  ( -0.03614255580463038298, 0.9993466443931802168, 0.000000000000000000 ) ) ;
#1502 = ORIENTED_EDGE ( 'NONE', *, *, #6257, .T. ) ;
#1503 = EDGE_CURVE ( 'NONE', #3906, #3391, #5894, .T. ) ;
#1504 = CARTESIAN_POINT ( 'NONE',  ( 21.18561223297644247, -12.83628904474055865, 2.168404344971008868E-16 ) ) ;
#1505 = LINE ( 'NONE', #107, #5621 ) ;
#1506 = VERTEX_POINT ( 'NONE', #158 ) ;
#1507 = TOROIDAL_SURFACE ( 'NONE', #5325, 1.200000000000000178, 0.5000000000000000000 ) ;
#1508 = DIRECTION ( 'NONE',  ( -1.000000000000000000, 0.000000000000000000, 0.000000000000000000 ) ) ;
#1509 = VERTEX_POINT ( 'NONE', #2651 ) ;
#1510 = VECTOR ( 'NONE', #2572, 1000.000000000000000 ) ;
#1511 = CARTESIAN_POINT ( 'NONE',  ( -21.10936921724568194, 12.18750000000002132, 0.5000000000000004441 ) ) ;
#1512 = FACE_OUTER_BOUND ( 'NONE', #2988, .T. ) ;
#1513 = CARTESIAN_POINT ( 'NONE',  ( 20.48561223297645029, 12.83628904474053734, 0.5000000000000004441 ) ) ;
#1514 = ORIENTED_EDGE ( 'NONE', *, *, #3544, .T. ) ;
#1515 = TOROIDAL_SURFACE ( 'NONE', #2766, 0.7000000000000013989, 0.5000000000000000000 ) ;
#1516 = CARTESIAN_POINT ( 'NONE',  ( -24.26231685946489591, -0.8001869388306671604, 18.31245502271040948 ) ) ;
#1517 = ORIENTED_EDGE ( 'NONE', *, *, #5088, .T. ) ;
#1518 = CARTESIAN_POINT ( 'NONE',  ( -21.26694261329556213, -11.25378883326022539, 18.45003803226556727 ) ) ;
#1519 = EDGE_CURVE ( 'NONE', #1911, #3906, #124, .T. ) ;
#1520 = AXIS2_PLACEMENT_3D ( 'NONE', #1836, #5738, #3737 ) ;
#1521 = DIRECTION ( 'NONE',  ( -0.000000000000000000, -0.000000000000000000, -1.000000000000000000 ) ) ;
#1522 = CARTESIAN_POINT ( 'NONE',  ( 11.34963067687239580, 21.48685459256756758, 18.27208253284855033 ) ) ;
#1523 = ORIENTED_EDGE ( 'NONE', *, *, #531, .F. ) ;
#1524 = CARTESIAN_POINT ( 'NONE',  ( 24.16039006379757126, -0.7445863490941960761, 18.27208252806111943 ) ) ;
#1525 = DIRECTION ( 'NONE',  ( 1.224646799147353207E-16, 1.000000000000000000, -0.000000000000000000 ) ) ;
#1526 = CARTESIAN_POINT ( 'NONE',  ( -11.41659067360700064, 21.53606469138012969, 18.00000000000000000 ) ) ;
#1527 = VECTOR ( 'NONE', #2165, 1000.000000000000000 ) ;
#1528 = EDGE_CURVE ( 'NONE', #2066, #4874, #2751, .T. ) ;
#1529 = DIRECTION ( 'NONE',  ( 1.000000000000000000, 0.000000000000000000, 0.000000000000000000 ) ) ;
#1530 = DIRECTION ( 'NONE',  ( -0.000000000000000000, -0.000000000000000000, -1.000000000000000000 ) ) ;
#1531 = ORIENTED_EDGE ( 'NONE', *, *, #6023, .T. ) ;
#1532 = FACE_OUTER_BOUND ( 'NONE', #2975, .T. ) ;
#1533 = ORIENTED_EDGE ( 'NONE', *, *, #3412, .F. ) ;
#1534 = CARTESIAN_POINT ( 'NONE',  ( 0.000000000000000000, 0.000000000000000000, 19.50000000000000000 ) ) ;
#1535 = EDGE_CURVE ( 'NONE', #4874, #4002, #2435, .T. ) ;
#1536 = DIRECTION ( 'NONE',  ( -0.000000000000000000, -0.000000000000000000, -1.000000000000000000 ) ) ;
#1537 = ADVANCED_FACE ( 'NONE', ( #6006 ), #3073, .T. ) ;
#1538 = ORIENTED_EDGE ( 'NONE', *, *, #6306, .T. ) ;
#1539 = FACE_OUTER_BOUND ( 'NONE', #2125, .T. ) ;
#1540 = CARTESIAN_POINT ( 'NONE',  ( -20.65508989364224135, -12.94248378347672990, 18.00000000000000000 ) ) ;
#1541 = ORIENTED_EDGE ( 'NONE', *, *, #3300, .T. ) ;
#1542 = CARTESIAN_POINT ( 'NONE',  ( -11.41659059083032801, 21.53606473526128440, 18.07330398571940577 ) ) ;
#1543 = CARTESIAN_POINT ( 'NONE',  ( 0.000000000000000000, 0.000000000000000000, 0.5000000000000004441 ) ) ;
#1544 =( BOUNDED_SURFACE ( )  B_SPLINE_SURFACE ( 3, 2, ( 
 ( #412, #451, #4417 ),
 ( #4910, #4941, #5811 ),
 ( #3942, #4450, #4812 ),
 ( #6327, #5362, #486 ),
 ( #1452, #5909, #2392 ),
 ( #910, #3907, #6289 ),
 ( #1488, #3432, #1913 ),
 ( #6358, #3465, #1392 ) ),
 .UNSPECIFIED., .F., .F., .F. ) 
 B_SPLINE_SURFACE_WITH_KNOTS ( ( 4, 2, 2, 4 ),
 ( 3, 3 ),
 ( 0.000000000000000000, 0.0001311096522626887064, 0.0002622193045253774129, 0.0005244386090507548257 ),
 ( 0.000000000000000000, 1.000000000000000000 ),
 .UNSPECIFIED. ) 
 GEOMETRIC_REPRESENTATION_ITEM ( )  RATIONAL_B_SPLINE_SURFACE ( (
 ( 1.000000000000000000, 0.7760564330438596281, 1.000000000000000000),
 ( 1.000000000000000000, 0.7754047934802877906, 1.000000000000000000),
 ( 1.000000000000000000, 0.7971915883079609966, 1.000000000000000000),
 ( 1.000000000000000000, 0.8534865031514482503, 1.000000000000000000),
 ( 1.000000000000000000, 0.8868869947388211550, 1.000000000000000000),
 ( 1.000000000000000000, 0.9695438062022572190, 1.000000000000000000),
 ( 1.000000000000000000, 1.001548216897364618, 1.000000000000000000),
 ( 1.000000000000000000, 1.000000000000000000, 1.000000000000000000) ) ) 
 REPRESENTATION_ITEM ( '' )  SURFACE ( )  );
#1545 = CARTESIAN_POINT ( 'NONE',  ( -0.8990460756401827958, 24.85874777928036394, 0.000000000000000000 ) ) ;
#1546 = ORIENTED_EDGE ( 'NONE', *, *, #6119, .F. ) ;
#1547 = FACE_OUTER_BOUND ( 'NONE', #2162, .T. ) ;
#1548 = VERTEX_POINT ( 'NONE', #3657 ) ;
#1549 = DIRECTION ( 'NONE',  ( -0.000000000000000000, -0.000000000000000000, -1.000000000000000000 ) ) ;
#1550 = CARTESIAN_POINT ( 'NONE',  ( 0.000000000000000000, 0.000000000000000000, 0.000000000000000000 ) ) ;
#1551 = ORIENTED_EDGE ( 'NONE', *, *, #2488, .T. ) ;
#1552 = APPLICATION_PROTOCOL_DEFINITION ( 'draft international standard', 'automotive_design', 1998, #1495 ) ;
#1553 = B_SPLINE_CURVE_WITH_KNOTS ( 'NONE', 3,
 ( #4177, #2300, #4743, #3664, #3753, #1818 ),
 .UNSPECIFIED., .F., .F.,
 ( 4, 2, 4 ),
 ( -4.614725267105239093E-06, 0.0004052027286208570770, 0.0008150201825088193228 ),
 .UNSPECIFIED. ) ;
#1554 = DIRECTION ( 'NONE',  ( -0.000000000000000000, -0.000000000000000000, -1.000000000000000000 ) ) ;
#1555 = AXIS2_PLACEMENT_3D ( 'NONE', #4127, #1686, #3655 ) ;
#1556 = CARTESIAN_POINT ( 'NONE',  ( 36.06244584051393076, -2.121320343559634392, -5.000000000000000000 ) ) ;
#1557 = CARTESIAN_POINT ( 'NONE',  ( 23.85058974358974382, 1.079348823583776262, 18.50000000000000000 ) ) ;
#1558 = TOROIDAL_SURFACE ( 'NONE', #6203, 0.7000000000000078382, 0.5000000000000000000 ) ;
#1559 = CARTESIAN_POINT ( 'NONE',  ( 21.26443907219729113, -11.24204889892395443, 18.45554554181470763 ) ) ;
#1560 = CIRCLE ( 'NONE', #4651, 0.2000000000000005107 ) ;
#1561 = AXIS2_PLACEMENT_3D ( 'NONE', #5531, #5980, #2627 ) ;
#1562 = ORIENTED_EDGE ( 'NONE', *, *, #2409, .T. ) ;
#1563 = AXIS2_PLACEMENT_3D ( 'NONE', #3720, #4235, #6208 ) ;
#1564 = DIRECTION ( 'NONE',  ( -0.000000000000000000, -0.000000000000000000, -1.000000000000000000 ) ) ;
#1565 = CARTESIAN_POINT ( 'NONE',  ( -21.35935851955342102, -11.32291608346458034, 18.00000000000000000 ) ) ;
#1566 = CARTESIAN_POINT ( 'NONE',  ( -20.11554220139738902, 12.86003837256330939, 18.50000000000000000 ) ) ;
#1567 = VERTEX_POINT ( 'NONE', #2040 ) ;
#1568 = AXIS2_PLACEMENT_3D ( 'NONE', #3120, #2152, #3573 ) ;
#1569 = FACE_OUTER_BOUND ( 'NONE', #1719, .T. ) ;
#1570 = EDGE_CURVE ( 'NONE', #2308, #6090, #1817, .T. ) ;
#1571 = EDGE_CURVE ( 'NONE', #2545, #1620, #1920, .T. ) ;
#1572 = EDGE_CURVE ( 'NONE', #4855, #3189, #2846, .T. ) ;
#1573 = PRODUCT_DEFINITION_FORMATION_WITH_SPECIFIED_SOURCE ( 'ANY', '', #2887, .NOT_KNOWN. ) ;
#1574 = AXIS2_PLACEMENT_3D ( 'NONE', #2793, #3283, #2251 ) ;
#1575 = CARTESIAN_POINT ( 'NONE',  ( 21.53606469138010837, -11.41659067360702373, 0.5000000000000004441 ) ) ;
#1576 = ORIENTED_EDGE ( 'NONE', *, *, #55, .T. ) ;
#1577 = DIRECTION ( 'NONE',  ( 1.000000000000000000, 0.000000000000000000, 0.000000000000000000 ) ) ;
#1578 = CARTESIAN_POINT ( 'NONE',  ( -20.60804315078236471, -12.69997163153637487, 18.14610353985112923 ) ) ;
#1579 = DIRECTION ( 'NONE',  ( -0.000000000000000000, -0.000000000000000000, -1.000000000000000000 ) ) ;
#1580 = ORIENTED_EDGE ( 'NONE', *, *, #4189, .T. ) ;
#1581 = CIRCLE ( 'NONE', #2203, 0.2000000000000057288 ) ;
#1582 = FACE_OUTER_BOUND ( 'NONE', #5518, .T. ) ;
#1583 = ORIENTED_EDGE ( 'NONE', *, *, #6196, .T. ) ;
#1584 = EDGE_CURVE ( 'NONE', #162, #5971, #4488, .T. ) ;
#1585 = LINE ( 'NONE', #617, #227 ) ;
#1586 = AXIS2_PLACEMENT_3D ( 'NONE', #2814, #754, #1201 ) ;
#1587 =( BOUNDED_CURVE ( )  B_SPLINE_CURVE ( 3, ( #4082, #5959, #5470, #3023 ),
 .UNSPECIFIED., .F., .T. ) 
 B_SPLINE_CURVE_WITH_KNOTS ( ( 4, 4 ),
 ( 2.316954221185135054, 3.966231085994452066 ),
 .UNSPECIFIED. ) 
 CURVE ( )  GEOMETRIC_REPRESENTATION_ITEM ( )  RATIONAL_B_SPLINE_CURVE ( ( 1.000000000000000000, 0.7858816732927238480, 0.7858816732927238480, 1.000000000000000000 ) ) 
 REPRESENTATION_ITEM ( '' )  );
#1588 = DIRECTION ( 'NONE',  ( -1.000000000000000000, 0.000000000000000000, 0.000000000000000000 ) ) ;
#1589 = CARTESIAN_POINT ( 'NONE',  ( 0.9878198975644433277, -23.95017078850732162, 18.50000000000000355 ) ) ;
#1590 = ORIENTED_EDGE ( 'NONE', *, *, #2098, .F. ) ;
#1591 = DIRECTION ( 'NONE',  ( -1.000000000000000000, 0.000000000000000000, 0.000000000000000000 ) ) ;
#1592 = DIRECTION ( 'NONE',  ( -1.000000000000000000, 0.000000000000000000, 0.000000000000000000 ) ) ;
#1593 = CARTESIAN_POINT ( 'NONE',  ( -0.9086960000876772581, 24.29836499019893736, 18.26995843408191433 ) ) ;
#1594 = DIRECTION ( 'NONE',  ( 0.000000000000000000, 0.000000000000000000, 1.000000000000000000 ) ) ;
#1595 = ORIENTED_EDGE ( 'NONE', *, *, #5405, .T. ) ;
#1596 = CARTESIAN_POINT ( 'NONE',  ( -20.48561223297645384, -12.83628904474053023, 18.50000000000000000 ) ) ;
#1597 = ADVANCED_FACE ( 'NONE', ( #5553 ), #1129, .F. ) ;
#1598 = B_SPLINE_CURVE_WITH_KNOTS ( 'NONE', 3,
 ( #3916, #4888, #1923, #1954, #4426, #5854 ),
 .UNSPECIFIED., .F., .F.,
 ( 4, 2, 4 ),
 ( -4.614011934022467214E-06, 0.0004081592208998256733, 0.0008209324537336738087 ),
 .UNSPECIFIED. ) ;
#1599 = AXIS2_PLACEMENT_3D ( 'NONE', #3542, #5448, #2511 ) ;
#1600 = VERTEX_POINT ( 'NONE', #1651 ) ;
#1601 = CIRCLE ( 'NONE', #5820, 24.37500000000000000 ) ;
#1602 = DIRECTION ( 'NONE',  ( -1.000000000000000000, 0.000000000000000000, 0.000000000000000000 ) ) ;
#1603 = EDGE_CURVE ( 'NONE', #1276, #4891, #52, .T. ) ;
#1604 = DIRECTION ( 'NONE',  ( 1.000000000000000000, -1.776356839400250465E-15, 0.000000000000000000 ) ) ;
#1605 = CARTESIAN_POINT ( 'NONE',  ( 0.7445863490942484786, -24.16039006379756415, 18.27208252806133615 ) ) ;
#1606 = ORIENTED_EDGE ( 'NONE', *, *, #4083, .F. ) ;
#1607 = CARTESIAN_POINT ( 'NONE',  ( 11.51504584269467202, -21.30380534126281233, 18.00000000000000000 ) ) ;
#1608 = AXIS2_PLACEMENT_3D ( 'NONE', #2890, #3409, #394 ) ;
#1609 = DIRECTION ( 'NONE',  ( 0.000000000000000000, 0.000000000000000000, 1.000000000000000000 ) ) ;
#1610 = VERTEX_POINT ( 'NONE', #4003 ) ;
#1611 = CARTESIAN_POINT ( 'NONE',  ( -11.43536433827208043, 21.29580473513694727, 18.27208252806119049 ) ) ;
#1612 = AXIS2_PLACEMENT_3D ( 'NONE', #2809, #4771, #2264 ) ;
#1613 = EDGE_CURVE ( 'NONE', #4014, #5667, #471, .T. ) ;
#1614 = CARTESIAN_POINT ( 'NONE',  ( 1.079348823583824890, 23.85058974358974382, 18.50000000000000000 ) ) ;
#1615 = EDGE_CURVE ( 'NONE', #3723, #2050, #5678, .T. ) ;
#1616 = DIRECTION ( 'NONE',  ( 1.000000000000000000, 0.000000000000000000, 0.000000000000000000 ) ) ;
#1617 = VERTEX_POINT ( 'NONE', #3202 ) ;
#1618 = VECTOR ( 'NONE', #1805, 1000.000000000000000 ) ;
#1619 = CARTESIAN_POINT ( 'NONE',  ( -24.24152194507612990, -0.9320127507855786586, 18.32606194987856085 ) ) ;
#1620 = VERTEX_POINT ( 'NONE', #1721 ) ;
#1621 = DIRECTION ( 'NONE',  ( 1.000000000000000000, -8.673617379883937653E-15, 0.000000000000000000 ) ) ;
#1622 = DIRECTION ( 'NONE',  ( -0.000000000000000000, -0.000000000000000000, -1.000000000000000000 ) ) ;
#1623 = CIRCLE ( 'NONE', #4919, 0.2000000000000022593 ) ;
#1624 = CARTESIAN_POINT ( 'NONE',  ( 11.41659067360702551, 21.53606469138011192, 18.00000000000000000 ) ) ;
#1625 = VERTEX_POINT ( 'NONE', #2294 ) ;
#1626 = CARTESIAN_POINT ( 'NONE',  ( -12.93613561380405841, -20.58864580465299099, 18.26997308932349284 ) ) ;
#1627 = EDGE_CURVE ( 'NONE', #6249, #4649, #4872, .T. ) ;
#1628 = CARTESIAN_POINT ( 'NONE',  ( -11.41659059083051986, -21.53606473526117426, 18.07330398571938446 ) ) ;
#1629 = AXIS2_PLACEMENT_3D ( 'NONE', #5455, #507, #4834 ) ;
#1630 = DIRECTION ( 'NONE',  ( -0.000000000000000000, -0.000000000000000000, -1.000000000000000000 ) ) ;
#1631 = CARTESIAN_POINT ( 'NONE',  ( 23.98071256972700738, 1.034631306460865208, 18.50000000000000000 ) ) ;
#1632 = ORIENTED_EDGE ( 'NONE', *, *, #3427, .F. ) ;
#1633 = VERTEX_POINT ( 'NONE', #1259 ) ;
#1634 = CARTESIAN_POINT ( 'NONE',  ( -1.079348823583775152, 23.85058974358974382, 18.50000000000000000 ) ) ;
#1635 = CARTESIAN_POINT ( 'NONE',  ( -24.37500000000000000, 2.704757084947590219E-14, 0.5000000000000004441 ) ) ;
#1636 = CARTESIAN_POINT ( 'NONE',  ( 1.079348823583770711, -23.85058974358974382, 18.50000000000000000 ) ) ;
#1637 = EDGE_LOOP ( 'NONE', ( #1141, #6229, #5775, #1767 ) ) ;
#1638 = CARTESIAN_POINT ( 'NONE',  ( 11.11555491047645461, -21.23414701215981637, 18.49999999999999645 ) ) ;
#1639 = ORIENTED_EDGE ( 'NONE', *, *, #6059, .F. ) ;
#1640 = CYLINDRICAL_SURFACE ( 'NONE', #5782, 0.2000000000000076716 ) ;
#1641 = VERTEX_POINT ( 'NONE', #5255 ) ;
#1642 = DIRECTION ( 'NONE',  ( 0.000000000000000000, 0.000000000000000000, 1.000000000000000000 ) ) ;
#1643 = CARTESIAN_POINT ( 'NONE',  ( 0.8001869388306015463, 24.26231685946487815, 18.31245502271018921 ) ) ;
#1644 = CARTESIAN_POINT ( 'NONE',  ( 11.45194477367956232, 21.29999642732218135, 18.26915352020174410 ) ) ;
#1645 = ORIENTED_EDGE ( 'NONE', *, *, #3103, .F. ) ;
#1646 = CARTESIAN_POINT ( 'NONE',  ( -1.079348823583776484, 23.85058974358974737, 18.50000000000000000 ) ) ;
#1647 = EDGE_CURVE ( 'NONE', #2065, #2068, #5423, .T. ) ;
#1648 = LINE ( 'NONE', #648, #2503 ) ;
#1649 = ADVANCED_FACE ( 'NONE', ( #2718 ), #267, .T. ) ;
#1650 = VERTEX_POINT ( 'NONE', #5166 ) ;
#1651 = CARTESIAN_POINT ( 'NONE',  ( 12.02291608346460450, 21.35935851955341391, 2.168404344971008868E-16 ) ) ;
#1652 = CYLINDRICAL_SURFACE ( 'NONE', #3889, 0.2000000000000057288 ) ;
#1653 = CARTESIAN_POINT ( 'NONE',  ( -21.23414701218558420, 11.11555491046840594, 18.50000000000000000 ) ) ;
#1654 = DIRECTION ( 'NONE',  ( -0.000000000000000000, -0.000000000000000000, -1.000000000000000000 ) ) ;
#1655 = ORIENTED_EDGE ( 'NONE', *, *, #5636, .F. ) ;
#1656 = CARTESIAN_POINT ( 'NONE',  ( 20.11554220139739257, -12.86003837256329696, 18.49999999999999645 ) ) ;
#1657 = EDGE_CURVE ( 'NONE', #2542, #3906, #4591, .T. ) ;
#1658 = CARTESIAN_POINT ( 'NONE',  ( -24.37500000000000000, 2.704757084947590219E-14, 0.000000000000000000 ) ) ;
#1659 = EDGE_CURVE ( 'NONE', #4776, #691, #4380, .T. ) ;
#1660 = CARTESIAN_POINT ( 'NONE',  ( 20.37769543858190247, 12.85027901411703510, 18.46587281468484321 ) ) ;
#1661 = ORIENTED_EDGE ( 'NONE', *, *, #2194, .T. ) ;
#1662 = DIRECTION ( 'NONE',  ( 0.4683729507120864555, 0.8835308591335412354, 0.000000000000000000 ) ) ;
#1663 = ORIENTED_EDGE ( 'NONE', *, *, #1879, .T. ) ;
#1664 = ORIENTED_EDGE ( 'NONE', *, *, #3162, .T. ) ;
#1665 = CARTESIAN_POINT ( 'NONE',  ( 0.9869050783690227480, 23.95116608754004517, 18.50000000000000000 ) ) ;
#1666 = CIRCLE ( 'NONE', #210, 24.37499999999999645 ) ;
#1667 = DIRECTION ( 'NONE',  ( -0.000000000000000000, -0.000000000000000000, -1.000000000000000000 ) ) ;
#1668 = ORIENTED_EDGE ( 'NONE', *, *, #4878, .T. ) ;
#1669 = DIRECTION ( 'NONE',  ( 0.000000000000000000, 0.000000000000000000, 1.000000000000000000 ) ) ;
#1670 = CIRCLE ( 'NONE', #3528, 0.7000000000000009548 ) ;
#1671 = AXIS2_PLACEMENT_3D ( 'NONE', #2195, #5674, #2133 ) ;
#1672 = AXIS2_PLACEMENT_3D ( 'NONE', #1853, #1674, #3648 ) ;
#1673 = ORIENTED_EDGE ( 'NONE', *, *, #6023, .F. ) ;
#1674 = DIRECTION ( 'NONE',  ( 0.000000000000000000, 0.000000000000000000, 1.000000000000000000 ) ) ;
#1675 = VERTEX_POINT ( 'NONE', #1752 ) ;
#1676 = FACE_OUTER_BOUND ( 'NONE', #2103, .T. ) ;
#1677 = FACE_OUTER_BOUND ( 'NONE', #748, .T. ) ;
#1678 = CIRCLE ( 'NONE', #3015, 0.6999999999999992895 ) ;
#1679 = AXIS2_PLACEMENT_3D ( 'NONE', #815, #323, #842 ) ;
#1680 = DIRECTION ( 'NONE',  ( -0.4999999999999989453, -0.5000000000000028866, 0.7071067811865463515 ) ) ;
#1681 = EDGE_CURVE ( 'NONE', #5930, #2765, #2637, .T. ) ;
#1682 = ORIENTED_EDGE ( 'NONE', *, *, #4804, .T. ) ;
#1683 = FACE_OUTER_BOUND ( 'NONE', #2667, .T. ) ;
#1684 = AXIS2_PLACEMENT_3D ( 'NONE', #5028, #2091, #607 ) ;
#1685 = AXIS2_PLACEMENT_3D ( 'NONE', #1217, #2180, #1604 ) ;
#1686 = DIRECTION ( 'NONE',  ( -0.000000000000000000, -0.000000000000000000, -1.000000000000000000 ) ) ;
#1687 = ORIENTED_EDGE ( 'NONE', *, *, #4046, .F. ) ;
#1688 = CARTESIAN_POINT ( 'NONE',  ( 0.000000000000000000, 0.000000000000000000, 0.5000000000000004441 ) ) ;
#1689 = CARTESIAN_POINT ( 'NONE',  ( 23.96049553960670409, 1.013914226161791499, 18.49991804524335848 ) ) ;
#1690 = EDGE_CURVE ( 'NONE', #5667, #4799, #363, .T. ) ;
#1692 = CARTESIAN_POINT ( 'NONE',  ( -12.85832324689367745, 20.24344071148201962, 18.49991804523290639 ) ) ;
#1691 = AXIS2_PLACEMENT_3D ( 'NONE', #2701, #4155, #2854 ) ;
#1693 = CIRCLE ( 'NONE', #4158, 0.5000000000000000000 ) ;
#1694 = CARTESIAN_POINT ( 'NONE',  ( -0.8809747977379147610, -24.35907445708377494, 18.00000000000000000 ) ) ;
#1695 = ORIENTED_EDGE ( 'NONE', *, *, #5673, .F. ) ;
#1696 = CYLINDRICAL_SURFACE ( 'NONE', #5393, 24.37500000000000355 ) ;
#1697 = AXIS2_PLACEMENT_3D ( 'NONE', #6265, #2940, #2456 ) ;
#1698 = DIRECTION ( 'NONE',  ( -0.000000000000000000, -0.000000000000000000, -1.000000000000000000 ) ) ;
#1699 = CARTESIAN_POINT ( 'NONE',  ( 20.24342643571898392, 12.83153328501130019, 18.50000000000000000 ) ) ;
#1700 = FACE_OUTER_BOUND ( 'NONE', #5259, .T. ) ;
#1701 = CARTESIAN_POINT ( 'NONE',  ( 0.000000000000000000, 0.000000000000000000, 18.50000000000000000 ) ) ;
#1702 = CIRCLE ( 'NONE', #850, 0.5000000000000000000 ) ;
#1703 = EDGE_CURVE ( 'NONE', #4474, #2512, #685, .T. ) ;
#1704 = VERTEX_POINT ( 'NONE', #4258 ) ;
#1705 = CARTESIAN_POINT ( 'NONE',  ( 0.6795804451154442427, 24.20715954415954840, 18.13681289817117204 ) ) ;
#1706 = DIRECTION ( 'NONE',  ( -0.000000000000000000, -0.000000000000000000, -1.000000000000000000 ) ) ;
#1707 = VERTEX_POINT ( 'NONE', #5201 ) ;
#1708 = CARTESIAN_POINT ( 'NONE',  ( 11.43536433827210885, -21.29580473513702188, 18.27208252806117983 ) ) ;
#1709 = EDGE_CURVE ( 'NONE', #3874, #2542, #4078, .T. ) ;
#1710 = AXIS2_PLACEMENT_3D ( 'NONE', #4928, #2446, #5416 ) ;
#1711 = ORIENTED_EDGE ( 'NONE', *, *, #4720, .T. ) ;
#1712 = ORIENTED_EDGE ( 'NONE', *, *, #2735, .T. ) ;
#1713 = DIRECTION ( 'NONE',  ( -0.000000000000000000, -0.000000000000000000, -1.000000000000000000 ) ) ;
#1714 = DIRECTION ( 'NONE',  ( 0.000000000000000000, 0.000000000000000000, 1.000000000000000000 ) ) ;
#1715 = CIRCLE ( 'NONE', #1608, 1.199999999999999734 ) ;
#1716 = LINE ( 'NONE', #3686, #3449 ) ;
#1717 = CARTESIAN_POINT ( 'NONE',  ( 12.33167534327568404, -20.97075655407477868, 0.000000000000000000 ) ) ;
#1718 = DIRECTION ( 'NONE',  ( 0.000000000000000000, 0.000000000000000000, 1.000000000000000000 ) ) ;
#1719 = EDGE_LOOP ( 'NONE', ( #5619, #3733, #3840, #6120 ) ) ;
#1720 = AXIS2_PLACEMENT_3D ( 'NONE', #2480, #1964, #1866 ) ;
#1721 = CARTESIAN_POINT ( 'NONE',  ( 23.85058974358974382, -1.079348823583824002, 18.50000000000000000 ) ) ;
#1722 = CARTESIAN_POINT ( 'NONE',  ( 11.32291608346460698, 21.35935851955341036, 18.00000000000000000 ) ) ;
#1723 = FACE_OUTER_BOUND ( 'NONE', #5491, .T. ) ;
#1724 = CARTESIAN_POINT ( 'NONE',  ( 21.97783012094689425, -11.65077714896307270, 0.5000000000000000000 ) ) ;
#1725 = VERTEX_POINT ( 'NONE', #1293 ) ;
#1726 = AXIS2_PLACEMENT_3D ( 'NONE', #3488, #1024, #544 ) ;
#1727 = CARTESIAN_POINT ( 'NONE',  ( -19.90936921724568265, 12.18750000000002132, 18.50000000000000000 ) ) ;
#1728 = CARTESIAN_POINT ( 'NONE',  ( -1.079348823583828443, -23.85058974358974382, 18.50000000000000000 ) ) ;
#1729 = AXIS2_PLACEMENT_3D ( 'NONE', #6215, #5694, #5603 ) ;
#1730 = CARTESIAN_POINT ( 'NONE',  ( -12.18750000000002309, -21.10936921724567839, 18.00000000000000000 ) ) ;
#1731 = CARTESIAN_POINT ( 'NONE',  ( -0.1941658414615377581, 24.32704558404560657, 0.5000000000000004441 ) ) ;
#1732 = EDGE_LOOP ( 'NONE', ( #3754, #6245, #2894, #3617 ) ) ;
#1733 = AXIS2_PLACEMENT_3D ( 'NONE', #4645, #1499, #4617 ) ;
#1734 = EDGE_CURVE ( 'NONE', #3729, #5577, #3679, .T. ) ;
#1735 = EDGE_CURVE ( 'NONE', #3353, #5667, #3259, .T. ) ;
#1736 = LINE ( 'NONE', #1214, #3063 ) ;
#1737 = CARTESIAN_POINT ( 'NONE',  ( 12.94248378347676542, 20.65508989364222714, 18.13788111813277126 ) ) ;
#1738 = ORIENTED_EDGE ( 'NONE', *, *, #865, .T. ) ;
#1739 = DIRECTION ( 'NONE',  ( 1.000000000000000000, 0.000000000000000000, 0.000000000000000000 ) ) ;
#1740 = ORIENTED_EDGE ( 'NONE', *, *, #2800, .F. ) ;
#1741 = EDGE_CURVE ( 'NONE', #1254, #2220, #3470, .T. ) ;
#1742 = CARTESIAN_POINT ( 'NONE',  ( 24.37500000000000000, -2.406249427655413829E-14, 0.5000000000000004441 ) ) ;
#1743 = EDGE_LOOP ( 'NONE', ( #4466, #1514, #4373, #5165 ) ) ;
#1744 = EDGE_CURVE ( 'NONE', #6090, #1725, #1298, .T. ) ;
#1745 = DIRECTION ( 'NONE',  ( 0.000000000000000000, 0.000000000000000000, -1.000000000000000000 ) ) ;
#1746 = CARTESIAN_POINT ( 'NONE',  ( 24.15920512820513366, -0.8737462865769658471, 18.50000000000000000 ) ) ;
#1747 = CARTESIAN_POINT ( 'NONE',  ( -27.00000000000000000, 0.000000000000000000, -5.000000000000000000 ) ) ;
#1748 = ORIENTED_EDGE ( 'NONE', *, *, #1788, .F. ) ;
#1749 = DIRECTION ( 'NONE',  ( 0.000000000000000000, 0.000000000000000000, 1.000000000000000000 ) ) ;
#1750 = DIRECTION ( 'NONE',  ( -0.000000000000000000, -0.000000000000000000, -1.000000000000000000 ) ) ;
#1751 = EDGE_LOOP ( 'NONE', ( #6125, #207, #2523 ) ) ;
#1752 = CARTESIAN_POINT ( 'NONE',  ( 19.09188309203678813, -19.09188309203678102, -5.000000000000000000 ) ) ;
#1753 = DIRECTION ( 'NONE',  ( -1.000000000000000000, 0.000000000000000000, 0.000000000000000000 ) ) ;
#1754 = DIRECTION ( 'NONE',  ( -1.000000000000000000, 0.000000000000000000, 0.000000000000000000 ) ) ;
#1755 = CARTESIAN_POINT ( 'NONE',  ( -24.37500000000000000, 2.704757084947590219E-14, 18.50000000000000000 ) ) ;
#1756 = VERTEX_POINT ( 'NONE', #2778 ) ;
#1757 = CARTESIAN_POINT ( 'NONE',  ( -23.85058974358974737, 1.079348823583828665, 18.50000000000000000 ) ) ;
#1758 = B_SPLINE_CURVE_WITH_KNOTS ( 'NONE', 3,
 ( #5041, #5073, #2587, #4072, #1589, #3973 ),
 .UNSPECIFIED., .F., .F.,
 ( 4, 2, 4 ),
 ( 0.000000000000000000, 0.0004057619185687320711, 0.0008115238371374641421 ),
 .UNSPECIFIED. ) ;
#1759 = CARTESIAN_POINT ( 'NONE',  ( 0.000000000000000000, 0.000000000000000000, 0.5000000000000004441 ) ) ;
#1760 = DIRECTION ( 'NONE',  ( 1.000000000000000000, 0.000000000000000000, 0.000000000000000000 ) ) ;
#1761 = DIRECTION ( 'NONE',  ( -0.000000000000000000, -0.000000000000000000, -1.000000000000000000 ) ) ;
#1762 =( BOUNDED_SURFACE ( )  B_SPLINE_SURFACE ( 3, 2, ( 
 ( #5566, #3055, #2473 ),
 ( #603, #1145, #103 ),
 ( #44, #4015, #3540 ),
 ( #2601, #5023, #4430 ),
 ( #7, #3480, #78 ),
 ( #5053, #1991, #139 ),
 ( #2117, #6019, #6052 ),
 ( #1634, #3509, #570 ) ),
 .UNSPECIFIED., .F., .F., .T. ) 
 B_SPLINE_SURFACE_WITH_KNOTS ( ( 4, 2, 2, 4 ),
 ( 3, 3 ),
 ( 0.000000000000000000, 0.0001311096522626870801, 0.0002622193045253741603, 0.0005244386090507483205 ),
 ( 0.000000000000000000, 1.000000000000000000 ),
 .UNSPECIFIED. ) 
 GEOMETRIC_REPRESENTATION_ITEM ( )  RATIONAL_B_SPLINE_SURFACE ( (
 ( 1.000000000000000000, 0.7760564330438621816, 1.000000000000000000),
 ( 1.000000000000000000, 0.7754047934803681708, 1.000000000000000000),
 ( 1.000000000000000000, 0.7971915883078565246, 1.000000000000000000),
 ( 1.000000000000000000, 0.8534865031515460609, 1.000000000000000000),
 ( 1.000000000000000000, 0.8868869947387235664, 1.000000000000000000),
 ( 1.000000000000000000, 0.9695438062024465120, 1.000000000000000000),
 ( 1.000000000000000000, 1.001548216897224286, 1.000000000000000000),
 ( 1.000000000000000000, 1.000000000000000000, 1.000000000000000000) ) ) 
 REPRESENTATION_ITEM ( '' )  SURFACE ( )  );
#1763 = EDGE_LOOP ( 'NONE', ( #4273, #523, #287, #1661 ) ) ;
#1764 = CARTESIAN_POINT ( 'NONE',  ( 0.8873838814390971885, 24.04462480686538584, 18.45002166485600625 ) ) ;
#1765 = DIRECTION ( 'NONE',  ( 0.000000000000000000, 0.000000000000000000, 1.000000000000000000 ) ) ;
#1766 = EDGE_CURVE ( 'NONE', #5683, #5220, #4738, .T. ) ;
#1767 = ORIENTED_EDGE ( 'NONE', *, *, #2485, .F. ) ;
#1768 = CARTESIAN_POINT ( 'NONE',  ( 25.62500000000000355, 0.000000000000000000, 0.000000000000000000 ) ) ;
#1769 = VERTEX_POINT ( 'NONE', #220 ) ;
#1770 = ORIENTED_EDGE ( 'NONE', *, *, #474, .T. ) ;
#1771 = DIRECTION ( 'NONE',  ( -1.000000000000000000, 0.000000000000000000, 0.000000000000000000 ) ) ;
#1772 = DIRECTION ( 'NONE',  ( 0.000000000000000000, 0.000000000000000000, 1.000000000000000000 ) ) ;
#1773 = VECTOR ( 'NONE', #3698, 1000.000000000000000 ) ;
#1774 = DIRECTION ( 'NONE',  ( 1.000000000000000000, 0.000000000000000000, 0.000000000000000000 ) ) ;
#1775 = EDGE_CURVE ( 'NONE', #1895, #5238, #884, .T. ) ;
#1776 = EDGE_CURVE ( 'NONE', #5747, #5762, #4865, .T. ) ;
#1777 = AXIS2_PLACEMENT_3D ( 'NONE', #2537, #1011, #3408 ) ;
#1778 = DIRECTION ( 'NONE',  ( 1.000000000000000000, 0.000000000000000000, 0.000000000000000000 ) ) ;
#1779 = TOROIDAL_SURFACE ( 'NONE', #4859, 0.7000000000000078382, 0.5000000000000000000 ) ;
#1780 = DIRECTION ( 'NONE',  ( -0.000000000000000000, -0.000000000000000000, -1.000000000000000000 ) ) ;
#1781 = ORIENTED_EDGE ( 'NONE', *, *, #4804, .F. ) ;
#1782 = CARTESIAN_POINT ( 'NONE',  ( -11.98750000000002025, -21.10936921724567839, 0.5000000000000004441 ) ) ;
#1783 = CIRCLE ( 'NONE', #1563, 27.00000000000000000 ) ;
#1784 = CARTESIAN_POINT ( 'NONE',  ( -12.83190030536372106, 20.55277510732827295, 18.36113832892223741 ) ) ;
#1785 = CARTESIAN_POINT ( 'NONE',  ( -0.6795804451154461301, -24.20715954415954130, 18.00000000000000000 ) ) ;
#1786 = EDGE_LOOP ( 'NONE', ( #2385, #3479, #1843, #2616, #123, #3813 ) ) ;
#1787 = TOROIDAL_SURFACE ( 'NONE', #3949, 24.87500000000000000, 0.5000000000000000000 ) ;
#1788 = EDGE_CURVE ( 'NONE', #56, #3723, #2950, .T. ) ;
#1789 = CARTESIAN_POINT ( 'NONE',  ( 21.53606469138012613, 11.41659067360700064, 18.00000000000000000 ) ) ;
#1790 = ORIENTED_EDGE ( 'NONE', *, *, #2485, .T. ) ;
#1791 = CIRCLE ( 'NONE', #1270, 0.4999999999999997224 ) ;
#1792 = DIRECTION ( 'NONE',  ( 1.000000000000000000, 0.000000000000000000, 0.000000000000000000 ) ) ;
#1793 = VECTOR ( 'NONE', #4237, 1000.000000000000000 ) ;
#1794 = CARTESIAN_POINT ( 'NONE',  ( 20.65508989364223780, 12.94248378347674411, 0.5000000000000004441 ) ) ;
#1795 = LINE ( 'NONE', #4655, #3024 ) ;
#1796 = CIRCLE ( 'NONE', #5398, 24.37500000000000000 ) ;
#1797 = ORIENTED_EDGE ( 'NONE', *, *, #2994, .T. ) ;
#1798 = CARTESIAN_POINT ( 'NONE',  ( 11.41659067360702373, 21.53606469138010837, 18.00000000000000000 ) ) ;
#1799 = VECTOR ( 'NONE', #4960, 1000.000000000000000 ) ;
#1800 = DIRECTION ( 'NONE',  ( -0.03614255580463038298, 0.9993466443931802168, 0.000000000000000000 ) ) ;
#1801 = VERTEX_POINT ( 'NONE', #405 ) ;
#1802 = EDGE_LOOP ( 'NONE', ( #2223, #4841, #5544, #995 ) ) ;
#1803 = PRODUCT_DEFINITION ( 'UNKNOWN', '', #1573, #473 ) ;
#1804 = ORIENTED_EDGE ( 'NONE', *, *, #2919, .F. ) ;
#1805 = DIRECTION ( 'NONE',  ( -0.000000000000000000, -0.000000000000000000, -1.000000000000000000 ) ) ;
#1806 = DIRECTION ( 'NONE',  ( 0.000000000000000000, 0.000000000000000000, 1.000000000000000000 ) ) ;
#1807 = CARTESIAN_POINT ( 'NONE',  ( -1.079348823583776484, 23.85058974358974737, 18.50000000000000000 ) ) ;
#1808 = AXIS2_PLACEMENT_3D ( 'NONE', #4991, #5026, #4565 ) ;
#1809 = CARTESIAN_POINT ( 'NONE',  ( 0.000000000000000000, 0.000000000000000000, 18.50000000000000000 ) ) ;
#1810 = ORIENTED_EDGE ( 'NONE', *, *, #1175, .T. ) ;
#1811 = ADVANCED_FACE ( 'NONE', ( #2417 ), #931, .F. ) ;
#1812 = DIRECTION ( 'NONE',  ( 1.000000000000000000, 2.081668171172163212E-13, 0.000000000000000000 ) ) ;
#1813 = CARTESIAN_POINT ( 'NONE',  ( 0.000000000000000000, 0.000000000000000000, 0.000000000000000000 ) ) ;
#1814 = CYLINDRICAL_SURFACE ( 'NONE', #642, 0.7000000000000015099 ) ;
#1815 = DIRECTION ( 'NONE',  ( -1.000000000000000000, 0.000000000000000000, 0.000000000000000000 ) ) ;
#1816 = ORIENTED_EDGE ( 'NONE', *, *, #1744, .T. ) ;
#1817 = CIRCLE ( 'NONE', #3263, 0.2000000000000022593 ) ;
#1818 = CARTESIAN_POINT ( 'NONE',  ( 24.20715954415954840, -0.6795804451154138226, 18.00000000000000000 ) ) ;
#1819 = ORIENTED_EDGE ( 'NONE', *, *, #4735, .F. ) ;
#1820 = CARTESIAN_POINT ( 'NONE',  ( 26.12500000000000355, 0.000000000000000000, -4.000000000000000000 ) ) ;
#1821 = EDGE_CURVE ( 'NONE', #2609, #4153, #467, .T. ) ;
#1822 = CARTESIAN_POINT ( 'NONE',  ( 10.99055137102643975, -21.19489102498121014, 18.50000000000000000 ) ) ;
#1823 = AXIS2_PLACEMENT_3D ( 'NONE', #1090, #3095, #149 ) ;
#1824 = DIRECTION ( 'NONE',  ( -0.000000000000000000, -0.000000000000000000, -1.000000000000000000 ) ) ;
#1825 = ADVANCED_FACE ( 'NONE', ( #506 ), #2900, .F. ) ;
#1826 = ORIENTED_EDGE ( 'NONE', *, *, #6083, .F. ) ;
#1827 = CIRCLE ( 'NONE', #64, 0.7000000000000027311 ) ;
#1828 = DIRECTION ( 'NONE',  ( -0.000000000000000000, -0.000000000000000000, -1.000000000000000000 ) ) ;
#1829 = FACE_OUTER_BOUND ( 'NONE', #4124, .T. ) ;
#1830 = VERTEX_POINT ( 'NONE', #2379 ) ;
#1831 = AXIS2_PLACEMENT_3D ( 'NONE', #4376, #2354, #932 ) ;
#1832 = ORIENTED_EDGE ( 'NONE', *, *, #3477, .T. ) ;
#1833 = EDGE_LOOP ( 'NONE', ( #1292, #4702, #1781, #4320 ) ) ;
#1834 = AXIS2_PLACEMENT_3D ( 'NONE', #4997, #6094, #1191 ) ;
#1835 = CARTESIAN_POINT ( 'NONE',  ( -21.23536627661098919, 11.11960826859739448, 18.50000000000000355 ) ) ;
#1836 = CARTESIAN_POINT ( 'NONE',  ( -12.18750000000002309, -21.10936921724567839, 0.000000000000000000 ) ) ;
#1837 = CARTESIAN_POINT ( 'NONE',  ( -20.62422489614737842, 12.69211370146487816, 18.00000000000000000 ) ) ;
#1838 = EDGE_LOOP ( 'NONE', ( #3168, #2965, #3917 ) ) ;
#1839 = CARTESIAN_POINT ( 'NONE',  ( -20.38584188556560406, 12.90842160554401197, 18.44971682622087528 ) ) ;
#1840 = DIRECTION ( 'NONE',  ( 1.000000000000000000, 0.000000000000000000, 0.000000000000000000 ) ) ;
#1841 = CARTESIAN_POINT ( 'NONE',  ( -21.31751579123426765, -11.22246241333549932, 18.46587281468456965 ) ) ;
#1842 = CARTESIAN_POINT ( 'NONE',  ( -0.6944764848609981112, -24.19707470663169957, 18.14610353985091606 ) ) ;
#1843 = ORIENTED_EDGE ( 'NONE', *, *, #496, .T. ) ;
#1844 = ADVANCED_FACE ( 'NONE', ( #5387 ), #4188, .T. ) ;
#1845 = CARTESIAN_POINT ( 'NONE',  ( 21.28082637334625105, 11.08929415181410327, 18.49999999999999645 ) ) ;
#1846 = ORIENTED_EDGE ( 'NONE', *, *, #3159, .F. ) ;
#1847 = CARTESIAN_POINT ( 'NONE',  ( 20.40936921724570041, 12.18749999999998579, 18.50000000000000000 ) ) ;
#1848 = DIRECTION ( 'NONE',  ( 1.000000000000000000, 0.000000000000000000, 0.000000000000000000 ) ) ;
#1849 = DIRECTION ( 'NONE',  ( 0.2397720797721048513, -0.9708292073077320339, 5.199228195805670923E-17 ) ) ;
#1850 = EDGE_CURVE ( 'NONE', #3420, #4427, #5632, .T. ) ;
#1851 = VERTEX_POINT ( 'NONE', #4374 ) ;
#1852 = EDGE_CURVE ( 'NONE', #1769, #120, #3369, .T. ) ;
#1853 = CARTESIAN_POINT ( 'NONE',  ( 21.35935851955342102, 11.32291608346458389, 0.5000000000000004441 ) ) ;
#1854 = CARTESIAN_POINT ( 'NONE',  ( 21.29999642732220622, 11.45194477367952857, 18.26915352020175121 ) ) ;
#1855 = DIRECTION ( 'NONE',  ( -0.7208767163783702525, 0.6930633158547195860, -2.404546408703019832E-15 ) ) ;
#1856 = DIRECTION ( 'NONE',  ( 0.000000000000000000, 0.000000000000000000, 1.000000000000000000 ) ) ;
#1857 = ORIENTED_EDGE ( 'NONE', *, *, #3360, .T. ) ;
#1858 = ORIENTED_EDGE ( 'NONE', *, *, #3927, .T. ) ;
#1859 = DIRECTION ( 'NONE',  ( 1.000000000000000000, 0.000000000000000000, 0.000000000000000000 ) ) ;
#1860 = FILL_AREA_STYLE_COLOUR ( '', #2535 ) ;
#1861 = LINE ( 'NONE', #5253, #244 ) ;
#1862 = B_SPLINE_CURVE_WITH_KNOTS ( 'NONE', 3,
 ( #3615, #5101, #215, #6166, #4640, #3712 ),
 .UNSPECIFIED., .F., .F.,
 ( 4, 2, 4 ),
 ( -4.614725267124652241E-06, 0.0004052027286208627148, 0.0008150201825088500057 ),
 .UNSPECIFIED. ) ;
#1863 = AXIS2_PLACEMENT_3D ( 'NONE', #866, #1903, #475 ) ;
#1864 = DIRECTION ( 'NONE',  ( -0.4683729507120835134, 0.8835308591335427897, 0.000000000000000000 ) ) ;
#1865 = ORIENTED_EDGE ( 'NONE', *, *, #3162, .F. ) ;
#1866 = DIRECTION ( 'NONE',  ( 1.000000000000000000, 0.000000000000000000, 0.000000000000000000 ) ) ;
#1867 = EDGE_CURVE ( 'NONE', #1620, #2512, #4467, .T. ) ;
#1868 = DIRECTION ( 'NONE',  ( -0.000000000000000000, -0.000000000000000000, -1.000000000000000000 ) ) ;
#1869 = CARTESIAN_POINT ( 'NONE',  ( -21.44802677397301238, -11.52861301695562624, 18.17948586170156489 ) ) ;
#1870 = CIRCLE ( 'NONE', #3727, 0.2000000000000057288 ) ;
#1871 = FACE_OUTER_BOUND ( 'NONE', #1479, .T. ) ;
#1872 = VERTEX_POINT ( 'NONE', #1417 ) ;
#1873 = AXIS2_PLACEMENT_3D ( 'NONE', #1360, #488, #5336 ) ;
#1874 = AXIS2_PLACEMENT_3D ( 'NONE', #6134, #2680, #2261 ) ;
#1875 = CARTESIAN_POINT ( 'NONE',  ( 21.25735493726805103, 11.10217229206849154, 18.49991810954503890 ) ) ;
#1876 = ORIENTED_EDGE ( 'NONE', *, *, #104, .T. ) ;
#1877 = CIRCLE ( 'NONE', #1045, 0.1999999999999987899 ) ;
#1878 = CARTESIAN_POINT ( 'NONE',  ( -21.19489102498121369, -10.99055137102643265, 18.50000000000000000 ) ) ;
#1879 = EDGE_CURVE ( 'NONE', #181, #4156, #5012, .T. ) ;
#1880 = CARTESIAN_POINT ( 'NONE',  ( 11.32291608346458212, -21.35935851955342457, 0.5000000000000004441 ) ) ;
#1881 = TOROIDAL_SURFACE ( 'NONE', #5488, 1.200000000000001288, 0.5000000000000000000 ) ;
#1882 = DIRECTION ( 'NONE',  ( 0.000000000000000000, 0.000000000000000000, 1.000000000000000000 ) ) ;
#1883 = CIRCLE ( 'NONE', #2711, 0.2000000000000091982 ) ;
#1884 = CARTESIAN_POINT ( 'NONE',  ( 24.36494871794871742, -0.7185506760068950394, 18.00000000000000000 ) ) ;
#1885 = ORIENTED_EDGE ( 'NONE', *, *, #2789, .T. ) ;
#1886 = CIRCLE ( 'NONE', #2508, 0.2000000000000078937 ) ;
#1887 = CIRCLE ( 'NONE', #2914, 0.5000000000000000000 ) ;
#1888 = FACE_OUTER_BOUND ( 'NONE', #5923, .T. ) ;
#1889 = DIRECTION ( 'NONE',  ( -0.000000000000000000, -0.000000000000000000, -1.000000000000000000 ) ) ;
#1890 = FACE_OUTER_BOUND ( 'NONE', #818, .T. ) ;
#1891 = CARTESIAN_POINT ( 'NONE',  ( 12.18750000000001776, 21.10936921724568194, 18.50000000000000000 ) ) ;
#1892 = EDGE_CURVE ( 'NONE', #3871, #2517, #5829, .T. ) ;
#1893 = LINE ( 'NONE', #2985, #3335 ) ;
#1894 = AXIS2_PLACEMENT_3D ( 'NONE', #2662, #4556, #663 ) ;
#1895 = VERTEX_POINT ( 'NONE', #478 ) ;
#1896 = CIRCLE ( 'NONE', #3847, 0.5000000000000013323 ) ;
#1897 = ORIENTED_EDGE ( 'NONE', *, *, #5758, .T. ) ;
#1898 = LINE ( 'NONE', #3572, #4291 ) ;
#1899 = DIRECTION ( 'NONE',  ( 1.000000000000000000, 2.478176394252571872E-15, 0.000000000000000000 ) ) ;
#1900 = DIRECTION ( 'NONE',  ( -0.000000000000000000, -0.000000000000000000, -1.000000000000000000 ) ) ;
#1901 = EDGE_CURVE ( 'NONE', #4502, #5577, #1443, .T. ) ;
#1902 = AXIS2_PLACEMENT_3D ( 'NONE', #119, #508, #3036 ) ;
#1903 = DIRECTION ( 'NONE',  ( -0.000000000000000000, -0.000000000000000000, -1.000000000000000000 ) ) ;
#1904 = ORIENTED_EDGE ( 'NONE', *, *, #2207, .T. ) ;
#1905 = CARTESIAN_POINT ( 'NONE',  ( 20.62422489614738907, -12.69211370146487461, 18.13681289817117204 ) ) ;
#1906 = CARTESIAN_POINT ( 'NONE',  ( -24.37500000000000000, 2.704757084947590219E-14, 18.00000000000000000 ) ) ;
#1907 = CARTESIAN_POINT ( 'NONE',  ( -21.53606469138012969, -11.41659067360698820, 18.00000000000000000 ) ) ;
#1908 = CARTESIAN_POINT ( 'NONE',  ( -0.7793400901521997381, -24.13388892654004181, 18.32606195575487007 ) ) ;
#1909 = ORIENTED_EDGE ( 'NONE', *, *, #3352, .T. ) ;
#1910 = CARTESIAN_POINT ( 'NONE',  ( 12.93334658614963573, -20.57249578602643325, 18.27208253284858230 ) ) ;
#1911 = VERTEX_POINT ( 'NONE', #2453 ) ;
#1912 = CIRCLE ( 'NONE', #4892, 27.00000000000000000 ) ;
#1913 = CARTESIAN_POINT ( 'NONE',  ( 12.88508917693673972, 20.24402363218224110, 18.50000000000000000 ) ) ;
#1914 = FACE_OUTER_BOUND ( 'NONE', #5223, .T. ) ;
#1915 = DIRECTION ( 'NONE',  ( -0.000000000000000000, -0.000000000000000000, -1.000000000000000000 ) ) ;
#1916 = VECTOR ( 'NONE', #68, 1000.000000000000000 ) ;
#1917 = ORIENTED_EDGE ( 'NONE', *, *, #196, .F. ) ;
#1918 = FACE_OUTER_BOUND ( 'NONE', #6002, .T. ) ;
#1919 = CARTESIAN_POINT ( 'NONE',  ( 21.53606469138012613, 11.41659067360700064, 0.5000000000000004441 ) ) ;
#1920 = CIRCLE ( 'NONE', #2541, 1.199999999999999734 ) ;
#1921 = PLANE ( 'NONE',  #3671 ) ;
#1922 = CYLINDRICAL_SURFACE ( 'NONE', #1312, 0.7000000000000009548 ) ;
#1923 = CARTESIAN_POINT ( 'NONE',  ( 21.37195947115398198, 11.20046818432463986, 18.44970012376541391 ) ) ;
#1924 = AXIS2_PLACEMENT_3D ( 'NONE', #861, #1409, #5796 ) ;
#1925 = ADVANCED_FACE ( 'NONE', ( #1349 ), #1507, .F. ) ;
#1926 = ADVANCED_FACE ( 'NONE', ( #2000 ), #5769, .F. ) ;
#1927 = ORIENTED_EDGE ( 'NONE', *, *, #304, .F. ) ;
#1928 = DIRECTION ( 'NONE',  ( 0.000000000000000000, 0.000000000000000000, 1.000000000000000000 ) ) ;
#1929 = AXIS2_PLACEMENT_3D ( 'NONE', #1534, #4927, #1602 ) ;
#1930 = ORIENTED_EDGE ( 'NONE', *, *, #1572, .T. ) ;
#1931 = DIRECTION ( 'NONE',  ( -0.000000000000000000, -0.000000000000000000, -1.000000000000000000 ) ) ;
#1932 = EDGE_CURVE ( 'NONE', #4698, #4153, #4080, .T. ) ;
#1933 = AXIS2_PLACEMENT_3D ( 'NONE', #3746, #2812, #1840 ) ;
#1934 = EDGE_CURVE ( 'NONE', #5747, #3184, #2757, .T. ) ;
#1935 = CARTESIAN_POINT ( 'NONE',  ( -24.15920512820513721, 0.8737462865769779485, 0.5000000000000004441 ) ) ;
#1936 = ORIENTED_EDGE ( 'NONE', *, *, #2735, .F. ) ;
#1937 = DIRECTION ( 'NONE',  ( 0.000000000000000000, 0.000000000000000000, 1.000000000000000000 ) ) ;
#1938 = DIRECTION ( 'NONE',  ( -0.000000000000000000, -0.000000000000000000, -1.000000000000000000 ) ) ;
#1939 = DIRECTION ( 'NONE',  ( 1.000000000000000000, 0.000000000000000000, 0.000000000000000000 ) ) ;
#1940 = DIRECTION ( 'NONE',  ( -0.000000000000000000, -0.000000000000000000, -1.000000000000000000 ) ) ;
#1941 = ORIENTED_EDGE ( 'NONE', *, *, #5088, .F. ) ;
#1942 = CARTESIAN_POINT ( 'NONE',  ( 21.38913919693827737, 11.38327520853297159, 18.36113832892223385 ) ) ;
#1943 = EDGE_LOOP ( 'NONE', ( #179, #5109, #3642, #2933, #3002 ) ) ;
#1944 = CARTESIAN_POINT ( 'NONE',  ( 24.35920512820513650, -0.8737462865769658471, 0.5000000000000004441 ) ) ;
#1945 = DIRECTION ( 'NONE',  ( 0.000000000000000000, 0.000000000000000000, 1.000000000000000000 ) ) ;
#1946 = DIRECTION ( 'NONE',  ( 1.000000000000000000, 0.000000000000000000, 0.000000000000000000 ) ) ;
#1947 = ORIENTED_EDGE ( 'NONE', *, *, #4917, .T. ) ;
#1948 = CARTESIAN_POINT ( 'NONE',  ( 24.24152194507625424, -0.9320127507856472704, 18.32606194987844717 ) ) ;
#1949 = ORIENTED_EDGE ( 'NONE', *, *, #3556, .F. ) ;
#1950 = DIRECTION ( 'NONE',  ( 1.000000000000000000, 0.000000000000000000, 0.000000000000000000 ) ) ;
#1951 = CARTESIAN_POINT ( 'NONE',  ( -24.32704558404561013, -0.1941658414615277661, 0.000000000000000000 ) ) ;
#1952 = DIRECTION ( 'NONE',  ( -0.000000000000000000, -0.000000000000000000, -1.000000000000000000 ) ) ;
#1953 = DIRECTION ( 'NONE',  ( -0.000000000000000000, -0.000000000000000000, -1.000000000000000000 ) ) ;
#1954 = CARTESIAN_POINT ( 'NONE',  ( 21.49734935198255670, 11.36222867470620024, 18.26995843408191433 ) ) ;
#1955 = ORIENTED_EDGE ( 'NONE', *, *, #1535, .F. ) ;
#1956 = EDGE_CURVE ( 'NONE', #4276, #4193, #6046, .T. ) ;
#1957 = CYLINDRICAL_SURFACE ( 'NONE', #1102, 0.2000000000000005107 ) ;
#1958 = DIRECTION ( 'NONE',  ( 1.000000000000000000, 0.000000000000000000, 0.000000000000000000 ) ) ;
#1959 = ORIENTED_EDGE ( 'NONE', *, *, #353, .T. ) ;
#1960 = CARTESIAN_POINT ( 'NONE',  ( -12.94248378347676898, -20.65508989364222359, 18.50000000000000000 ) ) ;
#1961 = ORIENTED_EDGE ( 'NONE', *, *, #3500, .T. ) ;
#1962 = CYLINDRICAL_SURFACE ( 'NONE', #1146, 24.37500000000000355 ) ;
#1963 = ORIENTED_EDGE ( 'NONE', *, *, #783, .T. ) ;
#1964 = DIRECTION ( 'NONE',  ( 0.000000000000000000, 0.000000000000000000, 1.000000000000000000 ) ) ;
#1965 = CARTESIAN_POINT ( 'NONE',  ( -20.74138921364525601, -12.80475749830276655, 18.00000000000000000 ) ) ;
#1966 = EDGE_CURVE ( 'NONE', #2893, #2066, #5426, .T. ) ;
#1967 = CARTESIAN_POINT ( 'NONE',  ( 24.85874777928035684, -0.8990460756402043341, 0.000000000000000000 ) ) ;
#1968 = ORIENTED_EDGE ( 'NONE', *, *, #2098, .T. ) ;
#1969 = ORIENTED_EDGE ( 'NONE', *, *, #3359, .F. ) ;
#1970 = DIRECTION ( 'NONE',  ( 1.000000000000000000, 0.000000000000000000, 0.000000000000000000 ) ) ;
#1971 = ORIENTED_EDGE ( 'NONE', *, *, #750, .F. ) ;
#1972 = DIRECTION ( 'NONE',  ( -0.000000000000000000, -0.000000000000000000, -1.000000000000000000 ) ) ;
#1973 = TOROIDAL_SURFACE ( 'NONE', #2696, 0.2000000000000002054, 0.5000000000000000000 ) ;
#1974 = DIRECTION ( 'NONE',  ( 0.000000000000000000, 0.000000000000000000, 1.000000000000000000 ) ) ;
#1975 = FACE_OUTER_BOUND ( 'NONE', #4707, .T. ) ;
#1976 = EDGE_LOOP ( 'NONE', ( #2781, #1376, #202, #5129 ) ) ;
#1977 = TOROIDAL_SURFACE ( 'NONE', #3826, 0.2000000000000011768, 0.5000000000000000000 ) ;
#1978 = CARTESIAN_POINT ( 'NONE',  ( 20.57249578602652207, -12.93334658614965527, 18.27208253284840467 ) ) ;
#1979 = ADVANCED_FACE ( 'NONE', ( #3997 ), #5454, .T. ) ;
#1980 = AXIS2_PLACEMENT_3D ( 'NONE', #1742, #6299, #5759 ) ;
#1981 = DIRECTION ( 'NONE',  ( 0.000000000000000000, 0.000000000000000000, -1.000000000000000000 ) ) ;
#1982 = DIRECTION ( 'NONE',  ( -0.6930633158547250261, 0.7208767163783651455, 0.000000000000000000 ) ) ;
#1983 = AXIS2_PLACEMENT_3D ( 'NONE', #5328, #2903, #349 ) ;
#1984 = CARTESIAN_POINT ( 'NONE',  ( 21.23577082125534687, 11.12089817477833265, 18.50000000000000000 ) ) ;
#1985 = CARTESIAN_POINT ( 'NONE',  ( 24.20715954415954130, 0.6795804451153931725, 18.00000000000000000 ) ) ;
#1986 = AXIS2_PLACEMENT_3D ( 'NONE', #132, #2592, #3339 ) ;
#1987 = DIRECTION ( 'NONE',  ( -0.2397720797720769847, -0.9708292073077389173, 0.000000000000000000 ) ) ;
#1988 = AXIS2_PLACEMENT_3D ( 'NONE', #3790, #3309, #853 ) ;
#1989 = ORIENTED_EDGE ( 'NONE', *, *, #731, .F. ) ;
#1990 = VECTOR ( 'NONE', #94, 1000.000000000000000 ) ;
#1991 = CARTESIAN_POINT ( 'NONE',  ( -0.9398203526526220930, 24.07274142745253087, 18.46587281468497110 ) ) ;
#1992 = AXIS2_PLACEMENT_3D ( 'NONE', #2569, #4079, #2149 ) ;
#1993 = CARTESIAN_POINT ( 'NONE',  ( 20.40936921724568620, -12.18750000000000888, 0.5000000000000004441 ) ) ;
#1994 = ORIENTED_EDGE ( 'NONE', *, *, #1041, .T. ) ;
#1995 = AXIS2_PLACEMENT_3D ( 'NONE', #5746, #223, #1234 ) ;
#1996 = ADVANCED_FACE ( 'NONE', ( #2552 ), #2643, .T. ) ;
#1997 = ORIENTED_EDGE ( 'NONE', *, *, #3278, .T. ) ;
#1998 = DIRECTION ( 'NONE',  ( 0.000000000000000000, 0.000000000000000000, -1.000000000000000000 ) ) ;
#1999 = ORIENTED_EDGE ( 'NONE', *, *, #5514, .F. ) ;
#2000 = FACE_OUTER_BOUND ( 'NONE', #1211, .T. ) ;
#2001 = DIRECTION ( 'NONE',  ( 1.000000000000000000, 0.000000000000000000, 0.000000000000000000 ) ) ;
#2002 = CIRCLE ( 'NONE', #2828, 0.1999999999999987899 ) ;
#2003 =( BOUNDED_SURFACE ( )  B_SPLINE_SURFACE ( 3, 2, ( 
 ( #1607, #3577, #47 ),
 ( #5541, #2029, #3993 ),
 ( #3513, #5474, #5306 ),
 ( #1708, #3188, #5569 ),
 ( #390, #879, #4117 ),
 ( #2221, #1219, #5641 ),
 ( #1638, #5154, #2154 ),
 ( #4632, #1185, #735 ) ),
 .UNSPECIFIED., .F., .F., .T. ) 
 B_SPLINE_SURFACE_WITH_KNOTS ( ( 4, 2, 2, 4 ),
 ( 3, 3 ),
 ( 0.000000000000000000, 0.0001311096522626894654, 0.0002622193045253789307, 0.0005244386090507578615 ),
 ( 0.000000000000000000, 1.000000000000000000 ),
 .UNSPECIFIED. ) 
 GEOMETRIC_REPRESENTATION_ITEM ( )  RATIONAL_B_SPLINE_SURFACE ( (
 ( 1.000000000000000000, 0.7760564330438647351, 1.000000000000000000),
 ( 1.000000000000000000, 0.7754047934804256803, 1.000000000000000000),
 ( 1.000000000000000000, 0.7971915883077685949, 1.000000000000000000),
 ( 1.000000000000000000, 0.8534865031516293277, 1.000000000000000000),
 ( 1.000000000000000000, 0.8868869947387325592, 1.000000000000000000),
 ( 1.000000000000000000, 0.9695438062024321901, 1.000000000000000000),
 ( 1.000000000000000000, 1.001548216897232724, 1.000000000000000000),
 ( 1.000000000000000000, 1.000000000000000000, 1.000000000000000000) ) ) 
 REPRESENTATION_ITEM ( '' )  SURFACE ( )  );
#2004 = CARTESIAN_POINT ( 'NONE',  ( 11.51504584269469511, 21.30380534126280878, 18.00000000000000000 ) ) ;
#2005 = ORIENTED_EDGE ( 'NONE', *, *, #2248, .F. ) ;
#2006 = EDGE_CURVE ( 'NONE', #2609, #6272, #1304, .T. ) ;
#2007 = CARTESIAN_POINT ( 'NONE',  ( -23.85058974358974382, -1.079348823583772266, 18.50000000000000000 ) ) ;
#2008 = ORIENTED_EDGE ( 'NONE', *, *, #5558, .T. ) ;
#2009 = LINE ( 'NONE', #2881, #429 ) ;
#2010 = CARTESIAN_POINT ( 'NONE',  ( -20.90936921724570396, -12.18749999999998046, 0.5000000000000004441 ) ) ;
#2011 = CARTESIAN_POINT ( 'NONE',  ( -23.17500000000000071, 2.704757084947590219E-14, 18.00000000000000000 ) ) ;
#2012 = EDGE_LOOP ( 'NONE', ( #848, #3836, #2788, #640 ) ) ;
#2013 = CARTESIAN_POINT ( 'NONE',  ( 24.21517551389664646, -0.8363640896100479338, 18.36113832892224096 ) ) ;
#2014 = VECTOR ( 'NONE', #2896, 1000.000000000000000 ) ;
#2015 = EDGE_CURVE ( 'NONE', #43, #4156, #6250, .T. ) ;
#2016 = CARTESIAN_POINT ( 'NONE',  ( 12.69211370146488171, 20.62422489614738552, 18.13681289817117204 ) ) ;
#2017 = ADVANCED_FACE ( 'NONE', ( #2519 ), #5052, .F. ) ;
#2018 = CYLINDRICAL_SURFACE ( 'NONE', #2081, 0.2000000000000005107 ) ;
#2019 = CARTESIAN_POINT ( 'NONE',  ( -0.6795804451154037196, 24.20715954415955196, 0.5000000000000004441 ) ) ;
#2020 = DIRECTION ( 'NONE',  ( 0.000000000000000000, 0.000000000000000000, 1.000000000000000000 ) ) ;
#2021 = ORIENTED_EDGE ( 'NONE', *, *, #1821, .F. ) ;
#2022 = CARTESIAN_POINT ( 'NONE',  ( 25.50000000000000355, 0.000000000000000000, 7.999999999999998224 ) ) ;
#2023 = AXIS2_PLACEMENT_3D ( 'NONE', #2200, #2353, #2937 ) ;
#2024 = ORIENTED_EDGE ( 'NONE', *, *, #5140, .F. ) ;
#2025 = CARTESIAN_POINT ( 'NONE',  ( 0.000000000000000000, 0.000000000000000000, 0.000000000000000000 ) ) ;
#2026 = CARTESIAN_POINT ( 'NONE',  ( 0.7185506760068467447, -24.36494871794872097, 18.00000000000000000 ) ) ;
#2027 = EDGE_LOOP ( 'NONE', ( #5150, #4125, #2457, #5428 ) ) ;
#2028 = AXIS2_PLACEMENT_3D ( 'NONE', #3327, #997, #4345 ) ;
#2029 = CARTESIAN_POINT ( 'NONE',  ( 11.56019084560059440, -21.45993974736064303, 18.09393492550567473 ) ) ;
#2030 = CARTESIAN_POINT ( 'NONE',  ( 12.18749999999998579, -21.10936921724569970, 18.00000000000000000 ) ) ;
#2031 = VERTEX_POINT ( 'NONE', #2033 ) ;
#2032 = AXIS2_PLACEMENT_3D ( 'NONE', #5377, #3314, #956 ) ;
#2033 = CARTESIAN_POINT ( 'NONE',  ( -20.65508989364223069, 12.94248378347676542, 0.5000000000000004441 ) ) ;
#2034 = CARTESIAN_POINT ( 'NONE',  ( 0.8363640896100418276, 24.21517551389665002, 18.36113832892224096 ) ) ;
#2035 = CARTESIAN_POINT ( 'NONE',  ( 21.07878404530670124, 13.20797063031729657, 0.000000000000000000 ) ) ;
#2036 = ORIENTED_EDGE ( 'NONE', *, *, #4850, .T. ) ;
#2037 = ORIENTED_EDGE ( 'NONE', *, *, #97, .T. ) ;
#2038 = CARTESIAN_POINT ( 'NONE',  ( 12.90842573850842889, -20.38586971748151555, 18.44970012376541391 ) ) ;
#2039 = ORIENTED_EDGE ( 'NONE', *, *, #3196, .T. ) ;
#2040 = CARTESIAN_POINT ( 'NONE',  ( 10.99055137102643975, -21.19489102498121014, 18.50000000000000000 ) ) ;
#2041 = CIRCLE ( 'NONE', #4302, 0.7000000000000027311 ) ;
#2042 =( BOUNDED_CURVE ( )  B_SPLINE_CURVE ( 3, ( #5800, #1382, #1415, #6347 ),
 .UNSPECIFIED., .F., .F. ) 
 B_SPLINE_CURVE_WITH_KNOTS ( ( 4, 4 ),
 ( 2.316954221185127505, 3.966231085994452066 ),
 .UNSPECIFIED. ) 
 CURVE ( )  GEOMETRIC_REPRESENTATION_ITEM ( )  RATIONAL_B_SPLINE_CURVE ( ( 1.000000000000000000, 0.7858816732927219606, 0.7858816732927219606, 1.000000000000000000 ) ) 
 REPRESENTATION_ITEM ( '' )  );
#2043 = CARTESIAN_POINT ( 'NONE',  ( -21.30380527266681767, 11.51504582286058742, 18.07330398227686175 ) ) ;
#2044 = CARTESIAN_POINT ( 'NONE',  ( 0.000000000000000000, 0.000000000000000000, 18.00000000000000000 ) ) ;
#2045 = ORIENTED_EDGE ( 'NONE', *, *, #5856, .F. ) ;
#2046 = CARTESIAN_POINT ( 'NONE',  ( 20.24402363218237255, -12.88508917693676992, 18.49999999999999645 ) ) ;
#2047 = CARTESIAN_POINT ( 'NONE',  ( 24.35907445708377139, -0.8809747977378912243, 18.50000000000000000 ) ) ;
#2048 = CARTESIAN_POINT ( 'NONE',  ( 20.11554220139741389, 12.86003837256327920, 18.50000000000000000 ) ) ;
#2049 = DIRECTION ( 'NONE',  ( 0.000000000000000000, 0.000000000000000000, 1.000000000000000000 ) ) ;
#2050 = VERTEX_POINT ( 'NONE', #5966 ) ;
#2051 = FACE_OUTER_BOUND ( 'NONE', #4932, .T. ) ;
#2052 = EDGE_CURVE ( 'NONE', #6324, #4811, #1155, .T. ) ;
#2053 = ADVANCED_FACE ( 'NONE', ( #678 ), #3962, .F. ) ;
#2054 = ADVANCED_FACE ( 'NONE', ( #1676 ), #1406, .T. ) ;
#2055 = ORIENTED_EDGE ( 'NONE', *, *, #1570, .T. ) ;
#2056 = CARTESIAN_POINT ( 'NONE',  ( 21.10936921724570325, 12.18749999999998579, 0.000000000000000000 ) ) ;
#2057 = CARTESIAN_POINT ( 'NONE',  ( 0.9907205764662736502, -23.94708819548012357, 18.50000000000000000 ) ) ;
#2058 = EDGE_LOOP ( 'NONE', ( #5118, #5556, #148, #201 ) ) ;
#2059 = DIRECTION ( 'NONE',  ( 1.000000000000000000, 0.000000000000000000, 0.000000000000000000 ) ) ;
#2060 = EDGE_CURVE ( 'NONE', #4837, #4760, #693, .T. ) ;
#2061 = CARTESIAN_POINT ( 'NONE',  ( -21.10936921724568194, 12.18750000000002132, 0.5000000000000004441 ) ) ;
#2062 = ORIENTED_EDGE ( 'NONE', *, *, #99, .F. ) ;
#2063 = CARTESIAN_POINT ( 'NONE',  ( 20.48561223297641831, -12.83628904474054977, 18.00000000000000000 ) ) ;
#2064 = CARTESIAN_POINT ( 'NONE',  ( 0.000000000000000000, 0.000000000000000000, 18.00000000000000000 ) ) ;
#2065 = VERTEX_POINT ( 'NONE', #3766 ) ;
#2066 = VERTEX_POINT ( 'NONE', #5224 ) ;
#2067 = CARTESIAN_POINT ( 'NONE',  ( 11.32291608346458212, -21.35935851955342457, 0.000000000000000000 ) ) ;
#2068 = VERTEX_POINT ( 'NONE', #4673 ) ;
#2069 = EDGE_CURVE ( 'NONE', #1625, #2545, #1307, .T. ) ;
#2070 = FACE_OUTER_BOUND ( 'NONE', #4672, .T. ) ;
#2071 = DIRECTION ( 'NONE',  ( 1.000000000000000000, 0.000000000000000000, 0.000000000000000000 ) ) ;
#2072 = CARTESIAN_POINT ( 'NONE',  ( 11.24204889892402903, 21.26443907219758955, 18.45554554181470408 ) ) ;
#2073 = ORIENTED_EDGE ( 'NONE', *, *, #6059, .T. ) ;
#2074 = CARTESIAN_POINT ( 'NONE',  ( 0.000000000000000000, 0.000000000000000000, 18.50000000000000000 ) ) ;
#2075 = EDGE_CURVE ( 'NONE', #5762, #4257, #3576, .T. ) ;
#2076 = CARTESIAN_POINT ( 'NONE',  ( -11.11555491046835620, -21.23414701218551670, 18.50000000000000000 ) ) ;
#2077 = CIRCLE ( 'NONE', #1352, 24.87500000000000000 ) ;
#2078 = DIRECTION ( 'NONE',  ( 1.000000000000000000, -8.673617379884087537E-15, 0.000000000000000000 ) ) ;
#2079 = CARTESIAN_POINT ( 'NONE',  ( 0.000000000000000000, 0.000000000000000000, 18.00000000000000000 ) ) ;
#2080 = TOROIDAL_SURFACE ( 'NONE', #5374, 0.2000000000000003164, 0.5000000000000000000 ) ;
#2081 = AXIS2_PLACEMENT_3D ( 'NONE', #2889, #4848, #2403 ) ;
#2082 = TOROIDAL_SURFACE ( 'NONE', #4547, 0.2000000000000015099, 0.5000000000000000000 ) ;
#2083 = ORIENTED_EDGE ( 'NONE', *, *, #2006, .F. ) ;
#2084 = EDGE_CURVE ( 'NONE', #963, #1457, #3164, .T. ) ;
#2085 = AXIS2_PLACEMENT_3D ( 'NONE', #1237, #5177, #4209 ) ;
#2086 = CARTESIAN_POINT ( 'NONE',  ( -12.69211370146485862, 20.62422489614739973, 18.00000000000000000 ) ) ;
#2087 = CARTESIAN_POINT ( 'NONE',  ( 0.000000000000000000, 0.000000000000000000, 18.00000000000000000 ) ) ;
#2088 = DIRECTION ( 'NONE',  ( -1.000000000000000000, 0.000000000000000000, 0.000000000000000000 ) ) ;
#2089 = ORIENTED_EDGE ( 'NONE', *, *, #1230, .T. ) ;
#2090 = AXIS2_PLACEMENT_3D ( 'NONE', #2113, #3052, #1662 ) ;
#2091 = DIRECTION ( 'NONE',  ( 0.000000000000000000, 0.000000000000000000, 1.000000000000000000 ) ) ;
#2092 = AXIS2_PLACEMENT_3D ( 'NONE', #5557, #4620, #1591 ) ;
#2093 = AXIS2_PLACEMENT_3D ( 'NONE', #5597, #6081, #200 ) ;
#2094 = DIRECTION ( 'NONE',  ( 1.000000000000000000, 0.000000000000000000, 0.000000000000000000 ) ) ;
#2095 = VERTEX_POINT ( 'NONE', #826 ) ;
#2096 = CARTESIAN_POINT ( 'NONE',  ( -11.56019121964591001, 21.45993988965212296, 17.99999999999999645 ) ) ;
#2097 = CARTESIAN_POINT ( 'NONE',  ( 0.9905909376774552078, 24.09730958633740272, 18.45554555356750370 ) ) ;
#2098 = EDGE_CURVE ( 'NONE', #2068, #1372, #5936, .T. ) ;
#2099 = DIRECTION ( 'NONE',  ( 0.000000000000000000, 0.000000000000000000, 1.000000000000000000 ) ) ;
#2100 = ORIENTED_EDGE ( 'NONE', *, *, #174, .F. ) ;
#2101 = CIRCLE ( 'NONE', #5805, 0.5000000000000004441 ) ;
#2102 = CARTESIAN_POINT ( 'NONE',  ( -24.36494871794872097, -0.7185506760068482990, 18.00000000000000000 ) ) ;
#2103 = EDGE_LOOP ( 'NONE', ( #2268, #6018, #5215, #666 ) ) ;
#2104 = CARTESIAN_POINT ( 'NONE',  ( -21.10936921724570681, -12.18749999999998046, 0.000000000000000000 ) ) ;
#2105 = VECTOR ( 'NONE', #127, 1000.000000000000000 ) ;
#2106 = DIRECTION ( 'NONE',  ( 1.000000000000000000, 0.000000000000000000, 0.000000000000000000 ) ) ;
#2107 = CARTESIAN_POINT ( 'NONE',  ( 11.11555491046825850, 21.23414701218558776, 18.50000000000000000 ) ) ;
#2108 = ORIENTED_EDGE ( 'NONE', *, *, #1966, .T. ) ;
#2109 = B_SPLINE_CURVE_WITH_KNOTS ( 'NONE', 3,
 ( #1526, #2466, #2500, #1, #4362, #4885 ),
 .UNSPECIFIED., .F., .F.,
 ( 4, 2, 4 ),
 ( 0.000000000000000000, 0.0004085462650294608084, 0.0008170925300589216168 ),
 .UNSPECIFIED. ) ;
#2110 = CARTESIAN_POINT ( 'NONE',  ( 36.93547336777956502, -0.2119700702521569169, 11.11957279583420011 ) ) ;
#2111 = DIRECTION ( 'NONE',  ( 0.7071067811865474617, 0.7071067811865475727, -0.000000000000000000 ) ) ;
#2112 = EDGE_LOOP ( 'NONE', ( #1949, #87, #2700, #4585 ) ) ;
#2113 = CARTESIAN_POINT ( 'NONE',  ( -11.65077714896308514, -21.97783012094687649, 0.5000000000000000000 ) ) ;
#2114 = AXIS2_PLACEMENT_3D ( 'NONE', #2402, #2465, #4884 ) ;
#2115 = ORIENTED_EDGE ( 'NONE', *, *, #497, .F. ) ;
#2116 = AXIS2_PLACEMENT_3D ( 'NONE', #5818, #1402, #3914 ) ;
#2117 = CARTESIAN_POINT ( 'NONE',  ( -1.036802741138515671, 23.97438332874196831, 18.50000000000000355 ) ) ;
#2118 = DIRECTION ( 'NONE',  ( 0.000000000000000000, 0.000000000000000000, 1.000000000000000000 ) ) ;
#2119 = CARTESIAN_POINT ( 'NONE',  ( 1.036802741138436401, -23.97438332874181199, 18.50000000000000000 ) ) ;
#2120 = ORIENTED_EDGE ( 'NONE', *, *, #1290, .T. ) ;
#2121 = EDGE_CURVE ( 'NONE', #3191, #707, #2472, .T. ) ;
#2122 = DIRECTION ( 'NONE',  ( 0.000000000000000000, 0.000000000000000000, 1.000000000000000000 ) ) ;
#2123 = EDGE_CURVE ( 'NONE', #335, #2095, #1203, .T. ) ;
#2124 = AXIS2_PLACEMENT_3D ( 'NONE', #2234, #3172, #6169 ) ;
#2125 = EDGE_LOOP ( 'NONE', ( #2839, #3961, #3831, #1460 ) ) ;
#2126 = CARTESIAN_POINT ( 'NONE',  ( 24.15920512820513011, 0.8737462865769590747, 18.50000000000000000 ) ) ;
#2127 = ORIENTED_EDGE ( 'NONE', *, *, #5451, .T. ) ;
#2128 = CARTESIAN_POINT ( 'NONE',  ( -11.40134118055110157, 21.52511365561562329, 18.14610353506306950 ) ) ;
#2129 = AXIS2_PLACEMENT_3D ( 'NONE', #4194, #3192, #6190 ) ;
#2130 = CARTESIAN_POINT ( 'NONE',  ( -24.17499999999999716, 2.704757084947590219E-14, 0.5000000000000004441 ) ) ;
#2131 = FACE_OUTER_BOUND ( 'NONE', #2772, .T. ) ;
#2132 = ADVANCED_FACE ( 'NONE', ( #3287 ), #4800, .F. ) ;
#2133 = DIRECTION ( 'NONE',  ( 0.7208767163783378340, 0.6930633158547532258, 0.000000000000000000 ) ) ;
#2134 = EDGE_CURVE ( 'NONE', #1756, #419, #582, .T. ) ;
#2135 = AXIS2_PLACEMENT_3D ( 'NONE', #3153, #3249, #5730 ) ;
#2136 = CARTESIAN_POINT ( 'NONE',  ( -23.97438332874177647, -1.036802741138327599, 18.50000000000000000 ) ) ;
#2137 = VERTEX_POINT ( 'NONE', #4249 ) ;
#2138 = DIRECTION ( 'NONE',  ( -0.000000000000000000, -0.000000000000000000, -1.000000000000000000 ) ) ;
#2139 = CARTESIAN_POINT ( 'NONE',  ( 36.51585050121336451, 1.550954018078696039, 5.280885152065187604 ) ) ;
#2140 = CARTESIAN_POINT ( 'NONE',  ( -21.44802677397299817, 11.52861301695567597, 18.17948586170156133 ) ) ;
#2141 = CIRCLE ( 'NONE', #6355, 0.2000000000000022593 ) ;
#2142 = CARTESIAN_POINT ( 'NONE',  ( 11.56019121964594731, 21.45993988965210875, 17.99999999999999645 ) ) ;
#2143 = ORIENTED_EDGE ( 'NONE', *, *, #936, .T. ) ;
#2144 = CARTESIAN_POINT ( 'NONE',  ( -26.12500000000000355, 3.199389762772460479E-15, -0.5000000000000000000 ) ) ;
#2145 = LINE ( 'NONE', #562, #1916 ) ;
#2146 = AXIS2_PLACEMENT_3D ( 'NONE', #1813, #5256, #4229 ) ;
#2147 = CARTESIAN_POINT ( 'NONE',  ( 20.55277510732812729, 12.83190030536356652, 18.36113832892223741 ) ) ;
#2148 = ORIENTED_EDGE ( 'NONE', *, *, #474, .F. ) ;
#2149 = DIRECTION ( 'NONE',  ( 1.000000000000000000, 0.000000000000000000, 0.000000000000000000 ) ) ;
#2150 = ORIENTED_EDGE ( 'NONE', *, *, #2762, .T. ) ;
#2151 = CARTESIAN_POINT ( 'NONE',  ( 1.079348823583825334, 23.85058974358974382, 18.50000000000000000 ) ) ;
#2152 = DIRECTION ( 'NONE',  ( -0.000000000000000000, -0.000000000000000000, -1.000000000000000000 ) ) ;
#2153 = ORIENTED_EDGE ( 'NONE', *, *, #2455, .T. ) ;
#2154 = CARTESIAN_POINT ( 'NONE',  ( 11.08929415181375155, -21.28082637334689764, 18.49999999999999645 ) ) ;
#2155 = ORIENTED_EDGE ( 'NONE', *, *, #1112, .T. ) ;
#2156 = EDGE_CURVE ( 'NONE', #5002, #2065, #5131, .T. ) ;
#2157 = FACE_OUTER_BOUND ( 'NONE', #2312, .T. ) ;
#2158 = VERTEX_POINT ( 'NONE', #2708 ) ;
#2159 = DIRECTION ( 'NONE',  ( -0.000000000000000000, -0.000000000000000000, -1.000000000000000000 ) ) ;
#2160 = CARTESIAN_POINT ( 'NONE',  ( -20.57249578602652562, -12.93334658614964994, 18.27208253284840112 ) ) ;
#2161 = CARTESIAN_POINT ( 'NONE',  ( -12.83628904474054799, -20.48561223297643963, 0.000000000000000000 ) ) ;
#2162 = EDGE_LOOP ( 'NONE', ( #3438, #1502, #3090, #46 ) ) ;
#2163 = LINE ( 'NONE', #4641, #3724 ) ;
#2164 = ORIENTED_EDGE ( 'NONE', *, *, #5756, .F. ) ;
#2165 = DIRECTION ( 'NONE',  ( -0.000000000000000000, -0.000000000000000000, -1.000000000000000000 ) ) ;
#2166 = EDGE_CURVE ( 'NONE', #1383, #5728, #59, .T. ) ;
#2167 = CARTESIAN_POINT ( 'NONE',  ( -0.1941658414615649864, -24.32704558404558881, 0.000000000000000000 ) ) ;
#2168 = DIRECTION ( 'NONE',  ( -0.8835308591335441220, 0.4683729507120810154, 0.000000000000000000 ) ) ;
#2169 = ORIENTED_EDGE ( 'NONE', *, *, #4139, .T. ) ;
#2170 = CARTESIAN_POINT ( 'NONE',  ( 12.18750000000001776, 21.10936921724568194, 0.5000000000000004441 ) ) ;
#2171 = DIRECTION ( 'NONE',  ( 1.000000000000000000, 0.000000000000000000, 0.000000000000000000 ) ) ;
#2172 = CARTESIAN_POINT ( 'NONE',  ( 20.52776745544108650, 12.92790769136944107, 18.32606194987855019 ) ) ;
#2173 = DIRECTION ( 'NONE',  ( 0.000000000000000000, -1.000000000000000000, 0.000000000000000000 ) ) ;
#2174 = EDGE_CURVE ( 'NONE', #399, #6348, #5835, .T. ) ;
#2175 = EDGE_LOOP ( 'NONE', ( #6206, #512, #792, #3706 ) ) ;
#2176 = AXIS2_PLACEMENT_3D ( 'NONE', #1022, #6026, #1998 ) ;
#2177 = DIRECTION ( 'NONE',  ( -0.000000000000000000, -0.000000000000000000, -1.000000000000000000 ) ) ;
#2178 = ORIENTED_EDGE ( 'NONE', *, *, #5248, .F. ) ;
#2179 = CIRCLE ( 'NONE', #4956, 0.7000000000000027311 ) ;
#2180 = DIRECTION ( 'NONE',  ( -0.000000000000000000, -0.000000000000000000, -1.000000000000000000 ) ) ;
#2181 = ORIENTED_EDGE ( 'NONE', *, *, #3412, .T. ) ;
#2182 = DIRECTION ( 'NONE',  ( 1.000000000000000000, 0.000000000000000000, 0.000000000000000000 ) ) ;
#2183 = CIRCLE ( 'NONE', #3929, 0.7000000000000005107 ) ;
#2184 = VECTOR ( 'NONE', #1889, 1000.000000000000000 ) ;
#2185 = ORIENTED_EDGE ( 'NONE', *, *, #497, .T. ) ;
#2186 = DIRECTION ( 'NONE',  ( 1.000000000000000000, 0.000000000000000000, 0.000000000000000000 ) ) ;
#2187 = EDGE_LOOP ( 'NONE', ( #2948, #4504, #3713, #2178 ) ) ;
#2188 = CARTESIAN_POINT ( 'NONE',  ( 1.079348823583771599, -23.85058974358974382, 18.50000000000000000 ) ) ;
#2189 = AXIS2_PLACEMENT_3D ( 'NONE', #2010, #5940, #3496 ) ;
#2190 = CARTESIAN_POINT ( 'NONE',  ( -2.854010913593674154E-14, -24.37500000000000000, 18.00000000000000000 ) ) ;
#2191 = TOROIDAL_SURFACE ( 'NONE', #846, 23.87499999999999645, 0.5000000000000000000 ) ;
#2192 = VECTOR ( 'NONE', #2361, 1000.000000000000000 ) ;
#2193 = DIRECTION ( 'NONE',  ( 0.000000000000000000, 0.000000000000000000, 1.000000000000000000 ) ) ;
#2194 = EDGE_CURVE ( 'NONE', #6022, #5153, #888, .T. ) ;
#2195 = CARTESIAN_POINT ( 'NONE',  ( 12.33167534327568404, -20.97075655407477868, 0.5000000000000000000 ) ) ;
#2196 = AXIS2_PLACEMENT_3D ( 'NONE', #2477, #5892, #5057 ) ;
#2197 = AXIS2_PLACEMENT_3D ( 'NONE', #3411, #1468, #4952 ) ;
#2198 = CARTESIAN_POINT ( 'NONE',  ( -24.37500000000000000, 2.704757084947590219E-14, 18.00000000000000000 ) ) ;
#2199 = VERTEX_POINT ( 'NONE', #5251 ) ;
#2200 = CARTESIAN_POINT ( 'NONE',  ( 0.000000000000000000, 0.000000000000000000, 0.5000000000000004441 ) ) ;
#2201 = CARTESIAN_POINT ( 'NONE',  ( -21.35935851955341391, 11.32291608346460166, 18.50000000000000000 ) ) ;
#2202 = FACE_OUTER_BOUND ( 'NONE', #3791, .T. ) ;
#2203 = AXIS2_PLACEMENT_3D ( 'NONE', #761, #1761, #5690 ) ;
#2204 = CARTESIAN_POINT ( 'NONE',  ( -0.8809747977379261963, -24.35907445708376429, 18.00000000000000000 ) ) ;
#2205 = ORIENTED_EDGE ( 'NONE', *, *, #1175, .F. ) ;
#2206 = ADVANCED_FACE ( 'NONE', ( #2801 ), #6093, .T. ) ;
#2207 = EDGE_CURVE ( 'NONE', #6188, #1143, #3374, .T. ) ;
#2208 = CIRCLE ( 'NONE', #3242, 0.7000000000000027311 ) ;
#2209 = CARTESIAN_POINT ( 'NONE',  ( 21.30380527266652635, 11.51504582286046130, 18.07330398227675516 ) ) ;
#2210 = CARTESIAN_POINT ( 'NONE',  ( 20.68561223297644247, -12.83628904474055865, 0.5000000000000004441 ) ) ;
#2211 = CARTESIAN_POINT ( 'NONE',  ( 11.20046818432464519, -21.37195947115397487, 18.44970012376541391 ) ) ;
#2212 = DIRECTION ( 'NONE',  ( 0.000000000000000000, 0.000000000000000000, 1.000000000000000000 ) ) ;
#2213 = AXIS2_PLACEMENT_3D ( 'NONE', #283, #5860, #3797 ) ;
#2214 =( BOUNDED_SURFACE ( )  B_SPLINE_SURFACE ( 3, 2, ( 
 ( #1785, #3750, #2204 ),
 ( #5718, #2297, #4349 ),
 ( #1842, #2327, #2972 ),
 ( #381, #5390, #4868 ),
 ( #1908, #6353, #4289 ),
 ( #4806, #871, #905 ),
 ( #3396, #4904, #6286 ),
 ( #2356, #3805, #3870 ) ),
 .UNSPECIFIED., .F., .F., .T. ) 
 B_SPLINE_SURFACE_WITH_KNOTS ( ( 4, 2, 2, 4 ),
 ( 3, 3 ),
 ( 0.000000000000000000, 0.0001311096522626869175, 0.0002622193045253738350, 0.0005244386090507476700 ),
 ( 0.000000000000000000, 1.000000000000000000 ),
 .UNSPECIFIED. ) 
 GEOMETRIC_REPRESENTATION_ITEM ( )  RATIONAL_B_SPLINE_SURFACE ( (
 ( 1.000000000000000000, 0.7760564330438676217, 1.000000000000000000),
 ( 1.000000000000000000, 0.7754047934804300102, 1.000000000000000000),
 ( 1.000000000000000000, 0.7971915883077657083, 1.000000000000000000),
 ( 1.000000000000000000, 0.8534865031516351008, 1.000000000000000000),
 ( 1.000000000000000000, 0.8868869947387990615, 1.000000000000000000),
 ( 1.000000000000000000, 0.9695438062022951886, 1.000000000000000000),
 ( 1.000000000000000000, 1.001548216897336419, 1.000000000000000000),
 ( 1.000000000000000000, 1.000000000000000000, 1.000000000000000000) ) ) 
 REPRESENTATION_ITEM ( '' )  SURFACE ( )  );
#2215 = EDGE_CURVE ( 'NONE', #3304, #5308, #4704, .T. ) ;
#2216 = EDGE_LOOP ( 'NONE', ( #770, #5542, #2568, #2150 ) ) ;
#2217 = EDGE_CURVE ( 'NONE', #3935, #5552, #5225, .T. ) ;
#2218 = DIRECTION ( 'NONE',  ( 1.000000000000000000, 0.000000000000000000, 0.000000000000000000 ) ) ;
#2219 = CARTESIAN_POINT ( 'NONE',  ( 12.90842573850846797, 20.38586971748149779, 18.44970012376541746 ) ) ;
#2220 = VERTEX_POINT ( 'NONE', #4793 ) ;
#2221 = CARTESIAN_POINT ( 'NONE',  ( 11.24204889892367731, -21.26443907219761087, 18.45554554181499185 ) ) ;
#2222 = AXIS2_PLACEMENT_3D ( 'NONE', #1379, #2374, #4894 ) ;
#2223 = ORIENTED_EDGE ( 'NONE', *, *, #5280, .T. ) ;
#2224 = CARTESIAN_POINT ( 'NONE',  ( -20.24754637904258558, -12.83056251991491337, 18.50000000000000355 ) ) ;
#2225 = ORIENTED_EDGE ( 'NONE', *, *, #4457, .T. ) ;
#2226 = CARTESIAN_POINT ( 'NONE',  ( 0.8809747977378644679, -24.35907445708376429, 18.00000000000000000 ) ) ;
#2227 = CYLINDRICAL_SURFACE ( 'NONE', #3358, 0.2000000000000022593 ) ;
#2228 = CIRCLE ( 'NONE', #3865, 0.7000000000000027311 ) ;
#2229 = CARTESIAN_POINT ( 'NONE',  ( 24.15920512820513366, -0.8737462865769658471, 0.000000000000000000 ) ) ;
#2230 = DIRECTION ( 'NONE',  ( 1.000000000000000000, 0.000000000000000000, 0.000000000000000000 ) ) ;
#2231 = CARTESIAN_POINT ( 'NONE',  ( 36.06244584051393076, -2.121320343559636612, 19.24999999999998934 ) ) ;
#2232 = EDGE_LOOP ( 'NONE', ( #4783, #482, #4864, #3786 ) ) ;
#2233 = AXIS2_PLACEMENT_3D ( 'NONE', #377, #5326, #443 ) ;
#2234 = CARTESIAN_POINT ( 'NONE',  ( -21.10936921724570681, -12.18749999999998046, 0.000000000000000000 ) ) ;
#2235 = CARTESIAN_POINT ( 'NONE',  ( -11.25378883326027157, -21.26694261329553726, 18.45003803226556727 ) ) ;
#2236 = CARTESIAN_POINT ( 'NONE',  ( -12.81022953883160120, 20.70808513007002105, 18.17948586170172476 ) ) ;
#2237 = CARTESIAN_POINT ( 'NONE',  ( 11.48750000000001670, 21.10936921724568194, 0.5000000000000004441 ) ) ;
#2238 = VERTEX_POINT ( 'NONE', #1378 ) ;
#2239 = AXIS2_PLACEMENT_3D ( 'NONE', #281, #2159, #248 ) ;
#2240 = DIRECTION ( 'NONE',  ( 1.000000000000000000, 1.734723475976817507E-14, 0.000000000000000000 ) ) ;
#2241 = EDGE_CURVE ( 'NONE', #1372, #193, #3269, .T. ) ;
#2242 = LINE ( 'NONE', #1820, #5383 ) ;
#2243 = CARTESIAN_POINT ( 'NONE',  ( -0.8809747977379147610, -24.35907445708377494, 18.00000000000000000 ) ) ;
#2244 = CARTESIAN_POINT ( 'NONE',  ( 21.23414701218553802, -11.11555491046838462, 18.50000000000000000 ) ) ;
#2245 = ORIENTED_EDGE ( 'NONE', *, *, #6352, .T. ) ;
#2246 = CIRCLE ( 'NONE', #3692, 0.7000000000000096145 ) ;
#2247 = CARTESIAN_POINT ( 'NONE',  ( 11.36222867470623221, 21.49734935198254249, 18.26995843408191433 ) ) ;
#2248 = EDGE_CURVE ( 'NONE', #442, #1066, #477, .T. ) ;
#2249 = VERTEX_POINT ( 'NONE', #468 ) ;
#2250 = EDGE_CURVE ( 'NONE', #5480, #1707, #435, .T. ) ;
#2251 = DIRECTION ( 'NONE',  ( -1.000000000000000000, 0.000000000000000000, 0.000000000000000000 ) ) ;
#2252 = EDGE_CURVE ( 'NONE', #3498, #2769, #4593, .T. ) ;
#2253 = VERTEX_POINT ( 'NONE', #2346 ) ;
#2254 = CARTESIAN_POINT ( 'NONE',  ( 11.48749999999998472, -21.10936921724569970, 18.00000000000000000 ) ) ;
#2255 = ORIENTED_EDGE ( 'NONE', *, *, #1331, .T. ) ;
#2256 = VERTEX_POINT ( 'NONE', #4827 ) ;
#2257 = DIRECTION ( 'NONE',  ( 1.000000000000000000, 0.000000000000000000, 0.000000000000000000 ) ) ;
#2258 = DIRECTION ( 'NONE',  ( 0.000000000000000000, 0.000000000000000000, 1.000000000000000000 ) ) ;
#2259 = CARTESIAN_POINT ( 'NONE',  ( 11.41659067360699709, -21.53606469138012969, 18.50000000000000000 ) ) ;
#2260 = EDGE_CURVE ( 'NONE', #4737, #2632, #1623, .T. ) ;
#2261 = DIRECTION ( 'NONE',  ( 1.000000000000000000, 0.000000000000000000, 0.000000000000000000 ) ) ;
#2262 = CARTESIAN_POINT ( 'NONE',  ( 19.09188309203678813, 19.09188309203678102, 19.24999999999998934 ) ) ;
#2263 = ORIENTED_EDGE ( 'NONE', *, *, #5514, .T. ) ;
#2264 = DIRECTION ( 'NONE',  ( 0.2777658914530146128, -0.9606487961504517337, 0.000000000000000000 ) ) ;
#2265 = CARTESIAN_POINT ( 'NONE',  ( -24.36494871794871742, 0.7185506760068970378, 18.00000000000000000 ) ) ;
#2266 = CARTESIAN_POINT ( 'NONE',  ( 21.10936921724568904, -12.18750000000000888, 18.00000000000000000 ) ) ;
#2267 = CARTESIAN_POINT ( 'NONE',  ( 12.18750000000001776, 21.10936921724568194, 0.000000000000000000 ) ) ;
#2268 = ORIENTED_EDGE ( 'NONE', *, *, #4480, .T. ) ;
#2269 = FACE_OUTER_BOUND ( 'NONE', #3562, .T. ) ;
#2270 = ORIENTED_EDGE ( 'NONE', *, *, #4830, .T. ) ;
#2271 = DIRECTION ( 'NONE',  ( -0.000000000000000000, -0.000000000000000000, -1.000000000000000000 ) ) ;
#2272 = DIRECTION ( 'NONE',  ( 0.000000000000000000, 0.000000000000000000, 1.000000000000000000 ) ) ;
#2273 = CARTESIAN_POINT ( 'NONE',  ( 20.65508989364222359, -12.94248378347678852, 18.00000000000000000 ) ) ;
#2274 = ORIENTED_EDGE ( 'NONE', *, *, #298, .F. ) ;
#2275 = ADVANCED_FACE ( 'NONE', ( #6372 ), #4497, .T. ) ;
#2276 = CARTESIAN_POINT ( 'NONE',  ( 23.85058974358974382, 1.079348823583776262, 18.50000000000000000 ) ) ;
#2277 = CARTESIAN_POINT ( 'NONE',  ( 21.10936921724568904, -12.18750000000000888, 18.50000000000000000 ) ) ;
#2278 = EDGE_LOOP ( 'NONE', ( #3218, #285, #2292, #339 ) ) ;
#2279 = EDGE_CURVE ( 'NONE', #1911, #2863, #4912, .T. ) ;
#2280 = ADVANCED_FACE ( 'NONE', ( #4308 ), #1957, .F. ) ;
#2281 = ORIENTED_EDGE ( 'NONE', *, *, #4522, .T. ) ;
#2282 = ORIENTED_EDGE ( 'NONE', *, *, #2946, .T. ) ;
#2283 = AXIS2_PLACEMENT_3D ( 'NONE', #5710, #2776, #3290 ) ;
#2284 = B_SPLINE_CURVE_WITH_KNOTS ( 'NONE', 3,
 ( #5486, #1060, #5968, #1644, #3613, #2004 ),
 .UNSPECIFIED., .F., .F.,
 ( 4, 2, 4 ),
 ( -4.614725267127243315E-06, 0.0004052027286208617391, 0.0008150201825088506562 ),
 .UNSPECIFIED. ) ;
#2285 = DIRECTION ( 'NONE',  ( -1.000000000000000000, 0.000000000000000000, 0.000000000000000000 ) ) ;
#2286 = DIRECTION ( 'NONE',  ( -0.000000000000000000, -0.000000000000000000, -1.000000000000000000 ) ) ;
#2287 = AXIS2_PLACEMENT_3D ( 'NONE', #6177, #6146, #5724 ) ;
#2288 = CARTESIAN_POINT ( 'NONE',  ( 26.12500000000000355, 0.000000000000000000, -5.000000000000000000 ) ) ;
#2289 = CARTESIAN_POINT ( 'NONE',  ( 21.35935851955341747, 11.32291608346458389, 18.00000000000000000 ) ) ;
#2290 = TOROIDAL_SURFACE ( 'NONE', #1361, 0.2000000000000015099, 0.5000000000000000000 ) ;
#2291 = DIRECTION ( 'NONE',  ( 1.000000000000000000, 0.000000000000000000, 0.000000000000000000 ) ) ;
#2292 = ORIENTED_EDGE ( 'NONE', *, *, #6165, .T. ) ;
#2293 = EDGE_CURVE ( 'NONE', #4067, #5971, #5013, .T. ) ;
#2294 = CARTESIAN_POINT ( 'NONE',  ( 21.19489102498121014, 10.99055137102643975, 18.50000000000000000 ) ) ;
#2295 = DIRECTION ( 'NONE',  ( 1.000000000000000000, 0.000000000000000000, 0.000000000000000000 ) ) ;
#2296 = B_SPLINE_CURVE_WITH_KNOTS ( 'NONE', 3,
 ( #2468, #3659, #721, #5622, #5466, #1130, #5409, #522, #2139, #3445, #4102, #3 ),
 .UNSPECIFIED., .F., .F.,
 ( 4, 2, 2, 2, 2, 4 ),
 ( 0.002524942468535556345, 0.002839382259057915414, 0.003153822049580274917, 0.003782701630624992623, 0.004411581211669710761, 0.005040460792714428900 ),
 .UNSPECIFIED. ) ;
#2297 = CARTESIAN_POINT ( 'NONE',  ( -0.7185509287937391631, -24.36494840769795545, 18.09393492550582039 ) ) ;
#2298 = VERTEX_POINT ( 'NONE', #5318 ) ;
#2299 = AXIS2_PLACEMENT_3D ( 'NONE', #2768, #4728, #1279 ) ;
#2300 = CARTESIAN_POINT ( 'NONE',  ( 23.95116608753799170, -0.9869050783667969728, 18.50000000000000000 ) ) ;
#2301 = ORIENTED_EDGE ( 'NONE', *, *, #460, .F. ) ;
#2302 = VECTOR ( 'NONE', #5093, 1000.000000000000000 ) ;
#2303 = CARTESIAN_POINT ( 'NONE',  ( 36.30451233784346954, -1.857105851599926138, 5.480082966482767048 ) ) ;
#2304 = AXIS2_PLACEMENT_3D ( 'NONE', #5305, #415, #1946 ) ;
#2305 = CARTESIAN_POINT ( 'NONE',  ( 11.36222867470620201, -21.49734935198255315, 18.26995843408191433 ) ) ;
#2306 = CARTESIAN_POINT ( 'NONE',  ( -24.20715954415955196, -0.6795804451154022763, 18.50000000000000000 ) ) ;
#2307 = AXIS2_PLACEMENT_3D ( 'NONE', #1103, #2532, #4618 ) ;
#2308 = VERTEX_POINT ( 'NONE', #6343 ) ;
#2309 = CARTESIAN_POINT ( 'NONE',  ( 0.000000000000000000, 0.000000000000000000, 18.50000000000000000 ) ) ;
#2310 = CIRCLE ( 'NONE', #5610, 23.87500000000000000 ) ;
#2311 = CARTESIAN_POINT ( 'NONE',  ( 21.10936921724568904, -12.18750000000000888, 0.5000000000000004441 ) ) ;
#2312 = EDGE_LOOP ( 'NONE', ( #3155, #4701, #5417, #1007 ) ) ;
#2313 = ORIENTED_EDGE ( 'NONE', *, *, #2166, .F. ) ;
#2314 = VERTEX_POINT ( 'NONE', #2866 ) ;
#2315 = DIRECTION ( 'NONE',  ( 1.000000000000000000, 0.000000000000000000, 0.000000000000000000 ) ) ;
#2316 = EDGE_CURVE ( 'NONE', #361, #4306, #3918, .T. ) ;
#2317 = DIRECTION ( 'NONE',  ( 1.000000000000000000, 0.000000000000000000, 0.000000000000000000 ) ) ;
#2318 = EDGE_CURVE ( 'NONE', #3729, #4444, #4199, .T. ) ;
#2319 = FACE_OUTER_BOUND ( 'NONE', #3654, .T. ) ;
#2320 = STYLED_ITEM ( 'NONE', ( #2834 ), #3318 ) ;
#2321 = DIRECTION ( 'NONE',  ( 1.000000000000000000, 0.000000000000000000, 0.000000000000000000 ) ) ;
#2322 = VERTEX_POINT ( 'NONE', #5415 ) ;
#2323 = DIRECTION ( 'NONE',  ( -0.000000000000000000, -0.000000000000000000, -1.000000000000000000 ) ) ;
#2324 = AXIS2_PLACEMENT_3D ( 'NONE', #5785, #4949, #2501 ) ;
#2325 = CARTESIAN_POINT ( 'NONE',  ( -23.94708819546156420, 0.9907205764461658459, 18.49999999999999645 ) ) ;
#2326 = EDGE_CURVE ( 'NONE', #114, #6188, #4809, .T. ) ;
#2327 = CARTESIAN_POINT ( 'NONE',  ( -0.7399416439029772308, -24.33884255578741929, 18.17948586170155423 ) ) ;
#2328 = EDGE_LOOP ( 'NONE', ( #2879, #734, #5525, #5878 ) ) ;
#2329 = EDGE_CURVE ( 'NONE', #3874, #840, #167, .T. ) ;
#2330 = EDGE_LOOP ( 'NONE', ( #3092, #4560, #5535, #2970 ) ) ;
#2331 = LINE ( 'NONE', #4745, #221 ) ;
#2332 = CARTESIAN_POINT ( 'NONE',  ( 21.53606469138011903, -11.41659067360700419, 18.13788111813277126 ) ) ;
#2333 = AXIS2_PLACEMENT_3D ( 'NONE', #1224, #772, #4732 ) ;
#2334 = DIRECTION ( 'NONE',  ( 0.000000000000000000, 0.000000000000000000, 1.000000000000000000 ) ) ;
#2335 = ORIENTED_EDGE ( 'NONE', *, *, #6236, .T. ) ;
#2336 = AXIS2_PLACEMENT_3D ( 'NONE', #2056, #1564, #5505 ) ;
#2337 = CARTESIAN_POINT ( 'NONE',  ( -20.11554220139741389, -12.86003837256326854, 18.50000000000000000 ) ) ;
#2338 = FACE_OUTER_BOUND ( 'NONE', #2996, .T. ) ;
#2339 = CARTESIAN_POINT ( 'NONE',  ( -11.51504584269467379, 21.30380534126281589, 18.00000000000000000 ) ) ;
#2340 = EDGE_LOOP ( 'NONE', ( #93, #2674, #1325, #2575 ) ) ;
#2341 = AXIS2_PLACEMENT_3D ( 'NONE', #2381, #5900, #2001 ) ;
#2342 = EDGE_CURVE ( 'NONE', #43, #4193, #1898, .T. ) ;
#2343 = VERTEX_POINT ( 'NONE', #5446 ) ;
#2344 = ORIENTED_EDGE ( 'NONE', *, *, #2565, .F. ) ;
#2345 = AXIS2_PLACEMENT_3D ( 'NONE', #5803, #3900, #1385 ) ;
#2346 = CARTESIAN_POINT ( 'NONE',  ( -12.94248378347673700, 20.65508989364223780, 0.5000000000000004441 ) ) ;
#2347 = CARTESIAN_POINT ( 'NONE',  ( 36.61103760544520469, 1.382207676064078239, 10.80953399999774867 ) ) ;
#2348 = CARTESIAN_POINT ( 'NONE',  ( -20.63640792737878016, 12.94062465483489177, 18.14610353506298424 ) ) ;
#2349 = ADVANCED_FACE ( 'NONE', ( #4499 ), #3883, .T. ) ;
#2350 = EDGE_CURVE ( 'NONE', #1617, #3076, #1587, .T. ) ;
#2351 = DIRECTION ( 'NONE',  ( 0.000000000000000000, 0.000000000000000000, 1.000000000000000000 ) ) ;
#2352 = ORIENTED_EDGE ( 'NONE', *, *, #3159, .T. ) ;
#2353 = DIRECTION ( 'NONE',  ( -0.000000000000000000, -0.000000000000000000, -1.000000000000000000 ) ) ;
#2354 = DIRECTION ( 'NONE',  ( -0.000000000000000000, -0.000000000000000000, -1.000000000000000000 ) ) ;
#2355 = CARTESIAN_POINT ( 'NONE',  ( -21.48685459256759955, -11.34963067687240645, 18.27208253284847927 ) ) ;
#2356 = CARTESIAN_POINT ( 'NONE',  ( -1.079348823583827999, -23.85058974358974382, 18.50000000000000000 ) ) ;
#2357 = EDGE_LOOP ( 'NONE', ( #2225, #4353, #2960, #4219, #1148, #4000 ) ) ;
#2358 = EDGE_CURVE ( 'NONE', #6160, #2563, #275, .T. ) ;
#2359 = CARTESIAN_POINT ( 'NONE',  ( 21.41187622437929505, 11.43817621292861553, 18.31245502271032422 ) ) ;
#2360 = VERTEX_POINT ( 'NONE', #4955 ) ;
#2361 = DIRECTION ( 'NONE',  ( -0.000000000000000000, -0.000000000000000000, -1.000000000000000000 ) ) ;
#2362 = CARTESIAN_POINT ( 'NONE',  ( -21.10936921724568194, 12.18750000000002132, 18.50000000000000000 ) ) ;
#2363 = DIRECTION ( 'NONE',  ( -0.000000000000000000, -0.000000000000000000, -1.000000000000000000 ) ) ;
#2364 = ORIENTED_EDGE ( 'NONE', *, *, #2123, .F. ) ;
#2365 = CARTESIAN_POINT ( 'NONE',  ( 0.000000000000000000, 0.000000000000000000, 18.50000000000000000 ) ) ;
#2366 = FACE_OUTER_BOUND ( 'NONE', #1044, .T. ) ;
#2367 = DIRECTION ( 'NONE',  ( 1.000000000000000000, 0.000000000000000000, 0.000000000000000000 ) ) ;
#2368 = ADVANCED_FACE ( 'NONE', ( #4562 ), #3478, .F. ) ;
#2369 = DIRECTION ( 'NONE',  ( -0.4683729507120837354, 0.8835308591335426787, 0.000000000000000000 ) ) ;
#2370 = DIRECTION ( 'NONE',  ( 1.000000000000000000, -8.673617379884087537E-15, 0.000000000000000000 ) ) ;
#2371 = ORIENTED_EDGE ( 'NONE', *, *, #4284, .F. ) ;
#2372 = ORIENTED_EDGE ( 'NONE', *, *, #368, .T. ) ;
#2373 = DIRECTION ( 'NONE',  ( -0.4683729507120837354, 0.8835308591335427897, 0.000000000000000000 ) ) ;
#2374 = DIRECTION ( 'NONE',  ( 1.224646799147353207E-16, 1.000000000000000000, -0.000000000000000000 ) ) ;
#2375 = CARTESIAN_POINT ( 'NONE',  ( -20.37769543858146548, 12.85027901411712747, 18.46587281468512032 ) ) ;
#2376 = AXIS2_PLACEMENT_3D ( 'NONE', #2198, #5138, #6167 ) ;
#2377 = CARTESIAN_POINT ( 'NONE',  ( 5.999999999999992006, 7.960204194457791533E-16, 19.50000000000000000 ) ) ;
#2378 = ORIENTED_EDGE ( 'NONE', *, *, #5953, .T. ) ;
#2379 = CARTESIAN_POINT ( 'NONE',  ( 11.99537024076992964, 21.16492239553629773, 0.000000000000000000 ) ) ;
#2380 = CIRCLE ( 'NONE', #1251, 0.7000000000000009548 ) ;
#2381 = CARTESIAN_POINT ( 'NONE',  ( -12.18749999999998401, 21.10936921724570325, 0.5000000000000004441 ) ) ;
#2382 = CARTESIAN_POINT ( 'NONE',  ( -23.67499999999999716, 2.704757084947590219E-14, 18.00000000000000000 ) ) ;
#2383 = AXIS2_PLACEMENT_3D ( 'NONE', #5571, #4635, #2186 ) ;
#2384 = CARTESIAN_POINT ( 'NONE',  ( 21.26694784793044946, -11.25381541919762896, 18.45002166485600625 ) ) ;
#2385 = ORIENTED_EDGE ( 'NONE', *, *, #1338, .T. ) ;
#2386 = TOROIDAL_SURFACE ( 'NONE', #5995, 24.87500000000000000, 0.5000000000000000000 ) ;
#2387 = B_SPLINE_CURVE_WITH_KNOTS ( 'NONE', 3,
 ( #5184, #1241, #6150, #2247, #5121, #1798 ),
 .UNSPECIFIED., .F., .F.,
 ( 4, 2, 4 ),
 ( -4.614011934006137266E-06, 0.0004081592208998345637, 0.0008209324537336753266 ),
 .UNSPECIFIED. ) ;
#2388 = TOROIDAL_SURFACE ( 'NONE', #5998, 23.87500000000000355, 0.5000000000000000000 ) ;
#2389 = CARTESIAN_POINT ( 'NONE',  ( 21.19489102498121014, 10.99055137102643975, 18.49999999999999645 ) ) ;
#2390 = VERTEX_POINT ( 'NONE', #1504 ) ;
#2391 = AXIS2_PLACEMENT_3D ( 'NONE', #1075, #6115, #660 ) ;
#2392 = CARTESIAN_POINT ( 'NONE',  ( 12.92790769136946061, 20.52776745544111137, 18.32606194987852177 ) ) ;
#2393 = DIRECTION ( 'NONE',  ( 1.000000000000000000, 0.000000000000000000, 0.000000000000000000 ) ) ;
#2394 = AXIS2_PLACEMENT_3D ( 'NONE', #4781, #4843, #5304 ) ;
#2395 = EDGE_CURVE ( 'NONE', #4248, #4444, #6050, .T. ) ;
#2396 = CARTESIAN_POINT ( 'NONE',  ( 0.8809747977379016604, 24.35907445708377139, 18.00000000000000000 ) ) ;
#2397 = CARTESIAN_POINT ( 'NONE',  ( 23.96049553897149664, -1.013914226511672734, 18.49991810954473692 ) ) ;
#2398 = ADVANCED_FACE ( 'NONE', ( #4990 ), #1762, .F. ) ;
#2399 = ORIENTED_EDGE ( 'NONE', *, *, #1603, .F. ) ;
#2400 = AXIS2_PLACEMENT_3D ( 'NONE', #5125, #1669, #3644 ) ;
#2401 = VECTOR ( 'NONE', #5952, 1000.000000000000000 ) ;
#2402 = CARTESIAN_POINT ( 'NONE',  ( -11.32291608346460521, -21.35935851955340681, 0.5000000000000004441 ) ) ;
#2403 = DIRECTION ( 'NONE',  ( -1.000000000000000000, 0.000000000000000000, 0.000000000000000000 ) ) ;
#2404 = CARTESIAN_POINT ( 'NONE',  ( 21.26694784793046722, 11.25381541919760409, 18.45002166485600625 ) ) ;
#2405 = DIRECTION ( 'NONE',  ( 0.000000000000000000, 0.000000000000000000, 1.000000000000000000 ) ) ;
#2406 = CARTESIAN_POINT ( 'NONE',  ( 13.20797063031728413, -21.07878404530669059, 0.000000000000000000 ) ) ;
#2407 = EDGE_CURVE ( 'NONE', #1756, #1617, #2543, .T. ) ;
#2408 = VECTOR ( 'NONE', #1915, 1000.000000000000000 ) ;
#2409 = EDGE_CURVE ( 'NONE', #4776, #1061, #6156, .T. ) ;
#2410 = ORIENTED_EDGE ( 'NONE', *, *, #1397, .F. ) ;
#2411 = AXIS2_PLACEMENT_3D ( 'NONE', #3367, #1940, #2876 ) ;
#2412 = DIRECTION ( 'NONE',  ( -0.8473883033289135724, -0.5309736936810949270, 0.000000000000000000 ) ) ;
#2413 = SURFACE_STYLE_USAGE ( .BOTH. , #3315 ) ;
#2414 = CARTESIAN_POINT ( 'NONE',  ( -20.37358679578763088, 12.90653170995606480, 18.45554555356757120 ) ) ;
#2415 = CARTESIAN_POINT ( 'NONE',  ( 0.000000000000000000, 0.000000000000000000, 0.000000000000000000 ) ) ;
#2416 = ORIENTED_EDGE ( 'NONE', *, *, #714, .F. ) ;
#2417 = FACE_OUTER_BOUND ( 'NONE', #6287, .T. ) ;
#2418 = DIRECTION ( 'NONE',  ( 1.000000000000000000, 0.000000000000000000, 0.000000000000000000 ) ) ;
#2419 = CARTESIAN_POINT ( 'NONE',  ( 12.83628904474052135, -20.48561223297645384, 0.5000000000000004441 ) ) ;
#2420 = AXIS2_PLACEMENT_3D ( 'NONE', #6191, #742, #2317 ) ;
#2421 = CARTESIAN_POINT ( 'NONE',  ( -21.07878404530670835, -13.20797063031728413, 0.000000000000000000 ) ) ;
#2422 = VERTEX_POINT ( 'NONE', #4526 ) ;
#2423 = CARTESIAN_POINT ( 'NONE',  ( 12.83190030536348303, -20.55277510732836532, 18.36113832892223030 ) ) ;
#2424 = ORIENTED_EDGE ( 'NONE', *, *, #2084, .T. ) ;
#2425 = AXIS2_PLACEMENT_3D ( 'NONE', #3443, #4849, #4921 ) ;
#2426 = DIRECTION ( 'NONE',  ( -0.9606487961504517337, 0.2777658914530146128, 0.000000000000000000 ) ) ;
#2427 = CARTESIAN_POINT ( 'NONE',  ( 21.49734935198253893, -11.36222867470621445, 18.26995843408191433 ) ) ;
#2428 = CARTESIAN_POINT ( 'NONE',  ( 0.000000000000000000, 0.000000000000000000, 19.50000000000000000 ) ) ;
#2429 = CARTESIAN_POINT ( 'NONE',  ( 24.33884255578734113, -0.7399416439030971349, 18.17948586170164660 ) ) ;
#2430 = CIRCLE ( 'NONE', #2425, 24.87500000000000355 ) ;
#2431 = EDGE_LOOP ( 'NONE', ( #3854, #3436, #16, #5859, #3050, #890 ) ) ;
#2432 = EDGE_CURVE ( 'NONE', #5056, #3599, #77, .T. ) ;
#2433 = DIRECTION ( 'NONE',  ( -0.000000000000000000, -0.000000000000000000, -1.000000000000000000 ) ) ;
#2434 = DIRECTION ( 'NONE',  ( -0.000000000000000000, -0.000000000000000000, -1.000000000000000000 ) ) ;
#2435 = CIRCLE ( 'NONE', #4700, 24.37500000000000355 ) ;
#2436 = CARTESIAN_POINT ( 'NONE',  ( -0.6795804451154470183, -24.20715954415954130, 18.13682064111326753 ) ) ;
#2437 = DIRECTION ( 'NONE',  ( 0.000000000000000000, 0.000000000000000000, 1.000000000000000000 ) ) ;
#2438 = DIRECTION ( 'NONE',  ( 1.000000000000000000, 0.000000000000000000, 0.000000000000000000 ) ) ;
#2439 = DIRECTION ( 'NONE',  ( -0.000000000000000000, -0.000000000000000000, -1.000000000000000000 ) ) ;
#2440 = AXIS2_PLACEMENT_3D ( 'NONE', #2833, #891, #2412 ) ;
#2441 = ORIENTED_EDGE ( 'NONE', *, *, #3405, .T. ) ;
#2442 = B_SPLINE_CURVE_WITH_KNOTS ( 'NONE', 3,
 ( #3775, #833, #6198, #2235, #752, #3801 ),
 .UNSPECIFIED., .F., .F.,
 ( 4, 2, 4 ),
 ( 0.000000000000000000, 0.0004057619185687317458, 0.0008115238371374634916 ),
 .UNSPECIFIED. ) ;
#2443 = EDGE_CURVE ( 'NONE', #2220, #5606, #371, .T. ) ;
#2444 = CARTESIAN_POINT ( 'NONE',  ( -0.8809747977379147610, -24.35907445708377494, 18.50000000000000000 ) ) ;
#2445 = AXIS2_PLACEMENT_3D ( 'NONE', #400, #2373, #340 ) ;
#2446 = DIRECTION ( 'NONE',  ( 0.000000000000000000, 0.000000000000000000, 1.000000000000000000 ) ) ;
#2447 = EDGE_LOOP ( 'NONE', ( #4605, #3344, #5038, #5293, #1897, #3662 ) ) ;
#2448 = DIRECTION ( 'NONE',  ( 0.000000000000000000, 0.000000000000000000, 1.000000000000000000 ) ) ;
#2449 = VECTOR ( 'NONE', #1868, 1000.000000000000000 ) ;
#2450 = ORIENTED_EDGE ( 'NONE', *, *, #986, .F. ) ;
#2451 = CARTESIAN_POINT ( 'NONE',  ( 21.97783012094689781, 11.65077714896304251, 0.5000000000000000000 ) ) ;
#2452 = EDGE_LOOP ( 'NONE', ( #3857, #6184, #6010, #3333 ) ) ;
#2453 = CARTESIAN_POINT ( 'NONE',  ( -12.69211370146487283, -20.62422489614738552, 18.00000000000000000 ) ) ;
#2454 = CARTESIAN_POINT ( 'NONE',  ( -21.26443907219744744, -11.24204889892421555, 18.45554554181447315 ) ) ;
#2455 = EDGE_CURVE ( 'NONE', #1071, #5532, #2387, .T. ) ;
#2456 = DIRECTION ( 'NONE',  ( 1.000000000000000000, 0.000000000000000000, 0.000000000000000000 ) ) ;
#2457 = ORIENTED_EDGE ( 'NONE', *, *, #974, .F. ) ;
#2458 = CARTESIAN_POINT ( 'NONE',  ( 12.92790769136946061, -20.52776745544129966, 18.32606194987837256 ) ) ;
#2459 = ORIENTED_EDGE ( 'NONE', *, *, #3554, .F. ) ;
#2460 = FACE_OUTER_BOUND ( 'NONE', #6075, .T. ) ;
#2461 = DIRECTION ( 'NONE',  ( 0.000000000000000000, 0.000000000000000000, 1.000000000000000000 ) ) ;
#2462 = FACE_OUTER_BOUND ( 'NONE', #3645, .T. ) ;
#2463 = ORIENTED_EDGE ( 'NONE', *, *, #4685, .T. ) ;
#2464 = CARTESIAN_POINT ( 'NONE',  ( 20.61168928554882740, -12.82414064653622354, 18.31245502271018921 ) ) ;
#2465 = DIRECTION ( 'NONE',  ( 0.000000000000000000, 0.000000000000000000, 1.000000000000000000 ) ) ;
#2466 = CARTESIAN_POINT ( 'NONE',  ( -11.41659067360700242, 21.53606469138014035, 18.13788913655712420 ) ) ;
#2467 = CARTESIAN_POINT ( 'NONE',  ( 0.000000000000000000, 0.000000000000000000, 18.00000000000000000 ) ) ;
#2468 = CARTESIAN_POINT ( 'NONE',  ( 36.94112549695543635, 1.394261440736957444E-13, 4.874999999998889777 ) ) ;
#2469 = DIRECTION ( 'NONE',  ( -0.000000000000000000, -0.000000000000000000, -1.000000000000000000 ) ) ;
#2470 = ADVANCED_FACE ( 'NONE', ( #3759 ), #765, .F. ) ;
#2471 = ORIENTED_EDGE ( 'NONE', *, *, #4018, .F. ) ;
#2472 = B_SPLINE_CURVE_WITH_KNOTS ( 'NONE', 3,
 ( #2226, #4223, #4761, #5705, #710, #2188 ),
 .UNSPECIFIED., .F., .F.,
 ( 4, 2, 4 ),
 ( 1.084202172485504434E-19, 0.0004085462650294579352, 0.0008170925300589155452 ),
 .UNSPECIFIED. ) ;
#2473 = CARTESIAN_POINT ( 'NONE',  ( -0.6795804451153926173, 24.20715954415954485, 18.00000000000000000 ) ) ;
#2474 = SURFACE_STYLE_FILL_AREA ( #3825 ) ;
#2475 = ORIENTED_EDGE ( 'NONE', *, *, #2650, .F. ) ;
#2476 = EDGE_CURVE ( 'NONE', #3425, #4306, #892, .T. ) ;
#2477 = CARTESIAN_POINT ( 'NONE',  ( 0.000000000000000000, 0.000000000000000000, 20.00000000000000000 ) ) ;
#2478 = DIRECTION ( 'NONE',  ( 0.000000000000000000, 0.000000000000000000, 1.000000000000000000 ) ) ;
#2479 = VERTEX_POINT ( 'NONE', #2666 ) ;
#2480 = CARTESIAN_POINT ( 'NONE',  ( -12.18749999999998401, 21.10936921724570325, 0.5000000000000004441 ) ) ;
#2481 = DIRECTION ( 'NONE',  ( 0.000000000000000000, 0.000000000000000000, 1.000000000000000000 ) ) ;
#2482 = FACE_OUTER_BOUND ( 'NONE', #4854, .T. ) ;
#2483 = ORIENTED_EDGE ( 'NONE', *, *, #2789, .F. ) ;
#2484 = B_SPLINE_CURVE_WITH_KNOTS ( 'NONE', 3,
 ( #4198, #3198, #5163, #154, #6067, #4612 ),
 .UNSPECIFIED., .F., .F.,
 ( 4, 2, 4 ),
 ( -4.614725267100784547E-06, 0.0004052027286208913920, 0.0008150201825088835075 ),
 .UNSPECIFIED. ) ;
#2485 = EDGE_CURVE ( 'NONE', #6048, #1383, #4662, .T. ) ;
#2486 = EDGE_LOOP ( 'NONE', ( #6220, #3571, #971, #186 ) ) ;
#2487 = ADVANCED_FACE ( 'NONE', ( #6122 ), #5841, .T. ) ;
#2488 = EDGE_CURVE ( 'NONE', #2929, #5735, #5941, .T. ) ;
#2489 = CARTESIAN_POINT ( 'NONE',  ( 12.83153328501156842, -20.24342643571926104, 18.50000000000000000 ) ) ;
#2490 = ORIENTED_EDGE ( 'NONE', *, *, #5173, .T. ) ;
#2491 = CARTESIAN_POINT ( 'NONE',  ( -11.32291608346458389, 21.35935851955342457, 0.000000000000000000 ) ) ;
#2492 = AXIS2_PLACEMENT_3D ( 'NONE', #3038, #1029, #89 ) ;
#2493 = DIRECTION ( 'NONE',  ( 0.000000000000000000, 0.000000000000000000, 1.000000000000000000 ) ) ;
#2494 = DIRECTION ( 'NONE',  ( 0.000000000000000000, 0.000000000000000000, -1.000000000000000000 ) ) ;
#2495 = ORIENTED_EDGE ( 'NONE', *, *, #5036, .F. ) ;
#2496 = AXIS2_PLACEMENT_3D ( 'NONE', #5431, #5911, #3433 ) ;
#2497 = CARTESIAN_POINT ( 'NONE',  ( 20.24342643571308997, -12.83153328498494083, 18.49999999999999645 ) ) ;
#2498 = CIRCLE ( 'NONE', #2904, 0.5000000000000000000 ) ;
#2499 = DIRECTION ( 'NONE',  ( 1.000000000000000000, -0.000000000000000000, -0.000000000000000000 ) ) ;
#2500 = CARTESIAN_POINT ( 'NONE',  ( -11.36222248944737423, 21.49734497068140016, 18.26997308932349284 ) ) ;
#2501 = DIRECTION ( 'NONE',  ( 1.000000000000000000, 0.000000000000000000, 0.000000000000000000 ) ) ;
#2502 = DIRECTION ( 'NONE',  ( -1.000000000000000000, 1.224646799147349509E-16, 0.000000000000000000 ) ) ;
#2503 = VECTOR ( 'NONE', #5001, 1000.000000000000000 ) ;
#2504 = AXIS2_PLACEMENT_3D ( 'NONE', #357, #1271, #1792 ) ;
#2505 = DIRECTION ( 'NONE',  ( 0.000000000000000000, 0.000000000000000000, 1.000000000000000000 ) ) ;
#2506 = CIRCLE ( 'NONE', #4154, 0.1999999999999987899 ) ;
#2507 = ORIENTED_EDGE ( 'NONE', *, *, #5363, .T. ) ;
#2508 = AXIS2_PLACEMENT_3D ( 'NONE', #3060, #2122, #5988 ) ;
#2509 = DIRECTION ( 'NONE',  ( 1.000000000000000000, 0.000000000000000000, 0.000000000000000000 ) ) ;
#2510 = TOROIDAL_SURFACE ( 'NONE', #2304, 0.7000000000000059508, 0.5000000000000000000 ) ;
#2511 = DIRECTION ( 'NONE',  ( 1.000000000000000000, 4.956352788505156365E-15, 0.000000000000000000 ) ) ;
#2512 = VERTEX_POINT ( 'NONE', #1277 ) ;
#2513 = PLANE ( 'NONE',  #2196 ) ;
#2514 = VECTOR ( 'NONE', #4741, 1000.000000000000000 ) ;
#2515 = B_SPLINE_CURVE_WITH_KNOTS ( 'NONE', 3,
 ( #4548, #1105, #1626, #3623, #5589, #2534 ),
 .UNSPECIFIED., .F., .F.,
 ( 4, 2, 4 ),
 ( 0.000000000000000000, 0.0004085462650294628684, 0.0008170925300589257367 ),
 .UNSPECIFIED. ) ;
#2516 = DIRECTION ( 'NONE',  ( 1.000000000000000000, 0.000000000000000000, 0.000000000000000000 ) ) ;
#2517 = VERTEX_POINT ( 'NONE', #173 ) ;
#2518 = ADVANCED_FACE ( 'NONE', ( #4184 ), #702, .F. ) ;
#2519 = FACE_OUTER_BOUND ( 'NONE', #3903, .T. ) ;
#2520 = CARTESIAN_POINT ( 'NONE',  ( -20.55277510732828716, -12.83190030536351678, 18.36113832892215925 ) ) ;
#2521 = AXIS2_PLACEMENT_3D ( 'NONE', #773, #2193, #5650 ) ;
#2522 = CARTESIAN_POINT ( 'NONE',  ( -5.999999999999992006, 0.000000000000000000, 19.50000000000000000 ) ) ;
#2523 = ORIENTED_EDGE ( 'NONE', *, *, #452, .F. ) ;
#2524 = EDGE_LOOP ( 'NONE', ( #4940, #3677, #6278 ) ) ;
#2525 = CARTESIAN_POINT ( 'NONE',  ( -24.33884255578726297, -0.7399416439029345982, 18.17948586170156844 ) ) ;
#2526 = ORIENTED_EDGE ( 'NONE', *, *, #821, .T. ) ;
#2527 = EDGE_CURVE ( 'NONE', #5333, #2646, #589, .T. ) ;
#2528 = DIRECTION ( 'NONE',  ( 1.000000000000000000, 0.000000000000000000, 0.000000000000000000 ) ) ;
#2529 = ADVANCED_FACE ( 'NONE', ( #300 ), #5218, .T. ) ;
#2530 = EDGE_CURVE ( 'NONE', #2682, #318, #1736, .T. ) ;
#2531 = FACE_OUTER_BOUND ( 'NONE', #3514, .T. ) ;
#2532 = DIRECTION ( 'NONE',  ( 0.000000000000000000, 0.000000000000000000, 1.000000000000000000 ) ) ;
#2533 = VERTEX_POINT ( 'NONE', #3726 ) ;
#2534 = CARTESIAN_POINT ( 'NONE',  ( -12.86003837256331472, -20.11554220139738547, 18.50000000000000000 ) ) ;
#2535 = COLOUR_RGB ( '',0.5019607843137254832, 1.000000000000000000, 0.5019607843137254832 ) ;
#2536 = LINE ( 'NONE', #2047, #4183 ) ;
#2537 = CARTESIAN_POINT ( 'NONE',  ( -21.10936921724570681, -12.18749999999998046, 0.5000000000000004441 ) ) ;
#2538 = EDGE_LOOP ( 'NONE', ( #2270, #4065, #4571, #2045, #5058 ) ) ;
#2539 = VECTOR ( 'NONE', #4621, 1000.000000000000000 ) ;
#2540 = CARTESIAN_POINT ( 'NONE',  ( 11.32291608346458212, -21.35935851955342457, 0.5000000000000004441 ) ) ;
#2541 = AXIS2_PLACEMENT_3D ( 'NONE', #5620, #4101, #3003 ) ;
#2542 = VERTEX_POINT ( 'NONE', #4114 ) ;
#2543 = LINE ( 'NONE', #3603, #1510 ) ;
#2544 = CARTESIAN_POINT ( 'NONE',  ( -20.56766701286882437, 12.72036882055065377, 18.26916786085717348 ) ) ;
#2545 = VERTEX_POINT ( 'NONE', #2276 ) ;
#2546 = AXIS2_PLACEMENT_3D ( 'NONE', #1058, #5545, #1577 ) ;
#2547 = FACE_OUTER_BOUND ( 'NONE', #2864, .T. ) ;
#2548 = EDGE_CURVE ( 'NONE', #3076, #4528, #4241, .T. ) ;
#2549 = DIRECTION ( 'NONE',  ( -0.000000000000000000, -0.000000000000000000, -1.000000000000000000 ) ) ;
#2550 = ORIENTED_EDGE ( 'NONE', *, *, #6152, .T. ) ;
#2551 = VECTOR ( 'NONE', #4215, 1000.000000000000000 ) ;
#2552 = FACE_OUTER_BOUND ( 'NONE', #566, .T. ) ;
#2553 = CARTESIAN_POINT ( 'NONE',  ( 36.06244584051393076, 2.121320343559644162, 10.29469496883572788 ) ) ;
#2554 = DIRECTION ( 'NONE',  ( 0.000000000000000000, 0.000000000000000000, -1.000000000000000000 ) ) ;
#2555 = ORIENTED_EDGE ( 'NONE', *, *, #1050, .T. ) ;
#2556 = EDGE_CURVE ( 'NONE', #4444, #2308, #996, .T. ) ;
#2557 = TOROIDAL_SURFACE ( 'NONE', #3587, 0.7000000000000109468, 0.5000000000000000000 ) ;
#2558 = CYLINDRICAL_SURFACE ( 'NONE', #6308, 0.2000000000000040079 ) ;
#2559 = ORIENTED_EDGE ( 'NONE', *, *, #1584, .T. ) ;
#2560 = DIRECTION ( 'NONE',  ( 1.000000000000000000, 0.000000000000000000, 0.000000000000000000 ) ) ;
#2561 = FACE_OUTER_BOUND ( 'NONE', #3296, .T. ) ;
#2562 = CARTESIAN_POINT ( 'NONE',  ( 11.38327520853293429, 21.38913919693824894, 18.36113832892223741 ) ) ;
#2563 = VERTEX_POINT ( 'NONE', #6086 ) ;
#2564 = CARTESIAN_POINT ( 'NONE',  ( 21.18561223297645668, 12.83628904474053734, 0.5000000000000004441 ) ) ;
#2565 = EDGE_CURVE ( 'NONE', #5445, #2343, #3474, .T. ) ;
#2566 = DIRECTION ( 'NONE',  ( 1.000000000000000000, 0.000000000000000000, 0.000000000000000000 ) ) ;
#2567 = CARTESIAN_POINT ( 'NONE',  ( 24.29836499019893026, 0.9086960000876765919, 18.26995843408191433 ) ) ;
#2568 = ORIENTED_EDGE ( 'NONE', *, *, #5243, .F. ) ;
#2569 = CARTESIAN_POINT ( 'NONE',  ( -11.32291608346458389, 21.35935851955342457, 0.5000000000000004441 ) ) ;
#2570 = ORIENTED_EDGE ( 'NONE', *, *, #6224, .F. ) ;
#2571 = ADVANCED_FACE ( 'NONE', ( #2697 ), #4887, .T. ) ;
#2572 = DIRECTION ( 'NONE',  ( 0.000000000000000000, 0.000000000000000000, 1.000000000000000000 ) ) ;
#2573 = DIRECTION ( 'NONE',  ( -0.9606487961504517337, -0.2777658914530146128, -0.000000000000000000 ) ) ;
#2574 = CARTESIAN_POINT ( 'NONE',  ( -11.52291608346461693, -21.35935851955340681, 18.00000000000000000 ) ) ;
#2575 = ORIENTED_EDGE ( 'NONE', *, *, #3821, .F. ) ;
#2576 = DIRECTION ( 'NONE',  ( 1.000000000000000000, 0.000000000000000000, 0.000000000000000000 ) ) ;
#2577 = CARTESIAN_POINT ( 'NONE',  ( 0.8737462865769762832, 24.15920512820513366, 0.5000000000000004441 ) ) ;
#2578 = ORIENTED_EDGE ( 'NONE', *, *, #4457, .F. ) ;
#2579 = DIRECTION ( 'NONE',  ( 1.000000000000000000, -9.912705577010336396E-15, 0.000000000000000000 ) ) ;
#2580 = CARTESIAN_POINT ( 'NONE',  ( 0.8887057282368913125, 24.34196583538592407, 18.14610353506324358 ) ) ;
#2581 = CARTESIAN_POINT ( 'NONE',  ( 12.83628904474052135, -20.48561223297645384, 0.5000000000000004441 ) ) ;
#2582 = EDGE_LOOP ( 'NONE', ( #938, #41, #2723, #4104 ) ) ;
#2583 = CYLINDRICAL_SURFACE ( 'NONE', #6098, 0.2000000000000058398 ) ;
#2584 = ORIENTED_EDGE ( 'NONE', *, *, #1956, .F. ) ;
#2585 = CARTESIAN_POINT ( 'NONE',  ( 11.32291608346458212, -21.35935851955342457, 0.5000000000000004441 ) ) ;
#2586 = CARTESIAN_POINT ( 'NONE',  ( -21.30380534126279457, 11.51504584269470577, 18.00000000000000000 ) ) ;
#2587 = CARTESIAN_POINT ( 'NONE',  ( 0.7323290376699006510, -24.17230653999892453, 18.26916786085717348 ) ) ;
#2588 = ORIENTED_EDGE ( 'NONE', *, *, #3880, .F. ) ;
#2589 = DIRECTION ( 'NONE',  ( -0.000000000000000000, -0.000000000000000000, -1.000000000000000000 ) ) ;
#2590 = CYLINDRICAL_SURFACE ( 'NONE', #263, 0.2000000000000057288 ) ;
#2591 = CIRCLE ( 'NONE', #1555, 24.37500000000000355 ) ;
#2592 = DIRECTION ( 'NONE',  ( 0.000000000000000000, 0.000000000000000000, -1.000000000000000000 ) ) ;
#2593 = EDGE_CURVE ( 'NONE', #992, #1801, #5640, .T. ) ;
#2594 = CARTESIAN_POINT ( 'NONE',  ( 36.06244584051393076, -2.121320343559637056, 5.705305031164280116 ) ) ;
#2595 = TOROIDAL_SURFACE ( 'NONE', #4339, 23.87500000000000000, 0.5000000000000000000 ) ;
#2596 = ADVANCED_FACE ( 'NONE', ( #6368 ), #1922, .T. ) ;
#2597 = AXIS2_PLACEMENT_3D ( 'NONE', #4994, #4570, #3548 ) ;
#2598 = AXIS2_PLACEMENT_3D ( 'NONE', #3238, #5203, #780 ) ;
#2599 = VERTEX_POINT ( 'NONE', #919 ) ;
#2600 = AXIS2_PLACEMENT_3D ( 'NONE', #4208, #3272, #5629 ) ;
#2601 = CARTESIAN_POINT ( 'NONE',  ( -0.9143588065411077936, 24.28297726302202264, 18.27208253284860717 ) ) ;
#2602 = EDGE_CURVE ( 'NONE', #4081, #1911, #2141, .T. ) ;
#2603 = FACE_OUTER_BOUND ( 'NONE', #302, .T. ) ;
#2604 = CARTESIAN_POINT ( 'NONE',  ( 1.079348823583770711, -23.85058974358974382, 18.50000000000000000 ) ) ;
#2605 = ADVANCED_FACE ( 'NONE', ( #2891 ), #3985, .F. ) ;
#2606 = ORIENTED_EDGE ( 'NONE', *, *, #2432, .T. ) ;
#2607 = AXIS2_PLACEMENT_3D ( 'NONE', #3853, #2505, #3475 ) ;
#2608 = CARTESIAN_POINT ( 'NONE',  ( -20.90936921724570396, -12.18749999999998046, 0.000000000000000000 ) ) ;
#2609 = VERTEX_POINT ( 'NONE', #2791 ) ;
#2610 = AXIS2_PLACEMENT_3D ( 'NONE', #1171, #195, #5526 ) ;
#2611 = CIRCLE ( 'NONE', #3440, 0.4999999999999998890 ) ;
#2612 = CARTESIAN_POINT ( 'NONE',  ( -20.24920768148095362, -12.88610359951186268, 18.50000000000000355 ) ) ;
#2613 = ORIENTED_EDGE ( 'NONE', *, *, #2443, .T. ) ;
#2614 = CARTESIAN_POINT ( 'NONE',  ( -11.56019084560070276, 21.45993974736095922, 18.09393492550572802 ) ) ;
#2615 = DIRECTION ( 'NONE',  ( 0.000000000000000000, 0.000000000000000000, 1.000000000000000000 ) ) ;
#2616 = ORIENTED_EDGE ( 'NONE', *, *, #2134, .T. ) ;
#2617 = AXIS2_PLACEMENT_3D ( 'NONE', #6074, #5108, #5496 ) ;
#2618 = FACE_OUTER_BOUND ( 'NONE', #1315, .T. ) ;
#2619 = CARTESIAN_POINT ( 'NONE',  ( 36.94112549695427816, 0.000000000000000000, 19.24999999999998934 ) ) ;
#2620 = ORIENTED_EDGE ( 'NONE', *, *, #814, .F. ) ;
#2621 = CARTESIAN_POINT ( 'NONE',  ( -20.48561223297644673, 12.83628904474054622, 18.50000000000000000 ) ) ;
#2622 = TOROIDAL_SURFACE ( 'NONE', #3034, 0.7000000000000078382, 0.5000000000000000000 ) ;
#2623 = DIRECTION ( 'NONE',  ( 0.000000000000000000, 0.000000000000000000, 1.000000000000000000 ) ) ;
#2624 = DIRECTION ( 'NONE',  ( -0.000000000000000000, -0.000000000000000000, -1.000000000000000000 ) ) ;
#2625 = ORIENTED_EDGE ( 'NONE', *, *, #5217, .T. ) ;
#2626 = DIRECTION ( 'NONE',  ( 1.000000000000000000, 0.000000000000000000, 0.000000000000000000 ) ) ;
#2627 = DIRECTION ( 'NONE',  ( -1.000000000000000000, 0.000000000000000000, 0.000000000000000000 ) ) ;
#2628 = ORIENTED_EDGE ( 'NONE', *, *, #3941, .T. ) ;
#2629 = CARTESIAN_POINT ( 'NONE',  ( 0.000000000000000000, 0.000000000000000000, 0.5000000000000004441 ) ) ;
#2630 = TOROIDAL_SURFACE ( 'NONE', #569, 24.87500000000000000, 0.5000000000000000000 ) ;
#2631 = ADVANCED_FACE ( 'NONE', ( #4270 ), #2857, .T. ) ;
#2632 = VERTEX_POINT ( 'NONE', #4364 ) ;
#2633 = CARTESIAN_POINT ( 'NONE',  ( -21.35935851955342457, -11.32291608346458389, 0.000000000000000000 ) ) ;
#2634 = CARTESIAN_POINT ( 'NONE',  ( 12.83628904474054622, 20.48561223297644673, 18.50000000000000000 ) ) ;
#2635 = VERTEX_POINT ( 'NONE', #3410 ) ;
#2636 = DIRECTION ( 'NONE',  ( -0.2777658914530219403, 0.9606487961504497353, 0.000000000000000000 ) ) ;
#2637 = CIRCLE ( 'NONE', #5221, 0.1999999999999987899 ) ;
#2638 = EDGE_CURVE ( 'NONE', #5002, #5793, #1827, .T. ) ;
#2639 = ORIENTED_EDGE ( 'NONE', *, *, #5628, .T. ) ;
#2640 = CARTESIAN_POINT ( 'NONE',  ( -11.99537024076993319, -21.16492239553629062, 0.000000000000000000 ) ) ;
#2641 = ORIENTED_EDGE ( 'NONE', *, *, #2052, .T. ) ;
#2642 = CARTESIAN_POINT ( 'NONE',  ( -11.51504582286053591, 21.30380527266680346, 18.07330398227676227 ) ) ;
#2643 = TOROIDAL_SURFACE ( 'NONE', #2546, 0.7000000000000058398, 0.5000000000000000000 ) ;
#2644 = CARTESIAN_POINT ( 'NONE',  ( -20.70808513007002460, -12.81022953883163140, 18.17948586170180647 ) ) ;
#2645 = CARTESIAN_POINT ( 'NONE',  ( 20.62422489614739973, 12.69211370146486040, 18.50000000000000000 ) ) ;
#2646 = VERTEX_POINT ( 'NONE', #2860 ) ;
#2647 = CARTESIAN_POINT ( 'NONE',  ( -20.62422489614739263, 12.69211370146486573, 18.00000000000000000 ) ) ;
#2648 = CARTESIAN_POINT ( 'NONE',  ( -23.85058974358974382, -1.079348823583772266, 18.50000000000000000 ) ) ;
#2649 = ORIENTED_EDGE ( 'NONE', *, *, #1177, .F. ) ;
#2650 = EDGE_CURVE ( 'NONE', #5386, #2390, #2246, .T. ) ;
#2651 = CARTESIAN_POINT ( 'NONE',  ( -24.35920512820514361, -0.8737462865769561882, 18.00000000000000000 ) ) ;
#2652 = CARTESIAN_POINT ( 'NONE',  ( 24.09730958633749154, 0.9905909376774415520, 18.45554555356741844 ) ) ;
#2653 = DIRECTION ( 'NONE',  ( -0.000000000000000000, -0.000000000000000000, -1.000000000000000000 ) ) ;
#2654 = CIRCLE ( 'NONE', #3481, 0.2000000000000091982 ) ;
#2655 = FACE_OUTER_BOUND ( 'NONE', #2845, .T. ) ;
#2656 = EDGE_LOOP ( 'NONE', ( #1470, #1590, #5826, #548 ) ) ;
#2657 = LINE ( 'NONE', #5076, #5599 ) ;
#2658 = CARTESIAN_POINT ( 'NONE',  ( -11.24204889892397397, -21.26443907219743679, 18.45554554181472540 ) ) ;
#2659 = CIRCLE ( 'NONE', #5135, 0.5000000000000000000 ) ;
#2660 = DIRECTION ( 'NONE',  ( -0.7071067811865475727, 0.7071067811865474617, 0.000000000000000000 ) ) ;
#2661 = CARTESIAN_POINT ( 'NONE',  ( 24.35907445708376784, 0.8809747977378852291, 18.13788111813277126 ) ) ;
#2662 = CARTESIAN_POINT ( 'NONE',  ( 24.15920512820513011, 0.8737462865769590747, 0.000000000000000000 ) ) ;
#2663 =( BOUNDED_SURFACE ( )  B_SPLINE_SURFACE ( 3, 2, ( 
 ( #6072, #3619, #1985 ),
 ( #190, #3953, #3982 ),
 ( #5106, #3473, #1013 ),
 ( #3504, #5950, #5882 ),
 ( #3140, #495, #2684 ),
 ( #2652, #222, #4131 ),
 ( #6105, #1689, #1199 ),
 ( #5442, #2983, #3173 ) ),
 .UNSPECIFIED., .F., .F., .T. ) 
 B_SPLINE_SURFACE_WITH_KNOTS ( ( 4, 2, 2, 4 ),
 ( 3, 3 ),
 ( 0.000000000000000000, 0.0001311096522626870259, 0.0002622193045253740518, 0.0005244386090507481037 ),
 ( 0.000000000000000000, 1.000000000000000000 ),
 .UNSPECIFIED. ) 
 GEOMETRIC_REPRESENTATION_ITEM ( )  RATIONAL_B_SPLINE_SURFACE ( (
 ( 1.000000000000000000, 0.7760564330438678438, 1.000000000000000000),
 ( 1.000000000000000000, 0.7754047934803378617, 1.000000000000000000),
 ( 1.000000000000000000, 0.7971915883078917187, 1.000000000000000000),
 ( 1.000000000000000000, 0.8534865031515033174, 1.000000000000000000),
 ( 1.000000000000000000, 0.8868869947387554298, 1.000000000000000000),
 ( 1.000000000000000000, 0.9695438062023905568, 1.000000000000000000),
 ( 1.000000000000000000, 1.001548216897266252, 1.000000000000000000),
 ( 1.000000000000000000, 1.000000000000000000, 1.000000000000000000) ) ) 
 REPRESENTATION_ITEM ( '' )  SURFACE ( )  );
#2664 = ORIENTED_EDGE ( 'NONE', *, *, #3546, .T. ) ;
#2665 = ORIENTED_EDGE ( 'NONE', *, *, #3360, .F. ) ;
#2666 = CARTESIAN_POINT ( 'NONE',  ( -13.20797063031729124, 21.07878404530670124, 0.000000000000000000 ) ) ;
#2667 = EDGE_LOOP ( 'NONE', ( #4110, #2936, #4974, #3778 ) ) ;
#2668 = EDGE_CURVE ( 'NONE', #4869, #3505, #1107, .T. ) ;
#2669 = FACE_OUTER_BOUND ( 'NONE', #4120, .T. ) ;
#2670 = ORIENTED_EDGE ( 'NONE', *, *, #3394, .F. ) ;
#2671 = DIRECTION ( 'NONE',  ( 0.000000000000000000, 0.000000000000000000, 1.000000000000000000 ) ) ;
#2672 = ORIENTED_EDGE ( 'NONE', *, *, #1741, .F. ) ;
#2673 = CARTESIAN_POINT ( 'NONE',  ( -20.62422489614740329, -12.69211370146485329, 18.00000000000000000 ) ) ;
#2674 = ORIENTED_EDGE ( 'NONE', *, *, #5451, .F. ) ;
#2675 = CARTESIAN_POINT ( 'NONE',  ( 33.94112549695428527, 0.000000000000000000, 20.00000000000000000 ) ) ;
#2676 = ADVANCED_FACE ( 'NONE', ( #2338 ), #5438, .T. ) ;
#2677 = CARTESIAN_POINT ( 'NONE',  ( 0.000000000000000000, 0.000000000000000000, 18.00000000000000000 ) ) ;
#2678 = CARTESIAN_POINT ( 'NONE',  ( -12.88610359951193196, 20.24920768148093941, 18.50000000000000355 ) ) ;
#2679 = ORIENTED_EDGE ( 'NONE', *, *, #1413, .F. ) ;
#2680 = DIRECTION ( 'NONE',  ( 0.000000000000000000, 0.000000000000000000, 1.000000000000000000 ) ) ;
#2681 = CARTESIAN_POINT ( 'NONE',  ( -2.854010913593674154E-14, -24.37500000000000000, 0.5000000000000004441 ) ) ;
#2682 = VERTEX_POINT ( 'NONE', #4751 ) ;
#2683 = CARTESIAN_POINT ( 'NONE',  ( 24.37500000000000000, -2.406249427655413829E-14, 0.5000000000000004441 ) ) ;
#2684 = CARTESIAN_POINT ( 'NONE',  ( 24.13388892654006312, 0.7793400901520407542, 18.32606195575476704 ) ) ;
#2685 = B_SPLINE_CURVE_WITH_KNOTS ( 'NONE', 3,
 ( #5881, #1984, #2404, #1854, #5919, #3816 ),
 .UNSPECIFIED., .F., .F.,
 ( 4, 2, 4 ),
 ( -4.614725267093794831E-06, 0.0004052027286208970298, 0.0008150201825088878443 ),
 .UNSPECIFIED. ) ;
#2686 = CARTESIAN_POINT ( 'NONE',  ( -12.94062465483483138, 20.63640792737874818, 18.14610353506311924 ) ) ;
#2687 = ADVANCED_FACE ( 'NONE', ( #4304 ), #2557, .T. ) ;
#2688 = DIRECTION ( 'NONE',  ( -0.000000000000000000, -0.000000000000000000, -1.000000000000000000 ) ) ;
#2689 = ORIENTED_EDGE ( 'NONE', *, *, #1144, .T. ) ;
#2690 = EDGE_CURVE ( 'NONE', #4193, #6056, #5845, .T. ) ;
#2691 = CARTESIAN_POINT ( 'NONE',  ( -0.7323290376699584936, -24.17230653999892453, 18.26916786085717348 ) ) ;
#2692 = CARTESIAN_POINT ( 'NONE',  ( 33.94112549695428527, 0.000000000000000000, 19.24999999999998934 ) ) ;
#2693 = CARTESIAN_POINT ( 'NONE',  ( -11.98749999999998472, 21.10936921724570325, 0.5000000000000004441 ) ) ;
#2694 = FACE_OUTER_BOUND ( 'NONE', #4247, .T. ) ;
#2695 = EDGE_LOOP ( 'NONE', ( #1810, #3461, #534 ) ) ;
#2696 = AXIS2_PLACEMENT_3D ( 'NONE', #3580, #3995, #608 ) ;
#2697 = FACE_OUTER_BOUND ( 'NONE', #2330, .T. ) ;
#2698 = AXIS2_PLACEMENT_3D ( 'NONE', #5030, #1609, #1088 ) ;
#2699 = CYLINDRICAL_SURFACE ( 'NONE', #5588, 24.37499999999999645 ) ;
#2700 = ORIENTED_EDGE ( 'NONE', *, *, #5712, .T. ) ;
#2701 = CARTESIAN_POINT ( 'NONE',  ( -11.32291608346458389, 21.35935851955342457, 18.00000000000000000 ) ) ;
#2702 = AXIS2_PLACEMENT_3D ( 'NONE', #843, #816, #5240 ) ;
#2703 = AXIS2_PLACEMENT_3D ( 'NONE', #1227, #1289, #1194 ) ;
#2704 = AXIS2_PLACEMENT_3D ( 'NONE', #727, #695, #2566 ) ;
#2705 = ORIENTED_EDGE ( 'NONE', *, *, #2329, .T. ) ;
#2706 = FACE_OUTER_BOUND ( 'NONE', #1743, .T. ) ;
#2707 = ORIENTED_EDGE ( 'NONE', *, *, #2350, .T. ) ;
#2708 = CARTESIAN_POINT ( 'NONE',  ( 0.8809747977379016604, 24.35907445708377139, 18.00000000000000000 ) ) ;
#2709 = CIRCLE ( 'NONE', #844, 24.37500000000000000 ) ;
#2710 = DIRECTION ( 'NONE',  ( 0.000000000000000000, 0.000000000000000000, 1.000000000000000000 ) ) ;
#2711 = AXIS2_PLACEMENT_3D ( 'NONE', #5937, #614, #4539 ) ;
#2712 = DIRECTION ( 'NONE',  ( 0.000000000000000000, 0.000000000000000000, 1.000000000000000000 ) ) ;
#2713 = ORIENTED_EDGE ( 'NONE', *, *, #1373, .T. ) ;
#2714 = CIRCLE ( 'NONE', #5290, 0.5000000000000000000 ) ;
#2715 = CIRCLE ( 'NONE', #5080, 0.4999999999999992228 ) ;
#2716 = CARTESIAN_POINT ( 'NONE',  ( -21.37194197594380185, 11.20044614766070801, 18.44971682622087528 ) ) ;
#2717 = VERTEX_POINT ( 'NONE', #330 ) ;
#2718 = FACE_OUTER_BOUND ( 'NONE', #6357, .T. ) ;
#2719 = CARTESIAN_POINT ( 'NONE',  ( 24.35907445708376429, 0.8809747977378707962, 18.00000000000000000 ) ) ;
#2720 = CARTESIAN_POINT ( 'NONE',  ( 20.65508989364223780, 12.94248378347674411, 18.00000000000000000 ) ) ;
#2721 = CONICAL_SURFACE ( 'NONE', #4255, 26.24999999999999289, 0.7853981633974482790 ) ;
#2722 = CARTESIAN_POINT ( 'NONE',  ( -11.41659067360700064, 21.53606469138012969, 18.50000000000000000 ) ) ;
#2723 = ORIENTED_EDGE ( 'NONE', *, *, #6352, .F. ) ;
#2724 = EDGE_CURVE ( 'NONE', #1276, #5182, #6053, .T. ) ;
#2725 = AXIS2_PLACEMENT_3D ( 'NONE', #5144, #6234, #5258 ) ;
#2726 = EDGE_CURVE ( 'NONE', #5445, #1071, #2862, .T. ) ;
#2727 = CARTESIAN_POINT ( 'NONE',  ( 24.35920512820514006, 0.8737462865769590747, 0.5000000000000004441 ) ) ;
#2728 = EDGE_CURVE ( 'NONE', #1895, #2360, #4296, .T. ) ;
#2729 = DIRECTION ( 'NONE',  ( 0.000000000000000000, 0.000000000000000000, 1.000000000000000000 ) ) ;
#2730 = CARTESIAN_POINT ( 'NONE',  ( 0.8737462865769546339, -24.15920512820513011, 0.5000000000000004441 ) ) ;
#2731 = CARTESIAN_POINT ( 'NONE',  ( 20.38586971748149423, -12.90842573850845554, 18.44970012376541746 ) ) ;
#2732 = EDGE_LOOP ( 'NONE', ( #6005, #672, #6130 ) ) ;
#2733 = ADVANCED_FACE ( 'NONE', ( #4332 ), #1652, .F. ) ;
#2734 = DIRECTION ( 'NONE',  ( -0.000000000000000000, -0.000000000000000000, -1.000000000000000000 ) ) ;
#2735 = EDGE_CURVE ( 'NONE', #75, #5445, #4716, .T. ) ;
#2736 = CYLINDRICAL_SURFACE ( 'NONE', #6313, 0.1999999999999987899 ) ;
#2737 = ORIENTED_EDGE ( 'NONE', *, *, #2342, .F. ) ;
#2738 = CARTESIAN_POINT ( 'NONE',  ( -12.83056251991623320, -20.24754637904284849, 18.50000000000000355 ) ) ;
#2739 = AXIS2_PLACEMENT_3D ( 'NONE', #2867, #6314, #1899 ) ;
#2740 = ORIENTED_EDGE ( 'NONE', *, *, #5832, .F. ) ;
#2741 = ORIENTED_EDGE ( 'NONE', *, *, #5161, .F. ) ;
#2742 = DIRECTION ( 'NONE',  ( 1.000000000000000000, 1.951563910473885893E-14, 0.000000000000000000 ) ) ;
#2743 = CARTESIAN_POINT ( 'NONE',  ( 0.000000000000000000, 0.000000000000000000, 0.5000000000000004441 ) ) ;
#2744 = CIRCLE ( 'NONE', #6339, 3.125000000000000888 ) ;
#2745 = FACE_OUTER_BOUND ( 'NONE', #1028, .T. ) ;
#2746 = EDGE_CURVE ( 'NONE', #4129, #318, #3783, .T. ) ;
#2747 = ORIENTED_EDGE ( 'NONE', *, *, #5609, .T. ) ;
#2748 = ORIENTED_EDGE ( 'NONE', *, *, #3069, .F. ) ;
#2749 = DIRECTION ( 'NONE',  ( 0.000000000000000000, 0.000000000000000000, -1.000000000000000000 ) ) ;
#2750 = ORIENTED_EDGE ( 'NONE', *, *, #1821, .T. ) ;
#2751 = CIRCLE ( 'NONE', #6345, 0.2000000000000022593 ) ;
#2752 = DIRECTION ( 'NONE',  ( 1.000000000000000000, 0.000000000000000000, 0.000000000000000000 ) ) ;
#2753 = CARTESIAN_POINT ( 'NONE',  ( -12.83153328501203028, 20.24342643571922906, 18.50000000000000000 ) ) ;
#2754 = EDGE_CURVE ( 'NONE', #4212, #1617, #2296, .T. ) ;
#2755 = DIRECTION ( 'NONE',  ( 0.000000000000000000, 0.000000000000000000, 1.000000000000000000 ) ) ;
#2756 = EDGE_LOOP ( 'NONE', ( #3368, #4019, #3371, #466 ) ) ;
#2757 = CIRCLE ( 'NONE', #4493, 0.1999999999999970690 ) ;
#2758 = CARTESIAN_POINT ( 'NONE',  ( -1.079348823583828443, -23.85058974358974382, 18.50000000000000000 ) ) ;
#2759 = CARTESIAN_POINT ( 'NONE',  ( -11.99537024076989944, 21.16492239553630483, 0.000000000000000000 ) ) ;
#2760 = AXIS2_PLACEMENT_3D ( 'NONE', #6181, #2177, #3119 ) ;
#2761 = DIRECTION ( 'NONE',  ( 1.000000000000000000, 0.000000000000000000, 0.000000000000000000 ) ) ;
#2762 = EDGE_CURVE ( 'NONE', #5056, #4096, #1414, .T. ) ;
#2763 = DIRECTION ( 'NONE',  ( 0.9708292073077320339, 0.2397720797721047958, 0.000000000000000000 ) ) ;
#2764 = ADVANCED_FACE ( 'NONE', ( #651 ), #3280, .F. ) ;
#2765 = VERTEX_POINT ( 'NONE', #159 ) ;
#2766 = AXIS2_PLACEMENT_3D ( 'NONE', #3866, #3931, #6350 ) ;
#2767 = DIRECTION ( 'NONE',  ( -1.000000000000000000, 0.000000000000000000, 0.000000000000000000 ) ) ;
#2768 = CARTESIAN_POINT ( 'NONE',  ( -21.10936921724568194, 12.18750000000002132, 18.50000000000000000 ) ) ;
#2769 = VERTEX_POINT ( 'NONE', #2167 ) ;
#2770 = ADVANCED_FACE ( 'NONE', ( #688 ), #2663, .F. ) ;
#2771 = ORIENTED_EDGE ( 'NONE', *, *, #1373, .F. ) ;
#2772 = EDGE_LOOP ( 'NONE', ( #4265, #5587, #2205, #80 ) ) ;
#2773 = DIRECTION ( 'NONE',  ( -0.000000000000000000, -0.000000000000000000, -1.000000000000000000 ) ) ;
#2774 = LINE ( 'NONE', #5226, #6138 ) ;
#2775 = CARTESIAN_POINT ( 'NONE',  ( -24.15920512820513721, 0.8737462865769779485, 0.5000000000000004441 ) ) ;
#2776 = DIRECTION ( 'NONE',  ( 0.000000000000000000, 0.000000000000000000, 1.000000000000000000 ) ) ;
#2777 = ORIENTED_EDGE ( 'NONE', *, *, #3477, .F. ) ;
#2778 = CARTESIAN_POINT ( 'NONE',  ( 36.06244584051392366, 2.121320343559640609, -5.000000000000000000 ) ) ;
#2779 = CARTESIAN_POINT ( 'NONE',  ( -24.24152194507613345, 0.9320127507856200699, 18.32606194987855730 ) ) ;
#2780 = CARTESIAN_POINT ( 'NONE',  ( 21.10936921724568904, -12.18750000000000888, 0.5000000000000004441 ) ) ;
#2781 = ORIENTED_EDGE ( 'NONE', *, *, #1681, .F. ) ;
#2782 = CARTESIAN_POINT ( 'NONE',  ( 0.000000000000000000, 0.000000000000000000, 0.000000000000000000 ) ) ;
#2783 = CARTESIAN_POINT ( 'NONE',  ( -20.40936921724570396, -12.18749999999998046, 0.5000000000000004441 ) ) ;
#2784 = ORIENTED_EDGE ( 'NONE', *, *, #2548, .T. ) ;
#2785 = LINE ( 'NONE', #1847, #2811 ) ;
#2786 = FACE_OUTER_BOUND ( 'NONE', #1246, .T. ) ;
#2787 = FACE_OUTER_BOUND ( 'NONE', #4448, .T. ) ;
#2788 = ORIENTED_EDGE ( 'NONE', *, *, #4757, .F. ) ;
#2789 = EDGE_CURVE ( 'NONE', #5333, #2065, #373, .T. ) ;
#2790 = EDGE_CURVE ( 'NONE', #2765, #3911, #40, .T. ) ;
#2791 = CARTESIAN_POINT ( 'NONE',  ( 20.11554220139739257, -12.86003837256329518, 18.50000000000000000 ) ) ;
#2792 = VERTEX_POINT ( 'NONE', #2719 ) ;
#2793 = CARTESIAN_POINT ( 'NONE',  ( 12.83628904474052135, -20.48561223297645384, 18.50000000000000000 ) ) ;
#2794 = EDGE_LOOP ( 'NONE', ( #384, #771, #510, #2459, #6251 ) ) ;
#2795 = B_SPLINE_CURVE_WITH_KNOTS ( 'NONE', 3,
 ( #29, #3842, #5939, #1518, #3495, #1878 ),
 .UNSPECIFIED., .F., .F.,
 ( 4, 2, 4 ),
 ( 0.000000000000000000, 0.0004057619185687322879, 0.0008115238371374645758 ),
 .UNSPECIFIED. ) ;
#2796 = EDGE_LOOP ( 'NONE', ( #3558, #138, #4905, #2364 ) ) ;
#2797 = EDGE_CURVE ( 'NONE', #1801, #5563, #5335, .T. ) ;
#2798 = ORIENTED_EDGE ( 'NONE', *, *, #1220, .F. ) ;
#2799 = CIRCLE ( 'NONE', #413, 0.7000000000000096145 ) ;
#2800 = EDGE_CURVE ( 'NONE', #1117, #4091, #2442, .T. ) ;
#2801 = FACE_OUTER_BOUND ( 'NONE', #2187, .T. ) ;
#2802 = CARTESIAN_POINT ( 'NONE',  ( -24.10886775320468445, -0.9861000903781780291, 18.44971682622087883 ) ) ;
#2803 = TOROIDAL_SURFACE ( 'NONE', #6300, 0.7000000000000013989, 0.5000000000000000000 ) ;
#2804 = DIRECTION ( 'NONE',  ( 1.000000000000000000, 0.000000000000000000, 0.000000000000000000 ) ) ;
#2805 = AXIS2_PLACEMENT_3D ( 'NONE', #1153, #1222, #5156 ) ;
#2806 = TOROIDAL_SURFACE ( 'NONE', #3533, 24.87500000000000000, 0.5000000000000000000 ) ;
#2807 = DIRECTION ( 'NONE',  ( 1.000000000000000000, -7.535205098773908718E-14, 0.000000000000000000 ) ) ;
#2808 = ORIENTED_EDGE ( 'NONE', *, *, #3624, .F. ) ;
#2809 = CARTESIAN_POINT ( 'NONE',  ( 21.16492239553630839, 11.99537024076990122, 0.5000000000000000000 ) ) ;
#2810 = TOROIDAL_SURFACE ( 'NONE', #4549, 0.2000000000000015099, 0.5000000000000000000 ) ;
#2811 = VECTOR ( 'NONE', #3244, 1000.000000000000000 ) ;
#2812 = DIRECTION ( 'NONE',  ( 0.000000000000000000, -0.000000000000000000, 1.000000000000000000 ) ) ;
#2813 = DIRECTION ( 'NONE',  ( -1.000000000000000000, 0.000000000000000000, 0.000000000000000000 ) ) ;
#2814 = CARTESIAN_POINT ( 'NONE',  ( -13.20797063031728591, 21.07878404530669414, 0.5000000000000004441 ) ) ;
#2815 = ORIENTED_EDGE ( 'NONE', *, *, #1026, .F. ) ;
#2816 = CIRCLE ( 'NONE', #13, 0.2000000000000057288 ) ;
#2817 = VECTOR ( 'NONE', #4185, 1000.000000000000000 ) ;
#2818 = SHAPE_DEFINITION_REPRESENTATION ( #3510, #3135 ) ;
#2819 = CARTESIAN_POINT ( 'NONE',  ( -24.20715954415954840, 0.6795804451154278114, 18.00000000000000000 ) ) ;
#2820 = ORIENTED_EDGE ( 'NONE', *, *, #1966, .F. ) ;
#2821 = CIRCLE ( 'NONE', #3841, 0.7000000000000061728 ) ;
#2822 = AXIS2_PLACEMENT_3D ( 'NONE', #4690, #790, #5264 ) ;
#2823 = CARTESIAN_POINT ( 'NONE',  ( -21.53606469138012613, -11.41659067360699531, 18.13788913655712065 ) ) ;
#2824 = EDGE_CURVE ( 'NONE', #4535, #245, #897, .T. ) ;
#2825 = ORIENTED_EDGE ( 'NONE', *, *, #6165, .F. ) ;
#2826 = DIRECTION ( 'NONE',  ( -0.000000000000000000, -0.000000000000000000, -1.000000000000000000 ) ) ;
#2827 = DIRECTION ( 'NONE',  ( -0.000000000000000000, -0.000000000000000000, -1.000000000000000000 ) ) ;
#2828 = AXIS2_PLACEMENT_3D ( 'NONE', #2289, #1193, #4639 ) ;
#2829 = EDGE_CURVE ( 'NONE', #361, #5532, #3068, .T. ) ;
#2830 = ORIENTED_EDGE ( 'NONE', *, *, #1503, .T. ) ;
#2831 = ORIENTED_EDGE ( 'NONE', *, *, #2318, .T. ) ;
#2832 = VERTEX_POINT ( 'NONE', #1294 ) ;
#2833 = CARTESIAN_POINT ( 'NONE',  ( -21.07878404530670124, -13.20797063031727880, 0.5000000000000004441 ) ) ;
#2834 = PRESENTATION_STYLE_ASSIGNMENT (( #2413 ) ) ;
#2835 = LINE ( 'NONE', #1960, #5300 ) ;
#2836 = ADVANCED_FACE ( 'NONE', ( #5655 ), #3078, .F. ) ;
#2837 = AXIS2_PLACEMENT_3D ( 'NONE', #2190, #3288, #4674 ) ;
#2838 = FACE_OUTER_BOUND ( 'NONE', #61, .T. ) ;
#2839 = ORIENTED_EDGE ( 'NONE', *, *, #4889, .T. ) ;
#2840 = CARTESIAN_POINT ( 'NONE',  ( -11.32291608346461231, -21.35935851955340681, 18.00000000000000000 ) ) ;
#2841 = TOROIDAL_SURFACE ( 'NONE', #5419, 24.87500000000000000, 0.5000000000000000000 ) ;
#2842 = DIRECTION ( 'NONE',  ( 1.000000000000000000, 0.000000000000000000, 0.000000000000000000 ) ) ;
#2843 = CARTESIAN_POINT ( 'NONE',  ( -21.30380534126281944, -11.51504584269466314, 18.00000000000000000 ) ) ;
#2844 = CARTESIAN_POINT ( 'NONE',  ( -12.81022953883171489, -20.70808513007008500, 18.17948586170155423 ) ) ;
#2845 = EDGE_LOOP ( 'NONE', ( #2153, #5190, #1023 ) ) ;
#2846 = CIRCLE ( 'NONE', #4901, 0.2000000000000005107 ) ;
#2847 = EDGE_CURVE ( 'NONE', #4067, #1408, #1316, .T. ) ;
#2848 = PLANE ( 'NONE',  #5791 ) ;
#2849 = EDGE_LOOP ( 'NONE', ( #6096, #909, #699, #3291 ) ) ;
#2850 = DIRECTION ( 'NONE',  ( -0.000000000000000000, -0.000000000000000000, -1.000000000000000000 ) ) ;
#2851 = DIRECTION ( 'NONE',  ( 1.000000000000000000, 0.000000000000000000, 0.000000000000000000 ) ) ;
#2852 = AXIS2_PLACEMENT_3D ( 'NONE', #4121, #1745, #1771 ) ;
#2853 = CARTESIAN_POINT ( 'NONE',  ( 20.62422489614738197, -12.69211370146487461, 18.50000000000000000 ) ) ;
#2854 = DIRECTION ( 'NONE',  ( 1.000000000000000000, 0.000000000000000000, 0.000000000000000000 ) ) ;
#2855 = EDGE_LOOP ( 'NONE', ( #823, #3688, #1321, #219 ) ) ;
#2856 = DIRECTION ( 'NONE',  ( -1.000000000000000000, 0.000000000000000000, 0.000000000000000000 ) ) ;
#2857 = TOROIDAL_SURFACE ( 'NONE', #2959, 0.7000000000000002887, 0.5000000000000000000 ) ;
#2858 = DIRECTION ( 'NONE',  ( -0.000000000000000000, -0.000000000000000000, -1.000000000000000000 ) ) ;
#2859 = CARTESIAN_POINT ( 'NONE',  ( 21.10936921724570325, 12.18749999999998579, 0.000000000000000000 ) ) ;
#2860 = CARTESIAN_POINT ( 'NONE',  ( 24.32704558404561013, 0.1941658414615307360, 0.000000000000000000 ) ) ;
#2861 = CARTESIAN_POINT ( 'NONE',  ( 12.86003837256331295, 20.11554220139739613, 18.50000000000000000 ) ) ;
#2862 = CIRCLE ( 'NONE', #5947, 23.87500000000000000 ) ;
#2863 = VERTEX_POINT ( 'NONE', #4203 ) ;
#2864 = EDGE_LOOP ( 'NONE', ( #1790, #5869, #1218, #4112, #5281 ) ) ;
#2865 = AXIS2_PLACEMENT_3D ( 'NONE', #2064, #85, #1123 ) ;
#2866 = CARTESIAN_POINT ( 'NONE',  ( 36.94112549695543635, -1.394261449008763569E-13, 11.12500000000110667 ) ) ;
#2867 = CARTESIAN_POINT ( 'NONE',  ( 21.10936921724568904, -12.18750000000000888, 18.00000000000000000 ) ) ;
#2868 = CARTESIAN_POINT ( 'NONE',  ( 24.32704558404561013, 0.1941658414615307360, 0.5000000000000000000 ) ) ;
#2869 = CYLINDRICAL_SURFACE ( 'NONE', #5170, 27.00000000000000000 ) ;
#2870 = EDGE_LOOP ( 'NONE', ( #2771, #5027, #274, #1959 ) ) ;
#2871 = ADVANCED_FACE ( 'NONE', ( #869 ), #1213, .F. ) ;
#2872 = CARTESIAN_POINT ( 'NONE',  ( -21.10936921724570681, -12.18749999999998046, 0.5000000000000004441 ) ) ;
#2873 = ADVANCED_FACE ( 'NONE', ( #779 ), #4500, .F. ) ;
#2874 = FACE_OUTER_BOUND ( 'NONE', #255, .T. ) ;
#2875 = CARTESIAN_POINT ( 'NONE',  ( 20.65508989364223780, 12.94248378347674411, 18.00000000000000000 ) ) ;
#2876 = DIRECTION ( 'NONE',  ( 1.000000000000000000, 0.000000000000000000, 0.000000000000000000 ) ) ;
#2877 = ORIENTED_EDGE ( 'NONE', *, *, #4398, .T. ) ;
#2878 = FACE_OUTER_BOUND ( 'NONE', #6051, .T. ) ;
#2879 = ORIENTED_EDGE ( 'NONE', *, *, #6370, .F. ) ;
#2880 = ADVANCED_FACE ( 'NONE', ( #4802 ), #5232, .F. ) ;
#2881 = CARTESIAN_POINT ( 'NONE',  ( 11.51504584269467202, -21.30380534126281589, 18.50000000000000000 ) ) ;
#2882 = ADVANCED_FACE ( 'NONE', ( #3203 ), #1515, .T. ) ;
#2883 = CARTESIAN_POINT ( 'NONE',  ( -20.40936921724568265, 12.18750000000002132, 18.00000000000000000 ) ) ;
#2884 = CARTESIAN_POINT ( 'NONE',  ( 0.9860897536724924084, 24.10889392283311139, 18.44970012376541746 ) ) ;
#2885 = CARTESIAN_POINT ( 'NONE',  ( -24.37500000000000000, 2.704757084947590219E-14, 0.5000000000000004441 ) ) ;
#2886 = EDGE_LOOP ( 'NONE', ( #5421, #5602, #2670, #4498 ) ) ;
#2887 = PRODUCT ( 'mallet_holder', 'mallet_holder', '', ( #3297 ) ) ;
#2888 = DIRECTION ( 'NONE',  ( -0.000000000000000000, -0.000000000000000000, -1.000000000000000000 ) ) ;
#2889 = CARTESIAN_POINT ( 'NONE',  ( 11.32291608346458212, -21.35935851955342457, 18.50000000000000000 ) ) ;
#2890 = CARTESIAN_POINT ( 'NONE',  ( -24.37500000000000000, 2.704757084947590219E-14, 18.50000000000000000 ) ) ;
#2891 = FACE_OUTER_BOUND ( 'NONE', #4217, .T. ) ;
#2892 = CARTESIAN_POINT ( 'NONE',  ( -0.8990460756401825737, 24.85874777928036039, 0.5000000000000004441 ) ) ;
#2893 = VERTEX_POINT ( 'NONE', #2971 ) ;
#2894 = ORIENTED_EDGE ( 'NONE', *, *, #4126, .F. ) ;
#2895 = DIRECTION ( 'NONE',  ( 1.000000000000000000, 0.000000000000000000, 0.000000000000000000 ) ) ;
#2896 = DIRECTION ( 'NONE',  ( -0.000000000000000000, -0.000000000000000000, -1.000000000000000000 ) ) ;
#2897 = CARTESIAN_POINT ( 'NONE',  ( -20.65508989364221648, 12.94248378347677253, 18.00000000000000000 ) ) ;
#2898 = CARTESIAN_POINT ( 'NONE',  ( 24.37500000000000000, -2.406249427655413829E-14, 18.00000000000000000 ) ) ;
#2899 = ORIENTED_EDGE ( 'NONE', *, *, #5861, .F. ) ;
#2900 = CYLINDRICAL_SURFACE ( 'NONE', #5932, 0.1999999999999987899 ) ;
#2901 = AXIS2_PLACEMENT_3D ( 'NONE', #4985, #4010, #4076 ) ;
#2902 = DIRECTION ( 'NONE',  ( 0.000000000000000000, 0.000000000000000000, 1.000000000000000000 ) ) ;
#2903 = DIRECTION ( 'NONE',  ( 0.000000000000000000, 0.000000000000000000, 1.000000000000000000 ) ) ;
#2904 = AXIS2_PLACEMENT_3D ( 'NONE', #4392, #5948, #6366 ) ;
#2905 = CARTESIAN_POINT ( 'NONE',  ( -12.85027901411706530, -20.37769543858145127, 18.46587281468513098 ) ) ;
#2906 = ADVANCED_FACE ( 'NONE', ( #5837 ), #4924, .F. ) ;
#2907 = ORIENTED_EDGE ( 'NONE', *, *, #1934, .F. ) ;
#2908 = CIRCLE ( 'NONE', #1983, 24.87500000000000355 ) ;
#2909 = CARTESIAN_POINT ( 'NONE',  ( 12.80475749830277721, -20.74138921364525601, 17.99999999999999645 ) ) ;
#2910 = ORIENTED_EDGE ( 'NONE', *, *, #3591, .T. ) ;
#2911 = TOROIDAL_SURFACE ( 'NONE', #2504, 0.7000000000000019540, 0.5000000000000000000 ) ;
#2912 = CARTESIAN_POINT ( 'NONE',  ( 0.000000000000000000, 0.000000000000000000, -5.000000000000000000 ) ) ;
#2913 = DIRECTION ( 'NONE',  ( -0.000000000000000000, -0.000000000000000000, -1.000000000000000000 ) ) ;
#2914 = AXIS2_PLACEMENT_3D ( 'NONE', #273, #4305, #332 ) ;
#2915 = DIRECTION ( 'NONE',  ( 0.4683729507120837354, 0.8835308591335427897, 0.000000000000000000 ) ) ;
#2916 = DIRECTION ( 'NONE',  ( 0.000000000000000000, 0.000000000000000000, 1.000000000000000000 ) ) ;
#2917 = ADVANCED_FACE ( 'NONE', ( #1512 ), #5646, .F. ) ;
#2918 = ORIENTED_EDGE ( 'NONE', *, *, #2650, .T. ) ;
#2919 = EDGE_CURVE ( 'NONE', #855, #456, #5424, .T. ) ;
#2920 = AXIS2_PLACEMENT_3D ( 'NONE', #3563, #3107, #3595 ) ;
#2921 = VECTOR ( 'NONE', #4844, 1000.000000000000000 ) ;
#2922 = DIRECTION ( 'NONE',  ( -0.000000000000000000, -0.000000000000000000, -1.000000000000000000 ) ) ;
#2923 = CARTESIAN_POINT ( 'NONE',  ( 19.09188309203678813, 19.09188309203678102, 19.24999999999999289 ) ) ;
#2924 = CARTESIAN_POINT ( 'NONE',  ( -0.6795804451154354719, -24.20715954415954485, 18.00000000000000000 ) ) ;
#2925 = CARTESIAN_POINT ( 'NONE',  ( -21.53606469138012969, -11.41659067360699886, 0.5000000000000004441 ) ) ;
#2926 = DIRECTION ( 'NONE',  ( 1.000000000000000000, 0.000000000000000000, 0.000000000000000000 ) ) ;
#2927 = CARTESIAN_POINT ( 'NONE',  ( -21.10936921724570681, -12.18749999999998046, 18.00000000000000000 ) ) ;
#2928 = VECTOR ( 'NONE', #6172, 1000.000000000000000 ) ;
#2929 = VERTEX_POINT ( 'NONE', #6284 ) ;
#2930 = EDGE_CURVE ( 'NONE', #4433, #2322, #4396, .T. ) ;
#2931 = DIRECTION ( 'NONE',  ( 1.000000000000000000, -4.956352788505156365E-15, 0.000000000000000000 ) ) ;
#2932 =( NAMED_UNIT ( * ) SI_UNIT ( $, .STERADIAN. ) SOLID_ANGLE_UNIT ( ) );
#2933 = ORIENTED_EDGE ( 'NONE', *, *, #3500, .F. ) ;
#2934 = CARTESIAN_POINT ( 'NONE',  ( -12.18750000000002309, -21.10936921724567839, 18.50000000000000000 ) ) ;
#2935 = DIRECTION ( 'NONE',  ( 1.000000000000000000, 0.000000000000000000, 0.000000000000000000 ) ) ;
#2936 = ORIENTED_EDGE ( 'NONE', *, *, #5044, .F. ) ;
#2937 = DIRECTION ( 'NONE',  ( 1.000000000000000000, 0.000000000000000000, 0.000000000000000000 ) ) ;
#2938 = DIRECTION ( 'NONE',  ( 0.000000000000000000, 0.000000000000000000, 1.000000000000000000 ) ) ;
#2939 = CARTESIAN_POINT ( 'NONE',  ( 0.000000000000000000, 0.000000000000000000, 18.50000000000000000 ) ) ;
#2940 = DIRECTION ( 'NONE',  ( -0.000000000000000000, -0.000000000000000000, -1.000000000000000000 ) ) ;
#2941 = ORIENTED_EDGE ( 'NONE', *, *, #5314, .F. ) ;
#2942 = DIRECTION ( 'NONE',  ( 1.000000000000000000, 0.000000000000000000, 0.000000000000000000 ) ) ;
#2943 = ORIENTED_EDGE ( 'NONE', *, *, #1788, .T. ) ;
#2944 = AXIS2_PLACEMENT_3D ( 'NONE', #4588, #3011, #4984 ) ;
#2945 = CARTESIAN_POINT ( 'NONE',  ( -21.53606469138011192, 11.41659067360703084, 18.00000000000000000 ) ) ;
#2946 = EDGE_CURVE ( 'NONE', #5930, #646, #1418, .T. ) ;
#2947 = DIRECTION ( 'NONE',  ( -1.000000000000000000, 0.000000000000000000, 0.000000000000000000 ) ) ;
#2948 = ORIENTED_EDGE ( 'NONE', *, *, #3788, .T. ) ;
#2949 = CARTESIAN_POINT ( 'NONE',  ( 23.85058974358974382, -1.079348823583823558, 18.50000000000000000 ) ) ;
#2950 = CIRCLE ( 'NONE', #5115, 0.2000000000000005107 ) ;
#2951 = ORIENTED_EDGE ( 'NONE', *, *, #5920, .F. ) ;
#2952 = DIRECTION ( 'NONE',  ( -0.000000000000000000, -0.000000000000000000, -1.000000000000000000 ) ) ;
#2953 = CARTESIAN_POINT ( 'NONE',  ( 23.85058974358974382, 1.079348823583776262, 18.50000000000000000 ) ) ;
#2954 = AXIS2_PLACEMENT_3D ( 'NONE', #5931, #1713, #2285 ) ;
#2955 = EDGE_CURVE ( 'NONE', #6249, #2031, #901, .T. ) ;
#2956 = CARTESIAN_POINT ( 'NONE',  ( 0.000000000000000000, 0.000000000000000000, -4.000000000000000000 ) ) ;
#2957 = DIRECTION ( 'NONE',  ( 1.000000000000000000, 0.000000000000000000, 0.000000000000000000 ) ) ;
#2958 = LINE ( 'NONE', #524, #14 ) ;
#2959 = AXIS2_PLACEMENT_3D ( 'NONE', #5786, #364, #5819 ) ;
#2960 = ORIENTED_EDGE ( 'NONE', *, *, #1009, .T. ) ;
#2961 = DIRECTION ( 'NONE',  ( 0.000000000000000000, -1.000000000000000000, 0.000000000000000000 ) ) ;
#2962 = AXIS2_PLACEMENT_3D ( 'NONE', #4934, #965, #4965 ) ;
#2963 = CARTESIAN_POINT ( 'NONE',  ( 36.06244584051393076, 2.121320343559644162, 10.29469496883572788 ) ) ;
#2964 = EDGE_CURVE ( 'NONE', #4535, #4191, #5740, .T. ) ;
#2965 = ORIENTED_EDGE ( 'NONE', *, *, #737, .F. ) ;
#2966 = CARTESIAN_POINT ( 'NONE',  ( -11.32291608346458389, 21.35935851955342457, 0.5000000000000004441 ) ) ;
#2967 = EDGE_CURVE ( 'NONE', #5577, #4968, #171, .T. ) ;
#2968 = AXIS2_PLACEMENT_3D ( 'NONE', #5933, #2998, #5327 ) ;
#2969 = CARTESIAN_POINT ( 'NONE',  ( -21.30380534126281589, -11.51504584269467379, 18.50000000000000000 ) ) ;
#2970 = ORIENTED_EDGE ( 'NONE', *, *, #4767, .F. ) ;
#2971 = CARTESIAN_POINT ( 'NONE',  ( 12.33167534327568227, 20.97075655407475026, 0.000000000000000000 ) ) ;
#2972 = CARTESIAN_POINT ( 'NONE',  ( -0.8887057282368751032, -24.34196583538606262, 18.14610353506294160 ) ) ;
#2973 = ORIENTED_EDGE ( 'NONE', *, *, #2476, .T. ) ;
#2974 = CARTESIAN_POINT ( 'NONE',  ( 12.69211365197570451, -20.62422484467219874, 18.07330398227687596 ) ) ;
#2975 = EDGE_LOOP ( 'NONE', ( #4290, #5520, #4636, #270 ) ) ;
#2976 = DIRECTION ( 'NONE',  ( 0.2777658914530146128, 0.9606487961504517337, 0.000000000000000000 ) ) ;
#2977 = CARTESIAN_POINT ( 'NONE',  ( 0.000000000000000000, 0.000000000000000000, 0.000000000000000000 ) ) ;
#2978 = EDGE_LOOP ( 'NONE', ( #2555, #4769, #1523, #2100, #4525 ) ) ;
#2979 = CARTESIAN_POINT ( 'NONE',  ( 23.85058974358974382, -1.079348823583823558, 18.50000000000000000 ) ) ;
#2980 = CARTESIAN_POINT ( 'NONE',  ( 12.86003837256331295, 20.11554220139739613, 18.50000000000000000 ) ) ;
#2981 = LINE ( 'NONE', #2923, #3004 ) ;
#2982 = DIRECTION ( 'NONE',  ( 0.000000000000000000, 0.000000000000000000, 1.000000000000000000 ) ) ;
#2983 = CARTESIAN_POINT ( 'NONE',  ( 23.85058974358974382, 1.079348823583775374, 18.50000000000000000 ) ) ;
#2984 = ORIENTED_EDGE ( 'NONE', *, *, #1627, .F. ) ;
#2985 = CARTESIAN_POINT ( 'NONE',  ( 0.6795804451154260351, 24.20715954415954840, 18.50000000000000000 ) ) ;
#2986 = EDGE_CURVE ( 'NONE', #4968, #442, #4606, .T. ) ;
#2987 = EDGE_CURVE ( 'NONE', #1509, #4502, #2654, .T. ) ;
#2988 = EDGE_LOOP ( 'NONE', ( #4512, #1632, #2344, #1936 ) ) ;
#2989 = DIRECTION ( 'NONE',  ( -0.000000000000000000, -0.000000000000000000, -1.000000000000000000 ) ) ;
#2990 = CARTESIAN_POINT ( 'NONE',  ( 0.9320127507855771043, -24.24152194507612990, 18.32606194987856085 ) ) ;
#2991 = EDGE_LOOP ( 'NONE', ( #1180, #1968, #5843, #976, #1997 ) ) ;
#2992 = DIRECTION ( 'NONE',  ( 1.000000000000000000, 0.000000000000000000, 0.000000000000000000 ) ) ;
#2993 = ADVANCED_FACE ( 'NONE', ( #20 ), #5130, .T. ) ;
#2994 = EDGE_CURVE ( 'NONE', #4528, #303, #175, .T. ) ;
#2995 = CARTESIAN_POINT ( 'NONE',  ( -11.99537024076989589, 21.16492239553630839, 0.5000000000000004441 ) ) ;
#2996 = EDGE_LOOP ( 'NONE', ( #4724, #1955, #5249, #2495 ) ) ;
#2997 = DIRECTION ( 'NONE',  ( -0.000000000000000000, -0.000000000000000000, -1.000000000000000000 ) ) ;
#2998 = DIRECTION ( 'NONE',  ( 0.000000000000000000, 0.000000000000000000, 1.000000000000000000 ) ) ;
#2999 = DIRECTION ( 'NONE',  ( -0.7208767163783719178, 0.6930633158547179207, 0.000000000000000000 ) ) ;
#3000 = ORIENTED_EDGE ( 'NONE', *, *, #3398, .T. ) ;
#3001 = CARTESIAN_POINT ( 'NONE',  ( -24.21517551389633738, -0.8363640896099523436, 18.36113832892224806 ) ) ;
#3002 = ORIENTED_EDGE ( 'NONE', *, *, #784, .F. ) ;
#3003 = DIRECTION ( 'NONE',  ( 1.000000000000000000, 0.000000000000000000, 0.000000000000000000 ) ) ;
#3004 = VECTOR ( 'NONE', #1431, 1000.000000000000114 ) ;
#3005 = CARTESIAN_POINT ( 'NONE',  ( 24.37500000000000000, -2.406249427655413829E-14, 0.5000000000000004441 ) ) ;
#3006 = DIRECTION ( 'NONE',  ( 0.2397720797720839514, 0.9708292073077373630, 0.000000000000000000 ) ) ;
#3007 = ORIENTED_EDGE ( 'NONE', *, *, #1136, .T. ) ;
#3008 = TOROIDAL_SURFACE ( 'NONE', #1355, 1.200000000000000178, 0.5000000000000000000 ) ;
#3009 = CARTESIAN_POINT ( 'NONE',  ( -23.85058974358974382, -1.079348823583773154, 18.50000000000000000 ) ) ;
#3010 = CIRCLE ( 'NONE', #1461, 0.5000000000000000000 ) ;
#3011 = DIRECTION ( 'NONE',  ( 0.000000000000000000, 0.000000000000000000, 1.000000000000000000 ) ) ;
#3012 = CARTESIAN_POINT ( 'NONE',  ( 24.04462480686538584, 0.8873838814390457852, 18.45002166485600625 ) ) ;
#3013 = CIRCLE ( 'NONE', #2189, 0.5000000000000000000 ) ;
#3014 = CARTESIAN_POINT ( 'NONE',  ( -24.35920512820513650, 0.8737462865769779485, 0.5000000000000004441 ) ) ;
#3015 = AXIS2_PLACEMENT_3D ( 'NONE', #3370, #3399, #2942 ) ;
#3016 = AXIS2_PLACEMENT_3D ( 'NONE', #972, #4383, #5872 ) ;
#3017 = CARTESIAN_POINT ( 'NONE',  ( 21.38913919693856514, -11.38327520853287389, 18.36113832892224806 ) ) ;
#3018 = ADVANCED_FACE ( 'NONE', ( #5865, #1445 ), #3422, .F. ) ;
#3019 = CIRCLE ( 'NONE', #1482, 1.200000000000001510 ) ;
#3020 = AXIS2_PLACEMENT_3D ( 'NONE', #3675, #5152, #733 ) ;
#3021 = ORIENTED_EDGE ( 'NONE', *, *, #2565, .T. ) ;
#3022 = EDGE_CURVE ( 'NONE', #1061, #4760, #5651, .T. ) ;
#3023 = CARTESIAN_POINT ( 'NONE',  ( 36.06244584051393076, 2.121320343559644162, 10.29469496883572788 ) ) ;
#3024 = VECTOR ( 'NONE', #817, 1000.000000000000000 ) ;
#3025 = ADVANCED_FACE ( 'NONE', ( #2874 ), #5715, .F. ) ;
#3026 = CYLINDRICAL_SURFACE ( 'NONE', #778, 0.2000000000000057288 ) ;
#3027 = ORIENTED_EDGE ( 'NONE', *, *, #6385, .F. ) ;
#3028 = CYLINDRICAL_SURFACE ( 'NONE', #5795, 24.37500000000000000 ) ;
#3029 = AXIS2_PLACEMENT_3D ( 'NONE', #4095, #1159, #2554 ) ;
#3030 = CARTESIAN_POINT ( 'NONE',  ( -20.11554220139741389, -12.86003837256326854, 18.50000000000000000 ) ) ;
#3031 = EDGE_LOOP ( 'NONE', ( #3284, #3273, #2820, #955 ) ) ;
#3032 = CARTESIAN_POINT ( 'NONE',  ( -11.49710307509525720, 21.30251963564346696, 18.14610353985105462 ) ) ;
#3033 = DIRECTION ( 'NONE',  ( -0.000000000000000000, -0.000000000000000000, -1.000000000000000000 ) ) ;
#3034 = AXIS2_PLACEMENT_3D ( 'NONE', #5381, #2448, #960 ) ;
#3035 = ADVANCED_FACE ( 'NONE', ( #1059 ), #5444, .F. ) ;
#3036 = DIRECTION ( 'NONE',  ( 1.000000000000000000, 0.000000000000000000, 0.000000000000000000 ) ) ;
#3037 = ORIENTED_EDGE ( 'NONE', *, *, #1413, .T. ) ;
#3038 = CARTESIAN_POINT ( 'NONE',  ( -11.32291608346460521, -21.35935851955340681, 0.5000000000000004441 ) ) ;
#3039 = ORIENTED_EDGE ( 'NONE', *, *, #4126, .T. ) ;
#3040 = CARTESIAN_POINT ( 'NONE',  ( 12.83628904474054622, 20.48561223297644673, 0.5000000000000004441 ) ) ;
#3041 = CARTESIAN_POINT ( 'NONE',  ( -12.80475749830277188, 20.74138921364525245, 18.00000000000000000 ) ) ;
#3042 = CARTESIAN_POINT ( 'NONE',  ( 11.51504584269470222, 21.30380534126279457, 18.00000000000000000 ) ) ;
#3043 = EDGE_LOOP ( 'NONE', ( #5704, #2143, #5022, #2335 ) ) ;
#3044 = DIRECTION ( 'NONE',  ( 0.000000000000000000, -1.000000000000000000, 0.000000000000000000 ) ) ;
#3045 = EDGE_CURVE ( 'NONE', #2256, #3586, #3180, .T. ) ;
#3046 = CIRCLE ( 'NONE', #2739, 0.7000000000000027311 ) ;
#3047 = CARTESIAN_POINT ( 'NONE',  ( -11.40134118055119217, -21.52511365561554513, 18.14610353506312279 ) ) ;
#3048 = CARTESIAN_POINT ( 'NONE',  ( 20.24344071148133750, 12.85832324689339323, 18.49991804527303785 ) ) ;
#3049 = CYLINDRICAL_SURFACE ( 'NONE', #4750, 0.2000000000000040079 ) ;
#3050 = ORIENTED_EDGE ( 'NONE', *, *, #5798, .T. ) ;
#3051 = AXIS2_PLACEMENT_3D ( 'NONE', #1658, #197, #594 ) ;
#3052 = DIRECTION ( 'NONE',  ( 0.8835308591335412354, -0.4683729507120864000, 0.000000000000000000 ) ) ;
#3053 = AXIS2_PLACEMENT_3D ( 'NONE', #4976, #554, #62 ) ;
#3054 = ORIENTED_EDGE ( 'NONE', *, *, #4959, .T. ) ;
#3055 = CARTESIAN_POINT ( 'NONE',  ( -0.7185506760068478549, 24.36494871794872452, 18.00000000000000000 ) ) ;
#3056 = DIRECTION ( 'NONE',  ( -1.000000000000000000, 0.000000000000000000, 0.000000000000000000 ) ) ;
#3057 = CARTESIAN_POINT ( 'NONE',  ( 0.8363640896099531208, -24.21517551389633027, 18.36113832892224451 ) ) ;
#3058 = ORIENTED_EDGE ( 'NONE', *, *, #3197, .T. ) ;
#3059 = AXIS2_PLACEMENT_3D ( 'NONE', #5736, #3683, #1317 ) ;
#3060 = CARTESIAN_POINT ( 'NONE',  ( 0.8737462865769465292, -24.15920512820513366, 18.00000000000000000 ) ) ;
#3061 = CARTESIAN_POINT ( 'NONE',  ( -0.8737462865769576315, 24.15920512820513011, 18.50000000000000000 ) ) ;
#3062 = ORIENTED_EDGE ( 'NONE', *, *, #1570, .F. ) ;
#3063 = VECTOR ( 'NONE', #4696, 1000.000000000000000 ) ;
#3064 = CARTESIAN_POINT ( 'NONE',  ( -21.10936921724568194, 12.18750000000002132, 18.00000000000000000 ) ) ;
#3065 = CARTESIAN_POINT ( 'NONE',  ( 0.6795804451154441317, 24.20715954415954485, 18.00000000000000000 ) ) ;
#3066 = DIRECTION ( 'NONE',  ( -0.9993466443931802168, -0.03614255580463038298, 0.000000000000000000 ) ) ;
#3067 = ORIENTED_EDGE ( 'NONE', *, *, #3150, .T. ) ;
#3068 = CIRCLE ( 'NONE', #280, 0.2000000000000057288 ) ;
#3069 = EDGE_CURVE ( 'NONE', #1707, #1610, #3787, .T. ) ;
#3070 = CARTESIAN_POINT ( 'NONE',  ( 12.86003837256327564, -20.11554220139740679, 18.50000000000000000 ) ) ;
#3071 = ADVANCED_FACE ( 'NONE', ( #679 ), #74, .T. ) ;
#3072 = ORIENTED_EDGE ( 'NONE', *, *, #5861, .T. ) ;
#3073 = CYLINDRICAL_SURFACE ( 'NONE', #3570, 2.999999999999995559 ) ;
#3074 = DIRECTION ( 'NONE',  ( 1.000000000000000000, 0.000000000000000000, 0.000000000000000000 ) ) ;
#3075 = CARTESIAN_POINT ( 'NONE',  ( 11.08929415183157197, 21.28082637332593308, 18.50000000000000000 ) ) ;
#3076 = VERTEX_POINT ( 'NONE', #2553 ) ;
#3077 = CARTESIAN_POINT ( 'NONE',  ( 11.65077714896303718, -21.97783012094689781, 0.000000000000000000 ) ) ;
#3078 =( BOUNDED_SURFACE ( )  B_SPLINE_SURFACE ( 3, 2, ( 
 ( #4714, #2265, #3237 ),
 ( #289, #1262, #808 ),
 ( #3716, #4286, #6170 ),
 ( #3265, #3293, #348 ),
 ( #1350, #3690, #2779 ),
 ( #5167, #6262, #258 ),
 ( #2325, #5295, #5679 ),
 ( #378, #3330, #4772 ) ),
 .UNSPECIFIED., .F., .F., .F. ) 
 B_SPLINE_SURFACE_WITH_KNOTS ( ( 4, 2, 2, 4 ),
 ( 3, 3 ),
 ( 0.000000000000000000, 0.0001311096522626889504, 0.0002622193045253779007, 0.0005244386090507558015 ),
 ( 0.000000000000000000, 1.000000000000000000 ),
 .UNSPECIFIED. ) 
 GEOMETRIC_REPRESENTATION_ITEM ( )  RATIONAL_B_SPLINE_SURFACE ( (
 ( 1.000000000000000000, 0.7760564330438588510, 1.000000000000000000),
 ( 1.000000000000000000, 0.7754047934802485997, 1.000000000000000000),
 ( 1.000000000000000000, 0.7971915883080121779, 1.000000000000000000),
 ( 1.000000000000000000, 0.8534865031513875211, 1.000000000000000000),
 ( 1.000000000000000000, 0.8868869947388734465, 1.000000000000000000),
 ( 1.000000000000000000, 0.9695438062021560777, 1.000000000000000000),
 ( 1.000000000000000000, 1.001548216897439669, 1.000000000000000000),
 ( 1.000000000000000000, 1.000000000000000000, 1.000000000000000000) ) ) 
 REPRESENTATION_ITEM ( '' )  SURFACE ( )  );
#3079 = ADVANCED_FACE ( 'NONE', ( #1677 ), #643, .F. ) ;
#3080 = CARTESIAN_POINT ( 'NONE',  ( -11.51504582286048439, -21.30380527266646595, 18.07330398227676937 ) ) ;
#3081 = EDGE_CURVE ( 'NONE', #6296, #335, #2659, .T. ) ;
#3082 = CARTESIAN_POINT ( 'NONE',  ( 20.61168928554869950, 12.82414064653631947, 18.31245502271049119 ) ) ;
#3083 = DIRECTION ( 'NONE',  ( -1.000000000000000000, 0.000000000000000000, 0.000000000000000000 ) ) ;
#3084 = ORIENTED_EDGE ( 'NONE', *, *, #1584, .F. ) ;
#3085 = CARTESIAN_POINT ( 'NONE',  ( 23.67499999999999716, -2.406249427655413829E-14, 18.00000000000000000 ) ) ;
#3086 = ORIENTED_EDGE ( 'NONE', *, *, #3469, .T. ) ;
#3087 = CARTESIAN_POINT ( 'NONE',  ( -12.86003837256327387, 20.11554220139741034, 18.50000000000000000 ) ) ;
#3088 = DIRECTION ( 'NONE',  ( 0.5309736936810923735, 0.8473883033289151268, 0.000000000000000000 ) ) ;
#3089 = CARTESIAN_POINT ( 'NONE',  ( 0.6795804279941745074, -24.20715947483631680, 18.07330398227687596 ) ) ;
#3090 = ORIENTED_EDGE ( 'NONE', *, *, #3236, .F. ) ;
#3091 = CARTESIAN_POINT ( 'NONE',  ( 24.15920512820513011, 0.8737462865769590747, 0.5000000000000004441 ) ) ;
#3092 = ORIENTED_EDGE ( 'NONE', *, *, #6186, .T. ) ;
#3093 = CARTESIAN_POINT ( 'NONE',  ( 11.32291608346458034, -21.35935851955342102, 18.00000000000000000 ) ) ;
#3094 = ORIENTED_EDGE ( 'NONE', *, *, #857, .F. ) ;
#3095 = DIRECTION ( 'NONE',  ( 0.000000000000000000, 0.000000000000000000, 1.000000000000000000 ) ) ;
#3096 = CARTESIAN_POINT ( 'NONE',  ( -20.36811947315361948, -12.79451998428745618, 18.45554554181486395 ) ) ;
#3097 = DIRECTION ( 'NONE',  ( -0.000000000000000000, -0.000000000000000000, -1.000000000000000000 ) ) ;
#3098 = EDGE_LOOP ( 'NONE', ( #3279, #2679, #4055, #4022, #409 ) ) ;
#3099 = CARTESIAN_POINT ( 'NONE',  ( -24.13388892654004181, -0.7793400901521239099, 18.32606195575484875 ) ) ;
#3100 = ORIENTED_EDGE ( 'NONE', *, *, #731, .T. ) ;
#3101 = DIRECTION ( 'NONE',  ( -0.000000000000000000, -0.000000000000000000, -1.000000000000000000 ) ) ;
#3102 = DIRECTION ( 'NONE',  ( 1.000000000000000000, 0.000000000000000000, 0.000000000000000000 ) ) ;
#3103 = EDGE_CURVE ( 'NONE', #3391, #3874, #703, .T. ) ;
#3104 = FACE_OUTER_BOUND ( 'NONE', #1751, .T. ) ;
#3105 = CARTESIAN_POINT ( 'NONE',  ( -12.83628904474053556, 20.48561223297645029, 0.000000000000000000 ) ) ;
#3106 = ORIENTED_EDGE ( 'NONE', *, *, #3395, .F. ) ;
#3107 = DIRECTION ( 'NONE',  ( -0.000000000000000000, -0.000000000000000000, -1.000000000000000000 ) ) ;
#3108 = CARTESIAN_POINT ( 'NONE',  ( 36.83248774676595616, -0.8261556372349910804, 11.02083601638147137 ) ) ;
#3109 = AXIS2_PLACEMENT_3D ( 'NONE', #4343, #5292, #3454 ) ;
#3110 = CARTESIAN_POINT ( 'NONE',  ( 25.62500000000000355, 0.000000000000000000, -0.5000000000000000000 ) ) ;
#3111 = DIRECTION ( 'NONE',  ( 1.000000000000000000, -1.065814103640145703E-14, 0.000000000000000000 ) ) ;
#3112 = CIRCLE ( 'NONE', #4538, 0.2000000000000040079 ) ;
#3113 = CARTESIAN_POINT ( 'NONE',  ( 21.45993974736079224, -11.56019084560084309, 18.09393492550572446 ) ) ;
#3114 = EDGE_CURVE ( 'NONE', #1221, #5333, #380, .T. ) ;
#3115 = VECTOR ( 'NONE', #2434, 1000.000000000000000 ) ;
#3116 = ORIENTED_EDGE ( 'NONE', *, *, #658, .T. ) ;
#3117 = TOROIDAL_SURFACE ( 'NONE', #3529, 0.7000000000000053957, 0.5000000000000000000 ) ;
#3118 = VECTOR ( 'NONE', #4616, 1000.000000000000000 ) ;
#3119 = DIRECTION ( 'NONE',  ( 1.000000000000000000, -8.881784197001252323E-16, 0.000000000000000000 ) ) ;
#3120 = CARTESIAN_POINT ( 'NONE',  ( 12.18749999999998579, -21.10936921724569970, 18.00000000000000000 ) ) ;
#3121 = ORIENTED_EDGE ( 'NONE', *, *, #546, .T. ) ;
#3122 = AXIS2_PLACEMENT_3D ( 'NONE', #2634, #1667, #3056 ) ;
#3123 = LINE ( 'NONE', #4218, #2302 ) ;
#3124 = ADVANCED_FACE ( 'NONE', ( #1250 ), #1216, .T. ) ;
#3125 = VERTEX_POINT ( 'NONE', #6255 ) ;
#3126 = AXIS2_PLACEMENT_3D ( 'NONE', #2885, #2916, #5848 ) ;
#3127 = TOROIDAL_SURFACE ( 'NONE', #3843, 0.2000000000000015099, 0.5000000000000000000 ) ;
#3128 = CARTESIAN_POINT ( 'NONE',  ( -23.85058974358974737, 1.079348823583828665, 18.50000000000000000 ) ) ;
#3129 = ORIENTED_EDGE ( 'NONE', *, *, #4917, .F. ) ;
#3130 = DIRECTION ( 'NONE',  ( -0.7071067811865474617, 0.000000000000000000, -0.7071067811865474617 ) ) ;
#3131 = CARTESIAN_POINT ( 'NONE',  ( 0.9907205764460134123, 23.94708819546161038, 18.50000000000000000 ) ) ;
#3132 = DIRECTION ( 'NONE',  ( 0.000000000000000000, 0.000000000000000000, 1.000000000000000000 ) ) ;
#3133 = TOROIDAL_SURFACE ( 'NONE', #4465, 24.87500000000000355, 0.5000000000000000000 ) ;
#3134 = CARTESIAN_POINT ( 'NONE',  ( 0.000000000000000000, 0.000000000000000000, 18.00000000000000000 ) ) ;
#3135 = ADVANCED_BREP_SHAPE_REPRESENTATION ( 'mallet_holder', ( #3318, #758 ), #6311 ) ;
#3136 = CARTESIAN_POINT ( 'NONE',  ( -24.20715947483631680, -0.6795804279941760617, 18.07330398227687596 ) ) ;
#3137 = EDGE_LOOP ( 'NONE', ( #2039, #411, #3823, #5157, #5042, #1314 ) ) ;
#3138 = CYLINDRICAL_SURFACE ( 'NONE', #327, 2.999999999999995559 ) ;
#3139 = CIRCLE ( 'NONE', #561, 2.999999999999992450 ) ;
#3140 = CARTESIAN_POINT ( 'NONE',  ( 24.24152194507621161, 0.9320127507855793247, 18.32606194987848980 ) ) ;
#3141 = DIRECTION ( 'NONE',  ( 0.000000000000000000, 0.000000000000000000, 1.000000000000000000 ) ) ;
#3142 = DIRECTION ( 'NONE',  ( 0.000000000000000000, 0.000000000000000000, 1.000000000000000000 ) ) ;
#3143 = ORIENTED_EDGE ( 'NONE', *, *, #593, .F. ) ;
#3144 = CARTESIAN_POINT ( 'NONE',  ( 20.11554220139739257, -12.86003837256329696, 18.49999999999999645 ) ) ;
#3145 = EDGE_CURVE ( 'NONE', #442, #335, #2041, .T. ) ;
#3146 = CARTESIAN_POINT ( 'NONE',  ( -12.86003837256327387, 20.11554220139741034, 18.50000000000000000 ) ) ;
#3147 = DIRECTION ( 'NONE',  ( 0.000000000000000000, -1.000000000000000000, 0.000000000000000000 ) ) ;
#3148 = DIRECTION ( 'NONE',  ( 1.000000000000000000, 0.000000000000000000, 0.000000000000000000 ) ) ;
#3149 = ORIENTED_EDGE ( 'NONE', *, *, #5628, .F. ) ;
#3150 = EDGE_CURVE ( 'NONE', #2479, #745, #4611, .T. ) ;
#3151 = ORIENTED_EDGE ( 'NONE', *, *, #5776, .T. ) ;
#3152 = CIRCLE ( 'NONE', #360, 24.37500000000000000 ) ;
#3153 = CARTESIAN_POINT ( 'NONE',  ( 11.32291608346459810, 21.35935851955341391, 0.5000000000000004441 ) ) ;
#3154 = DIRECTION ( 'NONE',  ( 1.000000000000000000, 0.000000000000000000, 0.000000000000000000 ) ) ;
#3155 = ORIENTED_EDGE ( 'NONE', *, *, #560, .T. ) ;
#3156 = CARTESIAN_POINT ( 'NONE',  ( 24.85920512820513650, 0.8737462865769590747, 2.168404344971008868E-16 ) ) ;
#3157 = AXIS2_PLACEMENT_3D ( 'NONE', #2621, #3101, #4580 ) ;
#3158 = ORIENTED_EDGE ( 'NONE', *, *, #907, .F. ) ;
#3159 = EDGE_CURVE ( 'NONE', #3906, #4389, #875, .T. ) ;
#3160 = DIRECTION ( 'NONE',  ( -0.000000000000000000, -0.000000000000000000, -1.000000000000000000 ) ) ;
#3161 = ORIENTED_EDGE ( 'NONE', *, *, #4970, .F. ) ;
#3162 = EDGE_CURVE ( 'NONE', #3353, #3430, #5924, .T. ) ;
#3163 = CARTESIAN_POINT ( 'NONE',  ( 24.15920512820513011, 0.8737462865769590747, 0.000000000000000000 ) ) ;
#3164 = CIRCLE ( 'NONE', #3980, 24.37500000000000000 ) ;
#3165 = CARTESIAN_POINT ( 'NONE',  ( 0.7793400901522107294, 24.13388892654026208, 18.32606195575481678 ) ) ;
#3166 = EDGE_CURVE ( 'NONE', #860, #2542, #3458, .T. ) ;
#3167 = DIRECTION ( 'NONE',  ( -0.000000000000000000, -0.000000000000000000, -1.000000000000000000 ) ) ;
#3168 = ORIENTED_EDGE ( 'NONE', *, *, #3554, .T. ) ;
#3169 = ORIENTED_EDGE ( 'NONE', *, *, #1690, .T. ) ;
#3170 = FACE_OUTER_BOUND ( 'NONE', #3863, .T. ) ;
#3171 = ORIENTED_EDGE ( 'NONE', *, *, #3943, .T. ) ;
#3172 = DIRECTION ( 'NONE',  ( -0.000000000000000000, -0.000000000000000000, -1.000000000000000000 ) ) ;
#3173 = CARTESIAN_POINT ( 'NONE',  ( 23.85058974358974382, 1.079348823583775374, 18.50000000000000000 ) ) ;
#3174 = CARTESIAN_POINT ( 'NONE',  ( -12.82414064653631591, 20.61168928554877411, 18.31245502271026027 ) ) ;
#3175 = AXIS2_PLACEMENT_3D ( 'NONE', #5142, #1466, #2502 ) ;
#3176 = DIRECTION ( 'NONE',  ( 1.224646799147353207E-16, 1.000000000000000000, -0.000000000000000000 ) ) ;
#3177 = ORIENTED_EDGE ( 'NONE', *, *, #1734, .F. ) ;
#3178 = FACE_OUTER_BOUND ( 'NONE', #2886, .T. ) ;
#3179 = FACE_OUTER_BOUND ( 'NONE', #2732, .T. ) ;
#3180 = CIRCLE ( 'NONE', #4818, 0.1999999999999987899 ) ;
#3181 = CARTESIAN_POINT ( 'NONE',  ( -0.9860897536724460011, 24.10889392283310428, 18.44970012376541746 ) ) ;
#3182 = DIRECTION ( 'NONE',  ( 1.000000000000000000, 0.000000000000000000, 0.000000000000000000 ) ) ;
#3183 = DIRECTION ( 'NONE',  ( 1.000000000000000000, 0.000000000000000000, 0.000000000000000000 ) ) ;
#3184 = VERTEX_POINT ( 'NONE', #1285 ) ;
#3185 = CARTESIAN_POINT ( 'NONE',  ( 0.000000000000000000, 0.000000000000000000, 0.5000000000000004441 ) ) ;
#3186 = DIRECTION ( 'NONE',  ( 1.000000000000000000, 0.000000000000000000, 0.000000000000000000 ) ) ;
#3187 = ORIENTED_EDGE ( 'NONE', *, *, #5173, .F. ) ;
#3188 = CARTESIAN_POINT ( 'NONE',  ( 11.43817621292854980, -21.41187622437929505, 18.31245502271017500 ) ) ;
#3189 = VERTEX_POINT ( 'NONE', #3710 ) ;
#3190 = CYLINDRICAL_SURFACE ( 'NONE', #3630, 0.7000000000000009548 ) ;
#3191 = VERTEX_POINT ( 'NONE', #803 ) ;
#3192 = DIRECTION ( 'NONE',  ( 0.000000000000000000, 0.000000000000000000, 1.000000000000000000 ) ) ;
#3193 = DIRECTION ( 'NONE',  ( 1.000000000000000000, 0.000000000000000000, 0.000000000000000000 ) ) ;
#3194 = LINE ( 'NONE', #2645, #3349 ) ;
#3195 = ORIENTED_EDGE ( 'NONE', *, *, #4128, .F. ) ;
#3196 = EDGE_CURVE ( 'NONE', #1117, #860, #3767, .T. ) ;
#3197 = EDGE_CURVE ( 'NONE', #1506, #2863, #6025, .T. ) ;
#3198 = CARTESIAN_POINT ( 'NONE',  ( 12.83026791276116363, -20.24886574288547081, 18.50000000000000000 ) ) ;
#3199 = EDGE_CURVE ( 'NONE', #5871, #4455, #5413, .T. ) ;
#3200 = DIRECTION ( 'NONE',  ( 1.000000000000000000, -2.664535259100375697E-15, 0.000000000000000000 ) ) ;
#3201 = EDGE_LOOP ( 'NONE', ( #5572, #1280, #1738, #1240, #2707, #1094 ) ) ;
#3202 = CARTESIAN_POINT ( 'NONE',  ( 36.06244584051393076, 2.121320343559644162, 5.705305031164273011 ) ) ;
#3203 = FACE_OUTER_BOUND ( 'NONE', #2656, .T. ) ;
#3204 = CARTESIAN_POINT ( 'NONE',  ( 20.38586971748151910, 12.90842573850843245, 18.44970012376541746 ) ) ;
#3205 = FACE_OUTER_BOUND ( 'NONE', #1833, .T. ) ;
#3206 = ORIENTED_EDGE ( 'NONE', *, *, #2069, .T. ) ;
#3207 = CARTESIAN_POINT ( 'NONE',  ( -23.95017078850897363, 0.9878198975663025072, 18.50000000000000355 ) ) ;
#3208 = DIRECTION ( 'NONE',  ( -0.000000000000000000, -0.000000000000000000, -1.000000000000000000 ) ) ;
#3209 = DIRECTION ( 'NONE',  ( 1.000000000000000000, 0.000000000000000000, 0.000000000000000000 ) ) ;
#3210 = CARTESIAN_POINT ( 'NONE',  ( 21.07878404530666216, -13.20797063031733565, 0.5000000000000000000 ) ) ;
#3211 = EDGE_LOOP ( 'NONE', ( #2483, #1097, #278, #4269 ) ) ;
#3212 = CIRCLE ( 'NONE', #5884, 0.5000000000000001110 ) ;
#3213 = AXIS2_PLACEMENT_3D ( 'NONE', #788, #3276, #2761 ) ;
#3214 = ADVANCED_FACE ( 'NONE', ( #1318 ), #2227, .F. ) ;
#3215 = DIRECTION ( 'NONE',  ( -1.000000000000000000, 0.000000000000000000, 0.000000000000000000 ) ) ;
#3216 = AXIS2_PLACEMENT_3D ( 'NONE', #2030, #5059, #5964 ) ;
#3217 = CARTESIAN_POINT ( 'NONE',  ( 11.99537024076992964, 21.16492239553629773, 0.5000000000000000000 ) ) ;
#3218 = ORIENTED_EDGE ( 'NONE', *, *, #5468, .F. ) ;
#3219 = CARTESIAN_POINT ( 'NONE',  ( -12.69211370146488349, -20.62422489614737842, 18.13682064111326753 ) ) ;
#3220 = CIRCLE ( 'NONE', #425, 0.1999999999999987899 ) ;
#3221 = AXIS2_PLACEMENT_3D ( 'NONE', #5260, #786, #2240 ) ;
#3222 = CIRCLE ( 'NONE', #12, 24.87499999999999645 ) ;
#3223 = EDGE_LOOP ( 'NONE', ( #1682, #3734, #6266, #3822 ) ) ;
#3224 = PRODUCT_RELATED_PRODUCT_CATEGORY ( 'part', '', ( #2887 ) ) ;
#3225 = ADVANCED_FACE ( 'NONE', ( #4161 ), #145, .T. ) ;
#3226 = EDGE_LOOP ( 'NONE', ( #5425, #3084, #3744, #1826 ) ) ;
#3227 = CARTESIAN_POINT ( 'NONE',  ( 21.10936921724570325, 12.18749999999998579, 0.5000000000000004441 ) ) ;
#3228 = CIRCLE ( 'NONE', #2090, 0.5000000000000006661 ) ;
#3229 = DIRECTION ( 'NONE',  ( 1.000000000000000000, 0.000000000000000000, 0.000000000000000000 ) ) ;
#3230 = DIRECTION ( 'NONE',  ( 1.000000000000000000, 0.000000000000000000, 0.000000000000000000 ) ) ;
#3231 = EDGE_LOOP ( 'NONE', ( #4234, #5434, #4759 ) ) ;
#3232 = CIRCLE ( 'NONE', #1055, 0.5000000000000004441 ) ;
#3233 = FACE_OUTER_BOUND ( 'NONE', #5351, .T. ) ;
#3234 = EDGE_LOOP ( 'NONE', ( #2037, #969 ) ) ;
#3235 = CARTESIAN_POINT ( 'NONE',  ( 20.48561223297643252, -12.83628904474055865, 0.5000000000000004441 ) ) ;
#3236 = EDGE_CURVE ( 'NONE', #4502, #5237, #4428, .T. ) ;
#3237 = CARTESIAN_POINT ( 'NONE',  ( -24.35907445708376073, 0.8809747977379189798, 18.00000000000000000 ) ) ;
#3238 = CARTESIAN_POINT ( 'NONE',  ( -12.83628904474053556, 20.48561223297645029, 0.5000000000000004441 ) ) ;
#3239 = CIRCLE ( 'NONE', #1272, 0.5000000000000013323 ) ;
#3240 = DIRECTION ( 'NONE',  ( 1.000000000000000000, 0.000000000000000000, 0.000000000000000000 ) ) ;
#3241 = ORIENTED_EDGE ( 'NONE', *, *, #2638, .T. ) ;
#3242 = AXIS2_PLACEMENT_3D ( 'NONE', #2780, #2755, #4648 ) ;
#3243 = DIRECTION ( 'NONE',  ( 0.9993466443931802168, -0.03614255580463145850, 0.000000000000000000 ) ) ;
#3244 = DIRECTION ( 'NONE',  ( -0.000000000000000000, -0.000000000000000000, -1.000000000000000000 ) ) ;
#3245 = CARTESIAN_POINT ( 'NONE',  ( -1.079348823583828443, -23.85058974358974382, 18.50000000000000000 ) ) ;
#3246 = CARTESIAN_POINT ( 'NONE',  ( -21.28429691371967181, -11.09327645891022307, 18.50000000000000355 ) ) ;
#3247 = ADVANCED_FACE ( 'NONE', ( #5252 ), #2630, .T. ) ;
#3248 = ORIENTED_EDGE ( 'NONE', *, *, #387, .F. ) ;
#3249 = DIRECTION ( 'NONE',  ( -0.000000000000000000, -0.000000000000000000, -1.000000000000000000 ) ) ;
#3250 = CIRCLE ( 'NONE', #356, 0.2000000000000022593 ) ;
#3251 = CYLINDRICAL_SURFACE ( 'NONE', #1574, 0.1999999999999970690 ) ;
#3252 = ORIENTED_EDGE ( 'NONE', *, *, #4748, .F. ) ;
#3253 = CARTESIAN_POINT ( 'NONE',  ( -20.65508989364223069, 12.94248378347676542, 18.00000000000000000 ) ) ;
#3254 = CIRCLE ( 'NONE', #48, 0.5000000000000004441 ) ;
#3255 = ORIENTED_EDGE ( 'NONE', *, *, #4046, .T. ) ;
#3256 = ORIENTED_EDGE ( 'NONE', *, *, #1454, .T. ) ;
#3257 = CARTESIAN_POINT ( 'NONE',  ( -12.18750000000002309, -21.10936921724567839, 18.00000000000000000 ) ) ;
#3258 = CARTESIAN_POINT ( 'NONE',  ( 0.000000000000000000, 0.000000000000000000, 0.000000000000000000 ) ) ;
#3259 = CIRCLE ( 'NONE', #6147, 0.5000000000000000000 ) ;
#3260 = CARTESIAN_POINT ( 'NONE',  ( -12.94248378347673700, 20.65508989364223780, 18.00000000000000000 ) ) ;
#3261 = CARTESIAN_POINT ( 'NONE',  ( -0.8737462865769882736, -24.15920512820513366, 18.50000000000000000 ) ) ;
#3262 = ORIENTED_EDGE ( 'NONE', *, *, #3546, .F. ) ;
#3263 = AXIS2_PLACEMENT_3D ( 'NONE', #2104, #3618, #1621 ) ;
#3264 = CARTESIAN_POINT ( 'NONE',  ( -2.854010913593674154E-14, -24.37500000000000000, 0.5000000000000004441 ) ) ;
#3265 = CARTESIAN_POINT ( 'NONE',  ( -24.16039006379764231, 0.7445863490942470353, 18.27208252806117628 ) ) ;
#3266 = CARTESIAN_POINT ( 'NONE',  ( -12.88508917691036793, 20.24402363218742451, 18.50000000000000000 ) ) ;
#3267 = CARTESIAN_POINT ( 'NONE',  ( 1.079348823583825334, 23.85058974358974382, 18.50000000000000000 ) ) ;
#3268 = ORIENTED_EDGE ( 'NONE', *, *, #4253, .T. ) ;
#3269 = CIRCLE ( 'NONE', #164, 0.2000000000000022593 ) ;
#3270 = EDGE_CURVE ( 'NONE', #1704, #2314, #2774, .T. ) ;
#3271 = EDGE_CURVE ( 'NONE', #2792, #188, #1601, .T. ) ;
#3272 = DIRECTION ( 'NONE',  ( -0.000000000000000000, -0.000000000000000000, -1.000000000000000000 ) ) ;
#3273 = ORIENTED_EDGE ( 'NONE', *, *, #1528, .F. ) ;
#3274 = DIRECTION ( 'NONE',  ( 0.03614255580462605311, 0.9993466443931803278, 6.841868813112198957E-16 ) ) ;
#3275 = AXIS2_PLACEMENT_3D ( 'NONE', #5663, #667, #2218 ) ;
#3276 = DIRECTION ( 'NONE',  ( 0.000000000000000000, 0.000000000000000000, 1.000000000000000000 ) ) ;
#3277 = CARTESIAN_POINT ( 'NONE',  ( -21.49734497068140726, -11.36222248944736890, 18.26997308932349640 ) ) ;
#3278 = EDGE_CURVE ( 'NONE', #2512, #1160, #3250, .T. ) ;
#3279 = ORIENTED_EDGE ( 'NONE', *, *, #714, .T. ) ;
#3280 = TOROIDAL_SURFACE ( 'NONE', #4097, 1.200000000000001288, 0.5000000000000000000 ) ;
#3281 = EDGE_CURVE ( 'NONE', #4257, #2298, #257, .T. ) ;
#3282 = DIRECTION ( 'NONE',  ( 0.000000000000000000, 0.000000000000000000, 1.000000000000000000 ) ) ;
#3283 = DIRECTION ( 'NONE',  ( -0.000000000000000000, -0.000000000000000000, -1.000000000000000000 ) ) ;
#3284 = ORIENTED_EDGE ( 'NONE', *, *, #4574, .T. ) ;
#3285 = ORIENTED_EDGE ( 'NONE', *, *, #1062, .T. ) ;
#3286 = ORIENTED_EDGE ( 'NONE', *, *, #5822, .T. ) ;
#3287 = FACE_OUTER_BOUND ( 'NONE', #3602, .T. ) ;
#3288 = DIRECTION ( 'NONE',  ( -0.000000000000000000, -0.000000000000000000, -1.000000000000000000 ) ) ;
#3289 = CARTESIAN_POINT ( 'NONE',  ( -21.30380534126280878, 11.51504584269469866, 18.50000000000000000 ) ) ;
#3290 = DIRECTION ( 'NONE',  ( 1.000000000000000000, 0.000000000000000000, 0.000000000000000000 ) ) ;
#3291 = ORIENTED_EDGE ( 'NONE', *, *, #1212, .F. ) ;
#3292 = CARTESIAN_POINT ( 'NONE',  ( -20.24920768148007966, 12.88610359951626982, 18.50000000000000355 ) ) ;
#3293 = CARTESIAN_POINT ( 'NONE',  ( -24.26231685946481420, 0.8001869388305721253, 18.31245502271041303 ) ) ;
#3294 = CYLINDRICAL_SURFACE ( 'NONE', #756, 24.37500000000000000 ) ;
#3295 = CARTESIAN_POINT ( 'NONE',  ( -12.18749999999998401, 21.10936921724570325, 18.00000000000000000 ) ) ;
#3296 = EDGE_LOOP ( 'NONE', ( #4168, #72, #2005, #331, #6001 ) ) ;
#3297 = PRODUCT_CONTEXT ( 'NONE', #1495, 'mechanical' ) ;
#3298 = CARTESIAN_POINT ( 'NONE',  ( 0.000000000000000000, 0.000000000000000000, 0.5000000000000004441 ) ) ;
#3299 = ORIENTED_EDGE ( 'NONE', *, *, #6268, .F. ) ;
#3300 = EDGE_CURVE ( 'NONE', #6235, #4257, #8, .T. ) ;
#3301 = DIRECTION ( 'NONE',  ( -1.000000000000000000, 1.224646799147349509E-16, 0.000000000000000000 ) ) ;
#3302 = FACE_OUTER_BOUND ( 'NONE', #3694, .T. ) ;
#3303 = CARTESIAN_POINT ( 'NONE',  ( -12.69211370146485862, 20.62422489614739973, 18.00000000000000000 ) ) ;
#3304 = VERTEX_POINT ( 'NONE', #1993 ) ;
#3305 = CARTESIAN_POINT ( 'NONE',  ( -11.51504584269470044, -21.30380534126280168, 0.5000000000000004441 ) ) ;
#3306 = DIRECTION ( 'NONE',  ( -1.000000000000000000, 0.000000000000000000, 0.000000000000000000 ) ) ;
#3307 = EDGE_LOOP ( 'NONE', ( #1876, #3337, #6354, #5645 ) ) ;
#3308 = EDGE_CURVE ( 'NONE', #4382, #2095, #6280, .T. ) ;
#3309 = DIRECTION ( 'NONE',  ( 0.000000000000000000, 0.000000000000000000, 1.000000000000000000 ) ) ;
#3310 = VERTEX_POINT ( 'NONE', #1411 ) ;
#3311 = ORIENTED_EDGE ( 'NONE', *, *, #2824, .F. ) ;
#3312 = ORIENTED_EDGE ( 'NONE', *, *, #6385, .T. ) ;
#3313 = VECTOR ( 'NONE', #187, 1000.000000000000000 ) ;
#3314 = DIRECTION ( 'NONE',  ( 0.000000000000000000, 0.000000000000000000, 1.000000000000000000 ) ) ;
#3315 = SURFACE_SIDE_STYLE ('',( #2474 ) ) ;
#3316 = CIRCLE ( 'NONE', #838, 24.87500000000000000 ) ;
#3317 = CARTESIAN_POINT ( 'NONE',  ( -20.65508984389612124, 12.94248386286725960, 18.07330398571948749 ) ) ;
#3318 = MANIFOLD_SOLID_BREP ( 'Boss-Extrude5', #4657 ) ;
#3319 = EDGE_CURVE ( 'NONE', #5302, #5469, #4998, .T. ) ;
#3320 = EDGE_CURVE ( 'NONE', #3076, #2314, #5289, .T. ) ;
#3321 = AXIS2_PLACEMENT_3D ( 'NONE', #4166, #3922, #4789 ) ;
#3322 =( BOUNDED_SURFACE ( )  B_SPLINE_SURFACE ( 3, 2, ( 
 ( #5945, #1884, #977 ),
 ( #3376, #4456, #417 ),
 ( #5876, #2429, #1035 ),
 ( #1524, #4981, #5338 ),
 ( #5462, #2013, #1948 ),
 ( #5814, #3403, #4915 ),
 ( #491, #2397, #6294 ),
 ( #2979, #2949, #35 ) ),
 .UNSPECIFIED., .F., .F., .T. ) 
 B_SPLINE_SURFACE_WITH_KNOTS ( ( 4, 2, 2, 4 ),
 ( 3, 3 ),
 ( 0.000000000000000000, 0.0001311096522626899804, 0.0002622193045253799607, 0.0005244386090507599215 ),
 ( 0.000000000000000000, 1.000000000000000000 ),
 .UNSPECIFIED. ) 
 GEOMETRIC_REPRESENTATION_ITEM ( )  RATIONAL_B_SPLINE_SURFACE ( (
 ( 1.000000000000000000, 0.7760564330438586289, 1.000000000000000000),
 ( 1.000000000000000000, 0.7754047934802983377, 1.000000000000000000),
 ( 1.000000000000000000, 0.7971915883079508935, 1.000000000000000000),
 ( 1.000000000000000000, 0.8534865031514565770, 1.000000000000000000),
 ( 1.000000000000000000, 0.8868869947388359209, 1.000000000000000000),
 ( 1.000000000000000000, 0.9695438062022243564, 1.000000000000000000),
 ( 1.000000000000000000, 1.001548216897389709, 1.000000000000000000),
 ( 1.000000000000000000, 1.000000000000000000, 1.000000000000000000) ) ) 
 REPRESENTATION_ITEM ( '' )  SURFACE ( )  );
#3323 = VECTOR ( 'NONE', #3472, 1000.000000000000000 ) ;
#3324 = TOROIDAL_SURFACE ( 'NONE', #4756, 1.200000000000000178, 0.5000000000000000000 ) ;
#3325 = CYLINDRICAL_SURFACE ( 'NONE', #3109, 0.2000000000000057288 ) ;
#3326 = ORIENTED_EDGE ( 'NONE', *, *, #5208, .F. ) ;
#3327 = CARTESIAN_POINT ( 'NONE',  ( 2.555503256301506915E-14, 24.37500000000000000, 0.5000000000000004441 ) ) ;
#3328 = CIRCLE ( 'NONE', #1363, 0.7000000000000061728 ) ;
#3329 = AXIS2_PLACEMENT_3D ( 'NONE', #1425, #3372, #386 ) ;
#3330 = CARTESIAN_POINT ( 'NONE',  ( -23.85058974358974737, 1.079348823583828221, 18.49999999999999645 ) ) ;
#3331 = DIRECTION ( 'NONE',  ( 0.000000000000000000, 0.000000000000000000, 1.000000000000000000 ) ) ;
#3332 = CARTESIAN_POINT ( 'NONE',  ( -12.69211365197597807, -20.62422484467242256, 18.07330398227686885 ) ) ;
#3333 = ORIENTED_EDGE ( 'NONE', *, *, #3819, .T. ) ;
#3334 = VECTOR ( 'NONE', #5100, 1000.000000000000000 ) ;
#3335 = VECTOR ( 'NONE', #4852, 1000.000000000000000 ) ;
#3336 = CARTESIAN_POINT ( 'NONE',  ( 12.86003837256327564, -20.11554220139740679, 18.50000000000000000 ) ) ;
#3337 = ORIENTED_EDGE ( 'NONE', *, *, #3701, .F. ) ;
#3338 = AXIS2_PLACEMENT_3D ( 'NONE', #670, #6089, #243 ) ;
#3339 = DIRECTION ( 'NONE',  ( -1.000000000000000000, 0.000000000000000000, 0.000000000000000000 ) ) ;
#3340 = TOROIDAL_SURFACE ( 'NONE', #550, 0.7000000000000002887, 0.5000000000000000000 ) ;
#3341 = CARTESIAN_POINT ( 'NONE',  ( 12.18750000000001776, 21.10936921724568194, 18.00000000000000000 ) ) ;
#3342 = DIRECTION ( 'NONE',  ( 1.000000000000000000, 3.469446951953515108E-14, 0.000000000000000000 ) ) ;
#3343 = AXIS2_PLACEMENT_3D ( 'NONE', #1132, #1654, #3621 ) ;
#3344 = ORIENTED_EDGE ( 'NONE', *, *, #3145, .T. ) ;
#3345 = EDGE_CURVE ( 'NONE', #1650, #1548, #3046, .T. ) ;
#3346 = CARTESIAN_POINT ( 'NONE',  ( 12.86003837256331295, 20.11554220139739613, 18.50000000000000000 ) ) ;
#3347 = DIRECTION ( 'NONE',  ( 1.000000000000000000, 0.000000000000000000, 0.000000000000000000 ) ) ;
#3348 = CARTESIAN_POINT ( 'NONE',  ( 20.48561223297643252, -12.83628904474055865, 0.5000000000000004441 ) ) ;
#3349 = VECTOR ( 'NONE', #743, 1000.000000000000000 ) ;
#3350 = DIRECTION ( 'NONE',  ( 1.000000000000000000, 0.000000000000000000, 0.000000000000000000 ) ) ;
#3351 = EDGE_CURVE ( 'NONE', #6324, #6048, #1186, .T. ) ;
#3352 = EDGE_CURVE ( 'NONE', #1548, #4474, #4581, .T. ) ;
#3353 = VERTEX_POINT ( 'NONE', #5378 ) ;
#3354 = ORIENTED_EDGE ( 'NONE', *, *, #1535, .T. ) ;
#3355 = CARTESIAN_POINT ( 'NONE',  ( -21.29999605053875555, 11.45193771944831695, 18.26916786085717348 ) ) ;
#3356 = CARTESIAN_POINT ( 'NONE',  ( 36.18835426059363414, 1.995411923479939453, 10.41109043601892026 ) ) ;
#3357 = DIRECTION ( 'NONE',  ( 0.000000000000000000, 0.000000000000000000, -1.000000000000000000 ) ) ;
#3358 = AXIS2_PLACEMENT_3D ( 'NONE', #1746, #249, #711 ) ;
#3359 = EDGE_CURVE ( 'NONE', #1048, #629, #1079, .T. ) ;
#3360 = EDGE_CURVE ( 'NONE', #4811, #476, #1912, .T. ) ;
#3361 = DIRECTION ( 'NONE',  ( 0.000000000000000000, 0.000000000000000000, 1.000000000000000000 ) ) ;
#3362 = ORIENTED_EDGE ( 'NONE', *, *, #3941, .F. ) ;
#3363 = CARTESIAN_POINT ( 'NONE',  ( 24.29836499019893026, -0.9086960000877205568, 18.26995843408191789 ) ) ;
#3364 = AXIS2_PLACEMENT_3D ( 'NONE', #494, #2982, #3347 ) ;
#3365 = CARTESIAN_POINT ( 'NONE',  ( -20.65508984389619584, -12.94248386286712638, 18.07330398571933472 ) ) ;
#3366 = CARTESIAN_POINT ( 'NONE',  ( -21.25735493726802261, -11.10217229206785028, 18.49991810958531602 ) ) ;
#3367 = CARTESIAN_POINT ( 'NONE',  ( 20.48561223297643252, -12.83628904474055865, 0.5000000000000004441 ) ) ;
#3368 = ORIENTED_EDGE ( 'NONE', *, *, #1451, .F. ) ;
#3369 = CIRCLE ( 'NONE', #1401, 0.7000000000000027311 ) ;
#3370 = CARTESIAN_POINT ( 'NONE',  ( -20.48561223297644673, 12.83628904474054622, 0.000000000000000000 ) ) ;
#3371 = ORIENTED_EDGE ( 'NONE', *, *, #1901, .T. ) ;
#3372 = DIRECTION ( 'NONE',  ( -0.000000000000000000, -0.000000000000000000, -1.000000000000000000 ) ) ;
#3373 = DIRECTION ( 'NONE',  ( 1.000000000000000000, 0.000000000000000000, 0.000000000000000000 ) ) ;
#3374 = CIRCLE ( 'NONE', #1095, 0.7000000000000061728 ) ;
#3375 = CARTESIAN_POINT ( 'NONE',  ( 20.62422489614738197, -12.69211370146487461, 0.5000000000000004441 ) ) ;
#3376 = CARTESIAN_POINT ( 'NONE',  ( 24.20715947483631680, -0.6795804279942282422, 18.07330398227670898 ) ) ;
#3377 = ORIENTED_EDGE ( 'NONE', *, *, #5267, .F. ) ;
#3378 = AXIS2_PLACEMENT_3D ( 'NONE', #990, #2961, #4337 ) ;
#3379 = DIRECTION ( 'NONE',  ( 0.8835308591335426787, 0.4683729507120837354, 0.000000000000000000 ) ) ;
#3380 = CARTESIAN_POINT ( 'NONE',  ( -0.8737462865769494158, 24.15920512820513366, 18.00000000000000000 ) ) ;
#3381 = CARTESIAN_POINT ( 'NONE',  ( 24.37500000000000000, -2.406249427655413829E-14, 18.00000000000000000 ) ) ;
#3382 = CARTESIAN_POINT ( 'NONE',  ( -20.40936921724570396, -12.18749999999998046, 18.00000000000000000 ) ) ;
#3383 = VECTOR ( 'NONE', #3392, 1000.000000000000000 ) ;
#3384 = ORIENTED_EDGE ( 'NONE', *, *, #2762, .F. ) ;
#3385 = ORIENTED_EDGE ( 'NONE', *, *, #6186, .F. ) ;
#3386 = ADVANCED_FACE ( 'NONE', ( #958 ), #4840, .F. ) ;
#3387 = CARTESIAN_POINT ( 'NONE',  ( -24.32704558404560657, -0.1941658414615363426, 0.5000000000000004441 ) ) ;
#3388 = DIRECTION ( 'NONE',  ( 1.000000000000000000, 0.000000000000000000, 0.000000000000000000 ) ) ;
#3389 = CARTESIAN_POINT ( 'NONE',  ( -20.24342643571327116, 12.83153328498513801, 18.49999999999999645 ) ) ;
#3390 = CARTESIAN_POINT ( 'NONE',  ( 24.32704558404559236, -0.1941658414615479722, 0.5000000000000000000 ) ) ;
#3391 = VERTEX_POINT ( 'NONE', #3574 ) ;
#3392 = DIRECTION ( 'NONE',  ( 0.000000000000000000, 0.000000000000000000, 1.000000000000000000 ) ) ;
#3393 = FACE_OUTER_BOUND ( 'NONE', #5172, .T. ) ;
#3394 = EDGE_CURVE ( 'NONE', #6270, #5238, #1047, .T. ) ;
#3395 = EDGE_CURVE ( 'NONE', #1408, #837, #1505, .T. ) ;
#3396 = CARTESIAN_POINT ( 'NONE',  ( -0.9907205764461840536, -23.94708819546145406, 18.50000000000000000 ) ) ;
#3397 = ORIENTED_EDGE ( 'NONE', *, *, #3896, .F. ) ;
#3398 = EDGE_CURVE ( 'NONE', #1306, #34, #6337, .T. ) ;
#3399 = DIRECTION ( 'NONE',  ( 0.000000000000000000, 0.000000000000000000, 1.000000000000000000 ) ) ;
#3400 = ORIENTED_EDGE ( 'NONE', *, *, #2279, .F. ) ;
#3401 = CARTESIAN_POINT ( 'NONE',  ( -11.52291608346460983, -21.35935851955340681, 18.50000000000000000 ) ) ;
#3402 = FACE_OUTER_BOUND ( 'NONE', #3758, .T. ) ;
#3403 = CARTESIAN_POINT ( 'NONE',  ( 24.07274142745221113, -0.9398203526526428542, 18.46587281468485386 ) ) ;
#3404 = ADVANCED_FACE ( 'NONE', ( #4957 ), #3026, .F. ) ;
#3405 = EDGE_CURVE ( 'NONE', #4156, #4067, #4371, .T. ) ;
#3406 = ORIENTED_EDGE ( 'NONE', *, *, #4253, .F. ) ;
#3407 = DIRECTION ( 'NONE',  ( -0.000000000000000000, -0.000000000000000000, -1.000000000000000000 ) ) ;
#3408 = DIRECTION ( 'NONE',  ( 1.000000000000000000, 0.000000000000000000, 0.000000000000000000 ) ) ;
#3409 = DIRECTION ( 'NONE',  ( 0.000000000000000000, 0.000000000000000000, 1.000000000000000000 ) ) ;
#3410 = CARTESIAN_POINT ( 'NONE',  ( 21.97783012094689781, 11.65077714896304251, 0.000000000000000000 ) ) ;
#3411 = CARTESIAN_POINT ( 'NONE',  ( 0.000000000000000000, 0.000000000000000000, 18.00000000000000000 ) ) ;
#3412 = EDGE_CURVE ( 'NONE', #43, #4649, #1137, .T. ) ;
#3413 = ORIENTED_EDGE ( 'NONE', *, *, #3714, .T. ) ;
#3414 = CARTESIAN_POINT ( 'NONE',  ( 0.000000000000000000, 0.000000000000000000, 19.24999999999999289 ) ) ;
#3415 = ORIENTED_EDGE ( 'NONE', *, *, #5044, .T. ) ;
#3416 = CARTESIAN_POINT ( 'NONE',  ( -20.24402363218237966, 12.88508917693700973, 18.49999999999999645 ) ) ;
#3417 = EDGE_CURVE ( 'NONE', #2199, #361, #5214, .T. ) ;
#3418 = CIRCLE ( 'NONE', #3820, 24.37500000000000000 ) ;
#3419 = FACE_OUTER_BOUND ( 'NONE', #5299, .T. ) ;
#3420 = VERTEX_POINT ( 'NONE', #2574 ) ;
#3421 = DIRECTION ( 'NONE',  ( -1.000000000000000000, 0.000000000000000000, 0.000000000000000000 ) ) ;
#3422 = PLANE ( 'NONE',  #3994 ) ;
#3423 = VECTOR ( 'NONE', #1188, 1000.000000000000000 ) ;
#3424 = CARTESIAN_POINT ( 'NONE',  ( 21.30380534126281589, -11.51504584269468445, 18.00000000000000000 ) ) ;
#3425 = VERTEX_POINT ( 'NONE', #6055 ) ;
#3426 = AXIS2_PLACEMENT_3D ( 'NONE', #3592, #1622, #1588 ) ;
#3427 = EDGE_CURVE ( 'NONE', #2343, #5457, #5210, .T. ) ;
#3428 = EDGE_CURVE ( 'NONE', #1620, #551, #4271, .T. ) ;
#3429 = CARTESIAN_POINT ( 'NONE',  ( 21.48685459256759600, 11.34963067687241356, 18.27208253284847927 ) ) ;
#3430 = VERTEX_POINT ( 'NONE', #980 ) ;
#3431 = AXIS2_PLACEMENT_3D ( 'NONE', #2491, #4321, #3970 ) ;
#3432 = CARTESIAN_POINT ( 'NONE',  ( 12.85832324690283102, 20.24344071075702800, 18.49991810954458415 ) ) ;
#3433 = DIRECTION ( 'NONE',  ( -1.000000000000000000, 0.000000000000000000, 0.000000000000000000 ) ) ;
#3434 = CIRCLE ( 'NONE', #2299, 1.199999999999999734 ) ;
#3435 = DIRECTION ( 'NONE',  ( 1.000000000000000000, 0.000000000000000000, 0.000000000000000000 ) ) ;
#3436 = ORIENTED_EDGE ( 'NONE', *, *, #2407, .F. ) ;
#3437 = CARTESIAN_POINT ( 'NONE',  ( 20.55121838604276974, -12.72502572552548017, 18.27208252806110877 ) ) ;
#3438 = ORIENTED_EDGE ( 'NONE', *, *, #4838, .F. ) ;
#3439 = AXIS2_PLACEMENT_3D ( 'NONE', #1149, #6057, #4088 ) ;
#3440 = AXIS2_PLACEMENT_3D ( 'NONE', #33, #2915, #4454 ) ;
#3441 = CARTESIAN_POINT ( 'NONE',  ( 2.555503256301506915E-14, 24.37500000000000000, 18.00000000000000000 ) ) ;
#3442 = DIRECTION ( 'NONE',  ( -0.000000000000000000, -0.000000000000000000, -1.000000000000000000 ) ) ;
#3443 = CARTESIAN_POINT ( 'NONE',  ( 0.000000000000000000, 0.000000000000000000, 0.000000000000000000 ) ) ;
#3444 = ADVANCED_FACE ( 'NONE', ( #37 ), #3760, .T. ) ;
#3445 = CARTESIAN_POINT ( 'NONE',  ( 36.30431395571805808, 1.857419586985399995, 5.480270570014114995 ) ) ;
#3446 = CARTESIAN_POINT ( 'NONE',  ( -27.00000000000000000, 0.000000000000000000, 19.24999999999999289 ) ) ;
#3447 = AXIS2_PLACEMENT_3D ( 'NONE', #5204, #1296, #781 ) ;
#3448 = EDGE_LOOP ( 'NONE', ( #6202, #1857, #5642, #4963 ) ) ;
#3449 = VECTOR ( 'NONE', #1680, 999.9999999999998863 ) ;
#3450 = DIRECTION ( 'NONE',  ( -0.000000000000000000, -0.000000000000000000, -1.000000000000000000 ) ) ;
#3451 = DIRECTION ( 'NONE',  ( -0.000000000000000000, 0.000000000000000000, 1.000000000000000000 ) ) ;
#3452 = EDGE_LOOP ( 'NONE', ( #4958, #90, #6108, #669 ) ) ;
#3453 = DIRECTION ( 'NONE',  ( -1.000000000000000000, 0.000000000000000000, 0.000000000000000000 ) ) ;
#3454 = DIRECTION ( 'NONE',  ( -1.000000000000000000, 0.000000000000000000, 0.000000000000000000 ) ) ;
#3455 = ORIENTED_EDGE ( 'NONE', *, *, #5314, .T. ) ;
#3456 = DIRECTION ( 'NONE',  ( -0.000000000000000000, -0.000000000000000000, -1.000000000000000000 ) ) ;
#3457 = DIRECTION ( 'NONE',  ( -1.000000000000000000, 0.000000000000000000, 0.000000000000000000 ) ) ;
#3458 = CIRCLE ( 'NONE', #1494, 0.7000000000000009548 ) ;
#3459 = CARTESIAN_POINT ( 'NONE',  ( 20.62422489614739973, 12.69211370146486040, 18.00000000000000000 ) ) ;
#3460 = EDGE_LOOP ( 'NONE', ( #5346, #2672, #2416, #591 ) ) ;
#3461 = ORIENTED_EDGE ( 'NONE', *, *, #3819, .F. ) ;
#3462 = CARTESIAN_POINT ( 'NONE',  ( -12.83628904474054799, -20.48561223297643963, 0.5000000000000004441 ) ) ;
#3463 = ORIENTED_EDGE ( 'NONE', *, *, #4398, .F. ) ;
#3464 = AXIS2_PLACEMENT_3D ( 'NONE', #3950, #5816, #1430 ) ;
#3465 = CARTESIAN_POINT ( 'NONE',  ( 12.86003837256331117, 20.11554220139739257, 18.50000000000000000 ) ) ;
#3466 = CARTESIAN_POINT ( 'NONE',  ( 36.94112549695543635, 1.394261440736957444E-13, 4.874999999998889777 ) ) ;
#3467 = ADVANCED_FACE ( 'NONE', ( #3849 ), #492, .F. ) ;
#3468 = ORIENTED_EDGE ( 'NONE', *, *, #5043, .F. ) ;
#3469 = EDGE_CURVE ( 'NONE', #6022, #4874, #423, .T. ) ;
#3470 = CIRCLE ( 'NONE', #465, 0.2000000000000005107 ) ;
#3471 = CARTESIAN_POINT ( 'NONE',  ( 12.72036561973905400, 20.56767331040401459, 18.26915352020175121 ) ) ;
#3472 = DIRECTION ( 'NONE',  ( -0.000000000000000000, -0.000000000000000000, -1.000000000000000000 ) ) ;
#3473 = CARTESIAN_POINT ( 'NONE',  ( 24.33884255578726297, 0.7399416439029351533, 18.17948586170156489 ) ) ;
#3474 = B_SPLINE_CURVE_WITH_KNOTS ( 'NONE', 3,
 ( #2151, #1665, #1764, #5151, #1705, #732 ),
 .UNSPECIFIED., .F., .F.,
 ( 4, 2, 4 ),
 ( -4.614725267091288460E-06, 0.0004052027286208987104, 0.0008150201825088887117 ),
 .UNSPECIFIED. ) ;
#3475 = DIRECTION ( 'NONE',  ( 1.000000000000000000, 0.000000000000000000, 0.000000000000000000 ) ) ;
#3476 = EDGE_CURVE ( 'NONE', #1104, #3893, #392, .T. ) ;
#3477 = EDGE_CURVE ( 'NONE', #5871, #4799, #4847, .T. ) ;
#3478 = CONICAL_SURFACE ( 'NONE', #1929, 5.999999999999992006, 0.7853981633974569387 ) ;
#3479 = ORIENTED_EDGE ( 'NONE', *, *, #1367, .T. ) ;
#3480 = CARTESIAN_POINT ( 'NONE',  ( -0.8363640896099711064, 24.21517551389650436, 18.36113832892216280 ) ) ;
#3481 = AXIS2_PLACEMENT_3D ( 'NONE', #4314, #2481, #4440 ) ;
#3482 = DIRECTION ( 'NONE',  ( -0.000000000000000000, -0.000000000000000000, -1.000000000000000000 ) ) ;
#3483 = ORIENTED_EDGE ( 'NONE', *, *, #928, .F. ) ;
#3484 = FACE_OUTER_BOUND ( 'NONE', #1838, .T. ) ;
#3485 = AXIS2_PLACEMENT_3D ( 'NONE', #3685, #5132, #4638 ) ;
#3486 = FACE_OUTER_BOUND ( 'NONE', #2452, .T. ) ;
#3487 = ORIENTED_EDGE ( 'NONE', *, *, #5361, .F. ) ;
#3488 = CARTESIAN_POINT ( 'NONE',  ( 0.000000000000000000, 0.000000000000000000, 18.50000000000000000 ) ) ;
#3489 = CARTESIAN_POINT ( 'NONE',  ( 36.06244584051393076, -2.121320343559636612, -46.14967917350623594 ) ) ;
#3490 = DIRECTION ( 'NONE',  ( -1.000000000000000000, 0.000000000000000000, -0.000000000000000000 ) ) ;
#3491 = ORIENTED_EDGE ( 'NONE', *, *, #6083, .T. ) ;
#3492 = CARTESIAN_POINT ( 'NONE',  ( -24.35907445708376784, -0.8809747977378715733, 18.00000000000000000 ) ) ;
#3493 = ORIENTED_EDGE ( 'NONE', *, *, #814, .T. ) ;
#3494 = ADVANCED_FACE ( 'NONE', ( #1918 ), #1010, .F. ) ;
#3495 = CARTESIAN_POINT ( 'NONE',  ( -21.23536627660713094, -11.11960826859857043, 18.50000000000000355 ) ) ;
#3496 = DIRECTION ( 'NONE',  ( 0.000000000000000000, 0.000000000000000000, -1.000000000000000000 ) ) ;
#3497 = CARTESIAN_POINT ( 'NONE',  ( 10.99055137102647173, 21.19489102498119237, 18.50000000000000000 ) ) ;
#3498 = VERTEX_POINT ( 'NONE', #4460 ) ;
#3499 = CARTESIAN_POINT ( 'NONE',  ( -24.17230653999892453, -0.7323290376699025384, 18.26916786085717348 ) ) ;
#3500 = EDGE_CURVE ( 'NONE', #858, #5153, #896, .T. ) ;
#3501 = CYLINDRICAL_SURFACE ( 'NONE', #3464, 24.37500000000000000 ) ;
#3502 = CARTESIAN_POINT ( 'NONE',  ( 24.17231039341857368, 0.7323231169181531053, 18.26915352020174410 ) ) ;
#3503 = CARTESIAN_POINT ( 'NONE',  ( 12.18749999999998579, -21.10936921724569970, 0.5000000000000004441 ) ) ;
#3504 = CARTESIAN_POINT ( 'NONE',  ( 24.28297726302204751, 0.9143588065411140109, 18.27208253284854678 ) ) ;
#3505 = VERTEX_POINT ( 'NONE', #882 ) ;
#3506 = CARTESIAN_POINT ( 'NONE',  ( 11.52291608346458140, -21.35935851955342457, 0.5000000000000004441 ) ) ;
#3507 = ORIENTED_EDGE ( 'NONE', *, *, #3880, .T. ) ;
#3508 = ADVANCED_FACE ( 'NONE', ( #4329 ), #3501, .F. ) ;
#3509 = CARTESIAN_POINT ( 'NONE',  ( -1.079348823583775152, 23.85058974358974382, 18.50000000000000000 ) ) ;
#3510 = PRODUCT_DEFINITION_SHAPE ( 'NONE', 'NONE',  #1803 ) ;
#3511 = CARTESIAN_POINT ( 'NONE',  ( 1.013914226161989340, -23.96049553960663303, 18.49991804524335848 ) ) ;
#3512 = ORIENTED_EDGE ( 'NONE', *, *, #3517, .F. ) ;
#3513 = CARTESIAN_POINT ( 'NONE',  ( 11.49710307509523766, -21.30251963564338524, 18.14610353985106173 ) ) ;
#3514 = EDGE_LOOP ( 'NONE', ( #3384, #2606, #1485 ) ) ;
#3515 = CARTESIAN_POINT ( 'NONE',  ( 12.83628904474051780, -20.48561223297645384, 18.00000000000000000 ) ) ;
#3516 = CARTESIAN_POINT ( 'NONE',  ( 0.8963195990437373695, 24.03656888321114593, 18.45554554181479645 ) ) ;
#3517 = EDGE_CURVE ( 'NONE', #2893, #5302, #1085, .T. ) ;
#3518 = CARTESIAN_POINT ( 'NONE',  ( -21.16492239553630128, 11.99537024076992431, 0.5000000000000004441 ) ) ;
#3519 = EDGE_LOOP ( 'NONE', ( #615, #1663, #5279, #2181 ) ) ;
#3520 = AXIS2_PLACEMENT_3D ( 'NONE', #1809, #1750, #3200 ) ;
#3521 = CARTESIAN_POINT ( 'NONE',  ( -20.48561223297644673, 12.83628904474054622, 0.5000000000000004441 ) ) ;
#3522 = ORIENTED_EDGE ( 'NONE', *, *, #5984, .T. ) ;
#3523 = DIRECTION ( 'NONE',  ( 0.9606487961504518447, -0.2777658914530146128, 0.000000000000000000 ) ) ;
#3524 = AXIS2_PLACEMENT_3D ( 'NONE', #2995, #4505, #5543 ) ;
#3525 = CARTESIAN_POINT ( 'NONE',  ( -21.41187622437943361, 11.43817621292857822, 18.31245502271040593 ) ) ;
#3526 = CARTESIAN_POINT ( 'NONE',  ( 11.56019084560035459, 21.45993974736140686, 18.09393492550577420 ) ) ;
#3527 = ORIENTED_EDGE ( 'NONE', *, *, #1331, .F. ) ;
#3528 = AXIS2_PLACEMENT_3D ( 'NONE', #3908, #2913, #1848 ) ;
#3529 = AXIS2_PLACEMENT_3D ( 'NONE', #253, #6193, #1778 ) ;
#3530 = CIRCLE ( 'NONE', #5591, 0.2000000000000022593 ) ;
#3531 = CARTESIAN_POINT ( 'NONE',  ( -11.51504584269470577, -21.30380534126279102, 18.00000000000000000 ) ) ;
#3532 = CARTESIAN_POINT ( 'NONE',  ( 20.51089085741956097, 12.74187277952943553, 18.32606195575486296 ) ) ;
#3533 = AXIS2_PLACEMENT_3D ( 'NONE', #5778, #911, #2393 ) ;
#3534 = CARTESIAN_POINT ( 'NONE',  ( -11.98750000000002025, -21.10936921724567839, 0.000000000000000000 ) ) ;
#3535 = AXIS2_PLACEMENT_3D ( 'NONE', #1205, #812, #264 ) ;
#3536 = FACE_OUTER_BOUND ( 'NONE', #5568, .T. ) ;
#3537 = CIRCLE ( 'NONE', #4157, 0.2000000000000057288 ) ;
#3538 = AXIS2_PLACEMENT_3D ( 'NONE', #4823, #1434, #1987 ) ;
#3539 = ORIENTED_EDGE ( 'NONE', *, *, #344, .F. ) ;
#3540 = CARTESIAN_POINT ( 'NONE',  ( -0.6944764848609203955, 24.19707470663162496, 18.14610353985090896 ) ) ;
#3541 = DIRECTION ( 'NONE',  ( 0.8835308591335427897, -0.4683729507120837354, 6.204577598864966867E-14 ) ) ;
#3542 = CARTESIAN_POINT ( 'NONE',  ( 12.18750000000001776, 21.10936921724568194, 18.00000000000000000 ) ) ;
#3543 = EDGE_LOOP ( 'NONE', ( #5379, #3910, #6168, #599 ) ) ;
#3544 = EDGE_CURVE ( 'NONE', #4629, #5565, #4375, .T. ) ;
#3545 = DIRECTION ( 'NONE',  ( -0.000000000000000000, -0.000000000000000000, -1.000000000000000000 ) ) ;
#3546 = EDGE_CURVE ( 'NONE', #1506, #3310, #6037, .T. ) ;
#3547 = CIRCLE ( 'NONE', #5910, 0.5000000000000001110 ) ;
#3548 = DIRECTION ( 'NONE',  ( 1.000000000000000000, 0.000000000000000000, 0.000000000000000000 ) ) ;
#3549 = EDGE_LOOP ( 'NONE', ( #5938, #2371, #2984, #3149 ) ) ;
#3550 = CARTESIAN_POINT ( 'NONE',  ( -26.24999999999999289, 0.000000000000000000, 20.00000000000000000 ) ) ;
#3551 = CARTESIAN_POINT ( 'NONE',  ( -20.11554220139741389, -12.86003837256326854, 18.50000000000000000 ) ) ;
#3552 = DIRECTION ( 'NONE',  ( -1.000000000000000000, 0.000000000000000000, 0.000000000000000000 ) ) ;
#3553 = ORIENTED_EDGE ( 'NONE', *, *, #2602, .T. ) ;
#3554 = EDGE_CURVE ( 'NONE', #1567, #1357, #6066, .T. ) ;
#3555 = ORIENTED_EDGE ( 'NONE', *, *, #5954, .T. ) ;
#3556 = EDGE_CURVE ( 'NONE', #2632, #3304, #3254, .T. ) ;
#3557 = CARTESIAN_POINT ( 'NONE',  ( 21.10936921724570325, 12.18749999999998579, 0.5000000000000004441 ) ) ;
#3558 = ORIENTED_EDGE ( 'NONE', *, *, #3081, .F. ) ;
#3559 = DIRECTION ( 'NONE',  ( 0.2777658914530146128, 0.9606487961504517337, 0.000000000000000000 ) ) ;
#3560 = CARTESIAN_POINT ( 'NONE',  ( -21.31751579123424989, 11.22246241333533590, 18.46587281468499953 ) ) ;
#3561 = CARTESIAN_POINT ( 'NONE',  ( 24.17499999999999716, -2.400738517059250621E-14, 0.000000000000000000 ) ) ;
#3562 = EDGE_LOOP ( 'NONE', ( #776, #470, #1639, #633 ) ) ;
#3563 = CARTESIAN_POINT ( 'NONE',  ( 0.000000000000000000, 0.000000000000000000, 18.50000000000000000 ) ) ;
#3564 = CARTESIAN_POINT ( 'NONE',  ( 11.32291608346459810, 21.35935851955341391, 18.50000000000000000 ) ) ;
#3565 = CARTESIAN_POINT ( 'NONE',  ( -0.8809747977378673545, 24.35907445708376784, 18.00000000000000000 ) ) ;
#3566 = CARTESIAN_POINT ( 'NONE',  ( 0.000000000000000000, 0.000000000000000000, 18.00000000000000000 ) ) ;
#3567 = ORIENTED_EDGE ( 'NONE', *, *, #6180, .F. ) ;
#3568 = CIRCLE ( 'NONE', #5824, 24.37499999999999645 ) ;
#3569 = FACE_OUTER_BOUND ( 'NONE', #1424, .T. ) ;
#3570 = AXIS2_PLACEMENT_3D ( 'NONE', #4069, #5039, #5070 ) ;
#3571 = ORIENTED_EDGE ( 'NONE', *, *, #6342, .T. ) ;
#3572 = CARTESIAN_POINT ( 'NONE',  ( -20.62422489614739263, 12.69211370146486573, 18.50000000000000000 ) ) ;
#3573 = DIRECTION ( 'NONE',  ( 1.000000000000000000, 9.912705577010312730E-15, 0.000000000000000000 ) ) ;
#3574 = CARTESIAN_POINT ( 'NONE',  ( -12.33167534327568760, -20.97075655407474315, 0.000000000000000000 ) ) ;
#3575 = ORIENTED_EDGE ( 'NONE', *, *, #4656, .F. ) ;
#3576 = CIRCLE ( 'NONE', #2333, 0.7000000000000009548 ) ;
#3577 = CARTESIAN_POINT ( 'NONE',  ( 11.56019121964591356, -21.45993988965212296, 17.99999999999999645 ) ) ;
#3578 = VERTEX_POINT ( 'NONE', #4819 ) ;
#3579 = ADVANCED_FACE ( 'NONE', ( #1888 ), #2590, .F. ) ;
#3580 = CARTESIAN_POINT ( 'NONE',  ( -21.10936921724568194, 12.18750000000002132, 0.5000000000000004441 ) ) ;
#3581 = ORIENTED_EDGE ( 'NONE', *, *, #5270, .F. ) ;
#3582 = AXIS2_PLACEMENT_3D ( 'NONE', #1080, #1018, #3989 ) ;
#3583 = CARTESIAN_POINT ( 'NONE',  ( -11.34963067687243488, 21.48685459256757113, 18.27208253284850770 ) ) ;
#3584 = CARTESIAN_POINT ( 'NONE',  ( 1.079348823583824890, 23.85058974358974382, 18.50000000000000000 ) ) ;
#3585 = CARTESIAN_POINT ( 'NONE',  ( 0.6795804451153918402, -24.20715954415955196, 0.5000000000000004441 ) ) ;
#3586 = VERTEX_POINT ( 'NONE', #3596 ) ;
#3587 = AXIS2_PLACEMENT_3D ( 'NONE', #3348, #3915, #3817 ) ;
#3588 = CARTESIAN_POINT ( 'NONE',  ( -24.35907445369763025, -0.8809748913650559121, 18.07330398571943419 ) ) ;
#3589 = ORIENTED_EDGE ( 'NONE', *, *, #2052, .F. ) ;
#3590 = DIRECTION ( 'NONE',  ( -0.000000000000000000, -0.000000000000000000, -1.000000000000000000 ) ) ;
#3591 = EDGE_CURVE ( 'NONE', #6296, #1066, #5003, .T. ) ;
#3592 = CARTESIAN_POINT ( 'NONE',  ( -12.18750000000002309, -21.10936921724567839, 18.50000000000000000 ) ) ;
#3593 = CARTESIAN_POINT ( 'NONE',  ( 11.22246241333548689, 21.31751579123425344, 18.46587281468484676 ) ) ;
#3594 = ORIENTED_EDGE ( 'NONE', *, *, #5584, .T. ) ;
#3595 = DIRECTION ( 'NONE',  ( 1.000000000000000000, -2.664535259100375697E-15, 0.000000000000000000 ) ) ;
#3596 = CARTESIAN_POINT ( 'NONE',  ( -21.16492239553629773, 11.99537024076993319, 0.000000000000000000 ) ) ;
#3597 = CARTESIAN_POINT ( 'NONE',  ( 19.09188309203678813, 19.09188309203678102, -46.14967917350623594 ) ) ;
#3598 = FACE_OUTER_BOUND ( 'NONE', #5074, .T. ) ;
#3599 = VERTEX_POINT ( 'NONE', #3146 ) ;
#3600 = CARTESIAN_POINT ( 'NONE',  ( 21.53606469138011903, -11.41659067360701307, 18.00000000000000000 ) ) ;
#3601 = ADVANCED_FACE ( 'NONE', ( #6013 ), #4013, .F. ) ;
#3602 = EDGE_LOOP ( 'NONE', ( #3262, #3058, #3400, #5981 ) ) ;
#3603 = CARTESIAN_POINT ( 'NONE',  ( 36.06244584051393076, 2.121320343559644162, -46.14967917350623594 ) ) ;
#3604 = CARTESIAN_POINT ( 'NONE',  ( 0.000000000000000000, 0.000000000000000000, 18.50000000000000000 ) ) ;
#3605 = CARTESIAN_POINT ( 'NONE',  ( -0.8809747977378673545, 24.35907445708376784, 18.50000000000000000 ) ) ;
#3606 = EDGE_LOOP ( 'NONE', ( #3094, #1196, #709, #1163 ) ) ;
#3607 = CARTESIAN_POINT ( 'NONE',  ( 20.11554220139741389, 12.86003837256327920, 18.50000000000000000 ) ) ;
#3608 = ORIENTED_EDGE ( 'NONE', *, *, #5672, .F. ) ;
#3609 = FACE_OUTER_BOUND ( 'NONE', #2794, .T. ) ;
#3610 = ORIENTED_EDGE ( 'NONE', *, *, #4328, .T. ) ;
#3611 = CARTESIAN_POINT ( 'NONE',  ( -11.08929415181411215, 21.28082637334626526, 18.49999999999999645 ) ) ;
#3612 = CARTESIAN_POINT ( 'NONE',  ( -20.24342643571930367, -12.83153328501178159, 18.50000000000000000 ) ) ;
#3613 = CARTESIAN_POINT ( 'NONE',  ( 11.51504584269470399, 21.30380534126280168, 18.13681289817117204 ) ) ;
#3614 = EDGE_CURVE ( 'NONE', #4096, #2253, #6113, .T. ) ;
#3615 = CARTESIAN_POINT ( 'NONE',  ( 20.11554220139741389, 12.86003837256327920, 18.50000000000000000 ) ) ;
#3616 = DIRECTION ( 'NONE',  ( -1.000000000000000000, 0.000000000000000000, 0.000000000000000000 ) ) ;
#3617 = ORIENTED_EDGE ( 'NONE', *, *, #3428, .F. ) ;
#3618 = DIRECTION ( 'NONE',  ( -0.000000000000000000, -0.000000000000000000, -1.000000000000000000 ) ) ;
#3619 = CARTESIAN_POINT ( 'NONE',  ( 24.36494871794872097, 0.7185506760068510745, 18.00000000000000000 ) ) ;
#3620 = CYLINDRICAL_SURFACE ( 'NONE', #3426, 0.7000000000000009548 ) ;
#3621 = DIRECTION ( 'NONE',  ( 1.000000000000000000, 0.000000000000000000, 0.000000000000000000 ) ) ;
#3622 = ORIENTED_EDGE ( 'NONE', *, *, #4172, .T. ) ;
#3623 = CARTESIAN_POINT ( 'NONE',  ( -12.90842160554401552, -20.38584188556560406, 18.44971682622087528 ) ) ;
#3624 = EDGE_CURVE ( 'NONE', #629, #5056, #6244, .T. ) ;
#3625 = CARTESIAN_POINT ( 'NONE',  ( -11.49710307509526430, -21.30251963564329643, 18.14610353985104396 ) ) ;
#3626 = DIRECTION ( 'NONE',  ( -0.000000000000000000, -0.000000000000000000, -1.000000000000000000 ) ) ;
#3627 = DIRECTION ( 'NONE',  ( 1.000000000000000000, 0.000000000000000000, 0.000000000000000000 ) ) ;
#3628 = AXIS2_PLACEMENT_3D ( 'NONE', #2362, #5399, #4384 ) ;
#3629 = CARTESIAN_POINT ( 'NONE',  ( 21.30380527266634161, -11.51504582286043288, 18.07330398227675516 ) ) ;
#3630 = AXIS2_PLACEMENT_3D ( 'NONE', #5128, #2826, #3814 ) ;
#3631 = EDGE_CURVE ( 'NONE', #2314, #855, #3984, .T. ) ;
#3632 = ORIENTED_EDGE ( 'NONE', *, *, #1659, .T. ) ;
#3633 = ADVANCED_FACE ( 'NONE', ( #5078 ), #6143, .T. ) ;
#3634 = TOROIDAL_SURFACE ( 'NONE', #1049, 1.200000000000002620, 0.5000000000000000000 ) ;
#3635 = EDGE_LOOP ( 'NONE', ( #1133, #505, #1740, #5375 ) ) ;
#3636 = EDGE_CURVE ( 'NONE', #419, #4212, #2145, .T. ) ;
#3637 = CIRCLE ( 'NONE', #2492, 0.2000000000000040079 ) ;
#3638 = CIRCLE ( 'NONE', #5278, 24.37500000000000000 ) ;
#3639 = DIRECTION ( 'NONE',  ( 0.000000000000000000, 0.000000000000000000, 1.000000000000000000 ) ) ;
#3640 = DIRECTION ( 'NONE',  ( 0.000000000000000000, 0.000000000000000000, 1.000000000000000000 ) ) ;
#3641 = AXIS2_PLACEMENT_3D ( 'NONE', #21, #5934, #3490 ) ;
#3642 = ORIENTED_EDGE ( 'NONE', *, *, #4139, .F. ) ;
#3643 = CIRCLE ( 'NONE', #4351, 0.4999999999999999445 ) ;
#3644 = DIRECTION ( 'NONE',  ( 1.000000000000000000, 0.000000000000000000, 0.000000000000000000 ) ) ;
#3645 = EDGE_LOOP ( 'NONE', ( #5010, #3362, #3311, #1989 ) ) ;
#3646 = AXIS2_PLACEMENT_3D ( 'NONE', #2170, #1134, #6110 ) ;
#3647 = CIRCLE ( 'NONE', #1894, 0.7000000000000061728 ) ;
#3648 = DIRECTION ( 'NONE',  ( 1.000000000000000000, 0.000000000000000000, 0.000000000000000000 ) ) ;
#3649 = EDGE_LOOP ( 'NONE', ( #915, #5863, #5035, #4261 ) ) ;
#3650 = CARTESIAN_POINT ( 'NONE',  ( 21.10936921724568904, -12.18750000000000888, 18.50000000000000000 ) ) ;
#3651 = CARTESIAN_POINT ( 'NONE',  ( 0.6795804279942296855, 24.20715947483631680, 18.07330398227664858 ) ) ;
#3652 = DIRECTION ( 'NONE',  ( -1.000000000000000000, 0.000000000000000000, 0.000000000000000000 ) ) ;
#3653 = CIRCLE ( 'NONE', #338, 24.87500000000000000 ) ;
#3654 = EDGE_LOOP ( 'NONE', ( #3527, #1110, #1533, #4995 ) ) ;
#3655 = DIRECTION ( 'NONE',  ( 1.000000000000000000, 0.000000000000000000, 0.000000000000000000 ) ) ;
#3656 = ORIENTED_EDGE ( 'NONE', *, *, #5672, .T. ) ;
#3657 = CARTESIAN_POINT ( 'NONE',  ( 21.30380534126281589, -11.51504584269468445, 18.00000000000000000 ) ) ;
#3658 = CIRCLE ( 'NONE', #5915, 0.7000000000000027311 ) ;
#3659 = CARTESIAN_POINT ( 'NONE',  ( 36.94112549695427106, 0.1051305568540816804, 4.874999999999999112 ) ) ;
#3660 = CARTESIAN_POINT ( 'NONE',  ( -12.80475756209779448, 20.74138881856704586, 18.09393492550573868 ) ) ;
#3661 = DIRECTION ( 'NONE',  ( 1.000000000000000000, 0.000000000000000000, 0.000000000000000000 ) ) ;
#3662 = ORIENTED_EDGE ( 'NONE', *, *, #2930, .T. ) ;
#3663 = FACE_OUTER_BOUND ( 'NONE', #2756, .T. ) ;
#3664 = CARTESIAN_POINT ( 'NONE',  ( 24.17231039341857723, -0.7323231169182019551, 18.26915352020174410 ) ) ;
#3665 = CARTESIAN_POINT ( 'NONE',  ( 20.11554220139741389, 12.86003837256327920, 18.50000000000000000 ) ) ;
#3666 = EDGE_CURVE ( 'NONE', #2512, #193, #2536, .T. ) ;
#3667 = DIRECTION ( 'NONE',  ( 0.000000000000000000, 0.000000000000000000, 1.000000000000000000 ) ) ;
#3668 = CARTESIAN_POINT ( 'NONE',  ( 21.52511365561558065, -11.40134118055114776, 18.14610353506310503 ) ) ;
#3669 =( GEOMETRIC_REPRESENTATION_CONTEXT ( 3 ) GLOBAL_UNCERTAINTY_ASSIGNED_CONTEXT ( ( #537 ) ) GLOBAL_UNIT_ASSIGNED_CONTEXT ( ( #5286, #4401, #2932 ) ) REPRESENTATION_CONTEXT ( 'NONE', 'WORKASPACE' ) );
#3670 = ORIENTED_EDGE ( 'NONE', *, *, #1323, .F. ) ;
#3671 = AXIS2_PLACEMENT_3D ( 'NONE', #918, #6367, #3952 ) ;
#3672 = DIRECTION ( 'NONE',  ( 1.000000000000000000, 0.000000000000000000, 0.000000000000000000 ) ) ;
#3673 = EDGE_CURVE ( 'NONE', #4799, #1707, #1500, .T. ) ;
#3674 = EDGE_CURVE ( 'NONE', #1650, #3304, #6335, .T. ) ;
#3675 = CARTESIAN_POINT ( 'NONE',  ( 18.56155300614686965, 18.56155300614686965, 20.00000000000000000 ) ) ;
#3676 = ADVANCED_FACE ( 'NONE', ( #885 ), #1921, .F. ) ;
#3677 = ORIENTED_EDGE ( 'NONE', *, *, #3278, .F. ) ;
#3678 = DIRECTION ( 'NONE',  ( 1.000000000000000000, 0.000000000000000000, 0.000000000000000000 ) ) ;
#3679 = CIRCLE ( 'NONE', #6043, 24.37500000000000000 ) ;
#3680 = ORIENTED_EDGE ( 'NONE', *, *, #2527, .T. ) ;
#3681 = CARTESIAN_POINT ( 'NONE',  ( -20.62422489614740684, -12.69211370146484441, 18.13682064111326753 ) ) ;
#3682 = ORIENTED_EDGE ( 'NONE', *, *, #2824, .T. ) ;
#3683 = DIRECTION ( 'NONE',  ( 0.000000000000000000, -0.000000000000000000, 1.000000000000000000 ) ) ;
#3684 = AXIS2_PLACEMENT_3D ( 'NONE', #741, #4637, #1248 ) ;
#3685 = CARTESIAN_POINT ( 'NONE',  ( 24.37500000000000000, -2.406249427655413829E-14, 0.000000000000000000 ) ) ;
#3686 = CARTESIAN_POINT ( 'NONE',  ( 36.06244584051393076, 2.121320343559645938, 19.24999999999999289 ) ) ;
#3687 = CARTESIAN_POINT ( 'NONE',  ( -21.53606469138012258, 11.41659067360702018, 18.13788913655711710 ) ) ;
#3688 = ORIENTED_EDGE ( 'NONE', *, *, #1323, .T. ) ;
#3689 = DIRECTION ( 'NONE',  ( 0.000000000000000000, 0.000000000000000000, -1.000000000000000000 ) ) ;
#3690 = CARTESIAN_POINT ( 'NONE',  ( -24.21517551389641554, 0.8363640896099933109, 18.36113832892216280 ) ) ;
#3691 = CARTESIAN_POINT ( 'NONE',  ( 20.25059063300743745, 12.88637327980172920, 18.50000000000000000 ) ) ;
#3692 = AXIS2_PLACEMENT_3D ( 'NONE', #1309, #1369, #5343 ) ;
#3693 = DIRECTION ( 'NONE',  ( -0.000000000000000000, -0.000000000000000000, -1.000000000000000000 ) ) ;
#3694 = EDGE_LOOP ( 'NONE', ( #153, #1223, #3956, #621 ) ) ;
#3695 = EDGE_CURVE ( 'NONE', #375, #2065, #2228, .T. ) ;
#3696 = DIRECTION ( 'NONE',  ( 0.000000000000000000, 0.000000000000000000, 1.000000000000000000 ) ) ;
#3697 = CARTESIAN_POINT ( 'NONE',  ( 24.32704558404559236, -0.1941658414615479722, 0.000000000000000000 ) ) ;
#3698 = DIRECTION ( 'NONE',  ( -0.000000000000000000, -0.000000000000000000, -1.000000000000000000 ) ) ;
#3699 = DIRECTION ( 'NONE',  ( -0.8473883033289019151, 0.5309736936811135788, 0.000000000000000000 ) ) ;
#3700 = ORIENTED_EDGE ( 'NONE', *, *, #3714, .F. ) ;
#3701 = EDGE_CURVE ( 'NONE', #707, #1229, #4587, .T. ) ;
#3702 = CARTESIAN_POINT ( 'NONE',  ( 36.06244584051393076, 2.121320343559644162, -46.14967917350623594 ) ) ;
#3703 = CARTESIAN_POINT ( 'NONE',  ( 12.94248378347676187, 20.65508989364223424, 18.00000000000000000 ) ) ;
#3704 = ORIENTED_EDGE ( 'NONE', *, *, #2797, .F. ) ;
#3705 = EDGE_CURVE ( 'NONE', #1704, #2599, #2744, .T. ) ;
#3706 = ORIENTED_EDGE ( 'NONE', *, *, #2726, .F. ) ;
#3707 = DIRECTION ( 'NONE',  ( -0.000000000000000000, -0.000000000000000000, 1.000000000000000000 ) ) ;
#3708 = ORIENTED_EDGE ( 'NONE', *, *, #3674, .F. ) ;
#3709 = DIRECTION ( 'NONE',  ( 0.000000000000000000, 0.000000000000000000, 1.000000000000000000 ) ) ;
#3710 = CARTESIAN_POINT ( 'NONE',  ( 11.41659067360699709, -21.53606469138012969, 0.5000000000000004441 ) ) ;
#3711 = DIRECTION ( 'NONE',  ( -0.000000000000000000, -0.000000000000000000, -1.000000000000000000 ) ) ;
#3712 = CARTESIAN_POINT ( 'NONE',  ( 20.62422489614739973, 12.69211370146486040, 18.00000000000000000 ) ) ;
#3713 = ORIENTED_EDGE ( 'NONE', *, *, #2215, .T. ) ;
#3714 = EDGE_CURVE ( 'NONE', #3184, #4698, #3568, .T. ) ;
#3715 = DIRECTION ( 'NONE',  ( -0.000000000000000000, -0.000000000000000000, -1.000000000000000000 ) ) ;
#3716 = CARTESIAN_POINT ( 'NONE',  ( -24.19707470663163207, 0.6944764848610491814, 18.14610353985106528 ) ) ;
#3717 = CARTESIAN_POINT ( 'NONE',  ( 20.11554220139741389, 12.86003837256327920, 18.50000000000000000 ) ) ;
#3718 = EDGE_LOOP ( 'NONE', ( #4437, #1327, #1282, #1673, #3567, #4718 ) ) ;
#3719 = CARTESIAN_POINT ( 'NONE',  ( 21.53606469138012613, 11.41659067360699531, 18.00000000000000000 ) ) ;
#3720 = CARTESIAN_POINT ( 'NONE',  ( 0.000000000000000000, 0.000000000000000000, -5.000000000000000000 ) ) ;
#3721 = CARTESIAN_POINT ( 'NONE',  ( -27.00000000000000000, 0.000000000000000000, 18.50000000000000000 ) ) ;
#3722 = CARTESIAN_POINT ( 'NONE',  ( 0.000000000000000000, 0.000000000000000000, 0.000000000000000000 ) ) ;
#3723 = VERTEX_POINT ( 'NONE', #982 ) ;
#3724 = VECTOR ( 'NONE', #286, 1000.000000000000000 ) ;
#3725 = AXIS2_PLACEMENT_3D ( 'NONE', #4722, #6117, #234 ) ;
#3726 = CARTESIAN_POINT ( 'NONE',  ( -10.99055137102643798, 21.19489102498121369, 18.50000000000000000 ) ) ;
#3727 = AXIS2_PLACEMENT_3D ( 'NONE', #5918, #1463, #6334 ) ;
#3728 = DIRECTION ( 'NONE',  ( -0.000000000000000000, -0.000000000000000000, -1.000000000000000000 ) ) ;
#3729 = VERTEX_POINT ( 'NONE', #2925 ) ;
#3730 = DIRECTION ( 'NONE',  ( -0.000000000000000000, -0.000000000000000000, -1.000000000000000000 ) ) ;
#3731 = CIRCLE ( 'NONE', #5380, 0.2000000000000040079 ) ;
#3732 = CONICAL_SURFACE ( 'NONE', #1986, 5.999999999999992006, 0.7853981633974569387 ) ;
#3733 = ORIENTED_EDGE ( 'NONE', *, *, #1405, .F. ) ;
#3734 = ORIENTED_EDGE ( 'NONE', *, *, #1454, .F. ) ;
#3735 = AXIS2_PLACEMENT_3D ( 'NONE', #6054, #2118, #5507 ) ;
#3736 = EDGE_CURVE ( 'NONE', #5237, #2137, #1715, .T. ) ;
#3737 = DIRECTION ( 'NONE',  ( 1.000000000000000000, 0.000000000000000000, 0.000000000000000000 ) ) ;
#3738 = ADVANCED_FACE ( 'NONE', ( #1465 ), #2, .F. ) ;
#3739 = CARTESIAN_POINT ( 'NONE',  ( 12.69211370146485507, -20.62422489614740329, 18.00000000000000000 ) ) ;
#3740 = CARTESIAN_POINT ( 'NONE',  ( 2.555503256301506915E-14, 24.37500000000000000, 0.5000000000000004441 ) ) ;
#3741 = CIRCLE ( 'NONE', #2400, 1.199999999999999734 ) ;
#3742 = CIRCLE ( 'NONE', #957, 5.999999999999992006 ) ;
#3743 = DIRECTION ( 'NONE',  ( -1.000000000000000000, 0.000000000000000000, 0.000000000000000000 ) ) ;
#3744 = ORIENTED_EDGE ( 'NONE', *, *, #904, .F. ) ;
#3745 = DIRECTION ( 'NONE',  ( 0.000000000000000000, 0.000000000000000000, 1.000000000000000000 ) ) ;
#3746 = CARTESIAN_POINT ( 'NONE',  ( -21.35935851955341036, 11.32291608346461054, 18.00000000000000000 ) ) ;
#3747 = CARTESIAN_POINT ( 'NONE',  ( -12.69997163153633934, 20.60804315078236826, 18.14610353985105817 ) ) ;
#3748 = EDGE_CURVE ( 'NONE', #5677, #2360, #2430, .T. ) ;
#3749 = CIRCLE ( 'NONE', #1697, 0.2000000000000015099 ) ;
#3750 = CARTESIAN_POINT ( 'NONE',  ( -0.7185506760069038101, -24.36494871794872097, 18.00000000000000000 ) ) ;
#3751 = EDGE_LOOP ( 'NONE', ( #4576, #930, #1342, #3936 ) ) ;
#3752 = EDGE_CURVE ( 'NONE', #5563, #1181, #6030, .T. ) ;
#3753 = CARTESIAN_POINT ( 'NONE',  ( 24.20715954415954130, -0.6795804451154418002, 18.13681289817117204 ) ) ;
#3754 = ORIENTED_EDGE ( 'NONE', *, *, #1867, .T. ) ;
#3755 = DIRECTION ( 'NONE',  ( -0.000000000000000000, -0.000000000000000000, 1.000000000000000000 ) ) ;
#3756 = CARTESIAN_POINT ( 'NONE',  ( -10.99055137102647528, -21.19489102498118882, 18.50000000000000000 ) ) ;
#3757 = CARTESIAN_POINT ( 'NONE',  ( 21.25735493762313055, -11.10217229270025285, 18.49991804527303785 ) ) ;
#3758 = EDGE_LOOP ( 'NONE', ( #5794, #4232, #2825, #3958 ) ) ;
#3759 = FACE_OUTER_BOUND ( 'NONE', #6260, .T. ) ;
#3760 = TOROIDAL_SURFACE ( 'NONE', #2114, 0.7000000000000042855, 0.5000000000000000000 ) ;
#3761 = CARTESIAN_POINT ( 'NONE',  ( -11.11960826859850826, 21.23536627660734410, 18.50000000000000355 ) ) ;
#3762 = ORIENTED_EDGE ( 'NONE', *, *, #4214, .F. ) ;
#3763 = VECTOR ( 'NONE', #2888, 1000.000000000000000 ) ;
#3764 = ORIENTED_EDGE ( 'NONE', *, *, #5208, .T. ) ;
#3765 = ORIENTED_EDGE ( 'NONE', *, *, #3345, .T. ) ;
#3766 = CARTESIAN_POINT ( 'NONE',  ( 23.67499999999999716, -2.406249427655413829E-14, 0.5000000000000004441 ) ) ;
#3767 = LINE ( 'NONE', #1345, #5515 ) ;
#3768 = AXIS2_PLACEMENT_3D ( 'NONE', #5836, #5802, #868 ) ;
#3769 = CARTESIAN_POINT ( 'NONE',  ( -0.7323231169181536604, 24.17231039341857723, 18.26915352020175121 ) ) ;
#3770 = EDGE_CURVE ( 'NONE', #1625, #169, #2685, .T. ) ;
#3771 = CARTESIAN_POINT ( 'NONE',  ( -21.53606469138011192, 11.41659067360703084, 18.00000000000000000 ) ) ;
#3772 = VERTEX_POINT ( 'NONE', #4886 ) ;
#3773 = AXIS2_PLACEMENT_3D ( 'NONE', #3387, #4893, #6279 ) ;
#3774 = CARTESIAN_POINT ( 'NONE',  ( 0.000000000000000000, 0.000000000000000000, 0.5000000000000004441 ) ) ;
#3775 = CARTESIAN_POINT ( 'NONE',  ( -11.51504584269470044, -21.30380534126280168, 18.00000000000000000 ) ) ;
#3776 = CARTESIAN_POINT ( 'NONE',  ( -20.62422489614740329, -12.69211370146485329, 18.50000000000000000 ) ) ;
#3777 = CARTESIAN_POINT ( 'NONE',  ( -11.41659067360702551, -21.53606469138010837, 18.13788913655711710 ) ) ;
#3778 = ORIENTED_EDGE ( 'NONE', *, *, #2593, .F. ) ;
#3779 = ADVANCED_FACE ( 'NONE', ( #461 ), #3969, .F. ) ;
#3780 = CARTESIAN_POINT ( 'NONE',  ( 21.30380534126281233, 11.51504584269467557, 18.00000000000000000 ) ) ;
#3781 = ORIENTED_EDGE ( 'NONE', *, *, #5823, .T. ) ;
#3782 = DIRECTION ( 'NONE',  ( 1.000000000000000000, 0.000000000000000000, 0.000000000000000000 ) ) ;
#3783 = CIRCLE ( 'NONE', #801, 0.7000000000000009548 ) ;
#3784 = CARTESIAN_POINT ( 'NONE',  ( 11.41659067360699709, -21.53606469138012969, 18.00000000000000000 ) ) ;
#3785 = FACE_OUTER_BOUND ( 'NONE', #1001, .T. ) ;
#3786 = ORIENTED_EDGE ( 'NONE', *, *, #1308, .F. ) ;
#3787 = CIRCLE ( 'NONE', #6264, 24.37500000000000000 ) ;
#3788 = EDGE_CURVE ( 'NONE', #4153, #1650, #1192, .T. ) ;
#3789 = DIRECTION ( 'NONE',  ( 0.000000000000000000, 0.000000000000000000, 1.000000000000000000 ) ) ;
#3790 = CARTESIAN_POINT ( 'NONE',  ( 21.10936921724570325, 12.18749999999998579, 0.5000000000000004441 ) ) ;
#3791 = EDGE_LOOP ( 'NONE', ( #5145, #51, #1311, #5780 ) ) ;
#3792 = B_SPLINE_CURVE_WITH_KNOTS ( 'NONE', 3,
 ( #2953, #38, #3012, #3502, #3884, #4920 ),
 .UNSPECIFIED., .F., .F.,
 ( 4, 2, 4 ),
 ( -4.614725267096565476E-06, 0.0004052027286208775684, 0.0008150201825088516320 ),
 .UNSPECIFIED. ) ;
#3793 = EDGE_LOOP ( 'NONE', ( #1595, #432, #5698, #3926 ) ) ;
#3794 = ORIENTED_EDGE ( 'NONE', *, *, #260, .T. ) ;
#3795 = DIRECTION ( 'NONE',  ( -0.000000000000000000, -0.000000000000000000, -1.000000000000000000 ) ) ;
#3796 = CARTESIAN_POINT ( 'NONE',  ( -23.97938005842796017, -1.035089232242224266, 18.50000000000000355 ) ) ;
#3797 = DIRECTION ( 'NONE',  ( -1.000000000000000000, 0.000000000000000000, 0.000000000000000000 ) ) ;
#3798 = CARTESIAN_POINT ( 'NONE',  ( 20.48561223297643252, -12.83628904474055865, 0.000000000000000000 ) ) ;
#3799 = ORIENTED_EDGE ( 'NONE', *, *, #4523, .F. ) ;
#3800 = DIRECTION ( 'NONE',  ( 0.9708292073077339213, 0.2397720797720978569, 0.000000000000000000 ) ) ;
#3801 = CARTESIAN_POINT ( 'NONE',  ( -10.99055137102647528, -21.19489102498118882, 18.50000000000000000 ) ) ;
#3802 = CARTESIAN_POINT ( 'NONE',  ( 0.6795804451153918402, -24.20715954415955196, 18.00000000000000000 ) ) ;
#3803 = EDGE_CURVE ( 'NONE', #1061, #1641, #463, .T. ) ;
#3804 =( BOUNDED_SURFACE ( )  B_SPLINE_SURFACE ( 3, 2, ( 
 ( #3492, #2102, #4030 ),
 ( #3588, #155, #3136 ),
 ( #1065, #2525, #4066 ),
 ( #122, #1516, #4001 ),
 ( #1619, #3001, #3099 ),
 ( #584, #683, #4099 ),
 ( #2136, #6068, #1096 ),
 ( #2648, #2007, #3967 ) ),
 .UNSPECIFIED., .F., .F., .F. ) 
 B_SPLINE_SURFACE_WITH_KNOTS ( ( 4, 2, 2, 4 ),
 ( 3, 3 ),
 ( 0.000000000000000000, 0.0001311096522626869446, 0.0002622193045253738892, 0.0005244386090507477784 ),
 ( 0.000000000000000000, 1.000000000000000000 ),
 .UNSPECIFIED. ) 
 GEOMETRIC_REPRESENTATION_ITEM ( )  RATIONAL_B_SPLINE_SURFACE ( (
 ( 1.000000000000000000, 0.7760564330438678438, 1.000000000000000000),
 ( 1.000000000000000000, 0.7754047934803373066, 1.000000000000000000),
 ( 1.000000000000000000, 0.7971915883078919407, 1.000000000000000000),
 ( 1.000000000000000000, 0.8534865031515035394, 1.000000000000000000),
 ( 1.000000000000000000, 0.8868869947388211550, 1.000000000000000000),
 ( 1.000000000000000000, 0.9695438062022588843, 1.000000000000000000),
 ( 1.000000000000000000, 1.001548216897365062, 1.000000000000000000),
 ( 1.000000000000000000, 1.000000000000000000, 1.000000000000000000) ) ) 
 REPRESENTATION_ITEM ( '' )  SURFACE ( )  );
#3805 = CARTESIAN_POINT ( 'NONE',  ( -1.079348823583827999, -23.85058974358974382, 18.50000000000000000 ) ) ;
#3806 = ORIENTED_EDGE ( 'NONE', *, *, #628, .T. ) ;
#3807 = CARTESIAN_POINT ( 'NONE',  ( 21.23414701215921596, 11.11555491047647592, 18.49999999999999645 ) ) ;
#3808 = ORIENTED_EDGE ( 'NONE', *, *, #5647, .F. ) ;
#3809 = CARTESIAN_POINT ( 'NONE',  ( 36.51537760445545189, -1.551665424877604504, 5.281331500698112080 ) ) ;
#3810 = CARTESIAN_POINT ( 'NONE',  ( -20.62422489614739263, 12.69211370146486573, 0.5000000000000004441 ) ) ;
#3811 = ADVANCED_FACE ( 'NONE', ( #1890 ), #3851, .T. ) ;
#3812 = CARTESIAN_POINT ( 'NONE',  ( -21.53606469138012969, -11.41659067360699886, 18.00000000000000000 ) ) ;
#3813 = ORIENTED_EDGE ( 'NONE', *, *, #6180, .T. ) ;
#3814 = DIRECTION ( 'NONE',  ( -1.000000000000000000, 0.000000000000000000, 0.000000000000000000 ) ) ;
#3815 = B_SPLINE_CURVE_WITH_KNOTS ( 'NONE', 3,
 ( #3812, #2823, #3277, #5661, #3246, #4723 ),
 .UNSPECIFIED., .F., .F.,
 ( 4, 2, 4 ),
 ( 0.000000000000000000, 0.0004085462650294597784, 0.0008170925300589195568 ),
 .UNSPECIFIED. ) ;
#3816 = CARTESIAN_POINT ( 'NONE',  ( 21.30380534126281233, 11.51504584269467557, 18.00000000000000000 ) ) ;
#3817 = DIRECTION ( 'NONE',  ( 1.000000000000000000, 0.000000000000000000, 0.000000000000000000 ) ) ;
#3818 = FACE_OUTER_BOUND ( 'NONE', #2112, .T. ) ;
#3819 = EDGE_CURVE ( 'NONE', #5457, #6270, #880, .T. ) ;
#3820 = AXIS2_PLACEMENT_3D ( 'NONE', #962, #2351, #2935 ) ;
#3821 = EDGE_CURVE ( 'NONE', #4427, #5480, #3152, .T. ) ;
#3822 = ORIENTED_EDGE ( 'NONE', *, *, #1100, .F. ) ;
#3823 = ORIENTED_EDGE ( 'NONE', *, *, #1657, .T. ) ;
#3824 = DIRECTION ( 'NONE',  ( 1.000000000000000000, 0.000000000000000000, 0.000000000000000000 ) ) ;
#3825 = FILL_AREA_STYLE ('',( #1860 ) ) ;
#3826 = AXIS2_PLACEMENT_3D ( 'NONE', #5178, #3667, #1760 ) ;
#3827 = CARTESIAN_POINT ( 'NONE',  ( -20.57249578602643325, 12.93334658614964461, 18.27208253284858586 ) ) ;
#3828 = CIRCLE ( 'NONE', #2391, 3.125000000000000888 ) ;
#3829 = AXIS2_PLACEMENT_3D ( 'NONE', #1131, #125, #4942 ) ;
#3830 = FACE_OUTER_BOUND ( 'NONE', #2538, .T. ) ;
#3831 = ORIENTED_EDGE ( 'NONE', *, *, #1901, .F. ) ;
#3832 = DIRECTION ( 'NONE',  ( 1.000000000000000000, 0.000000000000000000, 0.000000000000000000 ) ) ;
#3833 = CIRCLE ( 'NONE', #5485, 0.2000000000000005107 ) ;
#3834 = CARTESIAN_POINT ( 'NONE',  ( -21.29023094757183898, -11.39201614701046417, 18.32606195575498020 ) ) ;
#3835 = CARTESIAN_POINT ( 'NONE',  ( -12.83190030536360027, -20.55277510732834045, 18.36113832892208109 ) ) ;
#3836 = ORIENTED_EDGE ( 'NONE', *, *, #4018, .T. ) ;
#3837 = AXIS2_PLACEMENT_3D ( 'NONE', #2966, #143, #573 ) ;
#3838 = AXIS2_PLACEMENT_3D ( 'NONE', #2277, #1765, #1310 ) ;
#3839 = CARTESIAN_POINT ( 'NONE',  ( 12.81022953883159943, -20.70808513007009566, 18.17948586170148673 ) ) ;
#3840 = ORIENTED_EDGE ( 'NONE', *, *, #5506, .F. ) ;
#3841 = AXIS2_PLACEMENT_3D ( 'NONE', #4601, #1244, #1739 ) ;
#3842 = CARTESIAN_POINT ( 'NONE',  ( -21.30380534126282654, -11.51504584269466314, 18.13682064111326753 ) ) ;
#3843 = AXIS2_PLACEMENT_3D ( 'NONE', #326, #2212, #5912 ) ;
#3844 = CARTESIAN_POINT ( 'NONE',  ( 0.000000000000000000, 0.000000000000000000, 0.000000000000000000 ) ) ;
#3845 = CARTESIAN_POINT ( 'NONE',  ( -12.69211370146485862, 20.62422489614739973, 18.50000000000000000 ) ) ;
#3846 = CARTESIAN_POINT ( 'NONE',  ( -24.20715954415955196, -0.6795804451154022763, 18.00000000000000000 ) ) ;
#3847 = AXIS2_PLACEMENT_3D ( 'NONE', #4442, #5516, #3066 ) ;
#3848 = ORIENTED_EDGE ( 'NONE', *, *, #2260, .T. ) ;
#3849 = FACE_OUTER_BOUND ( 'NONE', #3452, .T. ) ;
#3850 = LINE ( 'NONE', #5851, #3323 ) ;
#3851 = CYLINDRICAL_SURFACE ( 'NONE', #2116, 0.7000000000000009548 ) ;
#3852 = AXIS2_PLACEMENT_3D ( 'NONE', #1319, #828, #4764 ) ;
#3853 = CARTESIAN_POINT ( 'NONE',  ( -24.15920512820513366, -0.8737462865769480835, 18.00000000000000000 ) ) ;
#3854 = ORIENTED_EDGE ( 'NONE', *, *, #2350, .F. ) ;
#3855 = EDGE_CURVE ( 'NONE', #2832, #6296, #5727, .T. ) ;
#3856 = ADVANCED_FACE ( 'NONE', ( #1140 ), #2841, .T. ) ;
#3857 = ORIENTED_EDGE ( 'NONE', *, *, #3394, .T. ) ;
#3858 = ADVANCED_FACE ( 'NONE', ( #3981 ), #4043, .F. ) ;
#3859 = DIRECTION ( 'NONE',  ( -0.000000000000000000, -0.000000000000000000, -1.000000000000000000 ) ) ;
#3860 = CARTESIAN_POINT ( 'NONE',  ( 0.000000000000000000, 0.000000000000000000, 20.00000000000000000 ) ) ;
#3861 = AXIS2_PLACEMENT_3D ( 'NONE', #926, #4858, #1958 ) ;
#3862 = CARTESIAN_POINT ( 'NONE',  ( 24.15920512820513011, 0.8737462865769590747, 0.5000000000000004441 ) ) ;
#3863 = EDGE_LOOP ( 'NONE', ( #1999, #3966, #5611, #684 ) ) ;
#3864 = CARTESIAN_POINT ( 'NONE',  ( 24.35907445708376784, -0.8809747977378920014, 18.13788111813277482 ) ) ;
#3865 = AXIS2_PLACEMENT_3D ( 'NONE', #3885, #6301, #4821 ) ;
#3866 = CARTESIAN_POINT ( 'NONE',  ( 24.15920512820513366, -0.8737462865769658471, 0.5000000000000004441 ) ) ;
#3867 = FACE_OUTER_BOUND ( 'NONE', #305, .T. ) ;
#3868 = EDGE_CURVE ( 'NONE', #2545, #2792, #4909, .T. ) ;
#3869 = ADVANCED_FACE ( 'NONE', ( #4520 ), #2080, .T. ) ;
#3870 = CARTESIAN_POINT ( 'NONE',  ( -1.079348823583827999, -23.85058974358974382, 18.50000000000000000 ) ) ;
#3871 = VERTEX_POINT ( 'NONE', #2019 ) ;
#3872 = AXIS2_PLACEMENT_3D ( 'NONE', #4542, #3590, #4484 ) ;
#3873 = CARTESIAN_POINT ( 'NONE',  ( -12.69211370146485862, 20.62422489614739973, 0.5000000000000004441 ) ) ;
#3874 = VERTEX_POINT ( 'NONE', #3534 ) ;
#3875 = CYLINDRICAL_SURFACE ( 'NONE', #3329, 0.1999999999999987899 ) ;
#3876 = CYLINDRICAL_SURFACE ( 'NONE', #3628, 0.6999999999999992895 ) ;
#3877 = AXIS2_PLACEMENT_3D ( 'NONE', #3650, #5614, #1190 ) ;
#3878 = LINE ( 'NONE', #2853, #2921 ) ;
#3879 = CARTESIAN_POINT ( 'NONE',  ( 20.74138881856656624, -12.80475756209774119, 18.09393492550566407 ) ) ;
#3880 = EDGE_CURVE ( 'NONE', #730, #1276, #4240, .T. ) ;
#3881 = ORIENTED_EDGE ( 'NONE', *, *, #3591, .F. ) ;
#3882 = CARTESIAN_POINT ( 'NONE',  ( 12.83026791275686307, 20.24886574288448671, 18.50000000000000000 ) ) ;
#3883 = TOROIDAL_SURFACE ( 'NONE', #3582, 0.7000000000000061728, 0.5000000000000000000 ) ;
#3884 = CARTESIAN_POINT ( 'NONE',  ( 24.20715954415955196, 0.6795804451153955039, 18.13681289817117204 ) ) ;
#3885 = CARTESIAN_POINT ( 'NONE',  ( 24.37500000000000000, -2.406249427655413829E-14, 0.5000000000000004441 ) ) ;
#3886 = DIRECTION ( 'NONE',  ( 0.000000000000000000, 0.000000000000000000, 1.000000000000000000 ) ) ;
#3887 = DIRECTION ( 'NONE',  ( -0.000000000000000000, -0.000000000000000000, -1.000000000000000000 ) ) ;
#3888 = ADVANCED_FACE ( 'NONE', ( #4555 ), #2595, .F. ) ;
#3889 = AXIS2_PLACEMENT_3D ( 'NONE', #2201, #1165, #4425 ) ;
#3890 = ORIENTED_EDGE ( 'NONE', *, *, #4686, .T. ) ;
#3891 = DIRECTION ( 'NONE',  ( -0.000000000000000000, -0.000000000000000000, -1.000000000000000000 ) ) ;
#3892 = DIRECTION ( 'NONE',  ( 0.000000000000000000, -1.000000000000000000, 0.000000000000000000 ) ) ;
#3893 = VERTEX_POINT ( 'NONE', #2594 ) ;
#3894 = ADVANCED_FACE ( 'NONE', ( #565 ), #3049, .F. ) ;
#3895 = DIRECTION ( 'NONE',  ( -1.000000000000000000, 0.000000000000000000, 0.000000000000000000 ) ) ;
#3896 = EDGE_CURVE ( 'NONE', #1117, #3420, #3112, .T. ) ;
#3897 = DIRECTION ( 'NONE',  ( 1.000000000000000000, 0.000000000000000000, 0.000000000000000000 ) ) ;
#3898 = ORIENTED_EDGE ( 'NONE', *, *, #5748, .T. ) ;
#3899 = CARTESIAN_POINT ( 'NONE',  ( 20.37956396649137858, -12.79080938766776754, 18.45002166485600625 ) ) ;
#3900 = DIRECTION ( 'NONE',  ( 0.000000000000000000, 0.000000000000000000, -1.000000000000000000 ) ) ;
#3901 = CARTESIAN_POINT ( 'NONE',  ( -21.97783012094689781, -11.65077714896303895, 0.000000000000000000 ) ) ;
#3902 = CARTESIAN_POINT ( 'NONE',  ( -12.80475756209748894, -20.74138881856717731, 18.09393492550583815 ) ) ;
#3903 = EDGE_LOOP ( 'NONE', ( #1748, #1994, #5324, #774 ) ) ;
#3904 = EDGE_CURVE ( 'NONE', #6348, #399, #5684, .T. ) ;
#3905 = CARTESIAN_POINT ( 'NONE',  ( 21.44802677397317225, 11.52861301695555696, 18.17948586170163949 ) ) ;
#3906 = VERTEX_POINT ( 'NONE', #4590 ) ;
#3907 = CARTESIAN_POINT ( 'NONE',  ( 12.85027901411720741, 20.37769543858157917, 18.46587281468499953 ) ) ;
#3908 = CARTESIAN_POINT ( 'NONE',  ( 12.18750000000001776, 21.10936921724568194, 18.00000000000000000 ) ) ;
#3909 = DIRECTION ( 'NONE',  ( -0.9993466443931802168, 0.03614255580462647638, 0.000000000000000000 ) ) ;
#3910 = ORIENTED_EDGE ( 'NONE', *, *, #2156, .T. ) ;
#3911 = VERTEX_POINT ( 'NONE', #3014 ) ;
#3912 = CARTESIAN_POINT ( 'NONE',  ( 10.99055137102643975, -21.19489102498121014, 18.50000000000000000 ) ) ;
#3913 = DIRECTION ( 'NONE',  ( -1.000000000000000000, 0.000000000000000000, 0.000000000000000000 ) ) ;
#3914 = DIRECTION ( 'NONE',  ( -1.000000000000000000, 0.000000000000000000, 0.000000000000000000 ) ) ;
#3915 = DIRECTION ( 'NONE',  ( 0.000000000000000000, 0.000000000000000000, 1.000000000000000000 ) ) ;
#3916 = CARTESIAN_POINT ( 'NONE',  ( 21.19489102498121014, 10.99055137102643975, 18.50000000000000000 ) ) ;
#3917 = ORIENTED_EDGE ( 'NONE', *, *, #4011, .F. ) ;
#3918 = LINE ( 'NONE', #1472, #6254 ) ;
#3919 = CARTESIAN_POINT ( 'NONE',  ( 36.94112549695543635, -1.394261449008763569E-13, 11.12500000000110667 ) ) ;
#3920 = EDGE_LOOP ( 'NONE', ( #2750, #252, #6173 ) ) ;
#3921 = CARTESIAN_POINT ( 'NONE',  ( -21.19489102498119237, 10.99055137102647528, 18.50000000000000000 ) ) ;
#3922 = DIRECTION ( 'NONE',  ( 0.000000000000000000, 0.000000000000000000, -1.000000000000000000 ) ) ;
#3923 = CIRCLE ( 'NONE', #835, 0.2000000000000057288 ) ;
#3924 = EDGE_LOOP ( 'NONE', ( #553, #867, #4988, #2115 ) ) ;
#3925 = CARTESIAN_POINT ( 'NONE',  ( 0.000000000000000000, 0.000000000000000000, 18.50000000000000000 ) ) ;
#3926 = ORIENTED_EDGE ( 'NONE', *, *, #5020, .F. ) ;
#3927 = EDGE_CURVE ( 'NONE', #6056, #2256, #319, .T. ) ;
#3928 = DIRECTION ( 'NONE',  ( 1.000000000000000000, 0.000000000000000000, 0.000000000000000000 ) ) ;
#3929 = AXIS2_PLACEMENT_3D ( 'NONE', #5562, #2049, #661 ) ;
#3930 = ADVANCED_FACE ( 'NONE', ( #3598 ), #4142, .T. ) ;
#3931 = DIRECTION ( 'NONE',  ( 0.000000000000000000, 0.000000000000000000, 1.000000000000000000 ) ) ;
#3932 = CARTESIAN_POINT ( 'NONE',  ( 36.06244584051393076, 2.121320343559644162, 19.24999999999998934 ) ) ;
#3933 = TOROIDAL_SURFACE ( 'NONE', #3216, 1.200000000000000400, 0.5000000000000000000 ) ;
#3934 = CARTESIAN_POINT ( 'NONE',  ( -12.86003837256331472, -20.11554220139738547, 18.50000000000000000 ) ) ;
#3935 = VERTEX_POINT ( 'NONE', #71 ) ;
#3936 = ORIENTED_EDGE ( 'NONE', *, *, #2252, .F. ) ;
#3937 = AXIS2_PLACEMENT_3D ( 'NONE', #2087, #4564, #3186 ) ;
#3938 = CARTESIAN_POINT ( 'NONE',  ( 12.94248386286700203, -20.65508984389628466, 18.07330398571947327 ) ) ;
#3939 = ORIENTED_EDGE ( 'NONE', *, *, #3855, .T. ) ;
#3940 = CIRCLE ( 'NONE', #4758, 0.2000000000000005107 ) ;
#3941 = EDGE_CURVE ( 'NONE', #245, #5086, #2183, .T. ) ;
#3942 = CARTESIAN_POINT ( 'NONE',  ( 12.69997163153642106, 20.60804315078238602, 18.14610353985107949 ) ) ;
#3943 = EDGE_CURVE ( 'NONE', #2220, #4129, #5885, .T. ) ;
#3944 = DIRECTION ( 'NONE',  ( 0.000000000000000000, 0.000000000000000000, 1.000000000000000000 ) ) ;
#3945 = TOROIDAL_SURFACE ( 'NONE', #1161, 0.2000000000000025924, 0.5000000000000000000 ) ;
#3946 = ORIENTED_EDGE ( 'NONE', *, *, #4172, .F. ) ;
#3947 = CARTESIAN_POINT ( 'NONE',  ( -24.20715954415954485, -0.6795804451153927284, 18.13682064111326753 ) ) ;
#3948 = CIRCLE ( 'NONE', #5085, 0.5000000000000001110 ) ;
#3949 = AXIS2_PLACEMENT_3D ( 'NONE', #2629, #5018, #1111 ) ;
#3950 = CARTESIAN_POINT ( 'NONE',  ( 0.000000000000000000, 0.000000000000000000, 18.50000000000000000 ) ) ;
#3951 = DIRECTION ( 'NONE',  ( 0.000000000000000000, 0.000000000000000000, 1.000000000000000000 ) ) ;
#3952 = DIRECTION ( 'NONE',  ( 0.7071067811865473507, 0.7071067811865477948, -0.000000000000000000 ) ) ;
#3953 = CARTESIAN_POINT ( 'NONE',  ( 24.36494840769811177, 0.7185509287937202894, 18.09393492550585236 ) ) ;
#3954 = CARTESIAN_POINT ( 'NONE',  ( 20.40936921724570041, 12.18749999999998579, 0.5000000000000004441 ) ) ;
#3955 = AXIS2_PLACEMENT_3D ( 'NONE', #3105, #5943, #4005 ) ;
#3956 = ORIENTED_EDGE ( 'NONE', *, *, #1852, .F. ) ;
#3957 = CARTESIAN_POINT ( 'NONE',  ( -12.69211370146484619, 20.62422489614740684, 18.13682064111326753 ) ) ;
#3958 = ORIENTED_EDGE ( 'NONE', *, *, #368, .F. ) ;
#3959 = DIRECTION ( 'NONE',  ( 0.000000000000000000, 0.000000000000000000, 1.000000000000000000 ) ) ;
#3960 = FACE_OUTER_BOUND ( 'NONE', #6222, .T. ) ;
#3961 = ORIENTED_EDGE ( 'NONE', *, *, #1734, .T. ) ;
#3962 = CYLINDRICAL_SURFACE ( 'NONE', #2954, 0.2000000000000022593 ) ;
#3963 = MECHANICAL_DESIGN_GEOMETRIC_PRESENTATION_REPRESENTATION (  '', ( #2320 ), #3669 ) ;
#3964 = DIRECTION ( 'NONE',  ( 0.9606487961504517337, -0.2777658914530146128, 0.000000000000000000 ) ) ;
#3965 = EDGE_CURVE ( 'NONE', #4811, #5815, #5263, .T. ) ;
#3966 = ORIENTED_EDGE ( 'NONE', *, *, #5270, .T. ) ;
#3967 = CARTESIAN_POINT ( 'NONE',  ( -23.85058974358974382, -1.079348823583772266, 18.50000000000000000 ) ) ;
#3968 = ORIENTED_EDGE ( 'NONE', *, *, #4692, .F. ) ;
#3969 = TOROIDAL_SURFACE ( 'NONE', #2324, 25.62500000000000355, 0.5000000000000000000 ) ;
#3970 = DIRECTION ( 'NONE',  ( 1.000000000000000000, 0.000000000000000000, 0.000000000000000000 ) ) ;
#3971 = B_SPLINE_CURVE_WITH_KNOTS ( 'NONE', 3,
 ( #5666, #3219, #5189, #769, #2738, #4699 ),
 .UNSPECIFIED., .F., .F.,
 ( 4, 2, 4 ),
 ( 3.469446951953614189E-18, 0.0004057619185687351068, 0.0008115238371374667442 ),
 .UNSPECIFIED. ) ;
#3972 = CARTESIAN_POINT ( 'NONE',  ( 11.48749999999998472, -21.10936921724569970, 0.5000000000000004441 ) ) ;
#3973 = CARTESIAN_POINT ( 'NONE',  ( 1.079348823583771599, -23.85058974358974382, 18.50000000000000000 ) ) ;
#3974 = VERTEX_POINT ( 'NONE', #4141 ) ;
#3975 = CARTESIAN_POINT ( 'NONE',  ( 20.24344071075655549, -12.85832324690290740, 18.49991810959728156 ) ) ;
#3976 = AXIS2_PLACEMENT_3D ( 'NONE', #4713, #807, #4679 ) ;
#3977 = EDGE_CURVE ( 'NONE', #5552, #5092, #5784, .T. ) ;
#3978 = CARTESIAN_POINT ( 'NONE',  ( 11.51504584269467202, -21.30380534126281589, 18.00000000000000000 ) ) ;
#3979 = CARTESIAN_POINT ( 'NONE',  ( 20.90936921724570041, 12.18749999999998579, 0.000000000000000000 ) ) ;
#3980 = AXIS2_PLACEMENT_3D ( 'NONE', #211, #2773, #2257 ) ;
#3981 = FACE_OUTER_BOUND ( 'NONE', #5200, .T. ) ;
#3982 = CARTESIAN_POINT ( 'NONE',  ( 24.20715947483631680, 0.6795804279941789483, 18.07330398227687596 ) ) ;
#3983 = CARTESIAN_POINT ( 'NONE',  ( 18.56155300614686965, 18.56155300614686254, 20.00000000000000000 ) ) ;
#3984 = B_SPLINE_CURVE_WITH_KNOTS ( 'NONE', 3,
 ( #4137, #4518, #2110, #165, #5978, #3108, #6044, #5463, #5559, #1036, #1138, #4107 ),
 .UNSPECIFIED., .F., .F.,
 ( 4, 2, 2, 2, 2, 4 ),
 ( 0.002524942468535551574, 0.002839382259057908475, 0.003153822049580265810, 0.003782701630624980046, 0.004411581211669694282, 0.005040460792714408951 ),
 .UNSPECIFIED. ) ;
#3985 = TOROIDAL_SURFACE ( 'NONE', #5737, 25.62500000000000355, 0.5000000000000000000 ) ;
#3986 = EDGE_LOOP ( 'NONE', ( #4729, #4937, #5461, #2639 ) ) ;
#3987 = EDGE_CURVE ( 'NONE', #247, #4129, #5482, .T. ) ;
#3988 = ADVANCED_FACE ( 'NONE', ( #5148 ), #4653, .T. ) ;
#3989 = DIRECTION ( 'NONE',  ( 1.000000000000000000, 0.000000000000000000, 0.000000000000000000 ) ) ;
#3990 = AXIS2_PLACEMENT_3D ( 'NONE', #5744, #5771, #5716 ) ;
#3991 = CARTESIAN_POINT ( 'NONE',  ( -12.83628904474053556, 20.48561223297645029, 18.50000000000000000 ) ) ;
#3992 = VERTEX_POINT ( 'NONE', #6242 ) ;
#3993 = CARTESIAN_POINT ( 'NONE',  ( 11.41659059083037064, -21.53606473526125598, 18.07330398571941998 ) ) ;
#3994 = AXIS2_PLACEMENT_3D ( 'NONE', #5388, #2938, #4902 ) ;
#3995 = DIRECTION ( 'NONE',  ( 0.000000000000000000, 0.000000000000000000, 1.000000000000000000 ) ) ;
#3996 = ORIENTED_EDGE ( 'NONE', *, *, #5004, .T. ) ;
#3997 = FACE_OUTER_BOUND ( 'NONE', #4420, .T. ) ;
#3998 = CARTESIAN_POINT ( 'NONE',  ( 1.013914226511677397, 23.96049553897150730, 18.49991810954473692 ) ) ;
#3999 = DIRECTION ( 'NONE',  ( 1.000000000000000000, 0.000000000000000000, 0.000000000000000000 ) ) ;
#4000 = ORIENTED_EDGE ( 'NONE', *, *, #4770, .T. ) ;
#4001 = CARTESIAN_POINT ( 'NONE',  ( -24.16039006379756415, -0.7445863490942500329, 18.27208252806133615 ) ) ;
#4002 = VERTEX_POINT ( 'NONE', #1794 ) ;
#4003 = CARTESIAN_POINT ( 'NONE',  ( -11.41659067360704150, -21.53606469138010482, 0.5000000000000004441 ) ) ;
#4004 = CARTESIAN_POINT ( 'NONE',  ( -21.30251963564336037, 11.49710307509533180, 18.14610353985092672 ) ) ;
#4005 = DIRECTION ( 'NONE',  ( 1.000000000000000000, 0.000000000000000000, 0.000000000000000000 ) ) ;
#4006 = ORIENTED_EDGE ( 'NONE', *, *, #5527, .T. ) ;
#4007 = CARTESIAN_POINT ( 'NONE',  ( -11.56019121964594909, -21.45993988965209809, 18.00000000000000000 ) ) ;
#4008 = CARTESIAN_POINT ( 'NONE',  ( 24.85920512820513650, -0.8737462865769658471, 2.168404344971008868E-16 ) ) ;
#4009 = EDGE_CURVE ( 'NONE', #2863, #1117, #6100, .T. ) ;
#4010 = DIRECTION ( 'NONE',  ( -0.000000000000000000, -0.000000000000000000, -1.000000000000000000 ) ) ;
#4011 = EDGE_CURVE ( 'NONE', #1567, #1633, #513, .T. ) ;
#4012 = CARTESIAN_POINT ( 'NONE',  ( 21.36417773346515148, -11.19077787638146759, 18.45554555356750015 ) ) ;
#4013 =( BOUNDED_SURFACE ( )  B_SPLINE_SURFACE ( 3, 2, ( 
 ( #659, #4007, #3531 ),
 ( #1628, #95, #3080 ),
 ( #3047, #5528, #3625 ),
 ( #5045, #5498, #5592 ),
 ( #4041, #4490, #623 ),
 ( #1173, #1074, #2658 ),
 ( #1106, #4552, #2076 ),
 ( #6077, #4075, #5014 ) ),
 .UNSPECIFIED., .F., .F., .T. ) 
 B_SPLINE_SURFACE_WITH_KNOTS ( ( 4, 2, 2, 4 ),
 ( 3, 3 ),
 ( 0.000000000000000000, 0.0001311096522626873512, 0.0002622193045253747024, 0.0005244386090507494047 ),
 ( 0.000000000000000000, 1.000000000000000000 ),
 .UNSPECIFIED. ) 
 GEOMETRIC_REPRESENTATION_ITEM ( )  RATIONAL_B_SPLINE_SURFACE ( (
 ( 1.000000000000000000, 0.7760564330438601832, 1.000000000000000000),
 ( 1.000000000000000000, 0.7754047934803866005, 1.000000000000000000),
 ( 1.000000000000000000, 0.7971915883078348752, 1.000000000000000000),
 ( 1.000000000000000000, 0.8534865031515697087, 1.000000000000000000),
 ( 1.000000000000000000, 0.8868869947389059760, 1.000000000000000000),
 ( 1.000000000000000000, 0.9695438062020851344, 1.000000000000000000),
 ( 1.000000000000000000, 1.001548216897494736, 1.000000000000000000),
 ( 1.000000000000000000, 1.000000000000000000, 1.000000000000000000) ) ) 
 REPRESENTATION_ITEM ( '' )  SURFACE ( )  );
#4014 = VERTEX_POINT ( 'NONE', #1330 ) ;
#4015 = CARTESIAN_POINT ( 'NONE',  ( -0.7399416439029448123, 24.33884255578742994, 18.17948586170148317 ) ) ;
#4016 = ADVANCED_FACE ( 'NONE', ( #1700 ), #1558, .T. ) ;
#4017 = CARTESIAN_POINT ( 'NONE',  ( -20.62422489614739263, 12.69211370146486573, 18.00000000000000000 ) ) ;
#4018 = EDGE_CURVE ( 'NONE', #4389, #3935, #635, .T. ) ;
#4019 = ORIENTED_EDGE ( 'NONE', *, *, #2987, .T. ) ;
#4020 = LINE ( 'NONE', #4993, #1799 ) ;
#4021 = CARTESIAN_POINT ( 'NONE',  ( 1.079348823583771599, -23.85058974358974382, 18.50000000000000000 ) ) ;
#4022 = ORIENTED_EDGE ( 'NONE', *, *, #6082, .F. ) ;
#4023 = CARTESIAN_POINT ( 'NONE',  ( -11.31361425370670659, 21.45978020622686699, 18.32606194987842230 ) ) ;
#4024 = CARTESIAN_POINT ( 'NONE',  ( 0.8809748913650985447, 24.35907445369763025, 18.07330398571928143 ) ) ;
#4025 = CARTESIAN_POINT ( 'NONE',  ( 0.000000000000000000, 0.000000000000000000, 18.00000000000000000 ) ) ;
#4026 = ORIENTED_EDGE ( 'NONE', *, *, #4530, .F. ) ;
#4027 = CIRCLE ( 'NONE', #2176, 0.5000000000000000000 ) ;
#4028 = ORIENTED_EDGE ( 'NONE', *, *, #4059, .T. ) ;
#4029 = AXIS2_PLACEMENT_3D ( 'NONE', #1880, #3944, #4877 ) ;
#4030 = CARTESIAN_POINT ( 'NONE',  ( -24.20715954415954130, -0.6795804451153902859, 18.00000000000000000 ) ) ;
#4031 = ORIENTED_EDGE ( 'NONE', *, *, #2754, .F. ) ;
#4032 = CARTESIAN_POINT ( 'NONE',  ( 33.94112549695428527, 0.000000000000000000, -46.14967917350623594 ) ) ;
#4033 = CIRCLE ( 'NONE', #2805, 0.1999999999999987899 ) ;
#4034 = CARTESIAN_POINT ( 'NONE',  ( -24.85874777928036394, -0.8990460756401813525, 0.000000000000000000 ) ) ;
#4035 = CARTESIAN_POINT ( 'NONE',  ( 11.39201614701061338, 21.29023094757173240, 18.32606195575486652 ) ) ;
#4036 = ORIENTED_EDGE ( 'NONE', *, *, #6295, .T. ) ;
#4037 = TOROIDAL_SURFACE ( 'NONE', #3735, 1.200000000000001288, 0.5000000000000000000 ) ;
#4038 = DIRECTION ( 'NONE',  ( 0.000000000000000000, 0.000000000000000000, -1.000000000000000000 ) ) ;
#4039 = TOROIDAL_SURFACE ( 'NONE', #1260, 24.87500000000000000, 0.5000000000000000000 ) ;
#4040 = CIRCLE ( 'NONE', #5999, 0.2000000000000057288 ) ;
#4041 = CARTESIAN_POINT ( 'NONE',  ( -11.31361425370673501, -21.45978020622668581, 18.32606194987855730 ) ) ;
#4042 = CARTESIAN_POINT ( 'NONE',  ( 20.36811947315391791, 12.79451998428754500, 18.45554554181470408 ) ) ;
#4043 = CYLINDRICAL_SURFACE ( 'NONE', #1561, 0.1999999999999987899 ) ;
#4044 = ORIENTED_EDGE ( 'NONE', *, *, #5412, .T. ) ;
#4045 = CARTESIAN_POINT ( 'NONE',  ( -24.35920512820514006, -0.8737462865769561882, 0.5000000000000004441 ) ) ;
#4046 = EDGE_CURVE ( 'NONE', #4389, #5092, #5067, .T. ) ;
#4047 = TOROIDAL_SURFACE ( 'NONE', #4664, 0.7000000000000058398, 0.5000000000000000000 ) ;
#4048 = TOROIDAL_SURFACE ( 'NONE', #5291, 0.7000000000000061728, 0.5000000000000000000 ) ;
#4049 = ORIENTED_EDGE ( 'NONE', *, *, #2724, .T. ) ;
#4050 = B_SPLINE_CURVE_WITH_KNOTS ( 'NONE', 3,
 ( #1209, #5755, #2731, #5213, #729, #2273 ),
 .UNSPECIFIED., .F., .F.,
 ( 4, 2, 4 ),
 ( -4.614011934022571399E-06, 0.0004081592208998252938, 0.0008209324537336731582 ),
 .UNSPECIFIED. ) ;
#4051 = CARTESIAN_POINT ( 'NONE',  ( 0.000000000000000000, 0.000000000000000000, 0.000000000000000000 ) ) ;
#4052 = CONICAL_SURFACE ( 'NONE', #5799, 26.24999999999999289, 0.7853981633974482790 ) ;
#4053 = DIRECTION ( 'NONE',  ( 0.4683729507120837354, 0.8835308591335426787, 0.000000000000000000 ) ) ;
#4054 = CARTESIAN_POINT ( 'NONE',  ( 0.8963195990437433647, -24.03656888321158647, 18.45554554181472184 ) ) ;
#4055 = ORIENTED_EDGE ( 'NONE', *, *, #2728, .F. ) ;
#4056 = FACE_OUTER_BOUND ( 'NONE', #5840, .T. ) ;
#4057 = ADVANCED_FACE ( 'NONE', ( #3302 ), #1977, .T. ) ;
#4058 = CIRCLE ( 'NONE', #1278, 24.37500000000000000 ) ;
#4059 = EDGE_CURVE ( 'NONE', #5411, #2893, #5174, .T. ) ;
#4060 = CARTESIAN_POINT ( 'NONE',  ( -21.07878404530667993, 13.20797063031730723, 0.000000000000000000 ) ) ;
#4061 = ORIENTED_EDGE ( 'NONE', *, *, #2217, .F. ) ;
#4062 = CARTESIAN_POINT ( 'NONE',  ( -11.52861301695559959, 21.44802677397317225, 18.17948586170171410 ) ) ;
#4063 = CARTESIAN_POINT ( 'NONE',  ( 1.036802741164114749, 23.97438332875085365, 18.50000000000000000 ) ) ;
#4064 = CARTESIAN_POINT ( 'NONE',  ( 12.94248378347673523, -20.65508989364223424, 18.50000000000000000 ) ) ;
#4065 = ORIENTED_EDGE ( 'NONE', *, *, #5770, .F. ) ;
#4066 = CARTESIAN_POINT ( 'NONE',  ( -24.19707470663169246, -0.6944764848609331631, 18.14610353985090185 ) ) ;
#4067 = VERTEX_POINT ( 'NONE', #4689 ) ;
#4068 = EDGE_CURVE ( 'NONE', #5480, #1229, #4595, .T. ) ;
#4069 = CARTESIAN_POINT ( 'NONE',  ( 33.94112549695428527, 0.000000000000000000, -46.14967917350623594 ) ) ;
#4070 = AXIS2_PLACEMENT_3D ( 'NONE', #3441, #1399, #6333 ) ;
#4071 = DIRECTION ( 'NONE',  ( 1.000000000000000000, 0.000000000000000000, 0.000000000000000000 ) ) ;
#4072 = CARTESIAN_POINT ( 'NONE',  ( 0.8874042882187346271, -24.04460698056988122, 18.45003803226556727 ) ) ;
#4073 = EDGE_LOOP ( 'NONE', ( #4615, #5807, #3483, #5742 ) ) ;
#4074 = AXIS2_PLACEMENT_3D ( 'NONE', #2859, #1952, #2367 ) ;
#4075 = CARTESIAN_POINT ( 'NONE',  ( -10.99055137102647706, -21.19489102498118882, 18.50000000000000000 ) ) ;
#4076 = DIRECTION ( 'NONE',  ( 1.000000000000000000, 8.673617379884087537E-15, 0.000000000000000000 ) ) ;
#4077 = ORIENTED_EDGE ( 'NONE', *, *, #4748, .T. ) ;
#4078 = CIRCLE ( 'NONE', #4796, 0.5000000000000000000 ) ;
#4079 = DIRECTION ( 'NONE',  ( -0.000000000000000000, -0.000000000000000000, -1.000000000000000000 ) ) ;
#4080 = CIRCLE ( 'NONE', #5119, 0.2000000000000091982 ) ;
#4081 = VERTEX_POINT ( 'NONE', #5212 ) ;
#4082 = CARTESIAN_POINT ( 'NONE',  ( 36.06244584051393076, 2.121320343559644162, 5.705305031164273011 ) ) ;
#4083 = EDGE_CURVE ( 'NONE', #1830, #1600, #5578, .T. ) ;
#4084 = CARTESIAN_POINT ( 'NONE',  ( 0.000000000000000000, 0.000000000000000000, 0.5000000000000004441 ) ) ;
#4085 = CARTESIAN_POINT ( 'NONE',  ( -20.37953832507677632, 12.79081814730965405, 18.45003803226556727 ) ) ;
#4086 = ORIENTED_EDGE ( 'NONE', *, *, #2248, .T. ) ;
#4087 = AXIS2_PLACEMENT_3D ( 'NONE', #3064, #4572, #2579 ) ;
#4088 = DIRECTION ( 'NONE',  ( 1.000000000000000000, 0.000000000000000000, 0.000000000000000000 ) ) ;
#4089 = EDGE_LOOP ( 'NONE', ( #6277, #2155, #2148, #3151 ) ) ;
#4090 = DIRECTION ( 'NONE',  ( -0.000000000000000000, -0.000000000000000000, -1.000000000000000000 ) ) ;
#4091 = VERTEX_POINT ( 'NONE', #3756 ) ;
#4092 = CARTESIAN_POINT ( 'NONE',  ( -11.11555491047642974, 21.23414701215920530, 18.49999999999999645 ) ) ;
#4093 = ADVANCED_FACE ( 'NONE', ( #2786 ), #2803, .T. ) ;
#4094 = CARTESIAN_POINT ( 'NONE',  ( -20.37769543858161470, -12.85027901411709017, 18.46587281468498531 ) ) ;
#4095 = CARTESIAN_POINT ( 'NONE',  ( -20.90936921724568265, 12.18750000000002132, 0.5000000000000004441 ) ) ;
#4096 = VERTEX_POINT ( 'NONE', #324 ) ;
#4097 = AXIS2_PLACEMENT_3D ( 'NONE', #4582, #5583, #2957 ) ;
#4098 = DIRECTION ( 'NONE',  ( 0.000000000000000000, 0.000000000000000000, 1.000000000000000000 ) ) ;
#4099 = CARTESIAN_POINT ( 'NONE',  ( -24.03656888321158647, -0.8963195990437448080, 18.45554554181472184 ) ) ;
#4100 = ORIENTED_EDGE ( 'NONE', *, *, #2134, .F. ) ;
#4101 = DIRECTION ( 'NONE',  ( 0.000000000000000000, 0.000000000000000000, 1.000000000000000000 ) ) ;
#4102 = CARTESIAN_POINT ( 'NONE',  ( 36.18807066584034260, 1.995695518233235877, 5.589171731862950132 ) ) ;
#4103 = CARTESIAN_POINT ( 'NONE',  ( -21.29580473513701122, 11.43536433827207510, 18.27208252806132194 ) ) ;
#4104 = ORIENTED_EDGE ( 'NONE', *, *, #2207, .F. ) ;
#4105 = ADVANCED_FACE ( 'NONE', ( #1914 ), #3876, .T. ) ;
#4106 = ADVANCED_FACE ( 'NONE', ( #358, #973 ), #4322, .F. ) ;
#4107 = CARTESIAN_POINT ( 'NONE',  ( 36.06244584051393076, -2.121320343559637056, 10.29469496883574742 ) ) ;
#4108 = CARTESIAN_POINT ( 'NONE',  ( -11.51504584269470044, -21.30380534126280168, 18.00000000000000000 ) ) ;
#4109 = DIRECTION ( 'NONE',  ( 1.000000000000000000, 0.000000000000000000, 0.000000000000000000 ) ) ;
#4110 = ORIENTED_EDGE ( 'NONE', *, *, #1444, .T. ) ;
#4111 = CARTESIAN_POINT ( 'NONE',  ( 21.44802677397308344, -11.52861301695557650, 18.17948586170172831 ) ) ;
#4112 = ORIENTED_EDGE ( 'NONE', *, *, #4214, .T. ) ;
#4113 = EDGE_LOOP ( 'NONE', ( #346, #5961, #5908, #3622 ) ) ;
#4114 = CARTESIAN_POINT ( 'NONE',  ( -11.48750000000002203, -21.10936921724567839, 0.5000000000000004441 ) ) ;
#4115 = CARTESIAN_POINT ( 'NONE',  ( 11.65077714896306560, 21.97783012094688004, 0.5000000000000004441 ) ) ;
#4116 = ORIENTED_EDGE ( 'NONE', *, *, #978, .F. ) ;
#4117 = CARTESIAN_POINT ( 'NONE',  ( 11.31361425370684515, -21.45978020622682791, 18.32606194987839743 ) ) ;
#4118 = ORIENTED_EDGE ( 'NONE', *, *, #2593, .T. ) ;
#4119 = LINE ( 'NONE', #5612, #3423 ) ;
#4120 = EDGE_LOOP ( 'NONE', ( #2951, #4684, #701, #6182 ) ) ;
#4121 = CARTESIAN_POINT ( 'NONE',  ( 33.94112549695428527, 0.000000000000000000, -5.000000000000000000 ) ) ;
#4122 = CARTESIAN_POINT ( 'NONE',  ( -20.63640792737872331, -12.94062465483480828, 18.14610353506318319 ) ) ;
#4123 = CARTESIAN_POINT ( 'NONE',  ( -0.9869050783681788674, 23.95116608753932397, 18.50000000000000000 ) ) ;
#4124 = EDGE_LOOP ( 'NONE', ( #1969, #4414, #5695, #2808 ) ) ;
#4125 = ORIENTED_EDGE ( 'NONE', *, *, #3069, .T. ) ;
#4126 = EDGE_CURVE ( 'NONE', #551, #4474, #4287, .T. ) ;
#4127 = CARTESIAN_POINT ( 'NONE',  ( 0.000000000000000000, 0.000000000000000000, 0.5000000000000004441 ) ) ;
#4128 = EDGE_CURVE ( 'NONE', #581, #245, #3316, .T. ) ;
#4129 = VERTEX_POINT ( 'NONE', #877 ) ;
#4130 = DIRECTION ( 'NONE',  ( 1.000000000000000000, 1.734723475976787531E-14, 0.000000000000000000 ) ) ;
#4131 = CARTESIAN_POINT ( 'NONE',  ( 24.03656888321154383, 0.8963195990439198901, 18.45554554181488527 ) ) ;
#4132 = CARTESIAN_POINT ( 'NONE',  ( 11.32291608346459810, 21.35935851955341391, 0.5000000000000004441 ) ) ;
#4133 = CARTESIAN_POINT ( 'NONE',  ( 11.98749999999998650, -21.10936921724569970, 0.5000000000000004441 ) ) ;
#4134 = ORIENTED_EDGE ( 'NONE', *, *, #5436, .T. ) ;
#4135 = DIRECTION ( 'NONE',  ( 0.000000000000000000, -1.000000000000000000, 0.000000000000000000 ) ) ;
#4136 = ADVANCED_FACE ( 'NONE', ( #3402 ), #4439, .T. ) ;
#4137 = CARTESIAN_POINT ( 'NONE',  ( 36.94112549695543635, -1.394261449008763569E-13, 11.12500000000110667 ) ) ;
#4138 = CIRCLE ( 'NONE', #5576, 0.2000000000000091982 ) ;
#4139 = EDGE_CURVE ( 'NONE', #5153, #2199, #1670, .T. ) ;
#4140 = CARTESIAN_POINT ( 'NONE',  ( 20.24402363218738543, 12.88508917690979239, 18.50000000000000000 ) ) ;
#4141 = CARTESIAN_POINT ( 'NONE',  ( -21.97783012094689070, 11.65077714896307626, 0.000000000000000000 ) ) ;
#4142 = TOROIDAL_SURFACE ( 'NONE', #5989, 0.2000000000000003164, 0.5000000000000000000 ) ;
#4143 = CARTESIAN_POINT ( 'NONE',  ( -21.30380534126281589, -11.51504584269467379, 0.5000000000000004441 ) ) ;
#4144 = CIRCLE ( 'NONE', #3321, 5.999999999999992006 ) ;
#4145 = AXIS2_PLACEMENT_3D ( 'NONE', #5880, #3442, #5407 ) ;
#4146 = ORIENTED_EDGE ( 'NONE', *, *, #4222, .F. ) ;
#4147 = TOROIDAL_SURFACE ( 'NONE', #1464, 0.7000000000000061728, 0.5000000000000000000 ) ;
#4148 = CIRCLE ( 'NONE', #538, 0.5000000000000013323 ) ;
#4149 = AXIS2_PLACEMENT_3D ( 'NONE', #5777, #5687, #787 ) ;
#4150 = DIRECTION ( 'NONE',  ( 1.000000000000000000, 0.000000000000000000, 0.000000000000000000 ) ) ;
#4151 = DIRECTION ( 'NONE',  ( 1.000000000000000000, 0.000000000000000000, 0.000000000000000000 ) ) ;
#4152 = CIRCLE ( 'NONE', #5808, 0.5000000000000000000 ) ;
#4153 = VERTEX_POINT ( 'NONE', #5812 ) ;
#4154 = AXIS2_PLACEMENT_3D ( 'NONE', #6369, #4, #2370 ) ;
#4155 = DIRECTION ( 'NONE',  ( 0.000000000000000000, 0.000000000000000000, 1.000000000000000000 ) ) ;
#4156 = VERTEX_POINT ( 'NONE', #2883 ) ;
#4157 = AXIS2_PLACEMENT_3D ( 'NONE', #4529, #3545, #4930 ) ;
#4158 = AXIS2_PLACEMENT_3D ( 'NONE', #600, #2173, #100 ) ;
#4159 = CYLINDRICAL_SURFACE ( 'NONE', #5274, 24.37500000000000000 ) ;
#4160 = ORIENTED_EDGE ( 'NONE', *, *, #2075, .F. ) ;
#4161 = FACE_OUTER_BOUND ( 'NONE', #2058, .T. ) ;
#4162 = DIRECTION ( 'NONE',  ( 1.000000000000000000, 0.000000000000000000, 0.000000000000000000 ) ) ;
#4163 = EDGE_CURVE ( 'NONE', #4306, #5469, #2380, .T. ) ;
#4164 = ORIENTED_EDGE ( 'NONE', *, *, #1776, .F. ) ;
#4165 = AXIS2_PLACEMENT_3D ( 'NONE', #2044, #1070, #5555 ) ;
#4166 = CARTESIAN_POINT ( 'NONE',  ( 0.000000000000000000, 0.000000000000000000, 19.50000000000000000 ) ) ;
#4167 = CARTESIAN_POINT ( 'NONE',  ( 0.000000000000000000, 0.000000000000000000, -5.000000000000000000 ) ) ;
#4168 = ORIENTED_EDGE ( 'NONE', *, *, #5675, .T. ) ;
#4169 = DIRECTION ( 'NONE',  ( 1.000000000000000000, 0.000000000000000000, 0.000000000000000000 ) ) ;
#4170 = AXIS2_PLACEMENT_3D ( 'NONE', #4025, #4534, #1616 ) ;
#4171 = DIRECTION ( 'NONE',  ( 0.000000000000000000, 0.000000000000000000, 1.000000000000000000 ) ) ;
#4172 = EDGE_CURVE ( 'NONE', #5220, #4791, #5269, .T. ) ;
#4173 = CARTESIAN_POINT ( 'NONE',  ( 11.51504584269469511, 21.30380534126280878, 0.5000000000000004441 ) ) ;
#4174 = ADVANCED_FACE ( 'NONE', ( #5873 ), #3008, .F. ) ;
#4175 = CARTESIAN_POINT ( 'NONE',  ( -11.41659067360704150, -21.53606469138010482, 18.00000000000000000 ) ) ;
#4176 = ORIENTED_EDGE ( 'NONE', *, *, #1892, .T. ) ;
#4177 = CARTESIAN_POINT ( 'NONE',  ( 23.85058974358974382, -1.079348823583824002, 18.50000000000000000 ) ) ;
#4178 = CARTESIAN_POINT ( 'NONE',  ( 36.94112549695430658, -0.2110488364875174605, 4.874999999999968026 ) ) ;
#4179 = DIRECTION ( 'NONE',  ( -0.000000000000000000, -0.000000000000000000, -1.000000000000000000 ) ) ;
#4180 = CARTESIAN_POINT ( 'NONE',  ( 12.69211370146486750, 20.62422489614739263, 18.00000000000000000 ) ) ;
#4181 = ADVANCED_FACE ( 'NONE', ( #1455 ), #4654, .T. ) ;
#4182 = ORIENTED_EDGE ( 'NONE', *, *, #928, .T. ) ;
#4183 = VECTOR ( 'NONE', #1554, 1000.000000000000000 ) ;
#4184 = FACE_OUTER_BOUND ( 'NONE', #58, .T. ) ;
#4185 = DIRECTION ( 'NONE',  ( -0.7071067811865475727, 0.7071067811865474617, 0.000000000000000000 ) ) ;
#4186 = ORIENTED_EDGE ( 'NONE', *, *, #3300, .F. ) ;
#4187 = DIRECTION ( 'NONE',  ( 0.2397720797720771235, 0.9708292073077390283, -1.299807048951267200E-17 ) ) ;
#4188 = TOROIDAL_SURFACE ( 'NONE', #1720, 0.2000000000000011768, 0.5000000000000000000 ) ;
#4189 = EDGE_CURVE ( 'NONE', #2635, #4776, #217, .T. ) ;
#4190 =( BOUNDED_SURFACE ( )  B_SPLINE_SURFACE ( 3, 2, ( 
 ( #5529, #5046, #597 ),
 ( #1206, #5561, #4622 ),
 ( #4519, #5594, #198 ),
 ( #6045, #3082, #96 ),
 ( #2172, #2147, #3532 ),
 ( #1139, #1660, #4042 ),
 ( #4140, #3048, #1699 ),
 ( #3665, #2048, #1174 ) ),
 .UNSPECIFIED., .F., .F., .F. ) 
 B_SPLINE_SURFACE_WITH_KNOTS ( ( 4, 2, 2, 4 ),
 ( 3, 3 ),
 ( 0.000000000000000000, 0.0001311096522626858062, 0.0002622193045253716124, 0.0005244386090507432248 ),
 ( 0.000000000000000000, 1.000000000000000000 ),
 .UNSPECIFIED. ) 
 GEOMETRIC_REPRESENTATION_ITEM ( )  RATIONAL_B_SPLINE_SURFACE ( (
 ( 1.000000000000000000, 0.7760564330438627367, 1.000000000000000000),
 ( 1.000000000000000000, 0.7754047934802813513, 1.000000000000000000),
 ( 1.000000000000000000, 0.7971915883079621068, 1.000000000000000000),
 ( 1.000000000000000000, 0.8534865031514480282, 1.000000000000000000),
 ( 1.000000000000000000, 0.8868869947388005048, 1.000000000000000000),
 ( 1.000000000000000000, 0.9695438062023005177, 1.000000000000000000),
 ( 1.000000000000000000, 1.001548216897331312, 1.000000000000000000),
 ( 1.000000000000000000, 1.000000000000000000, 1.000000000000000000) ) ) 
 REPRESENTATION_ITEM ( '' )  SURFACE ( )  );
#4191 = VERTEX_POINT ( 'NONE', #6389 ) ;
#4192 = DIRECTION ( 'NONE',  ( 0.4999999999999991673, -0.4999999999999973355, -0.7071067811865500152 ) ) ;
#4193 = VERTEX_POINT ( 'NONE', #3810 ) ;
#4194 = CARTESIAN_POINT ( 'NONE',  ( -24.37500000000000000, 2.704757084947590219E-14, 0.5000000000000004441 ) ) ;
#4195 = AXIS2_PLACEMENT_3D ( 'NONE', #2675, #3709, #5158 ) ;
#4196 = CARTESIAN_POINT ( 'NONE',  ( -24.29835810325142731, -0.9086991660283727512, 18.26997308932349995 ) ) ;
#4197 = CARTESIAN_POINT ( 'NONE',  ( -0.6795804451154354719, -24.20715954415954485, 18.00000000000000000 ) ) ;
#4198 = CARTESIAN_POINT ( 'NONE',  ( 12.86003837256327564, -20.11554220139740679, 18.50000000000000000 ) ) ;
#4199 = CIRCLE ( 'NONE', #2445, 0.4999999999999998890 ) ;
#4200 = CARTESIAN_POINT ( 'NONE',  ( -20.68561223297644602, 12.83628904474054622, 0.5000000000000004441 ) ) ;
#4201 = EDGE_LOOP ( 'NONE', ( #5601, #4406, #4116, #5069 ) ) ;
#4202 = DIRECTION ( 'NONE',  ( 0.000000000000000000, 0.000000000000000000, 1.000000000000000000 ) ) ;
#4203 = CARTESIAN_POINT ( 'NONE',  ( -11.48750000000002203, -21.10936921724567839, 18.00000000000000000 ) ) ;
#4204 = CARTESIAN_POINT ( 'NONE',  ( -12.85027901411674200, 20.37769543858160404, 18.46587281468484676 ) ) ;
#4205 = AXIS2_PLACEMENT_3D ( 'NONE', #886, #3282, #5245 ) ;
#4206 = CARTESIAN_POINT ( 'NONE',  ( -10.99055137102647528, -21.19489102498118882, 18.50000000000000000 ) ) ;
#4207 = ORIENTED_EDGE ( 'NONE', *, *, #560, .F. ) ;
#4208 = CARTESIAN_POINT ( 'NONE',  ( 0.000000000000000000, 0.000000000000000000, 18.50000000000000000 ) ) ;
#4209 = DIRECTION ( 'NONE',  ( 1.000000000000000000, 0.000000000000000000, 0.000000000000000000 ) ) ;
#4210 = CARTESIAN_POINT ( 'NONE',  ( -0.8809747977379143169, -24.35907445708375718, 18.13788913655711710 ) ) ;
#4211 = CARTESIAN_POINT ( 'NONE',  ( 0.000000000000000000, 0.000000000000000000, 20.00000000000000000 ) ) ;
#4212 = VERTEX_POINT ( 'NONE', #3466 ) ;
#4213 = ADVANCED_FACE ( 'NONE', ( #4814 ), #2806, .T. ) ;
#4214 = EDGE_CURVE ( 'NONE', #4883, #6324, #1156, .T. ) ;
#4215 = DIRECTION ( 'NONE',  ( 0.7071067811865473507, 0.7071067811865477948, 0.000000000000000000 ) ) ;
#4216 = CARTESIAN_POINT ( 'NONE',  ( 20.40936921724570041, 12.18749999999998579, 18.00000000000000000 ) ) ;
#4217 = EDGE_LOOP ( 'NONE', ( #3670, #4625, #2689, #3487 ) ) ;
#4218 = CARTESIAN_POINT ( 'NONE',  ( 36.06244584051393076, -2.121320343559634392, -5.000000000000000000 ) ) ;
#4219 = ORIENTED_EDGE ( 'NONE', *, *, #793, .F. ) ;
#4220 = ADVANCED_FACE ( 'NONE', ( #388 ), #3620, .T. ) ;
#4221 = ORIENTED_EDGE ( 'NONE', *, *, #5234, .T. ) ;
#4222 = EDGE_CURVE ( 'NONE', #4502, #602, #2709, .T. ) ;
#4223 = CARTESIAN_POINT ( 'NONE',  ( 0.8809747977378807882, -24.35907445708376429, 18.13788913655712065 ) ) ;
#4224 = CARTESIAN_POINT ( 'NONE',  ( -12.86003837256327387, 20.11554220139741034, 18.50000000000000000 ) ) ;
#4225 = LINE ( 'NONE', #716, #5590 ) ;
#4226 = DIRECTION ( 'NONE',  ( -1.000000000000000000, 0.000000000000000000, 0.000000000000000000 ) ) ;
#4227 = EDGE_LOOP ( 'NONE', ( #4186, #5473, #279, #4387 ) ) ;
#4228 = DIRECTION ( 'NONE',  ( 1.000000000000000000, 0.000000000000000000, 0.000000000000000000 ) ) ;
#4229 = DIRECTION ( 'NONE',  ( 1.000000000000000000, 0.000000000000000000, 0.000000000000000000 ) ) ;
#4230 = DIRECTION ( 'NONE',  ( 0.000000000000000000, 0.000000000000000000, 1.000000000000000000 ) ) ;
#4231 = CARTESIAN_POINT ( 'NONE',  ( 11.41659067360702373, 21.53606469138010837, 18.00000000000000000 ) ) ;
#4232 = ORIENTED_EDGE ( 'NONE', *, *, #1484, .F. ) ;
#4233 = PLANE ( 'NONE',  #5382 ) ;
#4234 = ORIENTED_EDGE ( 'NONE', *, *, #4365, .T. ) ;
#4235 = DIRECTION ( 'NONE',  ( 0.000000000000000000, 0.000000000000000000, -1.000000000000000000 ) ) ;
#4236 = CARTESIAN_POINT ( 'NONE',  ( 0.000000000000000000, 0.000000000000000000, 0.5000000000000004441 ) ) ;
#4237 = DIRECTION ( 'NONE',  ( -0.000000000000000000, -0.000000000000000000, -1.000000000000000000 ) ) ;
#4238 = ORIENTED_EDGE ( 'NONE', *, *, #1615, .T. ) ;
#4239 = AXIS2_PLACEMENT_3D ( 'NONE', #5199, #1780, #775 ) ;
#4240 = CIRCLE ( 'NONE', #942, 1.199999999999999734 ) ;
#4241 = LINE ( 'NONE', #3702, #5021 ) ;
#4242 = CIRCLE ( 'NONE', #1777, 0.7000000000000027311 ) ;
#4243 = CARTESIAN_POINT ( 'NONE',  ( -11.51504584269467024, 21.30380534126281589, 18.13682064111326753 ) ) ;
#4244 = ADVANCED_FACE ( 'NONE', ( #2561 ), #1779, .T. ) ;
#4245 = ORIENTED_EDGE ( 'NONE', *, *, #2407, .T. ) ;
#4246 = CIRCLE ( 'NONE', #644, 0.5000000000000004441 ) ;
#4247 = EDGE_LOOP ( 'NONE', ( #6036, #4176, #297, #5120 ) ) ;
#4248 = VERTEX_POINT ( 'NONE', #4034 ) ;
#4249 = CARTESIAN_POINT ( 'NONE',  ( -23.17500000000000071, 2.704757084947590219E-14, 18.50000000000000000 ) ) ;
#4250 = CIRCLE ( 'NONE', #5896, 1.199999999999999734 ) ;
#4251 = CARTESIAN_POINT ( 'NONE',  ( -24.37500000000000000, 2.704757084947590219E-14, 0.5000000000000004441 ) ) ;
#4252 = DIRECTION ( 'NONE',  ( 1.000000000000000000, 7.752045533271403404E-14, 0.000000000000000000 ) ) ;
#4253 = EDGE_CURVE ( 'NONE', #3772, #860, #3731, .T. ) ;
#4254 = AXIS2_PLACEMENT_3D ( 'NONE', #276, #2671, #3678 ) ;
#4255 = AXIS2_PLACEMENT_3D ( 'NONE', #1239, #6178, #5149 ) ;
#4256 = DIRECTION ( 'NONE',  ( -0.000000000000000000, -0.000000000000000000, -1.000000000000000000 ) ) ;
#4257 = VERTEX_POINT ( 'NONE', #3972 ) ;
#4258 = CARTESIAN_POINT ( 'NONE',  ( 25.50000000000000355, 3.827021247335479296E-16, 11.12500000000000000 ) ) ;
#4259 = CARTESIAN_POINT ( 'NONE',  ( -20.65508989364224135, -12.94248378347672990, 18.00000000000000000 ) ) ;
#4260 = CIRCLE ( 'NONE', #1477, 24.37500000000000000 ) ;
#4261 = ORIENTED_EDGE ( 'NONE', *, *, #2069, .F. ) ;
#4262 = ADVANCED_FACE ( 'NONE', ( #92 ), #4660, .T. ) ;
#4263 = CIRCLE ( 'NONE', #5708, 0.7000000000000027311 ) ;
#4264 = DIRECTION ( 'NONE',  ( 0.03614255580463146544, 0.9993466443931802168, 0.000000000000000000 ) ) ;
#4265 = ORIENTED_EDGE ( 'NONE', *, *, #1041, .F. ) ;
#4266 = CARTESIAN_POINT ( 'NONE',  ( 36.83218640964681612, -0.8279520210315273188, 4.979453028819314397 ) ) ;
#4267 = DIRECTION ( 'NONE',  ( 0.000000000000000000, 0.000000000000000000, -1.000000000000000000 ) ) ;
#4268 = CARTESIAN_POINT ( 'NONE',  ( -13.20797063031731255, -21.07878404530667638, 0.000000000000000000 ) ) ;
#4269 = ORIENTED_EDGE ( 'NONE', *, *, #1647, .F. ) ;
#4270 = FACE_OUTER_BOUND ( 'NONE', #5613, .T. ) ;
#4271 = CIRCLE ( 'NONE', #1288, 23.87500000000000000 ) ;
#4272 = CARTESIAN_POINT ( 'NONE',  ( 20.65508989364222359, -12.94248378347678852, 18.00000000000000000 ) ) ;
#4273 = ORIENTED_EDGE ( 'NONE', *, *, #6374, .T. ) ;
#4274 = ORIENTED_EDGE ( 'NONE', *, *, #3705, .F. ) ;
#4275 = ADVANCED_FACE ( 'NONE', ( #4452 ), #5891, .F. ) ;
#4276 = VERTEX_POINT ( 'NONE', #6039 ) ;
#4277 = CARTESIAN_POINT ( 'NONE',  ( 24.15920512820513366, -0.8737462865769658471, 0.5000000000000004441 ) ) ;
#4278 = CARTESIAN_POINT ( 'NONE',  ( -24.35907445708376429, -0.8809747977378658002, 18.00000000000000000 ) ) ;
#4279 = AXIS2_PLACEMENT_3D ( 'NONE', #5973, #1549, #5654 ) ;
#4280 = FACE_OUTER_BOUND ( 'NONE', #2447, .T. ) ;
#4281 = CARTESIAN_POINT ( 'NONE',  ( 0.000000000000000000, 0.000000000000000000, 19.24999999999999289 ) ) ;
#4282 = ORIENTED_EDGE ( 'NONE', *, *, #2006, .T. ) ;
#4283 = AXIS2_PLACEMENT_3D ( 'NONE', #3227, #5648, #6162 ) ;
#4284 = EDGE_CURVE ( 'NONE', #4649, #3599, #10, .T. ) ;
#4285 = DIRECTION ( 'NONE',  ( 1.000000000000000000, 0.000000000000000000, 0.000000000000000000 ) ) ;
#4286 = CARTESIAN_POINT ( 'NONE',  ( -24.33884255578734113, 0.7399416439031614168, 18.17948586170156844 ) ) ;
#4287 = B_SPLINE_CURVE_WITH_KNOTS ( 'NONE', 3,
 ( #940, #5846, #4356, #2427, #2332, #1426 ),
 .UNSPECIFIED., .F., .F.,
 ( 4, 2, 4 ),
 ( -4.614011933985769511E-06, 0.0004081592208998555973, 0.0008209324537336969022 ),
 .UNSPECIFIED. ) ;
#4288 = CARTESIAN_POINT ( 'NONE',  ( 21.53606469138010837, -11.41659067360702373, 18.00000000000000000 ) ) ;
#4289 = CARTESIAN_POINT ( 'NONE',  ( -0.9320127507856581506, -24.24152194507617253, 18.32606194987852533 ) ) ;
#4290 = ORIENTED_EDGE ( 'NONE', *, *, #4838, .T. ) ;
#4291 = VECTOR ( 'NONE', #532, 1000.000000000000000 ) ;
#4292 = FACE_OUTER_BOUND ( 'NONE', #2232, .T. ) ;
#4293 = ORIENTED_EDGE ( 'NONE', *, *, #4561, .T. ) ;
#4294 = ADVANCED_FACE ( 'NONE', ( #3104 ), #5136, .F. ) ;
#4295 = DIRECTION ( 'NONE',  ( 1.000000000000000000, 0.000000000000000000, 0.000000000000000000 ) ) ;
#4296 = CIRCLE ( 'NONE', #5235, 0.4999999999999998890 ) ;
#4297 = EDGE_CURVE ( 'NONE', #6090, #120, #3013, .T. ) ;
#4298 = DIRECTION ( 'NONE',  ( 1.000000000000000000, 0.000000000000000000, 0.000000000000000000 ) ) ;
#4299 = DIRECTION ( 'NONE',  ( -1.000000000000000000, 0.000000000000000000, 0.000000000000000000 ) ) ;
#4300 = ADVANCED_FACE ( 'NONE', ( #2531 ), #5990, .F. ) ;
#4301 = ORIENTED_EDGE ( 'NONE', *, *, #1442, .F. ) ;
#4302 = AXIS2_PLACEMENT_3D ( 'NONE', #4251, #1806, #3193 ) ;
#4303 = CARTESIAN_POINT ( 'NONE',  ( -24.35907445708377494, 0.8809747977379033257, 18.00000000000000000 ) ) ;
#4304 = FACE_OUTER_BOUND ( 'NONE', #156, .T. ) ;
#4305 = DIRECTION ( 'NONE',  ( 0.7208767163783650345, 0.6930633158547250261, 0.000000000000000000 ) ) ;
#4306 = VERTEX_POINT ( 'NONE', #4173 ) ;
#4307 = ORIENTED_EDGE ( 'NONE', *, *, #5282, .F. ) ;
#4308 = FACE_OUTER_BOUND ( 'NONE', #6371, .T. ) ;
#4309 = CARTESIAN_POINT ( 'NONE',  ( 36.91910059078089290, 0.4188103276868350155, 11.10383737712880503 ) ) ;
#4310 = CARTESIAN_POINT ( 'NONE',  ( -20.62422484467229111, 12.69211365197584129, 18.07330398227686885 ) ) ;
#4311 = CARTESIAN_POINT ( 'NONE',  ( -20.48561223297646094, -12.83628904474052490, 18.00000000000000000 ) ) ;
#4312 = ORIENTED_EDGE ( 'NONE', *, *, #460, .T. ) ;
#4313 = DIRECTION ( 'NONE',  ( 0.000000000000000000, 0.000000000000000000, 1.000000000000000000 ) ) ;
#4314 = CARTESIAN_POINT ( 'NONE',  ( -24.15920512820513366, -0.8737462865769480835, 18.00000000000000000 ) ) ;
#4315 = DIRECTION ( 'NONE',  ( 1.000000000000000000, 0.000000000000000000, 0.000000000000000000 ) ) ;
#4316 = CARTESIAN_POINT ( 'NONE',  ( -12.69211370146487994, -20.62422489614737131, 18.00000000000000000 ) ) ;
#4317 = ORIENTED_EDGE ( 'NONE', *, *, #1703, .T. ) ;
#4318 = ADVANCED_FACE ( 'NONE', ( #5623 ), #3634, .F. ) ;
#4319 = CARTESIAN_POINT ( 'NONE',  ( 21.29580473513702543, 11.43536433827210708, 18.27208252806117983 ) ) ;
#4320 = ORIENTED_EDGE ( 'NONE', *, *, #1775, .F. ) ;
#4321 = DIRECTION ( 'NONE',  ( 0.000000000000000000, 0.000000000000000000, 1.000000000000000000 ) ) ;
#4322 = PLANE ( 'NONE',  #416 ) ;
#4323 = CARTESIAN_POINT ( 'NONE',  ( 20.65508989364223780, 12.94248378347674411, 18.50000000000000000 ) ) ;
#4324 = CARTESIAN_POINT ( 'NONE',  ( 12.86003837256327564, -20.11554220139740679, 18.50000000000000000 ) ) ;
#4325 = ADVANCED_FACE ( 'NONE', ( #2202 ), #3324, .F. ) ;
#4326 = ORIENTED_EDGE ( 'NONE', *, *, #3352, .F. ) ;
#4327 = ADVANCED_FACE ( 'NONE', ( #5143 ), #2082, .T. ) ;
#4328 = EDGE_CURVE ( 'NONE', #3599, #1048, #325, .T. ) ;
#4329 = FACE_OUTER_BOUND ( 'NONE', #5810, .T. ) ;
#4330 = CARTESIAN_POINT ( 'NONE',  ( 36.06244584051393076, -2.121320343559637056, 10.29469496883574742 ) ) ;
#4331 = CARTESIAN_POINT ( 'NONE',  ( 25.50000000000000355, 0.000000000000000000, 7.999999999999998224 ) ) ;
#4332 = FACE_OUTER_BOUND ( 'NONE', #5757, .T. ) ;
#4333 = CARTESIAN_POINT ( 'NONE',  ( 12.94248378347676187, 20.65508989364223424, 0.5000000000000004441 ) ) ;
#4334 = ORIENTED_EDGE ( 'NONE', *, *, #6224, .T. ) ;
#4335 = ORIENTED_EDGE ( 'NONE', *, *, #3788, .F. ) ;
#4336 = AXIS2_PLACEMENT_3D ( 'NONE', #2061, #2478, #5929 ) ;
#4337 = DIRECTION ( 'NONE',  ( 0.000000000000000000, 0.000000000000000000, -1.000000000000000000 ) ) ;
#4338 = CARTESIAN_POINT ( 'NONE',  ( 36.76906685086530757, 1.020625507067544291, 10.96011873600316022 ) ) ;
#4339 = AXIS2_PLACEMENT_3D ( 'NONE', #2079, #5949, #1529 ) ;
#4340 = LINE ( 'NONE', #3289, #967 ) ;
#4341 = AXIS2_PLACEMENT_3D ( 'NONE', #4688, #3274, #5239 ) ;
#4342 = AXIS2_PLACEMENT_3D ( 'NONE', #204, #2573, #4527 ) ;
#4343 = CARTESIAN_POINT ( 'NONE',  ( -20.48561223297645384, -12.83628904474053023, 18.50000000000000000 ) ) ;
#4344 = VERTEX_POINT ( 'NONE', #4259 ) ;
#4345 = DIRECTION ( 'NONE',  ( 1.000000000000000000, 0.000000000000000000, 0.000000000000000000 ) ) ;
#4346 = ADVANCED_FACE ( 'NONE', ( #6171 ), #1814, .T. ) ;
#4347 = CARTESIAN_POINT ( 'NONE',  ( -24.35907445708377494, 0.8809747977379033257, 18.50000000000000000 ) ) ;
#4348 = DIRECTION ( 'NONE',  ( -0.000000000000000000, -0.000000000000000000, -1.000000000000000000 ) ) ;
#4349 = CARTESIAN_POINT ( 'NONE',  ( -0.8809748913650350399, -24.35907445369763025, 18.07330398571950525 ) ) ;
#4350 = EDGE_LOOP ( 'NONE', ( #3039, #4326, #558 ) ) ;
#4351 = AXIS2_PLACEMENT_3D ( 'NONE', #4597, #3088, #668 ) ;
#4352 = DIRECTION ( 'NONE',  ( 1.000000000000000000, 0.000000000000000000, 0.000000000000000000 ) ) ;
#4353 = ORIENTED_EDGE ( 'NONE', *, *, #1852, .T. ) ;
#4354 = AXIS2_PLACEMENT_3D ( 'NONE', #2977, #1490, #1394 ) ;
#4355 = ADVANCED_FACE ( 'NONE', ( #1723 ), #4147, .T. ) ;
#4356 = CARTESIAN_POINT ( 'NONE',  ( 21.37195947115396422, -11.20046818432466118, 18.44970012376541391 ) ) ;
#4357 = DIRECTION ( 'NONE',  ( 1.000000000000000000, 0.000000000000000000, 0.000000000000000000 ) ) ;
#4358 = CARTESIAN_POINT ( 'NONE',  ( 20.74138921364523469, -12.80475749830279852, 18.00000000000000000 ) ) ;
#4359 = CIRCLE ( 'NONE', #4774, 0.7000000000000009548 ) ;
#4360 = EDGE_LOOP ( 'NONE', ( #2169, #3493, #3312, #768 ) ) ;
#4361 = CARTESIAN_POINT ( 'NONE',  ( 36.06244584051393076, -2.121320343559636612, -46.14967917350623594 ) ) ;
#4362 = CARTESIAN_POINT ( 'NONE',  ( -11.09327645891022662, 21.28429691371967181, 18.50000000000000355 ) ) ;
#4363 = CARTESIAN_POINT ( 'NONE',  ( -2.854010913593674154E-14, -24.37500000000000000, 18.50000000000000000 ) ) ;
#4364 = CARTESIAN_POINT ( 'NONE',  ( 20.90936921724568620, -12.18750000000000888, 0.000000000000000000 ) ) ;
#4365 = EDGE_CURVE ( 'NONE', #6179, #4409, #4754, .T. ) ;
#4366 = FACE_OUTER_BOUND ( 'NONE', #3201, .T. ) ;
#4367 = ORIENTED_EDGE ( 'NONE', *, *, #1484, .T. ) ;
#4368 = CARTESIAN_POINT ( 'NONE',  ( -21.30380534126280168, 11.51504584269470399, 18.13682064111326753 ) ) ;
#4369 = CARTESIAN_POINT ( 'NONE',  ( -20.11554220139738902, 12.86003837256330762, 18.49999999999999645 ) ) ;
#4370 = ADVANCED_FACE ( 'NONE', ( #259 ), #5689, .T. ) ;
#4371 = CIRCLE ( 'NONE', #671, 0.6999999999999992895 ) ;
#4372 = CARTESIAN_POINT ( 'NONE',  ( 0.000000000000000000, 0.000000000000000000, 18.50000000000000000 ) ) ;
#4373 = ORIENTED_EDGE ( 'NONE', *, *, #5832, .T. ) ;
#4374 = CARTESIAN_POINT ( 'NONE',  ( -24.85874777928036039, 0.8990460756402164355, 0.000000000000000000 ) ) ;
#4375 = CIRCLE ( 'NONE', #5521, 0.7000000000000027311 ) ;
#4376 = CARTESIAN_POINT ( 'NONE',  ( -24.15920512820513011, -0.8737462865769561882, 0.5000000000000004441 ) ) ;
#4377 = DIRECTION ( 'NONE',  ( 0.000000000000000000, 0.000000000000000000, 1.000000000000000000 ) ) ;
#4378 = CARTESIAN_POINT ( 'NONE',  ( -12.93334658614964816, -20.57249578602642970, 18.27208253284858941 ) ) ;
#4379 = ORIENTED_EDGE ( 'NONE', *, *, #5354, .F. ) ;
#4380 = CIRCLE ( 'NONE', #1612, 0.5000000000000004441 ) ;
#4381 = CARTESIAN_POINT ( 'NONE',  ( 21.36417773346528293, 11.19077787638135213, 18.45554555356745041 ) ) ;
#4382 = VERTEX_POINT ( 'NONE', #1263 ) ;
#4383 = DIRECTION ( 'NONE',  ( -0.000000000000000000, -0.000000000000000000, -1.000000000000000000 ) ) ;
#4384 = DIRECTION ( 'NONE',  ( -1.000000000000000000, 0.000000000000000000, 0.000000000000000000 ) ) ;
#4385 = AXIS2_PLACEMENT_3D ( 'NONE', #4475, #4607, #5513 ) ;
#4386 = CARTESIAN_POINT ( 'NONE',  ( 0.9086960000877207788, 24.29836499019893026, 18.26995843408191433 ) ) ;
#4387 = ORIENTED_EDGE ( 'NONE', *, *, #2075, .T. ) ;
#4388 = CARTESIAN_POINT ( 'NONE',  ( 20.60804315078235760, -12.69997163153642461, 18.14610353985113633 ) ) ;
#4389 = VERTEX_POINT ( 'NONE', #5356 ) ;
#4390 = DIRECTION ( 'NONE',  ( -1.000000000000000000, 0.000000000000000000, 0.000000000000000000 ) ) ;
#4391 = AXIS2_PLACEMENT_3D ( 'NONE', #820, #6302, #1403 ) ;
#4392 = CARTESIAN_POINT ( 'NONE',  ( -12.33167534327567516, 20.97075655407476091, 0.5000000000000004441 ) ) ;
#4393 = CARTESIAN_POINT ( 'NONE',  ( 21.10936921724568904, -12.18750000000000888, 18.00000000000000000 ) ) ;
#4394 = DIRECTION ( 'NONE',  ( -0.6930633158547196970, -0.7208767163783701415, 0.000000000000000000 ) ) ;
#4395 = CARTESIAN_POINT ( 'NONE',  ( -21.53606469138012969, -11.41659067360699886, 18.50000000000000000 ) ) ;
#4396 = CIRCLE ( 'NONE', #1629, 0.7000000000000027311 ) ;
#4397 = EDGE_CURVE ( 'NONE', #3974, #1851, #2908, .T. ) ;
#4398 = EDGE_CURVE ( 'NONE', #5480, #5871, #6210, .T. ) ;
#4399 = ORIENTED_EDGE ( 'NONE', *, *, #1932, .T. ) ;
#4400 = DIRECTION ( 'NONE',  ( -0.000000000000000000, -0.000000000000000000, -1.000000000000000000 ) ) ;
#4401 =( NAMED_UNIT ( * ) PLANE_ANGLE_UNIT ( ) SI_UNIT ( $, .RADIAN. ) );
#4402 = ORIENTED_EDGE ( 'NONE', *, *, #5954, .F. ) ;
#4403 = DIRECTION ( 'NONE',  ( 0.000000000000000000, -1.000000000000000000, 0.000000000000000000 ) ) ;
#4404 = UNCERTAINTY_MEASURE_WITH_UNIT (LENGTH_MEASURE( 1.000000000000000082E-05 ), #4487, 'distance_accuracy_value', 'NONE');
#4405 = ADVANCED_FACE ( 'NONE', ( #6285 ), #5296, .F. ) ;
#4406 = ORIENTED_EDGE ( 'NONE', *, *, #5984, .F. ) ;
#4407 = ADVANCED_FACE ( 'NONE', ( #870 ), #5751, .F. ) ;
#4408 = DIRECTION ( 'NONE',  ( -0.8835308591335426787, -0.4683729507120837354, 0.000000000000000000 ) ) ;
#4409 = VERTEX_POINT ( 'NONE', #2875 ) ;
#4410 = CARTESIAN_POINT ( 'NONE',  ( 24.10889392283311139, -0.9860897536724919643, 18.44970012376541746 ) ) ;
#4411 = CARTESIAN_POINT ( 'NONE',  ( -20.65508989364223424, -12.94248378347673345, 18.00000000000000000 ) ) ;
#4412 = CARTESIAN_POINT ( 'NONE',  ( -11.41659067360704150, -21.53606469138010482, 18.00000000000000000 ) ) ;
#4413 = CARTESIAN_POINT ( 'NONE',  ( -12.83153328498543111, -20.24342643571319655, 18.50000000000000000 ) ) ;
#4414 = ORIENTED_EDGE ( 'NONE', *, *, #4328, .F. ) ;
#4415 = CARTESIAN_POINT ( 'NONE',  ( 12.79451998428758763, -20.36811947315364435, 18.45554554181491724 ) ) ;
#4416 = ORIENTED_EDGE ( 'NONE', *, *, #1377, .T. ) ;
#4417 = CARTESIAN_POINT ( 'NONE',  ( 12.94248378347677253, 20.65508989364221648, 18.00000000000000000 ) ) ;
#4418 = DIRECTION ( 'NONE',  ( 1.000000000000000000, 0.000000000000000000, 0.000000000000000000 ) ) ;
#4419 = CARTESIAN_POINT ( 'NONE',  ( -21.35935851955341391, 11.32291608346460166, 0.5000000000000004441 ) ) ;
#4420 = EDGE_LOOP ( 'NONE', ( #2164, #6340, #5752, #543 ) ) ;
#4421 = CARTESIAN_POINT ( 'NONE',  ( 20.51089085741962492, -12.74187277952944619, 18.32606195575479902 ) ) ;
#4422 = CARTESIAN_POINT ( 'NONE',  ( 12.79080938766778530, 20.37956396649138213, 18.45002166485600625 ) ) ;
#4423 = PLANE ( 'NONE',  #214 ) ;
#4424 = DIRECTION ( 'NONE',  ( 0.000000000000000000, 0.000000000000000000, -1.000000000000000000 ) ) ;
#4425 = DIRECTION ( 'NONE',  ( -1.000000000000000000, 0.000000000000000000, 0.000000000000000000 ) ) ;
#4426 = CARTESIAN_POINT ( 'NONE',  ( 21.53606469138012258, 11.41659067360700064, 18.13788111813277126 ) ) ;
#4427 = VERTEX_POINT ( 'NONE', #4412 ) ;
#4428 = B_SPLINE_CURVE_WITH_KNOTS ( 'NONE', 3,
 ( #4278, #5766, #4196, #2802, #3796, #341 ),
 .UNSPECIFIED., .F., .F.,
 ( 4, 2, 4 ),
 ( 1.084202172485504434E-19, 0.0004085462650294579352, 0.0008170925300589155452 ),
 .UNSPECIFIED. ) ;
#4429 = ADVANCED_FACE ( 'NONE', ( #3393 ), #1881, .F. ) ;
#4430 = CARTESIAN_POINT ( 'NONE',  ( -0.7445863490942671303, 24.16039006379764231, 18.27208252806132904 ) ) ;
#4431 = DIRECTION ( 'NONE',  ( 1.000000000000000000, 0.000000000000000000, 0.000000000000000000 ) ) ;
#4432 = B_SPLINE_CURVE_WITH_KNOTS ( 'NONE', 3,
 ( #4175, #3777, #5171, #4683, #261, #4206 ),
 .UNSPECIFIED., .F., .F.,
 ( 4, 2, 4 ),
 ( 0.000000000000000000, 0.0004085462650294576642, 0.0008170925300589153284 ),
 .UNSPECIFIED. ) ;
#4433 = VERTEX_POINT ( 'NONE', #2382 ) ;
#4434 = CYLINDRICAL_SURFACE ( 'NONE', #1471, 0.7000000000000027311 ) ;
#4435 = CIRCLE ( 'NONE', #3520, 23.87500000000000355 ) ;
#4436 = DIRECTION ( 'NONE',  ( -0.000000000000000000, -0.000000000000000000, -1.000000000000000000 ) ) ;
#4437 = ORIENTED_EDGE ( 'NONE', *, *, #583, .F. ) ;
#4438 = CARTESIAN_POINT ( 'NONE',  ( 23.98071256972749410, -1.034631306462347577, 18.50000000000000000 ) ) ;
#4439 = TOROIDAL_SURFACE ( 'NONE', #4029, 0.7000000000000002887, 0.5000000000000000000 ) ;
#4440 = DIRECTION ( 'NONE',  ( 1.000000000000000000, 0.000000000000000000, 0.000000000000000000 ) ) ;
#4441 = ADVANCED_FACE ( 'NONE', ( #3867 ), #6307, .T. ) ;
#4442 = CARTESIAN_POINT ( 'NONE',  ( -24.85874777928035684, -0.8990460756401810194, 0.5000000000000004441 ) ) ;
#4443 = ORIENTED_EDGE ( 'NONE', *, *, #1182, .T. ) ;
#4444 = VERTEX_POINT ( 'NONE', #3901 ) ;
#4445 = CIRCLE ( 'NONE', #1568, 0.7000000000000009548 ) ;
#4446 = TOROIDAL_SURFACE ( 'NONE', #4972, 0.7000000000000020650, 0.5000000000000000000 ) ;
#4447 = CARTESIAN_POINT ( 'NONE',  ( 21.19489102498121014, 10.99055137102643975, 18.49999999999999645 ) ) ;
#4448 = EDGE_LOOP ( 'NONE', ( #572, #1645, #4693, #5849 ) ) ;
#4449 = AXIS2_PLACEMENT_3D ( 'NONE', #5660, #1329, #3301 ) ;
#4450 = CARTESIAN_POINT ( 'NONE',  ( 12.81022953883175219, 20.70808513006991802, 18.17948586170165015 ) ) ;
#4452 = FACE_OUTER_BOUND ( 'NONE', #2340, .T. ) ;
#4451 = AXIS2_PLACEMENT_3D ( 'NONE', #645, #2999, #4967 ) ;
#4453 = CIRCLE ( 'NONE', #1268, 0.7000000000000027311 ) ;
#4454 = DIRECTION ( 'NONE',  ( -0.8835308591335426787, 0.4683729507120837354, 0.000000000000000000 ) ) ;
#4455 = VERTEX_POINT ( 'NONE', #3802 ) ;
#4456 = CARTESIAN_POINT ( 'NONE',  ( 24.36494840769811177, -0.7185509287939383372, 18.09393492550578486 ) ) ;
#4457 = EDGE_CURVE ( 'NONE', #999, #1769, #5866, .T. ) ;
#4458 = ADVANCED_FACE ( 'NONE', ( #5745 ), #3294, .F. ) ;
#4459 = CIRCLE ( 'NONE', #1063, 0.2000000000000057288 ) ;
#4460 = CARTESIAN_POINT ( 'NONE',  ( -0.8990460756402302023, -24.85874777928035684, 0.000000000000000000 ) ) ;
#4461 = CARTESIAN_POINT ( 'NONE',  ( 0.000000000000000000, 0.000000000000000000, 18.00000000000000000 ) ) ;
#4462 = DIRECTION ( 'NONE',  ( -0.000000000000000000, -0.000000000000000000, -1.000000000000000000 ) ) ;
#4463 = ORIENTED_EDGE ( 'NONE', *, *, #5867, .T. ) ;
#4464 = CARTESIAN_POINT ( 'NONE',  ( 21.30380534126281589, -11.51504584269468445, 18.50000000000000000 ) ) ;
#4465 = AXIS2_PLACEMENT_3D ( 'NONE', #1324, #4717, #3240 ) ;
#4466 = ORIENTED_EDGE ( 'NONE', *, *, #1252, .F. ) ;
#4467 = B_SPLINE_CURVE_WITH_KNOTS ( 'NONE', 3,
 ( #1384, #4438, #4410, #3363, #3864, #4900 ),
 .UNSPECIFIED., .F., .F.,
 ( 4, 2, 4 ),
 ( -4.614011933977745568E-06, 0.0004081592208998745166, 0.0008209324537337267177 ),
 .UNSPECIFIED. ) ;
#4468 = CIRCLE ( 'NONE', #343, 1.200000000000001510 ) ;
#4469 = CARTESIAN_POINT ( 'NONE',  ( 0.6795804451153887316, -24.20715954415954130, 18.00000000000000000 ) ) ;
#4470 = EDGE_LOOP ( 'NONE', ( #662, #6149, #5345, #5658 ) ) ;
#4471 = CARTESIAN_POINT ( 'NONE',  ( 20.48561223297645029, 12.83628904474053734, 0.5000000000000004441 ) ) ;
#4472 = ADVANCED_FACE ( 'NONE', ( #4773 ), #2290, .T. ) ;
#4473 = CARTESIAN_POINT ( 'NONE',  ( 21.30380534126281233, 11.51504584269467557, 0.5000000000000004441 ) ) ;
#4474 = VERTEX_POINT ( 'NONE', #4288 ) ;
#4475 = CARTESIAN_POINT ( 'NONE',  ( 12.33167534327568227, 20.97075655407475026, 0.5000000000000000000 ) ) ;
#4476 = CARTESIAN_POINT ( 'NONE',  ( 0.9398203526526572871, 24.07274142745221823, 18.46587281468485031 ) ) ;
#4477 = AXIS2_PLACEMENT_3D ( 'NONE', #6163, #5670, #5194 ) ;
#4478 = DIRECTION ( 'NONE',  ( 1.000000000000000000, 0.000000000000000000, 0.000000000000000000 ) ) ;
#4479 = ORIENTED_EDGE ( 'NONE', *, *, #583, .T. ) ;
#4480 = EDGE_CURVE ( 'NONE', #4944, #2308, #1256, .T. ) ;
#4481 = DIRECTION ( 'NONE',  ( 0.000000000000000000, 0.000000000000000000, 1.000000000000000000 ) ) ;
#4482 = ORIENTED_EDGE ( 'NONE', *, *, #3752, .T. ) ;
#4483 = AXIS2_PLACEMENT_3D ( 'NONE', #2956, #1012, #1368 ) ;
#4484 = DIRECTION ( 'NONE',  ( 1.000000000000000000, 0.000000000000000000, 0.000000000000000000 ) ) ;
#4485 = CARTESIAN_POINT ( 'NONE',  ( 11.19077787638155641, 21.36417773346531490, 18.45554555356732962 ) ) ;
#4486 = ORIENTED_EDGE ( 'NONE', *, *, #299, .T. ) ;
#4487 =( LENGTH_UNIT ( ) NAMED_UNIT ( * ) SI_UNIT ( .MILLI., .METRE. ) );
#4488 = CIRCLE ( 'NONE', #3872, 23.87500000000000355 ) ;
#4489 = ADVANCED_FACE ( 'NONE', ( #176 ), #2699, .F. ) ;
#4490 = CARTESIAN_POINT ( 'NONE',  ( -11.38327520853289165, -21.38913919693832355, 18.36113832892224451 ) ) ;
#4491 = ADVANCED_FACE ( 'NONE', ( #1147 ), #225, .F. ) ;
#4492 = FACE_OUTER_BOUND ( 'NONE', #5192, .T. ) ;
#4493 = AXIS2_PLACEMENT_3D ( 'NONE', #3515, #5032, #5481 ) ;
#4494 = DIRECTION ( 'NONE',  ( 1.000000000000000000, 0.000000000000000000, 0.000000000000000000 ) ) ;
#4495 = ORIENTED_EDGE ( 'NONE', *, *, #1249, .F. ) ;
#4496 = CARTESIAN_POINT ( 'NONE',  ( 33.94112549695428527, 0.000000000000000000, -46.14967917350623594 ) ) ;
#4497 = TOROIDAL_SURFACE ( 'NONE', #2032, 0.2000000000000002054, 0.5000000000000000000 ) ;
#4498 = ORIENTED_EDGE ( 'NONE', *, *, #5693, .T. ) ;
#4499 = FACE_OUTER_BOUND ( 'NONE', #1283, .T. ) ;
#4500 = TOROIDAL_SURFACE ( 'NONE', #6161, 1.200000000000001510, 0.5000000000000000000 ) ;
#4501 = DIRECTION ( 'NONE',  ( -0.000000000000000000, -0.000000000000000000, -1.000000000000000000 ) ) ;
#4502 = VERTEX_POINT ( 'NONE', #140 ) ;
#4503 = CARTESIAN_POINT ( 'NONE',  ( -20.11554220139738902, 12.86003837256330762, 18.49999999999999645 ) ) ;
#4504 = ORIENTED_EDGE ( 'NONE', *, *, #3674, .T. ) ;
#4505 = DIRECTION ( 'NONE',  ( -0.2777658914530146128, 0.9606487961504517337, -7.629534100862521580E-15 ) ) ;
#4506 = ORIENTED_EDGE ( 'NONE', *, *, #434, .F. ) ;
#4507 = CARTESIAN_POINT ( 'NONE',  ( -11.39201614701058851, 21.29023094757182832, 18.32606195575487362 ) ) ;
#4508 = CARTESIAN_POINT ( 'NONE',  ( 0.7399416439031252235, 24.33884255578725941, 18.17948586170180647 ) ) ;
#4509 = DIRECTION ( 'NONE',  ( 0.2777658914530146128, 0.9606487961504517337, 0.000000000000000000 ) ) ;
#4510 = ORIENTED_EDGE ( 'NONE', *, *, #3896, .T. ) ;
#4511 = DIRECTION ( 'NONE',  ( -0.000000000000000000, -0.000000000000000000, -1.000000000000000000 ) ) ;
#4512 = ORIENTED_EDGE ( 'NONE', *, *, #5877, .T. ) ;
#4513 = CARTESIAN_POINT ( 'NONE',  ( 24.35907445708376429, 0.8809747977378707962, 0.5000000000000004441 ) ) ;
#4514 = CARTESIAN_POINT ( 'NONE',  ( -11.32291608346460521, -21.35935851955340681, 0.5000000000000004441 ) ) ;
#4515 = CARTESIAN_POINT ( 'NONE',  ( 11.51504582286048972, 21.30380527266649437, 18.07330398227679424 ) ) ;
#4516 = ORIENTED_EDGE ( 'NONE', *, *, #5647, .T. ) ;
#4517 = LINE ( 'NONE', #622, #1990 ) ;
#4518 = CARTESIAN_POINT ( 'NONE',  ( 36.94112549695427106, -0.1051305568540807367, 11.12499999999999645 ) ) ;
#4519 = CARTESIAN_POINT ( 'NONE',  ( 20.63640792737881213, 12.94062465483483493, 18.14610353506300200 ) ) ;
#4520 = FACE_OUTER_BOUND ( 'NONE', #2278, .T. ) ;
#4521 = DIRECTION ( 'NONE',  ( 1.000000000000000000, 0.000000000000000000, 0.000000000000000000 ) ) ;
#4522 = EDGE_CURVE ( 'NONE', #1357, #6235, #4445, .T. ) ;
#4523 = EDGE_CURVE ( 'NONE', #4191, #581, #5183, .T. ) ;
#4524 = ADVANCED_FACE ( 'NONE', ( #5901 ), #2386, .T. ) ;
#4525 = ORIENTED_EDGE ( 'NONE', *, *, #1571, .F. ) ;
#4526 = CARTESIAN_POINT ( 'NONE',  ( -26.12500000000000355, 3.199389762772460479E-15, -5.000000000000000000 ) ) ;
#4527 = DIRECTION ( 'NONE',  ( 0.2777658914530146128, -0.9606487961504517337, 0.000000000000000000 ) ) ;
#4528 = VERTEX_POINT ( 'NONE', #3932 ) ;
#4529 = CARTESIAN_POINT ( 'NONE',  ( 11.32291608346459810, 21.35935851955341391, 0.5000000000000004441 ) ) ;
#4530 = EDGE_CURVE ( 'NONE', #602, #1872, #3220, .T. ) ;
#4531 = DIRECTION ( 'NONE',  ( -0.000000000000000000, -0.000000000000000000, -1.000000000000000000 ) ) ;
#4532 = ORIENTED_EDGE ( 'NONE', *, *, #3417, .T. ) ;
#4533 = CARTESIAN_POINT ( 'NONE',  ( 0.7445863490941846408, 24.16039006379765297, 18.27208252806104483 ) ) ;
#4534 = DIRECTION ( 'NONE',  ( 0.000000000000000000, 0.000000000000000000, 1.000000000000000000 ) ) ;
#4535 = VERTEX_POINT ( 'NONE', #106 ) ;
#4536 = TOROIDAL_SURFACE ( 'NONE', #4749, 0.7000000000000001776, 0.5000000000000000000 ) ;
#4537 = ORIENTED_EDGE ( 'NONE', *, *, #680, .F. ) ;
#4538 = AXIS2_PLACEMENT_3D ( 'NONE', #598, #5047, #5082 ) ;
#4539 = DIRECTION ( 'NONE',  ( 1.000000000000000000, 0.000000000000000000, 0.000000000000000000 ) ) ;
#4540 = ORIENTED_EDGE ( 'NONE', *, *, #503, .T. ) ;
#4541 = ADVANCED_FACE ( 'NONE', ( #2669 ), #4037, .F. ) ;
#4542 = CARTESIAN_POINT ( 'NONE',  ( 0.000000000000000000, 0.000000000000000000, 18.50000000000000000 ) ) ;
#4543 = AXIS2_PLACEMENT_3D ( 'NONE', #5817, #1497, #3913 ) ;
#4544 = CARTESIAN_POINT ( 'NONE',  ( -21.53606473526128440, 11.41659059083032979, 18.07330398571949459 ) ) ;
#4545 = CARTESIAN_POINT ( 'NONE',  ( 10.99055137102647173, 21.19489102498119237, 18.50000000000000000 ) ) ;
#4546 = ORIENTED_EDGE ( 'NONE', *, *, #5560, .T. ) ;
#4547 = AXIS2_PLACEMENT_3D ( 'NONE', #4740, #6140, #6199 ) ;
#4548 = CARTESIAN_POINT ( 'NONE',  ( -12.94248378347676898, -20.65508989364222359, 18.00000000000000000 ) ) ;
#4549 = AXIS2_PLACEMENT_3D ( 'NONE', #3740, #1749, #5709 ) ;
#4550 = AXIS2_PLACEMENT_3D ( 'NONE', #2692, #4589, #2626 ) ;
#4551 = EDGE_CURVE ( 'NONE', #2031, #745, #3643, .T. ) ;
#4552 = CARTESIAN_POINT ( 'NONE',  ( -11.10217229268817185, -21.25735493764446815, 18.49991804527197914 ) ) ;
#4553 = DIRECTION ( 'NONE',  ( 1.000000000000000000, -8.673617379883787770E-15, 0.000000000000000000 ) ) ;
#4554 = AXIS2_PLACEMENT_3D ( 'NONE', #2022, #464, #42 ) ;
#4555 = FACE_OUTER_BOUND ( 'NONE', #238, .T. ) ;
#4556 = DIRECTION ( 'NONE',  ( 0.000000000000000000, 0.000000000000000000, 1.000000000000000000 ) ) ;
#4557 = TOROIDAL_SURFACE ( 'NONE', #4254, 23.87500000000000000, 0.5000000000000000000 ) ;
#4558 = CIRCLE ( 'NONE', #2822, 0.2000000000000091982 ) ;
#4559 = ADVANCED_FACE ( 'NONE', ( #6020 ), #1081, .F. ) ;
#4560 = ORIENTED_EDGE ( 'NONE', *, *, #1252, .T. ) ;
#4561 = EDGE_CURVE ( 'NONE', #6272, #1567, #4250, .T. ) ;
#4562 = FACE_OUTER_BOUND ( 'NONE', #4113, .T. ) ;
#4563 = AXIS2_PLACEMENT_3D ( 'NONE', #2581, #3097, #3999 ) ;
#4564 = DIRECTION ( 'NONE',  ( 0.000000000000000000, 0.000000000000000000, 1.000000000000000000 ) ) ;
#4565 = DIRECTION ( 'NONE',  ( 1.000000000000000000, 0.000000000000000000, 0.000000000000000000 ) ) ;
#4566 = EDGE_LOOP ( 'NONE', ( #4747, #3656, #4164, #5662 ) ) ;
#4567 = CARTESIAN_POINT ( 'NONE',  ( -0.1941658414615292372, 24.32704558404561013, 0.000000000000000000 ) ) ;
#4568 = CIRCLE ( 'NONE', #4451, 0.5000000000000001110 ) ;
#4569 = ORIENTED_EDGE ( 'NONE', *, *, #19, .T. ) ;
#4570 = DIRECTION ( 'NONE',  ( 0.000000000000000000, 0.000000000000000000, 1.000000000000000000 ) ) ;
#4571 = ORIENTED_EDGE ( 'NONE', *, *, #1264, .F. ) ;
#4572 = DIRECTION ( 'NONE',  ( -0.000000000000000000, -0.000000000000000000, -1.000000000000000000 ) ) ;
#4573 = CARTESIAN_POINT ( 'NONE',  ( 0.9320127507856432736, 24.24152194507625424, 18.32606194987844717 ) ) ;
#4574 = EDGE_CURVE ( 'NONE', #5411, #4874, #2715, .T. ) ;
#4575 = PLANE ( 'NONE',  #3641 ) ;
#4576 = ORIENTED_EDGE ( 'NONE', *, *, #194, .T. ) ;
#4577 = FACE_OUTER_BOUND ( 'NONE', #3226, .T. ) ;
#4578 = CARTESIAN_POINT ( 'NONE',  ( 12.94248378347674056, -20.65508989364223069, 18.13788111813277126 ) ) ;
#4579 = VERTEX_POINT ( 'NONE', #4630 ) ;
#4580 = DIRECTION ( 'NONE',  ( -1.000000000000000000, 0.000000000000000000, 0.000000000000000000 ) ) ;
#4581 = CIRCLE ( 'NONE', #3861, 0.2000000000000057288 ) ;
#4582 = CARTESIAN_POINT ( 'NONE',  ( -21.10936921724570681, -12.18749999999998046, 18.00000000000000000 ) ) ;
#4583 = CARTESIAN_POINT ( 'NONE',  ( -21.45993974736140686, 11.56019084560077914, 18.09393492550583815 ) ) ;
#4584 = DIRECTION ( 'NONE',  ( 1.000000000000000000, 0.000000000000000000, 0.000000000000000000 ) ) ;
#4585 = ORIENTED_EDGE ( 'NONE', *, *, #2215, .F. ) ;
#4586 = CARTESIAN_POINT ( 'NONE',  ( -26.24999999999999289, 0.000000000000000000, 20.00000000000000000 ) ) ;
#4587 = CIRCLE ( 'NONE', #5111, 1.200000000000001510 ) ;
#4588 = CARTESIAN_POINT ( 'NONE',  ( 0.000000000000000000, 0.000000000000000000, 0.5000000000000004441 ) ) ;
#4589 = DIRECTION ( 'NONE',  ( 0.000000000000000000, 0.000000000000000000, -1.000000000000000000 ) ) ;
#4590 = CARTESIAN_POINT ( 'NONE',  ( -12.69211370146487283, -20.62422489614738552, 0.5000000000000004441 ) ) ;
#4591 = CIRCLE ( 'NONE', #988, 0.7000000000000009548 ) ;
#4592 = FACE_OUTER_BOUND ( 'NONE', #3098, .T. ) ;
#4593 = CIRCLE ( 'NONE', #5432, 0.7000000000000059508 ) ;
#4594 = ORIENTED_EDGE ( 'NONE', *, *, #2217, .T. ) ;
#4595 = B_SPLINE_CURVE_WITH_KNOTS ( 'NONE', 3,
 ( #2243, #4210, #5688, #1273, #5631, #3245 ),
 .UNSPECIFIED., .F., .F.,
 ( 4, 2, 4 ),
 ( 3.471140604459641645E-18, 0.0004085462650294603205, 0.0008170925300589171715 ),
 .UNSPECIFIED. ) ;
#4596 = CARTESIAN_POINT ( 'NONE',  ( 18.56155300614687675, -18.56155300614686610, 20.00000000000000000 ) ) ;
#4597 = CARTESIAN_POINT ( 'NONE',  ( -21.07878404530668703, 13.20797063031731255, 0.5000000000000004441 ) ) ;
#4598 = ORIENTED_EDGE ( 'NONE', *, *, #3624, .T. ) ;
#4599 = AXIS2_PLACEMENT_3D ( 'NONE', #427, #2405, #5760 ) ;
#4600 = EDGE_CURVE ( 'NONE', #3310, #730, #329, .T. ) ;
#4601 = CARTESIAN_POINT ( 'NONE',  ( -21.35935851955341391, 11.32291608346460166, 0.000000000000000000 ) ) ;
#4602 = EDGE_CURVE ( 'NONE', #6235, #5747, #954, .T. ) ;
#4603 = ORIENTED_EDGE ( 'NONE', *, *, #5822, .F. ) ;
#4604 = DIRECTION ( 'NONE',  ( -1.000000000000000000, 0.000000000000000000, 0.000000000000000000 ) ) ;
#4605 = ORIENTED_EDGE ( 'NONE', *, *, #5091, .T. ) ;
#4606 = CIRCLE ( 'NONE', #1831, 0.2000000000000091982 ) ;
#4607 = DIRECTION ( 'NONE',  ( -0.6930633158547179207, -0.7208767163783719178, -0.000000000000000000 ) ) ;
#4608 = DIRECTION ( 'NONE',  ( 1.000000000000000000, 0.000000000000000000, 0.000000000000000000 ) ) ;
#4609 = CARTESIAN_POINT ( 'NONE',  ( 20.48561223297645029, 12.83628904474053734, 0.5000000000000004441 ) ) ;
#4610 = ADVANCED_FACE ( 'NONE', ( #2603 ), #6124, .F. ) ;
#4611 = CIRCLE ( 'NONE', #1391, 24.87500000000000000 ) ;
#4612 = CARTESIAN_POINT ( 'NONE',  ( 12.69211370146485507, -20.62422489614740329, 18.00000000000000000 ) ) ;
#4613 = ADVANCED_FACE ( 'NONE', ( #5275 ), #3251, .F. ) ;
#4614 = DIRECTION ( 'NONE',  ( 0.000000000000000000, 0.000000000000000000, 1.000000000000000000 ) ) ;
#4615 = ORIENTED_EDGE ( 'NONE', *, *, #1299, .T. ) ;
#4616 = DIRECTION ( 'NONE',  ( -0.000000000000000000, -0.000000000000000000, -1.000000000000000000 ) ) ;
#4617 = DIRECTION ( 'NONE',  ( 1.000000000000000000, 0.000000000000000000, 0.000000000000000000 ) ) ;
#4618 = DIRECTION ( 'NONE',  ( 1.000000000000000000, 0.000000000000000000, 0.000000000000000000 ) ) ;
#4619 = ORIENTED_EDGE ( 'NONE', *, *, #1249, .T. ) ;
#4620 = DIRECTION ( 'NONE',  ( -0.000000000000000000, -0.000000000000000000, -1.000000000000000000 ) ) ;
#4621 = DIRECTION ( 'NONE',  ( -0.000000000000000000, -0.000000000000000000, -1.000000000000000000 ) ) ;
#4622 = CARTESIAN_POINT ( 'NONE',  ( 20.62422484467240835, 12.69211365197590347, 18.07330398227686885 ) ) ;
#4623 = CARTESIAN_POINT ( 'NONE',  ( 11.09433928991957607, -21.28522193946467311, 18.50000000000000355 ) ) ;
#4624 = CARTESIAN_POINT ( 'NONE',  ( 21.29580473513700767, -11.43536433827212484, 18.27208252806118338 ) ) ;
#4625 = ORIENTED_EDGE ( 'NONE', *, *, #2174, .F. ) ;
#4626 = ORIENTED_EDGE ( 'NONE', *, *, #1681, .T. ) ;
#4627 = ADVANCED_FACE ( 'NONE', ( #3818 ), #3945, .T. ) ;
#4628 = DIRECTION ( 'NONE',  ( 0.000000000000000000, 0.000000000000000000, 1.000000000000000000 ) ) ;
#4629 = VERTEX_POINT ( 'NONE', #4216 ) ;
#4630 = CARTESIAN_POINT ( 'NONE',  ( 19.09188309203679879, 19.09188309203676681, -5.000000000000000000 ) ) ;
#4631 = EDGE_LOOP ( 'NONE', ( #3682, #3195, #3799, #6155 ) ) ;
#4632 = CARTESIAN_POINT ( 'NONE',  ( 10.99055137102643975, -21.19489102498121014, 18.49999999999999645 ) ) ;
#4633 = ORIENTED_EDGE ( 'NONE', *, *, #4685, .F. ) ;
#4634 = EDGE_CURVE ( 'NONE', #5457, #3871, #6183, .T. ) ;
#4635 = DIRECTION ( 'NONE',  ( 0.000000000000000000, 0.000000000000000000, 1.000000000000000000 ) ) ;
#4636 = ORIENTED_EDGE ( 'NONE', *, *, #2986, .T. ) ;
#4637 = DIRECTION ( 'NONE',  ( 0.000000000000000000, 0.000000000000000000, 1.000000000000000000 ) ) ;
#4638 = DIRECTION ( 'NONE',  ( 1.000000000000000000, 7.105427357600971093E-15, 0.000000000000000000 ) ) ;
#4639 = DIRECTION ( 'NONE',  ( 1.000000000000000000, 0.000000000000000000, 0.000000000000000000 ) ) ;
#4640 = CARTESIAN_POINT ( 'NONE',  ( 20.62422489614740329, 12.69211370146485152, 18.13681289817117204 ) ) ;
#4641 = CARTESIAN_POINT ( 'NONE',  ( 21.53606469138012613, 11.41659067360700064, 18.50000000000000000 ) ) ;
#4642 = ORIENTED_EDGE ( 'NONE', *, *, #2156, .F. ) ;
#4643 = DIRECTION ( 'NONE',  ( 0.000000000000000000, 0.000000000000000000, 1.000000000000000000 ) ) ;
#4644 = ADVANCED_FACE ( 'NONE', ( #5761 ), #2736, .F. ) ;
#4645 = CARTESIAN_POINT ( 'NONE',  ( -12.83628904474053023, 20.48561223297645739, 18.00000000000000000 ) ) ;
#4646 = DIRECTION ( 'NONE',  ( 0.000000000000000000, 0.000000000000000000, 1.000000000000000000 ) ) ;
#4647 = AXIS2_PLACEMENT_3D ( 'NONE', #2451, #1864, #4408 ) ;
#4648 = DIRECTION ( 'NONE',  ( 1.000000000000000000, 0.000000000000000000, 0.000000000000000000 ) ) ;
#4649 = VERTEX_POINT ( 'NONE', #4697 ) ;
#4650 = CARTESIAN_POINT ( 'NONE',  ( 21.45993988965211940, 11.56019121964591179, 18.00000000000000000 ) ) ;
#4651 = AXIS2_PLACEMENT_3D ( 'NONE', #2577, #4531, #994 ) ;
#4652 = CARTESIAN_POINT ( 'NONE',  ( 12.18749999999998579, -21.10936921724569970, 0.000000000000000000 ) ) ;
#4653 = CYLINDRICAL_SURFACE ( 'NONE', #2702, 27.00000000000000000 ) ;
#4654 = CONICAL_SURFACE ( 'NONE', #1873, 2.249999999999988010, 0.7853981633974431720 ) ;
#4655 = CARTESIAN_POINT ( 'NONE',  ( 24.35907445708376429, 0.8809747977378707962, 18.50000000000000000 ) ) ;
#4656 = EDGE_CURVE ( 'NONE', #1641, #4837, #1887, .T. ) ;
#4657 = CLOSED_SHELL ( 'NONE', ( #596, #1979, #3494, #1493, #5081, #1183, #2349, #5207, #5598, #3071, #2993, #6033, #4262, #4093, #665, #3225, #1649, #6274, #3930, #4953, #4057, #4327, #3779, #5831, #2132, #2871, #422, #1925, #4541, #306, #618, #4890, #1341, #3858, #2280, #5447, #2571, #2529, #2206, #903, #3018, #444, #3508, #1053, #829, #4613, #4489, #1926, #433, #1811, #921, #3214, #6121, #791, #2518, #4644, #949, #1086, #5714, #4559, #2596, #3579, #157, #2470, #5117, #717, #6305, #5895, #3811, #3404, #4458, #1597, #4105, #2733, #585, #1825, #5972, #6375, #6034, #3467, #420, #4926, #4405, #2053, #4220, #3894, #2880, #376, #4346, #4106, #5685, #2017, #2398, #4727, #2917, #4300, #3079, #5322, #4491, #5997, #5352, #4325, #4174, #4294, #1340, #57, #191, #2836, #1135, #2906, #4429, #333, #228, #3888, #3035, #4407, #2770, #2764, #6024, #3025, #6275, #17, #987, #5551, #5019, #715, #4318, #3601, #6292, #4275, #230, #5549, #269, #2873, #762, #3386, #6151, #6174, #3738, #2605, #3444, #3247, #5159, #5198, #229, #462, #3856, #4016, #1996, #3633, #4794, #4136, #2054, #3869, #4935, #4441, #4244, #5241, #4472, #2687, #525, #4627, #2487, #31, #5169, #4213, #2275, #2882, #2631, #849, #144, #5942, #4370, #4524, #1844, #864, #4969, #4725, #5475, #6111, #1204, #2676, #49, #1210, #5307, #3124, #6225, #4355, #1267, #2368, #5726, #6071, #4181, #183, #5126, #4610, #3676, #1537, #4881, #277, #5006, #1098, #3988 ) ) ;
#4658 = CIRCLE ( 'NONE', #4861, 0.5000000000000004441 ) ;
#4659 = ORIENTED_EDGE ( 'NONE', *, *, #784, .T. ) ;
#4660 = TOROIDAL_SURFACE ( 'NONE', #947, 0.2000000000000015099, 0.5000000000000000000 ) ;
#4661 = AXIS2_PLACEMENT_3D ( 'NONE', #3521, #5490, #5037 ) ;
#4662 = LINE ( 'NONE', #4596, #2551 ) ;
#4663 = DIRECTION ( 'NONE',  ( 1.000000000000000000, 0.000000000000000000, 0.000000000000000000 ) ) ;
#4664 = AXIS2_PLACEMENT_3D ( 'NONE', #4471, #1476, #2576 ) ;
#4665 = ORIENTED_EDGE ( 'NONE', *, *, #196, .T. ) ;
#4666 = CIRCLE ( 'NONE', #5285, 0.5000000000000013323 ) ;
#4667 = CARTESIAN_POINT ( 'NONE',  ( 11.99537024076989589, -21.16492239553630483, 0.5000000000000000000 ) ) ;
#4668 = B_SPLINE_CURVE_WITH_KNOTS ( 'NONE', 3,
 ( #2339, #4243, #5185, #6216, #3761, #822 ),
 .UNSPECIFIED., .F., .F.,
 ( 4, 2, 4 ),
 ( 0.000000000000000000, 0.0004057619185687316374, 0.0008115238371374632748 ),
 .UNSPECIFIED. ) ;
#4669 = ORIENTED_EDGE ( 'NONE', *, *, #2395, .F. ) ;
#4670 = CIRCLE ( 'NONE', #1992, 0.2000000000000005107 ) ;
#4671 = CARTESIAN_POINT ( 'NONE',  ( -24.10886775320468089, 0.9861000903782295435, 18.44971682622087528 ) ) ;
#4672 = EDGE_LOOP ( 'NONE', ( #5127, #874, #6387, #1804 ) ) ;
#4673 = CARTESIAN_POINT ( 'NONE',  ( 24.20715954415954840, -0.6795804451154138226, 0.5000000000000004441 ) ) ;
#4674 = DIRECTION ( 'NONE',  ( 1.000000000000000000, 0.000000000000000000, 0.000000000000000000 ) ) ;
#4675 = CARTESIAN_POINT ( 'NONE',  ( 12.69211370146485507, -20.62422489614740329, 0.5000000000000004441 ) ) ;
#4676 = CIRCLE ( 'NONE', #3955, 0.7000000000000061728 ) ;
#4677 = CARTESIAN_POINT ( 'NONE',  ( -21.28429691371690780, 11.09327645891264069, 18.50000000000000355 ) ) ;
#4678 = EDGE_LOOP ( 'NONE', ( #4416, #4367, #1930, #764, #4980 ) ) ;
#4679 = DIRECTION ( 'NONE',  ( 1.000000000000000000, 0.000000000000000000, 0.000000000000000000 ) ) ;
#4680 = TOROIDAL_SURFACE ( 'NONE', #5283, 0.7000000000000078382, 0.5000000000000000000 ) ;
#4681 = DIRECTION ( 'NONE',  ( 1.000000000000000000, 0.000000000000000000, 0.000000000000000000 ) ) ;
#4682 = DIRECTION ( 'NONE',  ( 1.000000000000000000, 0.000000000000000000, 0.000000000000000000 ) ) ;
#4683 = CARTESIAN_POINT ( 'NONE',  ( -11.20044614766071156, -21.37194197594380185, 18.44971682622087528 ) ) ;
#4684 = ORIENTED_EDGE ( 'NONE', *, *, #3359, .T. ) ;
#4685 = EDGE_CURVE ( 'NONE', #551, #2609, #233, .T. ) ;
#4686 = EDGE_CURVE ( 'NONE', #5971, #181, #3434, .T. ) ;
#4687 = DIRECTION ( 'NONE',  ( 1.000000000000000000, 0.000000000000000000, 0.000000000000000000 ) ) ;
#4688 = CARTESIAN_POINT ( 'NONE',  ( -24.85874777928036750, 0.8990460756402163245, 0.5000000000000004441 ) ) ;
#4689 = CARTESIAN_POINT ( 'NONE',  ( -21.30380534126280878, 11.51504584269469866, 18.00000000000000000 ) ) ;
#4690 = CARTESIAN_POINT ( 'NONE',  ( 24.15920512820513011, 0.8737462865769590747, 0.5000000000000004441 ) ) ;
#4691 = AXIS2_PLACEMENT_3D ( 'NONE', #6344, #3892, #1474 ) ;
#4692 = EDGE_CURVE ( 'NONE', #3430, #4014, #5495, .T. ) ;
#4693 = ORIENTED_EDGE ( 'NONE', *, *, #1503, .F. ) ;
#4694 = EDGE_CURVE ( 'NONE', #2682, #2533, #4668, .T. ) ;
#4695 = AXIS2_PLACEMENT_3D ( 'NONE', #5368, #4946, #945 ) ;
#4696 = DIRECTION ( 'NONE',  ( -0.000000000000000000, -0.000000000000000000, -1.000000000000000000 ) ) ;
#4697 = CARTESIAN_POINT ( 'NONE',  ( -20.11554220139738902, 12.86003837256330939, 18.50000000000000000 ) ) ;
#4698 = VERTEX_POINT ( 'NONE', #4272 ) ;
#4699 = CARTESIAN_POINT ( 'NONE',  ( -12.86003837256331472, -20.11554220139738547, 18.50000000000000000 ) ) ;
#4700 = AXIS2_PLACEMENT_3D ( 'NONE', #1688, #5005, #587 ) ;
#4701 = ORIENTED_EDGE ( 'NONE', *, *, #1112, .F. ) ;
#4702 = ORIENTED_EDGE ( 'NONE', *, *, #3748, .F. ) ;
#4703 = CARTESIAN_POINT ( 'NONE',  ( -21.35935851955342457, -11.32291608346458389, 0.5000000000000004441 ) ) ;
#4704 = CIRCLE ( 'NONE', #1924, 0.7000000000000027311 ) ;
#4705 = DIRECTION ( 'NONE',  ( 0.000000000000000000, 0.000000000000000000, -1.000000000000000000 ) ) ;
#4706 = CYLINDRICAL_SURFACE ( 'NONE', #2213, 0.2000000000000005107 ) ;
#4707 = EDGE_LOOP ( 'NONE', ( #5570, #1170, #944, #719 ) ) ;
#4708 = EDGE_LOOP ( 'NONE', ( #935, #3700, #1927, #2083 ) ) ;
#4709 = APPLICATION_CONTEXT ( 'automotive_design' ) ;
#4710 = AXIS2_PLACEMENT_3D ( 'NONE', #6312, #3795, #1344 ) ;
#4711 = DIRECTION ( 'NONE',  ( 1.000000000000000000, 0.000000000000000000, 0.000000000000000000 ) ) ;
#4712 = ORIENTED_EDGE ( 'NONE', *, *, #6152, .F. ) ;
#4713 = CARTESIAN_POINT ( 'NONE',  ( 0.000000000000000000, 0.000000000000000000, 18.00000000000000000 ) ) ;
#4714 = CARTESIAN_POINT ( 'NONE',  ( -24.20715954415954130, 0.6795804451154446868, 18.00000000000000000 ) ) ;
#4715 = CARTESIAN_POINT ( 'NONE',  ( -12.92790769136950679, 20.52776745544116466, 18.32606194987845072 ) ) ;
#4716 = CIRCLE ( 'NONE', #69, 1.200000000000001510 ) ;
#4717 = DIRECTION ( 'NONE',  ( 0.000000000000000000, 0.000000000000000000, 1.000000000000000000 ) ) ;
#4718 = ORIENTED_EDGE ( 'NONE', *, *, #3476, .T. ) ;
#4719 = CARTESIAN_POINT ( 'NONE',  ( -23.85058974358974737, 1.079348823583828665, 18.50000000000000000 ) ) ;
#4720 = EDGE_CURVE ( 'NONE', #1830, #4306, #3232, .T. ) ;
#4721 = FACE_OUTER_BOUND ( 'NONE', #3234, .T. ) ;
#4722 = CARTESIAN_POINT ( 'NONE',  ( 0.000000000000000000, 0.000000000000000000, 0.000000000000000000 ) ) ;
#4723 = CARTESIAN_POINT ( 'NONE',  ( -21.19489102498121369, -10.99055137102643265, 18.50000000000000000 ) ) ;
#4724 = ORIENTED_EDGE ( 'NONE', *, *, #5506, .T. ) ;
#4725 = ADVANCED_FACE ( 'NONE', ( #5731 ), #851, .T. ) ;
#4726 = CARTESIAN_POINT ( 'NONE',  ( 20.48561223297645029, 12.83628904474053734, 0.000000000000000000 ) ) ;
#4727 = ADVANCED_FACE ( 'NONE', ( #1829 ), #5384, .F. ) ;
#4728 = DIRECTION ( 'NONE',  ( 0.000000000000000000, 0.000000000000000000, 1.000000000000000000 ) ) ;
#4729 = ORIENTED_EDGE ( 'NONE', *, *, #2955, .T. ) ;
#4730 = EDGE_LOOP ( 'NONE', ( #6213, #3171, #5247, #3285 ) ) ;
#4731 = ORIENTED_EDGE ( 'NONE', *, *, #2829, .T. ) ;
#4732 = DIRECTION ( 'NONE',  ( 1.000000000000000000, 0.000000000000000000, 0.000000000000000000 ) ) ;
#4733 = CARTESIAN_POINT ( 'NONE',  ( -12.18750000000002309, -21.10936921724567839, 0.5000000000000004441 ) ) ;
#4734 = DIRECTION ( 'NONE',  ( -0.000000000000000000, -0.000000000000000000, -1.000000000000000000 ) ) ;
#4735 = EDGE_CURVE ( 'NONE', #5728, #4883, #4787, .T. ) ;
#4736 = LINE ( 'NONE', #830, #3313 ) ;
#4737 = VERTEX_POINT ( 'NONE', #887 ) ;
#4738 = LINE ( 'NONE', #5141, #5729 ) ;
#4739 = DIRECTION ( 'NONE',  ( 0.000000000000000000, 0.000000000000000000, 1.000000000000000000 ) ) ;
#4740 = CARTESIAN_POINT ( 'NONE',  ( -12.18750000000002309, -21.10936921724567839, 0.5000000000000004441 ) ) ;
#4741 = DIRECTION ( 'NONE',  ( -0.000000000000000000, -0.000000000000000000, -1.000000000000000000 ) ) ;
#4742 = ORIENTED_EDGE ( 'NONE', *, *, #3803, .T. ) ;
#4743 = CARTESIAN_POINT ( 'NONE',  ( 24.04462480686538584, -0.8873838814390938579, 18.45002166485600625 ) ) ;
#4744 = ORIENTED_EDGE ( 'NONE', *, *, #3770, .F. ) ;
#4745 = CARTESIAN_POINT ( 'NONE',  ( 0.8809747977379016604, 24.35907445708377139, 18.50000000000000000 ) ) ;
#4746 = B_SPLINE_CURVE_WITH_KNOTS ( 'NONE', 3,
 ( #2673, #3681, #5268, #852, #2224, #2337 ),
 .UNSPECIFIED., .F., .F.,
 ( 4, 2, 4 ),
 ( 0.000000000000000000, 0.0004057619185687334805, 0.0008115238371374669610 ),
 .UNSPECIFIED. ) ;
#4747 = ORIENTED_EDGE ( 'NONE', *, *, #5636, .T. ) ;
#4748 = EDGE_CURVE ( 'NONE', #858, #6022, #895, .T. ) ;
#4749 = AXIS2_PLACEMENT_3D ( 'NONE', #1935, #5385, #3897 ) ;
#4750 = AXIS2_PLACEMENT_3D ( 'NONE', #168, #5017, #3083 ) ;
#4751 = CARTESIAN_POINT ( 'NONE',  ( -11.51504584269467379, 21.30380534126281589, 18.00000000000000000 ) ) ;
#4752 = EDGE_LOOP ( 'NONE', ( #4293, #1429, #5993, #2127, #2378, #2664, #1421, #3507, #4049, #4036, #1258, #2263, #2559, #3890, #1576, #5097, #3610, #5855, #5763, #1712, #4755, #4659, #5134, #4334, #3206, #5580, #6390, #2463, #4282 ) ) ;
#4753 = DIRECTION ( 'NONE',  ( 0.000000000000000000, 0.000000000000000000, 1.000000000000000000 ) ) ;
#4754 = B_SPLINE_CURVE_WITH_KNOTS ( 'NONE', 3,
 ( #3717, #3691, #3204, #5168, #753, #2720 ),
 .UNSPECIFIED., .F., .F.,
 ( 4, 2, 4 ),
 ( -4.614011934006395611E-06, 0.0004081592208998340758, 0.0008209324537336745676 ),
 .UNSPECIFIED. ) ;
#4755 = ORIENTED_EDGE ( 'NONE', *, *, #2726, .T. ) ;
#4756 = AXIS2_PLACEMENT_3D ( 'NONE', #5233, #4646, #5585 ) ;
#4757 = EDGE_CURVE ( 'NONE', #4344, #3935, #5664, .T. ) ;
#4758 = AXIS2_PLACEMENT_3D ( 'NONE', #4652, #3626, #6014 ) ;
#4759 = ORIENTED_EDGE ( 'NONE', *, *, #76, .F. ) ;
#4760 = VERTEX_POINT ( 'NONE', #3954 ) ;
#4761 = CARTESIAN_POINT ( 'NONE',  ( 0.9086991660283711969, -24.29835810325142731, 18.26997308932349995 ) ) ;
#4762 = VECTOR ( 'NONE', #767, 1000.000000000000000 ) ;
#4763 = DIRECTION ( 'NONE',  ( 1.000000000000000000, 0.000000000000000000, 0.000000000000000000 ) ) ;
#4764 = DIRECTION ( 'NONE',  ( 1.000000000000000000, 0.000000000000000000, 0.000000000000000000 ) ) ;
#4765 = AXIS2_PLACEMENT_3D ( 'NONE', #2564, #4135, #4038 ) ;
#4766 = AXIS2_PLACEMENT_3D ( 'NONE', #2011, #516, #2494 ) ;
#4767 = EDGE_CURVE ( 'NONE', #169, #691, #2958, .T. ) ;
#4768 = DIRECTION ( 'NONE',  ( 1.000000000000000000, 0.000000000000000000, 0.000000000000000000 ) ) ;
#4769 = ORIENTED_EDGE ( 'NONE', *, *, #2638, .F. ) ;
#4770 = EDGE_CURVE ( 'NONE', #4891, #999, #4453, .T. ) ;
#4771 = DIRECTION ( 'NONE',  ( -0.9606487961504518447, -0.2777658914530146128, -0.000000000000000000 ) ) ;
#4772 = CARTESIAN_POINT ( 'NONE',  ( -23.85058974358974737, 1.079348823583828221, 18.49999999999999645 ) ) ;
#4773 = FACE_OUTER_BOUND ( 'NONE', #2796, .T. ) ;
#4774 = AXIS2_PLACEMENT_3D ( 'NONE', #3295, #3693, #5624 ) ;
#4775 = CYLINDRICAL_SURFACE ( 'NONE', #2725, 0.7000000000000009548 ) ;
#4776 = VERTEX_POINT ( 'NONE', #920 ) ;
#4777 = CIRCLE ( 'NONE', #6227, 0.6999999999999992895 ) ;
#4778 = CARTESIAN_POINT ( 'NONE',  ( -24.04460698056988832, 0.8874042882187910264, 18.45003803226556727 ) ) ;
#4779 = ORIENTED_EDGE ( 'NONE', *, *, #2250, .F. ) ;
#4780 = FACE_OUTER_BOUND ( 'NONE', #3031, .T. ) ;
#4781 = CARTESIAN_POINT ( 'NONE',  ( 0.000000000000000000, 0.000000000000000000, 20.00000000000000000 ) ) ;
#4782 = CARTESIAN_POINT ( 'NONE',  ( 2.555503256301506915E-14, 24.37500000000000000, 18.50000000000000000 ) ) ;
#4783 = ORIENTED_EDGE ( 'NONE', *, *, #4551, .T. ) ;
#4784 = CARTESIAN_POINT ( 'NONE',  ( -26.12500000000000355, 3.199389762772460479E-15, -4.000000000000000000 ) ) ;
#4785 = DIRECTION ( 'NONE',  ( 1.000000000000000000, -4.440892098500617484E-15, 0.000000000000000000 ) ) ;
#4786 = VECTOR ( 'NONE', #5539, 1000.000000000000000 ) ;
#4787 = LINE ( 'NONE', #5313, #2817 ) ;
#4788 = ORIENTED_EDGE ( 'NONE', *, *, #3398, .F. ) ;
#4789 = DIRECTION ( 'NONE',  ( -1.000000000000000000, 0.000000000000000000, 0.000000000000000000 ) ) ;
#4790 = VECTOR ( 'NONE', #2952, 1000.000000000000000 ) ;
#4791 = VERTEX_POINT ( 'NONE', #5344 ) ;
#4792 = ORIENTED_EDGE ( 'NONE', *, *, #2790, .T. ) ;
#4793 = CARTESIAN_POINT ( 'NONE',  ( -11.98749999999998472, 21.10936921724570325, 0.000000000000000000 ) ) ;
#4794 = ADVANCED_FACE ( 'NONE', ( #5922 ), #437, .T. ) ;
#4795 = ORIENTED_EDGE ( 'NONE', *, *, #2395, .T. ) ;
#4796 = AXIS2_PLACEMENT_3D ( 'NONE', #1782, #256, #3689 ) ;
#4797 = CARTESIAN_POINT ( 'NONE',  ( -20.74138921364523824, 12.80475749830281096, 17.99999999999999645 ) ) ;
#4798 = DIRECTION ( 'NONE',  ( 0.000000000000000000, 0.000000000000000000, -1.000000000000000000 ) ) ;
#4799 = VERTEX_POINT ( 'NONE', #6338 ) ;
#4800 = TOROIDAL_SURFACE ( 'NONE', #5733, 1.200000000000001510, 0.5000000000000000000 ) ;
#4801 = DIRECTION ( 'NONE',  ( 0.000000000000000000, 0.000000000000000000, 1.000000000000000000 ) ) ;
#4802 = FACE_OUTER_BOUND ( 'NONE', #2027, .T. ) ;
#4803 = CARTESIAN_POINT ( 'NONE',  ( -21.53606473526128084, -11.41659059083032801, 18.07330398571939867 ) ) ;
#4804 = EDGE_CURVE ( 'NONE', #5238, #5677, #4666, .T. ) ;
#4805 = EDGE_CURVE ( 'NONE', #1625, #188, #1598, .T. ) ;
#4806 = CARTESIAN_POINT ( 'NONE',  ( -0.8963195990437622385, -24.03656888321157226, 18.45554554181469342 ) ) ;
#4807 = ORIENTED_EDGE ( 'NONE', *, *, #1572, .F. ) ;
#4808 = EDGE_CURVE ( 'NONE', #4944, #3729, #2506, .T. ) ;
#4809 = CIRCLE ( 'NONE', #3378, 0.5000000000000000000 ) ;
#4810 = CARTESIAN_POINT ( 'NONE',  ( 12.85832324691798334, -20.24344071148255253, 18.49991804523140004 ) ) ;
#4811 = VERTEX_POINT ( 'NONE', #3446 ) ;
#4812 = CARTESIAN_POINT ( 'NONE',  ( 12.94062465483489355, 20.63640792737871621, 18.14610353506311213 ) ) ;
#4813 = AXIS2_PLACEMENT_3D ( 'NONE', #6247, #1335, #395 ) ;
#4814 = FACE_OUTER_BOUND ( 'NONE', #1407, .T. ) ;
#4815 = DIRECTION ( 'NONE',  ( 1.000000000000000000, -1.734723475976802677E-14, 0.000000000000000000 ) ) ;
#4816 = DIRECTION ( 'NONE',  ( -0.9606487961504496242, -0.2777658914530219403, 0.000000000000000000 ) ) ;
#4817 = ORIENTED_EDGE ( 'NONE', *, *, #4163, .T. ) ;
#4818 = AXIS2_PLACEMENT_3D ( 'NONE', #117, #3033, #4608 ) ;
#4819 = CARTESIAN_POINT ( 'NONE',  ( 11.98749999999998650, -21.10936921724569970, 0.000000000000000000 ) ) ;
#4820 = LINE ( 'NONE', #393, #2184 ) ;
#4821 = DIRECTION ( 'NONE',  ( 1.000000000000000000, 0.000000000000000000, 0.000000000000000000 ) ) ;
#4822 = DIRECTION ( 'NONE',  ( 1.000000000000000000, -3.552713678800500929E-15, 0.000000000000000000 ) ) ;
#4823 = CARTESIAN_POINT ( 'NONE',  ( -24.32704558404558526, 0.1941658414615760331, 0.5000000000000004441 ) ) ;
#4824 = EDGE_CURVE ( 'NONE', #1548, #5639, #430, .T. ) ;
#4825 = EDGE_LOOP ( 'NONE', ( #2245, #5031, #4207, #3187 ) ) ;
#4826 = VERTEX_POINT ( 'NONE', #953 ) ;
#4827 = CARTESIAN_POINT ( 'NONE',  ( -20.90936921724568265, 12.18750000000002132, 0.000000000000000000 ) ) ;
#4828 = CARTESIAN_POINT ( 'NONE',  ( 24.15920512820512656, -0.8737462865769656251, 18.00000000000000000 ) ) ;
#4829 = DIRECTION ( 'NONE',  ( 0.000000000000000000, 0.000000000000000000, 1.000000000000000000 ) ) ;
#4830 = EDGE_CURVE ( 'NONE', #2095, #2832, #4978, .T. ) ;
#4831 = DIRECTION ( 'NONE',  ( -1.000000000000000000, 0.000000000000000000, 0.000000000000000000 ) ) ;
#4832 = ORIENTED_EDGE ( 'NONE', *, *, #3803, .F. ) ;
#4833 = CARTESIAN_POINT ( 'NONE',  ( 20.48561223297643252, -12.83628904474055865, 18.50000000000000000 ) ) ;
#4834 = DIRECTION ( 'NONE',  ( 1.000000000000000000, 0.000000000000000000, 0.000000000000000000 ) ) ;
#4835 = DIRECTION ( 'NONE',  ( -1.000000000000000000, 0.000000000000000000, 0.000000000000000000 ) ) ;
#4836 = CARTESIAN_POINT ( 'NONE',  ( 21.23577082125051518, -11.12089817477985321, 18.50000000000000000 ) ) ;
#4837 = VERTEX_POINT ( 'NONE', #396 ) ;
#4838 = EDGE_CURVE ( 'NONE', #2322, #1509, #431, .T. ) ;
#4839 = CARTESIAN_POINT ( 'NONE',  ( 12.69211370146484796, -20.62422489614739973, 18.00000000000000000 ) ) ;
#4840 =( BOUNDED_SURFACE ( )  B_SPLINE_SURFACE ( 3, 2, ( 
 ( #5508, #2026, #4469 ),
 ( #5472, #1082, #3089 ),
 ( #5055, #5960, #1019 ),
 ( #6021, #1116, #1605 ),
 ( #2990, #3057, #605 ),
 ( #632, #45, #4054 ),
 ( #2119, #3511, #2057 ),
 ( #1636, #533, #2604 ) ),
 .UNSPECIFIED., .F., .F., .F. ) 
 B_SPLINE_SURFACE_WITH_KNOTS ( ( 4, 2, 2, 4 ),
 ( 3, 3 ),
 ( 0.000000000000000000, 0.0001311096522626869717, 0.0002622193045253739434, 0.0005244386090507478868 ),
 ( 0.000000000000000000, 1.000000000000000000 ),
 .UNSPECIFIED. ) 
 GEOMETRIC_REPRESENTATION_ITEM ( )  RATIONAL_B_SPLINE_SURFACE ( (
 ( 1.000000000000000000, 0.7760564330438678438, 1.000000000000000000),
 ( 1.000000000000000000, 0.7754047934803378617, 1.000000000000000000),
 ( 1.000000000000000000, 0.7971915883078917187, 1.000000000000000000),
 ( 1.000000000000000000, 0.8534865031515033174, 1.000000000000000000),
 ( 1.000000000000000000, 0.8868869947388187125, 1.000000000000000000),
 ( 1.000000000000000000, 0.9695438062022637693, 1.000000000000000000),
 ( 1.000000000000000000, 1.001548216897361065, 1.000000000000000000),
 ( 1.000000000000000000, 1.000000000000000000, 1.000000000000000000) ) ) 
 REPRESENTATION_ITEM ( '' )  SURFACE ( )  );
#4841 = ORIENTED_EDGE ( 'NONE', *, *, #6196, .F. ) ;
#4842 = DIRECTION ( 'NONE',  ( -0.000000000000000000, -0.000000000000000000, -1.000000000000000000 ) ) ;
#4843 = DIRECTION ( 'NONE',  ( 0.000000000000000000, 0.000000000000000000, 1.000000000000000000 ) ) ;
#4844 = DIRECTION ( 'NONE',  ( -0.000000000000000000, -0.000000000000000000, -1.000000000000000000 ) ) ;
#4845 = CARTESIAN_POINT ( 'NONE',  ( -23.95017078850738557, -0.9878198975645136048, 18.50000000000000355 ) ) ;
#4846 = ORIENTED_EDGE ( 'NONE', *, *, #5440, .T. ) ;
#4847 = LINE ( 'NONE', #519, #4790 ) ;
#4848 = DIRECTION ( 'NONE',  ( -0.000000000000000000, -0.000000000000000000, -1.000000000000000000 ) ) ;
#4849 = DIRECTION ( 'NONE',  ( 0.000000000000000000, 0.000000000000000000, 1.000000000000000000 ) ) ;
#4850 = EDGE_CURVE ( 'NONE', #2343, #2517, #1893, .T. ) ;
#4851 = CARTESIAN_POINT ( 'NONE',  ( 0.000000000000000000, 0.000000000000000000, -0.5000000000000000000 ) ) ;
#4852 = DIRECTION ( 'NONE',  ( -0.000000000000000000, -0.000000000000000000, -1.000000000000000000 ) ) ;
#4853 = CIRCLE ( 'NONE', #526, 26.12500000000000355 ) ;
#4854 = EDGE_LOOP ( 'NONE', ( #3086, #3354, #3326, #1668 ) ) ;
#4855 = VERTEX_POINT ( 'NONE', #3506 ) ;
#4856 = AXIS2_PLACEMENT_3D ( 'NONE', #246, #674, #4604 ) ;
#4857 = DIRECTION ( 'NONE',  ( -1.000000000000000000, 0.000000000000000000, 0.000000000000000000 ) ) ;
#4858 = DIRECTION ( 'NONE',  ( 0.000000000000000000, 0.000000000000000000, 1.000000000000000000 ) ) ;
#4859 = AXIS2_PLACEMENT_3D ( 'NONE', #619, #5554, #63 ) ;
#4860 = CARTESIAN_POINT ( 'NONE',  ( -24.37500000000000000, 2.704757084947590219E-14, 18.50000000000000000 ) ) ;
#4861 = AXIS2_PLACEMENT_3D ( 'NONE', #1003, #2976, #2426 ) ;
#4862 = AXIS2_PLACEMENT_3D ( 'NONE', #1040, #5821, #1404 ) ;
#4863 = DIRECTION ( 'NONE',  ( 1.000000000000000000, 0.000000000000000000, 0.000000000000000000 ) ) ;
#4864 = ORIENTED_EDGE ( 'NONE', *, *, #5440, .F. ) ;
#4865 = LINE ( 'NONE', #6319, #578 ) ;
#4866 = DIRECTION ( 'NONE',  ( 1.000000000000000000, 0.000000000000000000, 0.000000000000000000 ) ) ;
#4867 = CARTESIAN_POINT ( 'NONE',  ( -21.38913919693826315, -11.38327520853284724, 18.36113832892239728 ) ) ;
#4868 = CARTESIAN_POINT ( 'NONE',  ( -0.9143588065411302201, -24.28297726302200132, 18.27208253284864270 ) ) ;
#4869 = VERTEX_POINT ( 'NONE', #2406 ) ;
#4870 = AXIS2_PLACEMENT_3D ( 'NONE', #1084, #5418, #2059 ) ;
#4871 = TOROIDAL_SURFACE ( 'NONE', #5699, 24.87499999999999645, 0.5000000000000000000 ) ;
#4872 = B_SPLINE_CURVE_WITH_KNOTS ( 'NONE', 3,
 ( #777, #1231, #1322, #1839, #3292, #5743 ),
 .UNSPECIFIED., .F., .F.,
 ( 4, 2, 4 ),
 ( 0.000000000000000000, 0.0004085462650294622721, 0.0008170925300589245441 ),
 .UNSPECIFIED. ) ;
#4873 = CARTESIAN_POINT ( 'NONE',  ( 21.31751579123427476, 11.22246241333529682, 18.46587281468484321 ) ) ;
#4874 = VERTEX_POINT ( 'NONE', #4333 ) ;
#4875 = CARTESIAN_POINT ( 'NONE',  ( 35.53211575462400162, -1.590990257669718355, 20.00000000000000000 ) ) ;
#4876 = AXIS2_PLACEMENT_3D ( 'NONE', #6107, #5682, #6201 ) ;
#4877 = DIRECTION ( 'NONE',  ( 1.000000000000000000, 0.000000000000000000, 0.000000000000000000 ) ) ;
#4878 = EDGE_CURVE ( 'NONE', #4409, #6022, #541, .T. ) ;
#4879 = CARTESIAN_POINT ( 'NONE',  ( 11.98750000000001670, 21.10936921724568194, 0.000000000000000000 ) ) ;
#4880 = FACE_OUTER_BOUND ( 'NONE', #3920, .T. ) ;
#4881 = ADVANCED_FACE ( 'NONE', ( #4366 ), #5372, .F. ) ;
#4882 = TOROIDAL_SURFACE ( 'NONE', #6322, 0.7000000000000058398, 0.5000000000000000000 ) ;
#4883 = VERTEX_POINT ( 'NONE', #3983 ) ;
#4884 = DIRECTION ( 'NONE',  ( 1.000000000000000000, 0.000000000000000000, 0.000000000000000000 ) ) ;
#4885 = CARTESIAN_POINT ( 'NONE',  ( -10.99055137102643798, 21.19489102498121369, 18.50000000000000000 ) ) ;
#4886 = CARTESIAN_POINT ( 'NONE',  ( -11.52291608346460983, -21.35935851955340681, 0.5000000000000004441 ) ) ;
#4887 = CYLINDRICAL_SURFACE ( 'NONE', #4391, 0.7000000000000027311 ) ;
#4888 = CARTESIAN_POINT ( 'NONE',  ( 21.28522193946469443, 11.09433928991955121, 18.50000000000000355 ) ) ;
#4889 = EDGE_CURVE ( 'NONE', #602, #3729, #6304, .T. ) ;
#4890 = ADVANCED_FACE ( 'NONE', ( #1532 ), #5467, .F. ) ;
#4891 = VERTEX_POINT ( 'NONE', #3382 ) ;
#4892 = AXIS2_PLACEMENT_3D ( 'NONE', #3414, #5858, #1437 ) ;
#4893 = DIRECTION ( 'NONE',  ( 0.9708292073077320339, 0.2397720797721048513, 5.199228195805670923E-17 ) ) ;
#4894 = DIRECTION ( 'NONE',  ( -1.000000000000000000, 0.000000000000000000, 0.000000000000000000 ) ) ;
#4895 = ORIENTED_EDGE ( 'NONE', *, *, #1422, .F. ) ;
#4896 = DIRECTION ( 'NONE',  ( 1.000000000000000000, 0.000000000000000000, 0.000000000000000000 ) ) ;
#4897 = AXIS2_PLACEMENT_3D ( 'NONE', #3380, #5342, #4109 ) ;
#4898 = DIRECTION ( 'NONE',  ( -0.000000000000000000, -0.000000000000000000, -1.000000000000000000 ) ) ;
#4899 = ORIENTED_EDGE ( 'NONE', *, *, #1050, .F. ) ;
#4900 = CARTESIAN_POINT ( 'NONE',  ( 24.35907445708377139, -0.8809747977378912243, 18.00000000000000000 ) ) ;
#4901 = AXIS2_PLACEMENT_3D ( 'NONE', #2585, #6070, #2528 ) ;
#4902 = DIRECTION ( 'NONE',  ( 1.000000000000000000, 0.000000000000000000, -0.000000000000000000 ) ) ;
#4903 = CARTESIAN_POINT ( 'NONE',  ( -21.45993988965213006, -11.56019121964590468, 18.00000000000000000 ) ) ;
#4904 = CARTESIAN_POINT ( 'NONE',  ( -1.013914226511769323, -23.96049553897061912, 18.49991810959652483 ) ) ;
#4905 = ORIENTED_EDGE ( 'NONE', *, *, #4830, .F. ) ;
#4906 = AXIS2_PLACEMENT_3D ( 'NONE', #5669, #307, #2742 ) ;
#4907 = CARTESIAN_POINT ( 'NONE',  ( 12.85027901411716833, -20.37769543858147969, 18.46587281468483255 ) ) ;
#4908 = ORIENTED_EDGE ( 'NONE', *, *, #3045, .F. ) ;
#4909 = B_SPLINE_CURVE_WITH_KNOTS ( 'NONE', 3,
 ( #1557, #1631, #6015, #2567, #2661, #5596 ),
 .UNSPECIFIED., .F., .F.,
 ( 4, 2, 4 ),
 ( -4.614011933965873555E-06, 0.0004081592208998836781, 0.0008209324537337332230 ),
 .UNSPECIFIED. ) ;
#4910 = CARTESIAN_POINT ( 'NONE',  ( 12.69211365197597452, 20.62422484467242967, 18.07330398227674806 ) ) ;
#4911 = DIRECTION ( 'NONE',  ( 0.000000000000000000, 0.000000000000000000, 1.000000000000000000 ) ) ;
#4912 = CIRCLE ( 'NONE', #5330, 0.7000000000000009548 ) ;
#4913 = CARTESIAN_POINT ( 'NONE',  ( 12.18749999999998579, -21.10936921724569970, 0.000000000000000000 ) ) ;
#4914 = ORIENTED_EDGE ( 'NONE', *, *, #194, .F. ) ;
#4915 = CARTESIAN_POINT ( 'NONE',  ( 24.09730958633740272, -0.9905909376774447717, 18.45554555356750370 ) ) ;
#4916 = ORIENTED_EDGE ( 'NONE', *, *, #3631, .T. ) ;
#4917 = EDGE_CURVE ( 'NONE', #2238, #1610, #3228, .T. ) ;
#4918 = CARTESIAN_POINT ( 'NONE',  ( 11.12089817477836640, -21.23577082125524740, 18.50000000000000000 ) ) ;
#4919 = AXIS2_PLACEMENT_3D ( 'NONE', #5347, #3891, #2895 ) ;
#4920 = CARTESIAN_POINT ( 'NONE',  ( 24.20715954415955196, 0.6795804451154051629, 18.00000000000000000 ) ) ;
#4921 = DIRECTION ( 'NONE',  ( 1.000000000000000000, 0.000000000000000000, 0.000000000000000000 ) ) ;
#4922 = CARTESIAN_POINT ( 'NONE',  ( -24.35920512820513650, 0.8737462865769779485, 18.50000000000000000 ) ) ;
#4923 = DIRECTION ( 'NONE',  ( 1.000000000000000000, 0.000000000000000000, 0.000000000000000000 ) ) ;
#4924 = TOROIDAL_SURFACE ( 'NONE', #6359, 1.200000000000001510, 0.5000000000000000000 ) ;
#4925 = ORIENTED_EDGE ( 'NONE', *, *, #2800, .T. ) ;
#4926 = ADVANCED_FACE ( 'NONE', ( #3569 ), #5501, .F. ) ;
#4927 = DIRECTION ( 'NONE',  ( 0.000000000000000000, 0.000000000000000000, -1.000000000000000000 ) ) ;
#4928 = CARTESIAN_POINT ( 'NONE',  ( 12.18749999999998579, -21.10936921724569970, 0.5000000000000004441 ) ) ;
#4929 = VERTEX_POINT ( 'NONE', #5533 ) ;
#4930 = DIRECTION ( 'NONE',  ( 1.000000000000000000, 0.000000000000000000, 0.000000000000000000 ) ) ;
#4931 = LINE ( 'NONE', #504, #5789 ) ;
#4932 = EDGE_LOOP ( 'NONE', ( #2831, #4669, #576, #3177 ) ) ;
#4933 = CARTESIAN_POINT ( 'NONE',  ( 20.62422489614738197, -12.69211370146487461, 18.00000000000000000 ) ) ;
#4934 = CARTESIAN_POINT ( 'NONE',  ( 0.000000000000000000, 0.000000000000000000, 0.5000000000000004441 ) ) ;
#4935 = ADVANCED_FACE ( 'NONE', ( #2051 ), #1787, .T. ) ;
#4936 = DIRECTION ( 'NONE',  ( -0.000000000000000000, -0.000000000000000000, -1.000000000000000000 ) ) ;
#4937 = ORIENTED_EDGE ( 'NONE', *, *, #1308, .T. ) ;
#4938 = ORIENTED_EDGE ( 'NONE', *, *, #2527, .F. ) ;
#4939 = CARTESIAN_POINT ( 'NONE',  ( 21.52511365561559131, 11.40134118055112999, 18.14610353506309792 ) ) ;
#4940 = ORIENTED_EDGE ( 'NONE', *, *, #174, .T. ) ;
#4941 = CARTESIAN_POINT ( 'NONE',  ( 12.80475756209775362, 20.74138881856718442, 18.09393492550578486 ) ) ;
#4942 = DIRECTION ( 'NONE',  ( 1.000000000000000000, 0.000000000000000000, 0.000000000000000000 ) ) ;
#4943 = FACE_OUTER_BOUND ( 'NONE', #1802, .T. ) ;
#4944 = VERTEX_POINT ( 'NONE', #4143 ) ;
#4945 = CARTESIAN_POINT ( 'NONE',  ( 20.37769543858144061, -12.85027901411690543, 18.46587281468513453 ) ) ;
#4946 = DIRECTION ( 'NONE',  ( -0.000000000000000000, -0.000000000000000000, -1.000000000000000000 ) ) ;
#4947 = CARTESIAN_POINT ( 'NONE',  ( -20.62422489614740329, -12.69211370146485329, 18.00000000000000000 ) ) ;
#4948 = B_SPLINE_CURVE_WITH_KNOTS ( 'NONE', 3,
 ( #1108, #5079, #3181, #1593, #5147, #3565 ),
 .UNSPECIFIED., .F., .F.,
 ( 4, 2, 4 ),
 ( -4.614011933975818568E-06, 0.0004081592208998748418, 0.0008209324537337255251 ),
 .UNSPECIFIED. ) ;
#4949 = DIRECTION ( 'NONE',  ( 0.000000000000000000, 0.000000000000000000, 1.000000000000000000 ) ) ;
#4950 = CARTESIAN_POINT ( 'NONE',  ( -12.18749999999998401, 21.10936921724570325, 0.5000000000000004441 ) ) ;
#4951 = ORIENTED_EDGE ( 'NONE', *, *, #3114, .T. ) ;
#4952 = DIRECTION ( 'NONE',  ( 1.000000000000000000, 0.000000000000000000, 0.000000000000000000 ) ) ;
#4953 = ADVANCED_FACE ( 'NONE', ( #3536 ), #3340, .T. ) ;
#4954 = ORIENTED_EDGE ( 'NONE', *, *, #3081, .T. ) ;
#4955 = CARTESIAN_POINT ( 'NONE',  ( -11.65077714896304073, 21.97783012094689781, 0.000000000000000000 ) ) ;
#4956 = AXIS2_PLACEMENT_3D ( 'NONE', #2898, #4898, #6317 ) ;
#4957 = FACE_OUTER_BOUND ( 'NONE', #2216, .T. ) ;
#4958 = ORIENTED_EDGE ( 'NONE', *, *, #793, .T. ) ;
#4959 = EDGE_CURVE ( 'NONE', #2646, #6188, #3647, .T. ) ;
#4960 = DIRECTION ( 'NONE',  ( -0.000000000000000000, -0.000000000000000000, -1.000000000000000000 ) ) ;
#4961 = AXIS2_PLACEMENT_3D ( 'NONE', #310, #1718, #4711 ) ;
#4962 = FACE_OUTER_BOUND ( 'NONE', #3635, .T. ) ;
#4963 = ORIENTED_EDGE ( 'NONE', *, *, #1367, .F. ) ;
#4964 = CARTESIAN_POINT ( 'NONE',  ( -10.99055137102643798, 21.19489102498121369, 18.49999999999999645 ) ) ;
#4965 = DIRECTION ( 'NONE',  ( 1.000000000000000000, -1.776356839400250465E-15, 0.000000000000000000 ) ) ;
#4966 = TOROIDAL_SURFACE ( 'NONE', #1672, 0.7000000000000002887, 0.5000000000000000000 ) ;
#4967 = DIRECTION ( 'NONE',  ( -0.6930633158547180317, -0.7208767163783719178, 0.000000000000000000 ) ) ;
#4968 = VERTEX_POINT ( 'NONE', #4045 ) ;
#4969 = ADVANCED_FACE ( 'NONE', ( #4592 ), #237, .T. ) ;
#4970 = EDGE_CURVE ( 'NONE', #1306, #2390, #1693, .T. ) ;
#4971 = AXIS2_PLACEMENT_3D ( 'NONE', #1005, #2623, #3074 ) ;
#4972 = AXIS2_PLACEMENT_3D ( 'NONE', #3462, #937, #4352 ) ;
#4973 = CARTESIAN_POINT ( 'NONE',  ( 11.51504584269469511, 21.30380534126280878, 18.00000000000000000 ) ) ;
#4974 = ORIENTED_EDGE ( 'NONE', *, *, #5412, .F. ) ;
#4975 = AXIS2_PLACEMENT_3D ( 'NONE', #3110, #3147, #5979 ) ;
#4976 = CARTESIAN_POINT ( 'NONE',  ( -19.90936921724570752, -12.18749999999998046, 18.00000000000000000 ) ) ;
#4977 = CARTESIAN_POINT ( 'NONE',  ( -21.26443907219742258, 11.24204889892388870, 18.45554554181480000 ) ) ;
#4978 = CIRCLE ( 'NONE', #3538, 0.5000000000000001110 ) ;
#4979 = DIRECTION ( 'NONE',  ( -0.9708292073077372519, 0.2397720797720839236, 0.000000000000000000 ) ) ;
#4980 = ORIENTED_EDGE ( 'NONE', *, *, #737, .T. ) ;
#4981 = CARTESIAN_POINT ( 'NONE',  ( 24.26231685946481065, -0.8001869388306213082, 18.31245502271033487 ) ) ;
#4982 = CIRCLE ( 'NONE', #3646, 0.7000000000000009548 ) ;
#4983 = AXIS2_PLACEMENT_3D ( 'NONE', #3210, #6243, #3699 ) ;
#4984 = DIRECTION ( 'NONE',  ( 1.000000000000000000, 0.000000000000000000, 0.000000000000000000 ) ) ;
#4985 = CARTESIAN_POINT ( 'NONE',  ( -21.10936921724568194, 12.18750000000002132, 0.000000000000000000 ) ) ;
#4986 = CARTESIAN_POINT ( 'NONE',  ( 21.29023094757188517, -11.39201614701063647, 18.32606195575486296 ) ) ;
#4987 = CIRCLE ( 'NONE', #446, 1.199999999999999734 ) ;
#4988 = ORIENTED_EDGE ( 'NONE', *, *, #5280, .F. ) ;
#4989 = CIRCLE ( 'NONE', #5094, 0.7000000000000027311 ) ;
#4990 = FACE_OUTER_BOUND ( 'NONE', #2695, .T. ) ;
#4991 = CARTESIAN_POINT ( 'NONE',  ( 20.48561223297643252, -12.83628904474055865, 0.5000000000000004441 ) ) ;
#4992 = ORIENTED_EDGE ( 'NONE', *, *, #5906, .T. ) ;
#4993 = CARTESIAN_POINT ( 'NONE',  ( 11.41659067360702373, 21.53606469138010837, 18.50000000000000000 ) ) ;
#4994 = CARTESIAN_POINT ( 'NONE',  ( 12.18750000000001776, 21.10936921724568194, 18.50000000000000000 ) ) ;
#4995 = ORIENTED_EDGE ( 'NONE', *, *, #5315, .F. ) ;
#4996 = CARTESIAN_POINT ( 'NONE',  ( -11.43817621292858178, 21.41187622437929861, 18.31245502271026027 ) ) ;
#4997 = CARTESIAN_POINT ( 'NONE',  ( 21.10936921724570325, 12.18749999999998579, 0.5000000000000004441 ) ) ;
#4998 = CIRCLE ( 'NONE', #2222, 0.5000000000000004441 ) ;
#4999 = CARTESIAN_POINT ( 'NONE',  ( 0.000000000000000000, 0.000000000000000000, 18.50000000000000000 ) ) ;
#5000 = ORIENTED_EDGE ( 'NONE', *, *, #5361, .T. ) ;
#5001 = DIRECTION ( 'NONE',  ( 0.7071067811865536790, 8.659560562355008046E-17, -0.7071067811865414665 ) ) ;
#5002 = VERTEX_POINT ( 'NONE', #3085 ) ;
#5003 = CIRCLE ( 'NONE', #3051, 0.2000000000000022593 ) ;
#5004 = EDGE_CURVE ( 'NONE', #318, #2050, #4670, .T. ) ;
#5005 = DIRECTION ( 'NONE',  ( -0.000000000000000000, -0.000000000000000000, -1.000000000000000000 ) ) ;
#5006 = ADVANCED_FACE ( 'NONE', ( #5049 ), #170, .T. ) ;
#5007 = EDGE_CURVE ( 'NONE', #4791, #5220, #5600, .T. ) ;
#5008 = CARTESIAN_POINT ( 'NONE',  ( -21.45978020622674620, 11.31361425370683982, 18.32606194987846848 ) ) ;
#5009 = CARTESIAN_POINT ( 'NONE',  ( 11.40134118055120283, 21.52511365561559131, 18.14610353506303397 ) ) ;
#5010 = ORIENTED_EDGE ( 'NONE', *, *, #6187, .T. ) ;
#5011 = DIRECTION ( 'NONE',  ( 0.000000000000000000, 0.000000000000000000, -1.000000000000000000 ) ) ;
#5012 = CIRCLE ( 'NONE', #2233, 0.5000000000000004441 ) ;
#5013 = B_SPLINE_CURVE_WITH_KNOTS ( 'NONE', 3,
 ( #5765, #4368, #3355, #5827, #1835, #5284 ),
 .UNSPECIFIED., .F., .F.,
 ( 4, 2, 4 ),
 ( 0.000000000000000000, 0.0004057619185687331011, 0.0008115238371374662021 ),
 .UNSPECIFIED. ) ;
#5014 = CARTESIAN_POINT ( 'NONE',  ( -10.99055137102647706, -21.19489102498118882, 18.50000000000000000 ) ) ;
#5015 = CARTESIAN_POINT ( 'NONE',  ( 21.35935851955342102, 11.32291608346458389, 0.5000000000000004441 ) ) ;
#5016 = VECTOR ( 'NONE', #3130, 1000.000000000000114 ) ;
#5017 = DIRECTION ( 'NONE',  ( -0.000000000000000000, -0.000000000000000000, -1.000000000000000000 ) ) ;
#5018 = DIRECTION ( 'NONE',  ( 0.000000000000000000, 0.000000000000000000, 1.000000000000000000 ) ) ;
#5019 = ADVANCED_FACE ( 'NONE', ( #5084 ), #5781, .F. ) ;
#5020 = EDGE_CURVE ( 'NONE', #2769, #3353, #1275, .T. ) ;
#5021 = VECTOR ( 'NONE', #272, 1000.000000000000000 ) ;
#5022 = ORIENTED_EDGE ( 'NONE', *, *, #3308, .T. ) ;
#5023 = CARTESIAN_POINT ( 'NONE',  ( -0.8001869388306632747, 24.26231685946474315, 18.31245502271047698 ) ) ;
#5024 = VECTOR ( 'NONE', #1530, 1000.000000000000000 ) ;
#5025 = CARTESIAN_POINT ( 'NONE',  ( 12.18749999999998579, -21.10936921724569970, 18.50000000000000000 ) ) ;
#5026 = DIRECTION ( 'NONE',  ( -0.000000000000000000, -0.000000000000000000, -1.000000000000000000 ) ) ;
#5027 = ORIENTED_EDGE ( 'NONE', *, *, #1850, .T. ) ;
#5028 = CARTESIAN_POINT ( 'NONE',  ( 24.37500000000000000, -2.406249427655413829E-14, 18.00000000000000000 ) ) ;
#5029 = EDGE_CURVE ( 'NONE', #3871, #6092, #856, .T. ) ;
#5030 = CARTESIAN_POINT ( 'NONE',  ( -24.15920512820513011, -0.8737462865769561882, 0.000000000000000000 ) ) ;
#5031 = ORIENTED_EDGE ( 'NONE', *, *, #2084, .F. ) ;
#5032 = DIRECTION ( 'NONE',  ( 0.000000000000000000, 0.000000000000000000, 1.000000000000000000 ) ) ;
#5033 = CARTESIAN_POINT ( 'NONE',  ( 0.7185506760068972598, 24.36494871794872807, 18.00000000000000000 ) ) ;
#5034 = CARTESIAN_POINT ( 'NONE',  ( 0.000000000000000000, 0.000000000000000000, 18.50000000000000000 ) ) ;
#5035 = ORIENTED_EDGE ( 'NONE', *, *, #3868, .F. ) ;
#5036 = EDGE_CURVE ( 'NONE', #5735, #5411, #6219, .T. ) ;
#5037 = DIRECTION ( 'NONE',  ( 1.000000000000000000, 0.000000000000000000, 0.000000000000000000 ) ) ;
#5038 = ORIENTED_EDGE ( 'NONE', *, *, #2123, .T. ) ;
#5039 = DIRECTION ( 'NONE',  ( 0.000000000000000000, 0.000000000000000000, 1.000000000000000000 ) ) ;
#5040 = DIRECTION ( 'NONE',  ( 0.000000000000000000, 0.000000000000000000, 1.000000000000000000 ) ) ;
#5041 = CARTESIAN_POINT ( 'NONE',  ( 0.6795804451153918402, -24.20715954415955196, 18.00000000000000000 ) ) ;
#5042 = ORIENTED_EDGE ( 'NONE', *, *, #2279, .T. ) ;
#5043 = EDGE_CURVE ( 'NONE', #5386, #34, #440, .T. ) ;
#5044 = EDGE_CURVE ( 'NONE', #800, #5639, #1581, .T. ) ;
#5045 = CARTESIAN_POINT ( 'NONE',  ( -11.34963067687242066, -21.48685459256760666, 18.27208253284845441 ) ) ;
#5046 = CARTESIAN_POINT ( 'NONE',  ( 20.74138921364525601, 12.80475749830277366, 18.00000000000000355 ) ) ;
#5047 = DIRECTION ( 'NONE',  ( 0.000000000000000000, 0.000000000000000000, 1.000000000000000000 ) ) ;
#5048 = ORIENTED_EDGE ( 'NONE', *, *, #352, .F. ) ;
#5049 = FACE_OUTER_BOUND ( 'NONE', #1128, .T. ) ;
#5050 = ORIENTED_EDGE ( 'NONE', *, *, #5712, .F. ) ;
#5051 = EDGE_CURVE ( 'NONE', #602, #5182, #3815, .T. ) ;
#5052 =( BOUNDED_SURFACE ( )  B_SPLINE_SURFACE ( 3, 2, ( 
 ( #115, #2096, #5062 ),
 ( #2642, #2614, #1542 ),
 ( #3032, #4062, #2128 ),
 ( #1611, #4996, #3583 ),
 ( #4507, #84, #4023 ),
 ( #1122, #6062, #5098 ),
 ( #4092, #5994, #3611 ),
 ( #4964, #641, #5573 ) ),
 .UNSPECIFIED., .F., .F., .F. ) 
 B_SPLINE_SURFACE_WITH_KNOTS ( ( 4, 2, 2, 4 ),
 ( 3, 3 ),
 ( 0.000000000000000000, 0.0001311096522626889775, 0.0002622193045253779550, 0.0005244386090507559099 ),
 ( 0.000000000000000000, 1.000000000000000000 ),
 .UNSPECIFIED. ) 
 GEOMETRIC_REPRESENTATION_ITEM ( )  RATIONAL_B_SPLINE_SURFACE ( (
 ( 1.000000000000000000, 0.7760564330438580738, 1.000000000000000000),
 ( 1.000000000000000000, 0.7754047934803570685, 1.000000000000000000),
 ( 1.000000000000000000, 0.7971915883078655174, 1.000000000000000000),
 ( 1.000000000000000000, 0.8534865031515233014, 1.000000000000000000),
 ( 1.000000000000000000, 0.8868869947387472141, 1.000000000000000000),
 ( 1.000000000000000000, 0.9695438062024027692, 1.000000000000000000),
 ( 1.000000000000000000, 1.001548216897255594, 1.000000000000000000),
 ( 1.000000000000000000, 1.000000000000000000, 1.000000000000000000) ) ) 
 REPRESENTATION_ITEM ( '' )  SURFACE ( )  );
#5053 = CARTESIAN_POINT ( 'NONE',  ( -0.9905909376774415520, 24.09730958633749509, 18.45554555356741844 ) ) ;
#5054 = CARTESIAN_POINT ( 'NONE',  ( 13.20797063031729834, 21.07878404530668703, 0.5000000000000000000 ) ) ;
#5055 = CARTESIAN_POINT ( 'NONE',  ( 0.8887057282367810673, -24.34196583538602354, 18.14610353506303397 ) ) ;
#5056 = VERTEX_POINT ( 'NONE', #3303 ) ;
#5057 = DIRECTION ( 'NONE',  ( 1.000000000000000000, 0.000000000000000000, -0.000000000000000000 ) ) ;
#5058 = ORIENTED_EDGE ( 'NONE', *, *, #6236, .F. ) ;
#5059 = DIRECTION ( 'NONE',  ( 0.000000000000000000, 0.000000000000000000, 1.000000000000000000 ) ) ;
#5060 = ORIENTED_EDGE ( 'NONE', *, *, #4770, .F. ) ;
#5061 = B_SPLINE_CURVE_WITH_KNOTS ( 'NONE', 3,
 ( #3260, #5133, #712, #250, #2678, #4224 ),
 .UNSPECIFIED., .F., .F.,
 ( 4, 2, 4 ),
 ( 0.000000000000000000, 0.0004085462650294556584, 0.0008170925300589113168 ),
 .UNSPECIFIED. ) ;
#5062 = CARTESIAN_POINT ( 'NONE',  ( -11.41659067360699353, 21.53606469138012969, 18.00000000000000000 ) ) ;
#5063 = DIRECTION ( 'NONE',  ( 1.000000000000000000, -8.881784197001252323E-16, 0.000000000000000000 ) ) ;
#5064 = DIRECTION ( 'NONE',  ( -0.000000000000000000, -0.000000000000000000, -1.000000000000000000 ) ) ;
#5065 = ORIENTED_EDGE ( 'NONE', *, *, #2476, .F. ) ;
#5066 = CIRCLE ( 'NONE', #4961, 0.7000000000000009548 ) ;
#5067 = CIRCLE ( 'NONE', #2287, 0.5000000000000008882 ) ;
#5068 = DIRECTION ( 'NONE',  ( 0.7071067811865477948, -0.7071067811865473507, 0.000000000000000000 ) ) ;
#5069 = ORIENTED_EDGE ( 'NONE', *, *, #5363, .F. ) ;
#5070 = DIRECTION ( 'NONE',  ( 1.000000000000000000, 0.000000000000000000, 0.000000000000000000 ) ) ;
#5071 = VECTOR ( 'NONE', #4192, 1000.000000000000000 ) ;
#5072 = DIRECTION ( 'NONE',  ( 0.000000000000000000, 0.000000000000000000, 1.000000000000000000 ) ) ;
#5073 = CARTESIAN_POINT ( 'NONE',  ( 0.6795804451153909520, -24.20715954415954485, 18.13682064111326753 ) ) ;
#5074 = EDGE_LOOP ( 'NONE', ( #1235, #1152, #4160, #5668 ) ) ;
#5075 = AXIS2_PLACEMENT_3D ( 'NONE', #2939, #6321, #4835 ) ;
#5076 = CARTESIAN_POINT ( 'NONE',  ( 12.69211370146486750, 20.62422489614739263, 18.50000000000000000 ) ) ;
#5077 = AXIS2_PLACEMENT_3D ( 'NONE', #189, #5522, #2560 ) ;
#5078 = FACE_OUTER_BOUND ( 'NONE', #4201, .T. ) ;
#5079 = CARTESIAN_POINT ( 'NONE',  ( -1.034631306460651157, 23.98071256972692566, 18.50000000000000000 ) ) ;
#5080 = AXIS2_PLACEMENT_3D ( 'NONE', #5054, #604, #5605 ) ;
#5081 = ADVANCED_FACE ( 'NONE', ( #3785 ), #2721, .T. ) ;
#5082 = DIRECTION ( 'NONE',  ( 1.000000000000000000, 0.000000000000000000, 0.000000000000000000 ) ) ;
#5083 = EDGE_CURVE ( 'NONE', #2609, #4698, #4050, .T. ) ;
#5084 = FACE_OUTER_BOUND ( 'NONE', #4350, .T. ) ;
#5085 = AXIS2_PLACEMENT_3D ( 'NONE', #178, #4187, #6157 ) ;
#5086 = VERTEX_POINT ( 'NONE', #1332 ) ;
#5087 = CARTESIAN_POINT ( 'NONE',  ( 24.37500000000000000, -2.406249427655413829E-14, 18.50000000000000000 ) ) ;
#5088 = EDGE_CURVE ( 'NONE', #114, #375, #4558, .T. ) ;
#5089 = AXIS2_PLACEMENT_3D ( 'NONE', #1550, #2624, #6040 ) ;
#5090 = DIRECTION ( 'NONE',  ( 0.000000000000000000, 0.000000000000000000, 1.000000000000000000 ) ) ;
#5091 = EDGE_CURVE ( 'NONE', #2322, #442, #845, .T. ) ;
#5092 = VERTEX_POINT ( 'NONE', #4268 ) ;
#5093 = DIRECTION ( 'NONE',  ( -0.7071067811865474617, -0.7071067811865476838, 0.000000000000000000 ) ) ;
#5094 = AXIS2_PLACEMENT_3D ( 'NONE', #5616, #5739, #5707 ) ;
#5095 = ORIENTED_EDGE ( 'NONE', *, *, #5051, .F. ) ;
#5096 = CYLINDRICAL_SURFACE ( 'NONE', #4856, 0.7000000000000027311 ) ;
#5097 = ORIENTED_EDGE ( 'NONE', *, *, #4284, .T. ) ;
#5098 = CARTESIAN_POINT ( 'NONE',  ( -11.19077787638147647, 21.36417773346508042, 18.45554555356755344 ) ) ;
#5099 = CARTESIAN_POINT ( 'NONE',  ( 0.6944764848611069130, 24.19707470663162141, 18.14610353985120028 ) ) ;
#5100 = DIRECTION ( 'NONE',  ( 0.7071067811865475727, -0.7071067811865474617, 0.000000000000000000 ) ) ;
#5101 = CARTESIAN_POINT ( 'NONE',  ( 20.24886574288683860, 12.83026791276727607, 18.50000000000000000 ) ) ;
#5102 = CARTESIAN_POINT ( 'NONE',  ( 12.93613631549269627, -20.58865335189485890, 18.26995843408191433 ) ) ;
#5103 = ORIENTED_EDGE ( 'NONE', *, *, #5798, .F. ) ;
#5104 = DIRECTION ( 'NONE',  ( -0.000000000000000000, -0.000000000000000000, -1.000000000000000000 ) ) ;
#5105 = AXIS2_PLACEMENT_3D ( 'NONE', #212, #5649, #4705 ) ;
#5106 = CARTESIAN_POINT ( 'NONE',  ( 24.34196583538602354, 0.8887057282367855082, 18.14610353506303397 ) ) ;
#5107 = CARTESIAN_POINT ( 'NONE',  ( -12.90653170995591559, 20.37358679578781917, 18.45554555356749304 ) ) ;
#5108 = DIRECTION ( 'NONE',  ( 0.000000000000000000, 0.000000000000000000, 1.000000000000000000 ) ) ;
#5109 = ORIENTED_EDGE ( 'NONE', *, *, #3417, .F. ) ;
#5110 = CARTESIAN_POINT ( 'NONE',  ( 12.02291608346458140, -21.35935851955342457, 0.5000000000000004441 ) ) ;
#5111 = AXIS2_PLACEMENT_3D ( 'NONE', #4363, #948, #5852 ) ;
#5112 = CARTESIAN_POINT ( 'NONE',  ( -12.94248378347673700, 20.65508989364223780, 18.50000000000000000 ) ) ;
#5113 = CARTESIAN_POINT ( 'NONE',  ( 24.20715954415954840, -0.6795804451154138226, 18.00000000000000000 ) ) ;
#5114 = CARTESIAN_POINT ( 'NONE',  ( 0.000000000000000000, 0.000000000000000000, 0.5000000000000004441 ) ) ;
#5115 = AXIS2_PLACEMENT_3D ( 'NONE', #964, #4313, #3832 ) ;
#5116 = CARTESIAN_POINT ( 'NONE',  ( 21.48685459256758534, -11.34963067687243132, 18.27208253284847927 ) ) ;
#5117 = ADVANCED_FACE ( 'NONE', ( #2694 ), #268, .T. ) ;
#5118 = ORIENTED_EDGE ( 'NONE', *, *, #1230, .F. ) ;
#5119 = AXIS2_PLACEMENT_3D ( 'NONE', #2063, #6028, #182 ) ;
#5120 = ORIENTED_EDGE ( 'NONE', *, *, #3427, .T. ) ;
#5121 = CARTESIAN_POINT ( 'NONE',  ( 11.41659067360701307, 21.53606469138011548, 18.13788111813277126 ) ) ;
#5122 = DIRECTION ( 'NONE',  ( -0.000000000000000000, -0.000000000000000000, -1.000000000000000000 ) ) ;
#5123 = ORIENTED_EDGE ( 'NONE', *, *, #6295, .F. ) ;
#5124 = AXIS2_PLACEMENT_3D ( 'NONE', #2025, #2989, #1046 ) ;
#5125 = CARTESIAN_POINT ( 'NONE',  ( 21.10936921724570325, 12.18749999999998579, 18.50000000000000000 ) ) ;
#5126 = ADVANCED_FACE ( 'NONE', ( #5242 ), #4052, .T. ) ;
#5127 = ORIENTED_EDGE ( 'NONE', *, *, #3631, .F. ) ;
#5128 = CARTESIAN_POINT ( 'NONE',  ( 12.18749999999998579, -21.10936921724569970, 18.50000000000000000 ) ) ;
#5129 = ORIENTED_EDGE ( 'NONE', *, *, #936, .F. ) ;
#5130 = TOROIDAL_SURFACE ( 'NONE', #2341, 0.2000000000000011768, 0.5000000000000000000 ) ;
#5131 = LINE ( 'NONE', #6223, #1618 ) ;
#5132 = DIRECTION ( 'NONE',  ( -0.000000000000000000, -0.000000000000000000, -1.000000000000000000 ) ) ;
#5133 = CARTESIAN_POINT ( 'NONE',  ( -12.94248378347674944, 20.65508989364222714, 18.13788913655711710 ) ) ;
#5134 = ORIENTED_EDGE ( 'NONE', *, *, #418, .T. ) ;
#5135 = AXIS2_PLACEMENT_3D ( 'NONE', #2130, #5574, #1157 ) ;
#5136 =( BOUNDED_SURFACE ( )  B_SPLINE_SURFACE ( 3, 2, ( 
 ( #32, #653, #2586 ),
 ( #4544, #4583, #2043 ),
 ( #160, #2140, #4004 ),
 ( #1032, #3525, #4103 ),
 ( #5008, #6008, #556 ),
 ( #6073, #3560, #4977 ),
 ( #5523, #1101, #1653 ),
 ( #5494, #5974, #515 ) ),
 .UNSPECIFIED., .F., .F., .F. ) 
 B_SPLINE_SURFACE_WITH_KNOTS ( ( 4, 2, 2, 4 ),
 ( 3, 3 ),
 ( 0.000000000000000000, 0.0001311096522626869988, 0.0002622193045253739976, 0.0005244386090507479952 ),
 ( 0.000000000000000000, 1.000000000000000000 ),
 .UNSPECIFIED. ) 
 GEOMETRIC_REPRESENTATION_ITEM ( )  RATIONAL_B_SPLINE_SURFACE ( (
 ( 1.000000000000000000, 0.7760564330438639580, 1.000000000000000000),
 ( 1.000000000000000000, 0.7754047934803977027, 1.000000000000000000),
 ( 1.000000000000000000, 0.7971915883078208864, 1.000000000000000000),
 ( 1.000000000000000000, 0.8534865031515848077, 1.000000000000000000),
 ( 1.000000000000000000, 0.8868869947388149377, 1.000000000000000000),
 ( 1.000000000000000000, 0.9695438062022717629, 1.000000000000000000),
 ( 1.000000000000000000, 1.001548216897353960, 1.000000000000000000),
 ( 1.000000000000000000, 1.000000000000000000, 1.000000000000000000) ) ) 
 REPRESENTATION_ITEM ( '' )  SURFACE ( )  );
#5137 = CARTESIAN_POINT ( 'NONE',  ( -11.41659067360700064, 21.53606469138012969, 18.00000000000000000 ) ) ;
#5138 = DIRECTION ( 'NONE',  ( 0.000000000000000000, 0.000000000000000000, 1.000000000000000000 ) ) ;
#5139 = ORIENTED_EDGE ( 'NONE', *, *, #4523, .T. ) ;
#5140 = EDGE_CURVE ( 'NONE', #2792, #1457, #1795, .T. ) ;
#5141 = CARTESIAN_POINT ( 'NONE',  ( -5.999999999999992006, 0.000000000000000000, 19.50000000000000000 ) ) ;
#5142 = CARTESIAN_POINT ( 'NONE',  ( 24.17499999999999716, -2.403800134057119315E-14, 0.5000000000000004441 ) ) ;
#5143 = FACE_OUTER_BOUND ( 'NONE', #5540, .T. ) ;
#5144 = CARTESIAN_POINT ( 'NONE',  ( 12.18750000000001776, 21.10936921724568194, 18.50000000000000000 ) ) ;
#5145 = ORIENTED_EDGE ( 'NONE', *, *, #1879, .F. ) ;
#5146 = CARTESIAN_POINT ( 'NONE',  ( 24.35907445708377139, -0.8809747977378912243, 0.5000000000000004441 ) ) ;
#5147 = CARTESIAN_POINT ( 'NONE',  ( -0.8809747977378840078, 24.35907445708377139, 18.13788111813277126 ) ) ;
#5148 = FACE_OUTER_BOUND ( 'NONE', #3448, .T. ) ;
#5149 = DIRECTION ( 'NONE',  ( -1.000000000000000000, 0.000000000000000000, 0.000000000000000000 ) ) ;
#5150 = ORIENTED_EDGE ( 'NONE', *, *, #2250, .T. ) ;
#5151 = CARTESIAN_POINT ( 'NONE',  ( 0.7323231169182042866, 24.17231039341857723, 18.26915352020174410 ) ) ;
#5152 = DIRECTION ( 'NONE',  ( -0.5000000000000012212, -0.5000000000000013323, -0.7071067811865456854 ) ) ;
#5153 = VERTEX_POINT ( 'NONE', #4180 ) ;
#5154 = CARTESIAN_POINT ( 'NONE',  ( 11.10217229206816114, -21.25735493726907421, 18.49991810954503890 ) ) ;
#5155 = EDGE_LOOP ( 'NONE', ( #2281, #1541, #1121, #6318 ) ) ;
#5156 = DIRECTION ( 'NONE',  ( 1.000000000000000000, 0.000000000000000000, 0.000000000000000000 ) ) ;
#5157 = ORIENTED_EDGE ( 'NONE', *, *, #1519, .F. ) ;
#5158 = DIRECTION ( 'NONE',  ( 1.000000000000000000, 0.000000000000000000, 0.000000000000000000 ) ) ;
#5159 = ADVANCED_FACE ( 'NONE', ( #2787 ), #3127, .T. ) ;
#5160 = CARTESIAN_POINT ( 'NONE',  ( 0.8737462865769546339, -24.15920512820513011, 0.000000000000000000 ) ) ;
#5161 = EDGE_CURVE ( 'NONE', #2253, #247, #4459, .T. ) ;
#5162 = LINE ( 'NONE', #6192, #3334 ) ;
#5163 = CARTESIAN_POINT ( 'NONE',  ( 12.79080938766774977, -20.37956396649139634, 18.45002166485600625 ) ) ;
#5164 = CYLINDRICAL_SURFACE ( 'NONE', #1037, 0.7000000000000027311 ) ;
#5165 = ORIENTED_EDGE ( 'NONE', *, *, #2060, .T. ) ;
#5166 = CARTESIAN_POINT ( 'NONE',  ( 20.40936921724568620, -12.18750000000000888, 18.00000000000000000 ) ) ;
#5167 = CARTESIAN_POINT ( 'NONE',  ( -24.03656888321144081, 0.8963195990437924365, 18.45554554181476448 ) ) ;
#5168 = CARTESIAN_POINT ( 'NONE',  ( 20.58865335189486245, 12.93613631549270337, 18.26995843408190723 ) ) ;
#5169 = ADVANCED_FACE ( 'NONE', ( #4943 ), #4048, .T. ) ;
#5170 = AXIS2_PLACEMENT_3D ( 'NONE', #4372, #403, #4831 ) ;
#5171 = CARTESIAN_POINT ( 'NONE',  ( -11.36222248944741153, -21.49734497068138594, 18.26997308932349284 ) ) ;
#5172 = EDGE_LOOP ( 'NONE', ( #1125, #1113, #3385, #4744, #2570 ) ) ;
#5173 = EDGE_CURVE ( 'NONE', #1143, #2635, #24, .T. ) ;
#5174 = CIRCLE ( 'NONE', #1150, 0.7000000000000027311 ) ;
#5175 = CARTESIAN_POINT ( 'NONE',  ( 25.50000000000000355, 0.000000000000000000, 7.999999999999998224 ) ) ;
#5176 = AXIS2_PLACEMENT_3D ( 'NONE', #2126, #4090, #575 ) ;
#5177 = DIRECTION ( 'NONE',  ( 0.000000000000000000, 0.000000000000000000, 1.000000000000000000 ) ) ;
#5178 = CARTESIAN_POINT ( 'NONE',  ( -21.10936921724570681, -12.18749999999998046, 0.5000000000000004441 ) ) ;
#5179 = AXIS2_PLACEMENT_3D ( 'NONE', #1730, #1238, #3182 ) ;
#5180 = CARTESIAN_POINT ( 'NONE',  ( 21.19489102498119593, -10.99055137102646107, 18.50000000000000000 ) ) ;
#5181 = CIRCLE ( 'NONE', #1364, 27.00000000000000000 ) ;
#5182 = VERTEX_POINT ( 'NONE', #489 ) ;
#5183 = CIRCLE ( 'NONE', #6003, 0.4999999999999998890 ) ;
#5184 = CARTESIAN_POINT ( 'NONE',  ( 10.99055137102647173, 21.19489102498119237, 18.50000000000000000 ) ) ;
#5185 = CARTESIAN_POINT ( 'NONE',  ( -11.45193771944828143, 21.29999605053877687, 18.26916786085717348 ) ) ;
#5186 = VECTOR ( 'NONE', #2363, 1000.000000000000000 ) ;
#5187 = ORIENTED_EDGE ( 'NONE', *, *, #4600, .F. ) ;
#5188 = VECTOR ( 'NONE', #985, 1000.000000000000000 ) ;
#5189 = CARTESIAN_POINT ( 'NONE',  ( -12.72036882055065909, -20.56766701286881727, 18.26916786085717348 ) ) ;
#5190 = ORIENTED_EDGE ( 'NONE', *, *, #2829, .F. ) ;
#5191 = AXIS2_PLACEMENT_3D ( 'NONE', #359, #1824, #1305 ) ;
#5192 = EDGE_LOOP ( 'NONE', ( #3764, #509, #4463, #2740, #5719 ) ) ;
#5193 = DIRECTION ( 'NONE',  ( 0.000000000000000000, 0.000000000000000000, 1.000000000000000000 ) ) ;
#5194 = DIRECTION ( 'NONE',  ( 1.000000000000000000, 0.000000000000000000, 0.000000000000000000 ) ) ;
#5195 = CARTESIAN_POINT ( 'NONE',  ( -0.6795804451154037196, 24.20715954415955196, 18.00000000000000000 ) ) ;
#5196 = CIRCLE ( 'NONE', #3343, 24.37500000000000000 ) ;
#5197 = ORIENTED_EDGE ( 'NONE', *, *, #1892, .F. ) ;
#5198 = ADVANCED_FACE ( 'NONE', ( #912 ), #2510, .T. ) ;
#5199 = CARTESIAN_POINT ( 'NONE',  ( 21.10936921724568904, -12.18750000000000888, 18.50000000000000000 ) ) ;
#5200 = EDGE_LOOP ( 'NONE', ( #2255, #5913, #1189, #5732 ) ) ;
#5201 = CARTESIAN_POINT ( 'NONE',  ( -0.8809747977379147610, -24.35907445708377494, 0.5000000000000004441 ) ) ;
#5202 = CARTESIAN_POINT ( 'NONE',  ( -21.10936921724570681, -12.18749999999998046, 18.00000000000000000 ) ) ;
#5203 = DIRECTION ( 'NONE',  ( 0.000000000000000000, 0.000000000000000000, 1.000000000000000000 ) ) ;
#5204 = CARTESIAN_POINT ( 'NONE',  ( 21.07878404530670124, 13.20797063031729657, 0.5000000000000000000 ) ) ;
#5205 = ORIENTED_EDGE ( 'NONE', *, *, #5558, .F. ) ;
#5206 = DIRECTION ( 'NONE',  ( 1.000000000000000000, 0.000000000000000000, 0.000000000000000000 ) ) ;
#5207 = ADVANCED_FACE ( 'NONE', ( #1975 ), #1371, .T. ) ;
#5208 = EDGE_CURVE ( 'NONE', #4409, #4002, #975, .T. ) ;
#5209 = CARTESIAN_POINT ( 'NONE',  ( 21.30251963564338880, 11.49710307509523588, 18.14610353985106173 ) ) ;
#5210 = CIRCLE ( 'NONE', #4070, 0.7000000000000015099 ) ;
#5211 = CARTESIAN_POINT ( 'NONE',  ( -19.90936921724570752, -12.18749999999998046, 18.50000000000000000 ) ) ;
#5212 = CARTESIAN_POINT ( 'NONE',  ( -12.94248378347676898, -20.65508989364222359, 18.00000000000000000 ) ) ;
#5213 = CARTESIAN_POINT ( 'NONE',  ( 20.58865335189484114, -12.93613631549273002, 18.26995843408191433 ) ) ;
#5214 = CIRCLE ( 'NONE', #1599, 0.7000000000000009548 ) ;
#5215 = ORIENTED_EDGE ( 'NONE', *, *, #2318, .F. ) ;
#5216 = AXIS2_PLACEMENT_3D ( 'NONE', #131, #1698, #2171 ) ;
#5217 = EDGE_CURVE ( 'NONE', #3992, #3578, #6012, .T. ) ;
#5218 = CYLINDRICAL_SURFACE ( 'NONE', #483, 0.7000000000000027311 ) ;
#5219 = DIRECTION ( 'NONE',  ( 0.9993466443931802168, 0.03614255580463041767, 0.000000000000000000 ) ) ;
#5220 = VERTEX_POINT ( 'NONE', #5337 ) ;
#5221 = AXIS2_PLACEMENT_3D ( 'NONE', #347, #3745, #6230 ) ;
#5222 = ORIENTED_EDGE ( 'NONE', *, *, #4297, .F. ) ;
#5223 = EDGE_LOOP ( 'NONE', ( #5692, #6102, #5287, #2737, #872, #2441 ) ) ;
#5224 = CARTESIAN_POINT ( 'NONE',  ( 12.69211370146486750, 20.62422489614739263, 0.5000000000000004441 ) ) ;
#5225 = CIRCLE ( 'NONE', #2440, 0.5000000000000008882 ) ;
#5226 = CARTESIAN_POINT ( 'NONE',  ( 25.50000000000000355, 3.827021247335479296E-16, 11.12500000000000000 ) ) ;
#5227 = FACE_OUTER_BOUND ( 'NONE', #2849, .T. ) ;
#5228 = CARTESIAN_POINT ( 'NONE',  ( 20.65508989364222359, -12.94248378347678852, 0.5000000000000004441 ) ) ;
#5229 = FACE_OUTER_BOUND ( 'NONE', #4073, .T. ) ;
#5230 = ORIENTED_EDGE ( 'NONE', *, *, #3145, .F. ) ;
#5231 = DIRECTION ( 'NONE',  ( -0.000000000000000000, -0.000000000000000000, -1.000000000000000000 ) ) ;
#5232 = CYLINDRICAL_SURFACE ( 'NONE', #595, 24.37500000000000000 ) ;
#5233 = CARTESIAN_POINT ( 'NONE',  ( -21.10936921724568194, 12.18750000000002132, 18.00000000000000000 ) ) ;
#5234 = EDGE_CURVE ( 'NONE', #5563, #193, #3239, .T. ) ;
#5235 = AXIS2_PLACEMENT_3D ( 'NONE', #5271, #5311, #2369 ) ;
#5236 = DIRECTION ( 'NONE',  ( 1.000000000000000000, 0.000000000000000000, 0.000000000000000000 ) ) ;
#5237 = VERTEX_POINT ( 'NONE', #941 ) ;
#5238 = VERTEX_POINT ( 'NONE', #1456 ) ;
#5239 = DIRECTION ( 'NONE',  ( -0.9993466443931802168, 0.03614255580462603923, 0.000000000000000000 ) ) ;
#5240 = DIRECTION ( 'NONE',  ( -1.000000000000000000, 0.000000000000000000, 0.000000000000000000 ) ) ;
#5241 = ADVANCED_FACE ( 'NONE', ( #454 ), #4871, .T. ) ;
#5242 = FACE_OUTER_BOUND ( 'NONE', #1450, .T. ) ;
#5243 = EDGE_CURVE ( 'NONE', #5056, #247, #6293, .T. ) ;
#5244 = ORIENTED_EDGE ( 'NONE', *, *, #5140, .T. ) ;
#5245 = DIRECTION ( 'NONE',  ( 1.000000000000000000, 0.000000000000000000, 0.000000000000000000 ) ) ;
#5246 = DIRECTION ( 'NONE',  ( 1.000000000000000000, 0.000000000000000000, 0.000000000000000000 ) ) ;
#5247 = ORIENTED_EDGE ( 'NONE', *, *, #3987, .F. ) ;
#5248 = EDGE_CURVE ( 'NONE', #4153, #5308, #3878, .T. ) ;
#5249 = ORIENTED_EDGE ( 'NONE', *, *, #4574, .F. ) ;
#5250 = ORIENTED_EDGE ( 'NONE', *, *, #434, .T. ) ;
#5251 = CARTESIAN_POINT ( 'NONE',  ( 11.48750000000001670, 21.10936921724568194, 18.00000000000000000 ) ) ;
#5252 = FACE_OUTER_BOUND ( 'NONE', #83, .T. ) ;
#5253 = CARTESIAN_POINT ( 'NONE',  ( 20.65508989364222359, -12.94248378347678852, 18.50000000000000000 ) ) ;
#5254 = ORIENTED_EDGE ( 'NONE', *, *, #5643, .T. ) ;
#5255 = CARTESIAN_POINT ( 'NONE',  ( 20.97075655407476802, 12.33167534327566983, 0.000000000000000000 ) ) ;
#5256 = DIRECTION ( 'NONE',  ( 0.000000000000000000, 0.000000000000000000, 1.000000000000000000 ) ) ;
#5257 = CARTESIAN_POINT ( 'NONE',  ( 0.000000000000000000, 0.000000000000000000, 18.50000000000000000 ) ) ;
#5258 = DIRECTION ( 'NONE',  ( -1.000000000000000000, 0.000000000000000000, 0.000000000000000000 ) ) ;
#5259 = EDGE_LOOP ( 'NONE', ( #205, #811, #3968, #1865 ) ) ;
#5260 = CARTESIAN_POINT ( 'NONE',  ( -20.48561223297644673, 12.83628904474054622, 0.5000000000000004441 ) ) ;
#5261 = ORIENTED_EDGE ( 'NONE', *, *, #3748, .T. ) ;
#5262 = CARTESIAN_POINT ( 'NONE',  ( 0.000000000000000000, 0.000000000000000000, 0.000000000000000000 ) ) ;
#5263 = LINE ( 'NONE', #3721, #1773 ) ;
#5264 = DIRECTION ( 'NONE',  ( 1.000000000000000000, 0.000000000000000000, 0.000000000000000000 ) ) ;
#5265 = ORIENTED_EDGE ( 'NONE', *, *, #2556, .T. ) ;
#5266 = AXIS2_PLACEMENT_3D ( 'NONE', #2681, #4614, #1257 ) ;
#5267 = EDGE_CURVE ( 'NONE', #517, #5683, #3742, .T. ) ;
#5268 = CARTESIAN_POINT ( 'NONE',  ( -20.56766701286885279, -12.72036882055061113, 18.26916786085717348 ) ) ;
#5269 = CIRCLE ( 'NONE', #2496, 7.000000000000000000 ) ;
#5270 = EDGE_CURVE ( 'NONE', #2137, #4433, #5394, .T. ) ;
#5271 = CARTESIAN_POINT ( 'NONE',  ( -11.65077714896304251, 21.97783012094690136, 0.5000000000000004441 ) ) ;
#5272 = ORIENTED_EDGE ( 'NONE', *, *, #3695, .T. ) ;
#5273 = CIRCLE ( 'NONE', #529, 0.2000000000000005107 ) ;
#5274 = AXIS2_PLACEMENT_3D ( 'NONE', #5309, #2858, #5644 ) ;
#5275 = FACE_OUTER_BOUND ( 'NONE', #4566, .T. ) ;
#5276 = ORIENTED_EDGE ( 'NONE', *, *, #2194, .F. ) ;
#5277 = VECTOR ( 'NONE', #5427, 1000.000000000000114 ) ;
#5278 = AXIS2_PLACEMENT_3D ( 'NONE', #1759, #2271, #3782 ) ;
#5279 = ORIENTED_EDGE ( 'NONE', *, *, #2015, .F. ) ;
#5280 = EDGE_CURVE ( 'NONE', #837, #3974, #2611, .T. ) ;
#5281 = ORIENTED_EDGE ( 'NONE', *, *, #3351, .T. ) ;
#5282 = EDGE_CURVE ( 'NONE', #5445, #2158, #601, .T. ) ;
#5283 = AXIS2_PLACEMENT_3D ( 'NONE', #3091, #3959, #2992 ) ;
#5284 = CARTESIAN_POINT ( 'NONE',  ( -21.19489102498119237, 10.99055137102647528, 18.50000000000000000 ) ) ;
#5285 = AXIS2_PLACEMENT_3D ( 'NONE', #2892, #5883, #1501 ) ;
#5286 =( LENGTH_UNIT ( ) NAMED_UNIT ( * ) SI_UNIT ( .MILLI., .METRE. ) );
#5287 = ORIENTED_EDGE ( 'NONE', *, *, #1956, .T. ) ;
#5288 = CARTESIAN_POINT ( 'NONE',  ( -24.35907445708377494, 0.8809747977379033257, 18.00000000000000000 ) ) ;
#5289 = B_SPLINE_CURVE_WITH_KNOTS ( 'NONE', 3,
 ( #2963, #3356, #469, #5889, #2347, #4338, #5348, #4309, #893, #3919 ),
 .UNSPECIFIED., .F., .F.,
 ( 4, 2, 2, 2, 4 ),
 ( 9.341771812940338307E-18, 0.0006312356171338949409, 0.001262471234267780558, 0.001893706851401666391, 0.002524942468535551574 ),
 .UNSPECIFIED. ) ;
#5290 = AXIS2_PLACEMENT_3D ( 'NONE', #5110, #3044, #5011 ) ;
#5291 = AXIS2_PLACEMENT_3D ( 'NONE', #4419, #1882, #4357 ) ;
#5292 = DIRECTION ( 'NONE',  ( -0.000000000000000000, -0.000000000000000000, -1.000000000000000000 ) ) ;
#5293 = ORIENTED_EDGE ( 'NONE', *, *, #3308, .F. ) ;
#5294 = CARTESIAN_POINT ( 'NONE',  ( 20.11554220139739257, -12.86003837256329518, 18.50000000000000000 ) ) ;
#5295 = CARTESIAN_POINT ( 'NONE',  ( -23.96049553897060136, 1.013914226511819949, 18.49991810959683036 ) ) ;
#5296 = CYLINDRICAL_SURFACE ( 'NONE', #5075, 24.37500000000000000 ) ;
#5297 = CIRCLE ( 'NONE', #5089, 25.62500000000000355 ) ;
#5298 = CARTESIAN_POINT ( 'NONE',  ( -12.80475749830281451, -20.74138921364523114, 18.00000000000000000 ) ) ;
#5299 = EDGE_LOOP ( 'NONE', ( #3116, #6376, #5711, #1531 ) ) ;
#5300 = VECTOR ( 'NONE', #1931, 1000.000000000000000 ) ;
#5301 = CARTESIAN_POINT ( 'NONE',  ( 12.86003837256327564, -20.11554220139740679, 18.50000000000000000 ) ) ;
#5302 = VERTEX_POINT ( 'NONE', #4879 ) ;
#5303 = CARTESIAN_POINT ( 'NONE',  ( 36.61103760544520469, -1.382207676064086677, 5.190466000002251334 ) ) ;
#5304 = DIRECTION ( 'NONE',  ( 1.000000000000000000, 0.000000000000000000, 0.000000000000000000 ) ) ;
#5305 = CARTESIAN_POINT ( 'NONE',  ( -0.8737462865769882736, -24.15920512820513366, 0.5000000000000004441 ) ) ;
#5306 = CARTESIAN_POINT ( 'NONE',  ( 11.40134118055110513, -21.52511365561561973, 18.14610353506306950 ) ) ;
#5307 = ADVANCED_FACE ( 'NONE', ( #2462 ), #30, .T. ) ;
#5308 = VERTEX_POINT ( 'NONE', #3375 ) ;
#5309 = CARTESIAN_POINT ( 'NONE',  ( 0.000000000000000000, 0.000000000000000000, 18.50000000000000000 ) ) ;
#5310 = DIRECTION ( 'NONE',  ( -0.000000000000000000, -0.000000000000000000, -1.000000000000000000 ) ) ;
#5311 = DIRECTION ( 'NONE',  ( 0.8835308591335427897, 0.4683729507120837354, 0.000000000000000000 ) ) ;
#5312 = VECTOR ( 'NONE', #438, 1000.000000000000000 ) ;
#5313 = CARTESIAN_POINT ( 'NONE',  ( 18.56155300614686965, 18.56155300614686965, 20.00000000000000000 ) ) ;
#5314 = EDGE_CURVE ( 'NONE', #5606, #2479, #4676, .T. ) ;
#5315 = EDGE_CURVE ( 'NONE', #4826, #43, #1374, .T. ) ;
#5316 = ORIENTED_EDGE ( 'NONE', *, *, #6341, .T. ) ;
#5317 = ORIENTED_EDGE ( 'NONE', *, *, #260, .F. ) ;
#5318 = CARTESIAN_POINT ( 'NONE',  ( 11.51504584269467202, -21.30380534126281589, 0.5000000000000004441 ) ) ;
#5319 = CARTESIAN_POINT ( 'NONE',  ( 11.48749999999998472, -21.10936921724569970, 18.50000000000000000 ) ) ;
#5320 = AXIS2_PLACEMENT_3D ( 'NONE', #2840, #4801, #6283 ) ;
#5321 = CARTESIAN_POINT ( 'NONE',  ( -20.55277510732834756, 12.83190030536355586, 18.36113832892208109 ) ) ;
#5322 = ADVANCED_FACE ( 'NONE', ( #6009 ), #6017, .F. ) ;
#5323 = CARTESIAN_POINT ( 'NONE',  ( 21.19489102498119593, -10.99055137102646107, 18.50000000000000000 ) ) ;
#5324 = ORIENTED_EDGE ( 'NONE', *, *, #4694, .F. ) ;
#5325 = AXIS2_PLACEMENT_3D ( 'NONE', #900, #1480, #18 ) ;
#5326 = DIRECTION ( 'NONE',  ( 0.000000000000000000, -1.000000000000000000, 0.000000000000000000 ) ) ;
#5327 = DIRECTION ( 'NONE',  ( 1.000000000000000000, 0.000000000000000000, 0.000000000000000000 ) ) ;
#5328 = CARTESIAN_POINT ( 'NONE',  ( 0.000000000000000000, 0.000000000000000000, 0.000000000000000000 ) ) ;
#5329 = ORIENTED_EDGE ( 'NONE', *, *, #4959, .F. ) ;
#5330 = AXIS2_PLACEMENT_3D ( 'NONE', #5888, #3859, #2931 ) ;
#5331 = EDGE_CURVE ( 'NONE', #4455, #707, #1758, .T. ) ;
#5332 = CARTESIAN_POINT ( 'NONE',  ( 18.56155300614686254, -18.56155300614686965, 20.00000000000000000 ) ) ;
#5333 = VERTEX_POINT ( 'NONE', #3561 ) ;
#5334 = CARTESIAN_POINT ( 'NONE',  ( -20.48561223297645384, -12.83628904474053023, 0.5000000000000004441 ) ) ;
#5335 = CIRCLE ( 'NONE', #2146, 24.87500000000000000 ) ;
#5336 = DIRECTION ( 'NONE',  ( -1.000000000000000000, 0.000000000000000000, 0.000000000000000000 ) ) ;
#5337 = CARTESIAN_POINT ( 'NONE',  ( -7.000000000000010658, 0.000000000000000000, 18.50000000000000000 ) ) ;
#5338 = CARTESIAN_POINT ( 'NONE',  ( 24.28297726302210435, -0.9143588065410966914, 18.27208253284842243 ) ) ;
#5339 = ORIENTED_EDGE ( 'NONE', *, *, #2530, .T. ) ;
#5340 = CARTESIAN_POINT ( 'NONE',  ( 12.94248378347676187, 20.65508989364223424, 18.50000000000000000 ) ) ;
#5341 = DIRECTION ( 'NONE',  ( -0.4683729507120837354, 0.8835308591335426787, 0.000000000000000000 ) ) ;
#5342 = DIRECTION ( 'NONE',  ( 0.000000000000000000, -0.000000000000000000, 1.000000000000000000 ) ) ;
#5343 = DIRECTION ( 'NONE',  ( 1.000000000000000000, 0.000000000000000000, 0.000000000000000000 ) ) ;
#5344 = CARTESIAN_POINT ( 'NONE',  ( 7.000000000000010658, 8.572527594031485023E-16, 18.50000000000000000 ) ) ;
#5345 = ORIENTED_EDGE ( 'NONE', *, *, #1087, .F. ) ;
#5346 = ORIENTED_EDGE ( 'NONE', *, *, #3943, .F. ) ;
#5347 = CARTESIAN_POINT ( 'NONE',  ( 21.10936921724568904, -12.18750000000000888, 0.000000000000000000 ) ) ;
#5348 = CARTESIAN_POINT ( 'NONE',  ( 36.83218640964682322, 0.8279520210315215456, 11.02054697118068916 ) ) ;
#5349 = CARTESIAN_POINT ( 'NONE',  ( -20.55121838604269868, 12.72502572552557076, 18.27208252806133970 ) ) ;
#5350 = DIRECTION ( 'NONE',  ( -0.2397720797720839236, -0.9708292073077372519, 0.000000000000000000 ) ) ;
#5351 = EDGE_LOOP ( 'NONE', ( #3708, #3765, #5801, #4006 ) ) ;
#5352 = ADVANCED_FACE ( 'NONE', ( #2655 ), #687, .F. ) ;
#5353 = DIRECTION ( 'NONE',  ( -0.000000000000000000, -0.000000000000000000, -1.000000000000000000 ) ) ;
#5354 = EDGE_CURVE ( 'NONE', #2314, #303, #5975, .T. ) ;
#5355 = CARTESIAN_POINT ( 'NONE',  ( -24.15920512820513011, -0.8737462865769561882, 0.5000000000000004441 ) ) ;
#5356 = CARTESIAN_POINT ( 'NONE',  ( -12.94248378347676898, -20.65508989364222359, 0.5000000000000004441 ) ) ;
#5357 = CARTESIAN_POINT ( 'NONE',  ( -12.69997163153633757, -20.60804315078238957, 18.14610353985092317 ) ) ;
#5358 = ORIENTED_EDGE ( 'NONE', *, *, #5007, .F. ) ;
#5359 = FACE_OUTER_BOUND ( 'NONE', #6309, .T. ) ;
#5360 = EDGE_LOOP ( 'NONE', ( #5392, #5048, #4899 ) ) ;
#5361 = EDGE_CURVE ( 'NONE', #2563, #6160, #5297, .T. ) ;
#5362 = CARTESIAN_POINT ( 'NONE',  ( 12.82414064653624308, 20.61168928554882740, 18.31245502271035264 ) ) ;
#5363 = EDGE_CURVE ( 'NONE', #3430, #6373, #3653, .T. ) ;
#5364 = DIRECTION ( 'NONE',  ( 1.000000000000000000, 0.000000000000000000, -0.000000000000000000 ) ) ;
#5365 = DIRECTION ( 'NONE',  ( 0.000000000000000000, 0.000000000000000000, 1.000000000000000000 ) ) ;
#5366 = LINE ( 'NONE', #913, #5186 ) ;
#5367 = EDGE_LOOP ( 'NONE', ( #2620, #4532, #1333, #4817 ) ) ;
#5368 = CARTESIAN_POINT ( 'NONE',  ( 12.18750000000001776, 21.10936921724568194, 0.000000000000000000 ) ) ;
#5369 = DIRECTION ( 'NONE',  ( 0.7208767163783651455, 0.6930633158547250261, 0.000000000000000000 ) ) ;
#5370 = CARTESIAN_POINT ( 'NONE',  ( 20.40936921724568620, -12.18750000000000888, 18.50000000000000000 ) ) ;
#5371 = CARTESIAN_POINT ( 'NONE',  ( -20.97075655407473604, 12.33167534327569648, 0.5000000000000004441 ) ) ;
#5372 = CYLINDRICAL_SURFACE ( 'NONE', #4554, 3.125000000000000888 ) ;
#5373 = AXIS2_PLACEMENT_3D ( 'NONE', #4167, #2749, #1195 ) ;
#5374 = AXIS2_PLACEMENT_3D ( 'NONE', #697, #1594, #1176 ) ;
#5375 = ORIENTED_EDGE ( 'NONE', *, *, #4009, .F. ) ;
#5376 = TOROIDAL_SURFACE ( 'NONE', #1980, 0.2000000000000015099, 0.5000000000000000000 ) ;
#5377 = CARTESIAN_POINT ( 'NONE',  ( -21.10936921724568194, 12.18750000000002132, 0.5000000000000004441 ) ) ;
#5378 = CARTESIAN_POINT ( 'NONE',  ( 0.1941658414615245742, -24.32704558404560302, 0.000000000000000000 ) ) ;
#5379 = ORIENTED_EDGE ( 'NONE', *, *, #531, .T. ) ;
#5380 = AXIS2_PLACEMENT_3D ( 'NONE', #4514, #1521, #4071 ) ;
#5381 = CARTESIAN_POINT ( 'NONE',  ( 24.15920512820513011, 0.8737462865769590747, 0.5000000000000004441 ) ) ;
#5382 = AXIS2_PLACEMENT_3D ( 'NONE', #5175, #4687, #6204 ) ;
#5383 = VECTOR ( 'NONE', #3755, 1000.000000000000000 ) ;
#5384 = TOROIDAL_SURFACE ( 'NONE', #5595, 1.200000000000001288, 0.5000000000000000000 ) ;
#5385 = DIRECTION ( 'NONE',  ( 0.000000000000000000, 0.000000000000000000, 1.000000000000000000 ) ) ;
#5386 = VERTEX_POINT ( 'NONE', #655 ) ;
#5387 = FACE_OUTER_BOUND ( 'NONE', #3460, .T. ) ;
#5388 = CARTESIAN_POINT ( 'NONE',  ( 0.000000000000000000, 0.000000000000000000, 0.000000000000000000 ) ) ;
#5389 = CARTESIAN_POINT ( 'NONE',  ( -0.8737462865769877185, -24.15920512820511945, 18.00000000000000000 ) ) ;
#5390 = CARTESIAN_POINT ( 'NONE',  ( -0.8001869388307293329, -24.26231685946474315, 18.31245502271040237 ) ) ;
#5391 = EDGE_CURVE ( 'NONE', #193, #800, #5196, .T. ) ;
#5392 = ORIENTED_EDGE ( 'NONE', *, *, #3868, .T. ) ;
#5393 = AXIS2_PLACEMENT_3D ( 'NONE', #2074, #2589, #559 ) ;
#5394 = CIRCLE ( 'NONE', #4766, 0.5000000000000004441 ) ;
#5395 = CARTESIAN_POINT ( 'NONE',  ( 0.8990460756402146592, 24.85874777928035684, 0.000000000000000000 ) ) ;
#5396 = ORIENTED_EDGE ( 'NONE', *, *, #3673, .T. ) ;
#5397 = DIRECTION ( 'NONE',  ( -1.000000000000000000, 0.000000000000000000, 0.000000000000000000 ) ) ;
#5398 = AXIS2_PLACEMENT_3D ( 'NONE', #547, #152, #4478 ) ;
#5399 = DIRECTION ( 'NONE',  ( -0.000000000000000000, -0.000000000000000000, -1.000000000000000000 ) ) ;
#5400 = DIRECTION ( 'NONE',  ( -0.000000000000000000, -0.000000000000000000, -1.000000000000000000 ) ) ;
#5401 = ORIENTED_EDGE ( 'NONE', *, *, #6097, .F. ) ;
#5402 = CARTESIAN_POINT ( 'NONE',  ( -24.04460698056988122, -0.8874042882187370695, 18.45003803226556727 ) ) ;
#5403 = CIRCLE ( 'NONE', #3837, 0.2000000000000005107 ) ;
#5404 = ORIENTED_EDGE ( 'NONE', *, *, #3045, .T. ) ;
#5405 = EDGE_CURVE ( 'NONE', #2769, #4799, #3547, .T. ) ;
#5406 = DIRECTION ( 'NONE',  ( 0.000000000000000000, 0.000000000000000000, 1.000000000000000000 ) ) ;
#5407 = DIRECTION ( 'NONE',  ( 1.000000000000000000, 2.478176394252571872E-15, 0.000000000000000000 ) ) ;
#5408 = DIRECTION ( 'NONE',  ( 1.000000000000000000, 0.000000000000000000, 0.000000000000000000 ) ) ;
#5409 = CARTESIAN_POINT ( 'NONE',  ( 36.76855216966585971, 1.021938104652328372, 5.040372529636547583 ) ) ;
#5410 = DIRECTION ( 'NONE',  ( 1.000000000000000000, 0.000000000000000000, 0.000000000000000000 ) ) ;
#5411 = VERTEX_POINT ( 'NONE', #557 ) ;
#5412 = EDGE_CURVE ( 'NONE', #1801, #800, #6123, .T. ) ;
#5413 = CIRCLE ( 'NONE', #2837, 0.7000000000000015099 ) ;
#5414 = B_SPLINE_CURVE_WITH_KNOTS ( 'NONE', 3,
 ( #2819, #5750, #354, #4778, #3207, #1757 ),
 .UNSPECIFIED., .F., .F.,
 ( 4, 2, 4 ),
 ( 3.484660190605997793E-18, 0.0004057619185687346189, 0.0008115238371374657684 ),
 .UNSPECIFIED. ) ;
#5415 = CARTESIAN_POINT ( 'NONE',  ( -24.20715954415955196, -0.6795804451154022763, 18.00000000000000000 ) ) ;
#5416 = DIRECTION ( 'NONE',  ( 1.000000000000000000, 0.000000000000000000, 0.000000000000000000 ) ) ;
#5417 = ORIENTED_EDGE ( 'NONE', *, *, #1659, .F. ) ;
#5418 = DIRECTION ( 'NONE',  ( 0.000000000000000000, 0.000000000000000000, 1.000000000000000000 ) ) ;
#5419 = AXIS2_PLACEMENT_3D ( 'NONE', #5114, #1076, #3627 ) ;
#5420 = DIRECTION ( 'NONE',  ( 0.000000000000000000, 0.000000000000000000, 1.000000000000000000 ) ) ;
#5421 = ORIENTED_EDGE ( 'NONE', *, *, #5430, .T. ) ;
#5422 = CARTESIAN_POINT ( 'NONE',  ( -24.15920512820513721, 0.8737462865769779485, 18.50000000000000000 ) ) ;
#5423 = CIRCLE ( 'NONE', #789, 0.7000000000000027311 ) ;
#5424 = LINE ( 'NONE', #3489, #3383 ) ;
#5425 = ORIENTED_EDGE ( 'NONE', *, *, #452, .T. ) ;
#5426 = CIRCLE ( 'NONE', #4385, 0.5000000000000001110 ) ;
#5427 = DIRECTION ( 'NONE',  ( 0.5000000000000014433, -0.5000000000000014433, -0.7071067811865454633 ) ) ;
#5428 = ORIENTED_EDGE ( 'NONE', *, *, #3821, .T. ) ;
#5429 = FACE_OUTER_BOUND ( 'NONE', #1416, .T. ) ;
#5430 = EDGE_CURVE ( 'NONE', #56, #1895, #6141, .T. ) ;
#5431 = CARTESIAN_POINT ( 'NONE',  ( 0.000000000000000000, 0.000000000000000000, 18.50000000000000000 ) ) ;
#5432 = AXIS2_PLACEMENT_3D ( 'NONE', #1436, #370, #1859 ) ;
#5433 = CARTESIAN_POINT ( 'NONE',  ( 0.000000000000000000, 0.000000000000000000, 0.5000000000000004441 ) ) ;
#5434 = ORIENTED_EDGE ( 'NONE', *, *, #1064, .F. ) ;
#5435 = CARTESIAN_POINT ( 'NONE',  ( 20.36811947315372961, -12.79451998428757875, 18.45554554181482843 ) ) ;
#5436 = EDGE_CURVE ( 'NONE', #2682, #629, #4359, .T. ) ;
#5437 = CARTESIAN_POINT ( 'NONE',  ( 25.50000000000000355, 0.000000000000000000, 7.999999999999998224 ) ) ;
#5438 = TOROIDAL_SURFACE ( 'NONE', #700, 24.87500000000000355, 0.5000000000000000000 ) ;
#5439 = FACE_OUTER_BOUND ( 'NONE', #1732, .T. ) ;
#5440 = EDGE_CURVE ( 'NONE', #2253, #2479, #766, .T. ) ;
#5441 = DIRECTION ( 'NONE',  ( 1.000000000000000000, 0.000000000000000000, 0.000000000000000000 ) ) ;
#5442 = CARTESIAN_POINT ( 'NONE',  ( 23.85058974358974382, 1.079348823583775374, 18.50000000000000000 ) ) ;
#5443 = DIRECTION ( 'NONE',  ( 0.000000000000000000, 0.000000000000000000, 1.000000000000000000 ) ) ;
#5444 = TOROIDAL_SURFACE ( 'NONE', #2865, 23.87500000000000000, 0.5000000000000000000 ) ;
#5445 = VERTEX_POINT ( 'NONE', #3267 ) ;
#5446 = CARTESIAN_POINT ( 'NONE',  ( 0.6795804451154260351, 24.20715954415954840, 18.00000000000000000 ) ) ;
#5447 = ADVANCED_FACE ( 'NONE', ( #723 ), #4775, .T. ) ;
#5448 = DIRECTION ( 'NONE',  ( -0.000000000000000000, -0.000000000000000000, -1.000000000000000000 ) ) ;
#5449 = EDGE_CURVE ( 'NONE', #1725, #5552, #1172, .T. ) ;
#5450 = ORIENTED_EDGE ( 'NONE', *, *, #2847, .T. ) ;
#5451 = EDGE_CURVE ( 'NONE', #1229, #4091, #5604, .T. ) ;
#5452 = DIRECTION ( 'NONE',  ( 0.000000000000000000, 0.000000000000000000, 1.000000000000000000 ) ) ;
#5453 = ORIENTED_EDGE ( 'NONE', *, *, #2746, .T. ) ;
#5454 = CYLINDRICAL_SURFACE ( 'NONE', #1823, 2.999999999999995559 ) ;
#5455 = CARTESIAN_POINT ( 'NONE',  ( -24.37500000000000000, 2.704757084947590219E-14, 18.00000000000000000 ) ) ;
#5456 = DIRECTION ( 'NONE',  ( 0.000000000000000000, 0.000000000000000000, 1.000000000000000000 ) ) ;
#5457 = VERTEX_POINT ( 'NONE', #810 ) ;
#5458 = ORIENTED_EDGE ( 'NONE', *, *, #1182, .F. ) ;
#5459 = LINE ( 'NONE', #1031, #3118 ) ;
#5460 = CARTESIAN_POINT ( 'NONE',  ( 0.000000000000000000, 0.000000000000000000, 0.000000000000000000 ) ) ;
#5461 = ORIENTED_EDGE ( 'NONE', *, *, #3614, .F. ) ;
#5462 = CARTESIAN_POINT ( 'NONE',  ( 24.13388892654026208, -0.7793400901522139490, 18.32606195575482033 ) ) ;
#5463 = CARTESIAN_POINT ( 'NONE',  ( 36.61089047627845616, -1.382408779802654086, 10.80939463561011138 ) ) ;
#5464 = FACE_OUTER_BOUND ( 'NONE', #4678, .T. ) ;
#5465 = CARTESIAN_POINT ( 'NONE',  ( -21.10936921724570681, -12.18749999999998046, 18.50000000000000000 ) ) ;
#5466 = CARTESIAN_POINT ( 'NONE',  ( 36.89686594046334278, 0.5236655705197135191, 4.917470362842722764 ) ) ;
#5467 = CYLINDRICAL_SURFACE ( 'NONE', #4862, 0.2000000000000091982 ) ;
#5468 = EDGE_CURVE ( 'NONE', #3578, #4257, #1068, .T. ) ;
#5469 = VERTEX_POINT ( 'NONE', #2237 ) ;
#5470 = CARTESIAN_POINT ( 'NONE',  ( 34.63305338677882617, 3.550712797294745204, 8.973299605957771874 ) ) ;
#5471 = CIRCLE ( 'NONE', #1863, 0.2000000000000057288 ) ;
#5472 = CARTESIAN_POINT ( 'NONE',  ( 0.8809748913650544688, -24.35907445369763025, 18.07330398571943419 ) ) ;
#5473 = ORIENTED_EDGE ( 'NONE', *, *, #4602, .T. ) ;
#5474 = CARTESIAN_POINT ( 'NONE',  ( 11.52861301695564400, -21.44802677397316870, 18.17948586170178871 ) ) ;
#5475 = ADVANCED_FACE ( 'NONE', ( #3205 ), #3133, .T. ) ;
#5476 = EDGE_CURVE ( 'NONE', #4427, #4091, #4432, .T. ) ;
#5477 = CIRCLE ( 'NONE', #2704, 0.2000000000000077827 ) ;
#5478 = EDGE_CURVE ( 'NONE', #1160, #2068, #291, .T. ) ;
#5479 = CARTESIAN_POINT ( 'NONE',  ( -20.11554220139741389, -12.86003837256326854, 18.50000000000000000 ) ) ;
#5480 = VERTEX_POINT ( 'NONE', #1694 ) ;
#5481 = DIRECTION ( 'NONE',  ( 1.000000000000000000, 0.000000000000000000, 0.000000000000000000 ) ) ;
#5482 = CIRCLE ( 'NONE', #527, 0.7000000000000009548 ) ;
#5483 = CARTESIAN_POINT ( 'NONE',  ( 1.079348823583824890, 23.85058974358974382, 18.50000000000000000 ) ) ;
#5484 = CIRCLE ( 'NONE', #2703, 1.199999999999999734 ) ;
#5485 = AXIS2_PLACEMENT_3D ( 'NONE', #91, #5104, #1099 ) ;
#5486 = CARTESIAN_POINT ( 'NONE',  ( 10.99055137102647173, 21.19489102498119237, 18.50000000000000000 ) ) ;
#5487 = ORIENTED_EDGE ( 'NONE', *, *, #1397, .T. ) ;
#5488 = AXIS2_PLACEMENT_3D ( 'NONE', #1351, #933, #6351 ) ;
#5489 = TOROIDAL_SURFACE ( 'NONE', #3535, 23.87500000000000355, 0.5000000000000000000 ) ;
#5490 = DIRECTION ( 'NONE',  ( -0.000000000000000000, -0.000000000000000000, -1.000000000000000000 ) ) ;
#5491 = EDGE_LOOP ( 'NONE', ( #4537, #1546, #5139, #1917 ) ) ;
#5492 = DIRECTION ( 'NONE',  ( 0.7208767163783719178, -0.6930633158547180317, 0.000000000000000000 ) ) ;
#5494 = CARTESIAN_POINT ( 'NONE',  ( -21.19489102498119237, 10.99055137102647528, 18.50000000000000000 ) ) ;
#5493 = CIRCLE ( 'NONE', #2920, 23.87500000000000000 ) ;
#5495 = CIRCLE ( 'NONE', #647, 0.5000000000000013323 ) ;
#5496 = DIRECTION ( 'NONE',  ( 1.000000000000000000, 0.000000000000000000, 0.000000000000000000 ) ) ;
#5497 = EDGE_LOOP ( 'NONE', ( #1016, #5000 ) ) ;
#5498 = CARTESIAN_POINT ( 'NONE',  ( -11.43817621292858355, -21.41187622437943006, 18.31245502271033132 ) ) ;
#5499 = CARTESIAN_POINT ( 'NONE',  ( -20.48561223297645384, -12.83628904474053023, 0.5000000000000004441 ) ) ;
#5500 = CARTESIAN_POINT ( 'NONE',  ( -24.37500000000000000, 2.704757084947590219E-14, 0.000000000000000000 ) ) ;
#5501 = CYLINDRICAL_SURFACE ( 'NONE', #6214, 0.2000000000000057288 ) ;
#5502 = EDGE_CURVE ( 'NONE', #5302, #1830, #5702, .T. ) ;
#5503 = AXIS2_PLACEMENT_3D ( 'NONE', #1724, #5657, #2168 ) ;
#5504 = ORIENTED_EDGE ( 'NONE', *, *, #865, .F. ) ;
#5505 = DIRECTION ( 'NONE',  ( 1.000000000000000000, 8.673617379883937653E-15, 0.000000000000000000 ) ) ;
#5506 = EDGE_CURVE ( 'NONE', #5735, #4002, #6221, .T. ) ;
#5507 = DIRECTION ( 'NONE',  ( 1.000000000000000000, 0.000000000000000000, 0.000000000000000000 ) ) ;
#5508 = CARTESIAN_POINT ( 'NONE',  ( 0.8809747977378701300, -24.35907445708376784, 18.00000000000000000 ) ) ;
#5509 = ORIENTED_EDGE ( 'NONE', *, *, #2690, .T. ) ;
#5510 = DIRECTION ( 'NONE',  ( -0.000000000000000000, -0.000000000000000000, -1.000000000000000000 ) ) ;
#5511 = DIRECTION ( 'NONE',  ( 0.000000000000000000, 0.000000000000000000, 1.000000000000000000 ) ) ;
#5512 = ORIENTED_EDGE ( 'NONE', *, *, #6268, .T. ) ;
#5513 = DIRECTION ( 'NONE',  ( 0.7208767163783719178, -0.6930633158547180317, 0.000000000000000000 ) ) ;
#5514 = EDGE_CURVE ( 'NONE', #2137, #162, #4987, .T. ) ;
#5515 = VECTOR ( 'NONE', #2286, 1000.000000000000000 ) ;
#5516 = DIRECTION ( 'NONE',  ( -0.03614255580463037604, 0.9993466443931801058, 0.000000000000000000 ) ) ;
#5517 = ORIENTED_EDGE ( 'NONE', *, *, #3351, .F. ) ;
#5518 = EDGE_LOOP ( 'NONE', ( #1832, #5396, #4779, #2877 ) ) ;
#5519 = CARTESIAN_POINT ( 'NONE',  ( -11.32291608346460521, -21.35935851955340681, 18.50000000000000000 ) ) ;
#5520 = ORIENTED_EDGE ( 'NONE', *, *, #1451, .T. ) ;
#5521 = AXIS2_PLACEMENT_3D ( 'NONE', #6298, #2922, #6365 ) ;
#5522 = DIRECTION ( 'NONE',  ( 0.000000000000000000, 0.000000000000000000, 1.000000000000000000 ) ) ;
#5523 = CARTESIAN_POINT ( 'NONE',  ( -21.28082637332580163, 11.08929415183189171, 18.50000000000000000 ) ) ;
#5524 = CARTESIAN_POINT ( 'NONE',  ( 11.43817621292857289, 21.41187622437928439, 18.31245502271033843 ) ) ;
#5525 = ORIENTED_EDGE ( 'NONE', *, *, #2342, .T. ) ;
#5526 = DIRECTION ( 'NONE',  ( -0.9993466443931802168, -0.03614255580463081319, 0.000000000000000000 ) ) ;
#5527 = EDGE_CURVE ( 'NONE', #5639, #3304, #2208, .T. ) ;
#5528 = CARTESIAN_POINT ( 'NONE',  ( -11.52861301695567597, -21.44802677397299462, 18.17948586170163594 ) ) ;
#5529 = CARTESIAN_POINT ( 'NONE',  ( 20.65508989364223424, 12.94248378347674233, 18.00000000000000000 ) ) ;
#5530 = VECTOR ( 'NONE', #5899, 1000.000000000000000 ) ;
#5531 = CARTESIAN_POINT ( 'NONE',  ( -20.48561223297644673, 12.83628904474054622, 18.50000000000000000 ) ) ;
#5532 = VERTEX_POINT ( 'NONE', #4231 ) ;
#5533 = CARTESIAN_POINT ( 'NONE',  ( 19.09188309203677747, -19.09188309203678457, 19.24999999999998934 ) ) ;
#5534 = AXIS2_PLACEMENT_3D ( 'NONE', #4726, #203, #3672 ) ;
#5535 = ORIENTED_EDGE ( 'NONE', *, *, #298, .T. ) ;
#5536 = CARTESIAN_POINT ( 'NONE',  ( -12.72036882055061824, 20.56766701286884924, 18.26916786085717348 ) ) ;
#5537 = AXIS2_PLACEMENT_3D ( 'NONE', #5202, #4739, #2752 ) ;
#5538 = CARTESIAN_POINT ( 'NONE',  ( 12.18749999999998579, -21.10936921724569970, 18.00000000000000000 ) ) ;
#5539 = DIRECTION ( 'NONE',  ( -0.000000000000000000, -0.000000000000000000, -1.000000000000000000 ) ) ;
#5540 = EDGE_LOOP ( 'NONE', ( #5957, #831, #1020, #5487 ) ) ;
#5541 = CARTESIAN_POINT ( 'NONE',  ( 11.51504582286044354, -21.30380527266645529, 18.07330398227674095 ) ) ;
#5542 = ORIENTED_EDGE ( 'NONE', *, *, #5161, .T. ) ;
#5543 = DIRECTION ( 'NONE',  ( -0.9606487961504517337, -0.2777658914530146128, 0.000000000000000000 ) ) ;
#5544 = ORIENTED_EDGE ( 'NONE', *, *, #5609, .F. ) ;
#5545 = DIRECTION ( 'NONE',  ( 0.000000000000000000, 0.000000000000000000, 1.000000000000000000 ) ) ;
#5546 = CARTESIAN_POINT ( 'NONE',  ( -20.37358679578778720, -12.90653170995586230, 18.45554555356754989 ) ) ;
#5547 = CYLINDRICAL_SURFACE ( 'NONE', #5593, 24.37500000000000355 ) ;
#5548 = ORIENTED_EDGE ( 'NONE', *, *, #108, .F. ) ;
#5549 = ADVANCED_FACE ( 'NONE', ( #317 ), #2214, .F. ) ;
#5550 = CARTESIAN_POINT ( 'NONE',  ( 12.88637327980733893, -20.25059063300633255, 18.50000000000000355 ) ) ;
#5551 = ADVANCED_FACE ( 'NONE', ( #1871 ), #1336, .F. ) ;
#5552 = VERTEX_POINT ( 'NONE', #2421 ) ;
#5553 = FACE_OUTER_BOUND ( 'NONE', #2328, .T. ) ;
#5554 = DIRECTION ( 'NONE',  ( 0.000000000000000000, 0.000000000000000000, 1.000000000000000000 ) ) ;
#5555 = DIRECTION ( 'NONE',  ( 1.000000000000000000, 0.000000000000000000, 0.000000000000000000 ) ) ;
#5556 = ORIENTED_EDGE ( 'NONE', *, *, #3556, .T. ) ;
#5557 = CARTESIAN_POINT ( 'NONE',  ( -24.15920512820513011, -0.8737462865769561882, 18.50000000000000000 ) ) ;
#5558 = EDGE_CURVE ( 'NONE', #5308, #1306, #657, .T. ) ;
#5559 = CARTESIAN_POINT ( 'NONE',  ( 36.51585050121335740, -1.550954018078687158, 10.71911484793481506 ) ) ;
#5560 = EDGE_CURVE ( 'NONE', #551, #1548, #819, .T. ) ;
#5561 = CARTESIAN_POINT ( 'NONE',  ( 20.74138881856704586, 12.80475756209787441, 18.09393492550590921 ) ) ;
#5562 = CARTESIAN_POINT ( 'NONE',  ( 0.8737462865769762832, 24.15920512820513366, 0.000000000000000000 ) ) ;
#5563 = VERTEX_POINT ( 'NONE', #1967 ) ;
#5564 = DIRECTION ( 'NONE',  ( 0.000000000000000000, 0.000000000000000000, 1.000000000000000000 ) ) ;
#5565 = VERTEX_POINT ( 'NONE', #3459 ) ;
#5566 = CARTESIAN_POINT ( 'NONE',  ( -0.8809747977378742378, 24.35907445708377139, 18.00000000000000000 ) ) ;
#5567 = DIRECTION ( 'NONE',  ( -1.000000000000000000, 0.000000000000000000, 0.000000000000000000 ) ) ;
#5568 = EDGE_LOOP ( 'NONE', ( #4807, #5316, #4506, #922 ) ) ;
#5569 = CARTESIAN_POINT ( 'NONE',  ( 11.34963067687244198, -21.48685459256756758, 18.27208253284850059 ) ) ;
#5570 = ORIENTED_EDGE ( 'NONE', *, *, #5502, .F. ) ;
#5571 = CARTESIAN_POINT ( 'NONE',  ( -20.48561223297646094, -12.83628904474052490, 18.00000000000000000 ) ) ;
#5572 = ORIENTED_EDGE ( 'NONE', *, *, #3270, .F. ) ;
#5573 = CARTESIAN_POINT ( 'NONE',  ( -10.99055137102643798, 21.19489102498121369, 18.49999999999999645 ) ) ;
#5574 = DIRECTION ( 'NONE',  ( 0.000000000000000000, -1.000000000000000000, 0.000000000000000000 ) ) ;
#5575 = CARTESIAN_POINT ( 'NONE',  ( 21.30380534126281589, -11.51504584269468445, 0.5000000000000004441 ) ) ;
#5576 = AXIS2_PLACEMENT_3D ( 'NONE', #3862, #929, #2807 ) ;
#5577 = VERTEX_POINT ( 'NONE', #968 ) ;
#5578 = CIRCLE ( 'NONE', #3213, 0.7000000000000061728 ) ;
#5579 = DIRECTION ( 'NONE',  ( 1.000000000000000000, 0.000000000000000000, 0.000000000000000000 ) ) ;
#5580 = ORIENTED_EDGE ( 'NONE', *, *, #1571, .T. ) ;
#5581 = DIRECTION ( 'NONE',  ( 1.000000000000000000, 0.000000000000000000, 0.000000000000000000 ) ) ;
#5582 = CIRCLE ( 'NONE', #5887, 0.4999999999999998890 ) ;
#5583 = DIRECTION ( 'NONE',  ( 0.000000000000000000, 0.000000000000000000, 1.000000000000000000 ) ) ;
#5584 = EDGE_CURVE ( 'NONE', #5086, #6092, #3749, .T. ) ;
#5585 = DIRECTION ( 'NONE',  ( 1.000000000000000000, 0.000000000000000000, 0.000000000000000000 ) ) ;
#5586 = CARTESIAN_POINT ( 'NONE',  ( 11.41659059083033334, 21.53606473526128084, 18.07330398571944130 ) ) ;
#5587 = ORIENTED_EDGE ( 'NONE', *, *, #5693, .F. ) ;
#5588 = AXIS2_PLACEMENT_3D ( 'NONE', #3604, #1706, #5567 ) ;
#5589 = CARTESIAN_POINT ( 'NONE',  ( -12.88610359951103668, -20.24920768148109929, 18.50000000000000355 ) ) ;
#5590 = VECTOR ( 'NONE', #6099, 1000.000000000000000 ) ;
#5591 = AXIS2_PLACEMENT_3D ( 'NONE', #6176, #3208, #4295 ) ;
#5592 = CARTESIAN_POINT ( 'NONE',  ( -11.43536433827214971, -21.29580473513706806, 18.27208252806120115 ) ) ;
#5593 = AXIS2_PLACEMENT_3D ( 'NONE', #5034, #1579, #3552 ) ;
#5594 = CARTESIAN_POINT ( 'NONE',  ( 20.70808513007009921, 12.81022953883160653, 18.17948586170149028 ) ) ;
#5595 = AXIS2_PLACEMENT_3D ( 'NONE', #365, #1856, #3350 ) ;
#5596 = CARTESIAN_POINT ( 'NONE',  ( 24.35907445708376429, 0.8809747977378707962, 18.00000000000000000 ) ) ;
#5597 = CARTESIAN_POINT ( 'NONE',  ( -11.32291608346458389, 21.35935851955342457, 0.5000000000000004441 ) ) ;
#5598 = ADVANCED_FACE ( 'NONE', ( #1483 ), #4882, .T. ) ;
#5599 = VECTOR ( 'NONE', #163, 1000.000000000000000 ) ;
#5600 = CIRCLE ( 'NONE', #1473, 7.000000000000000000 ) ;
#5601 = ORIENTED_EDGE ( 'NONE', *, *, #4692, .T. ) ;
#5602 = ORIENTED_EDGE ( 'NONE', *, *, #1775, .T. ) ;
#5603 = DIRECTION ( 'NONE',  ( -1.000000000000000000, 0.000000000000000000, 0.000000000000000000 ) ) ;
#5604 = CIRCLE ( 'NONE', #4876, 23.87500000000000000 ) ;
#5605 = DIRECTION ( 'NONE',  ( -0.5309736936810791619, -0.8473883033289233424, 0.000000000000000000 ) ) ;
#5606 = VERTEX_POINT ( 'NONE', #1353 ) ;
#5607 = FACE_OUTER_BOUND ( 'NONE', #4631, .T. ) ;
#5608 = EDGE_CURVE ( 'NONE', #1071, #361, #2284, .T. ) ;
#5609 = EDGE_CURVE ( 'NONE', #1057, #3586, #2101, .T. ) ;
#5610 = AXIS2_PLACEMENT_3D ( 'NONE', #4999, #5064, #6000 ) ;
#5611 = ORIENTED_EDGE ( 'NONE', *, *, #5758, .F. ) ;
#5612 = CARTESIAN_POINT ( 'NONE',  ( 25.50000000000000355, 0.000000000000000000, 4.874999999999997335 ) ) ;
#5613 = EDGE_LOOP ( 'NONE', ( #5509, #5317, #649, #3539, #5548 ) ) ;
#5614 = DIRECTION ( 'NONE',  ( -0.000000000000000000, -0.000000000000000000, -1.000000000000000000 ) ) ;
#5615 = CARTESIAN_POINT ( 'NONE',  ( 0.7185509287939353396, 24.36494840769810821, 18.09393492550569604 ) ) ;
#5616 = CARTESIAN_POINT ( 'NONE',  ( -24.37500000000000000, 2.704757084947590219E-14, 18.00000000000000000 ) ) ;
#5617 = FACE_OUTER_BOUND ( 'NONE', #713, .T. ) ;
#5618 = DIRECTION ( 'NONE',  ( -0.000000000000000000, -0.000000000000000000, -1.000000000000000000 ) ) ;
#5619 = ORIENTED_EDGE ( 'NONE', *, *, #6342, .F. ) ;
#5620 = CARTESIAN_POINT ( 'NONE',  ( 24.37500000000000000, -2.406249427655413829E-14, 18.50000000000000000 ) ) ;
#5621 = VECTOR ( 'NONE', #3482, 1000.000000000000000 ) ;
#5622 = CARTESIAN_POINT ( 'NONE',  ( 36.91329245127126768, 0.4210392830423085320, 4.901711494820609083 ) ) ;
#5623 = FACE_OUTER_BOUND ( 'NONE', #813, .T. ) ;
#5624 = DIRECTION ( 'NONE',  ( 1.000000000000000000, -6.443258625056703590E-14, 0.000000000000000000 ) ) ;
#5625 = ORIENTED_EDGE ( 'NONE', *, *, #3987, .T. ) ;
#5626 =( NAMED_UNIT ( * ) SI_UNIT ( $, .STERADIAN. ) SOLID_ANGLE_UNIT ( ) );
#5627 = AXIS2_PLACEMENT_3D ( 'NONE', #4393, #5310, #521 ) ;
#5628 = EDGE_CURVE ( 'NONE', #4096, #6249, #4058, .T. ) ;
#5629 = DIRECTION ( 'NONE',  ( -1.000000000000000000, 0.000000000000000000, 0.000000000000000000 ) ) ;
#5630 = CARTESIAN_POINT ( 'NONE',  ( 24.85874777928036394, 0.8990460756401865705, 0.000000000000000000 ) ) ;
#5631 = CARTESIAN_POINT ( 'NONE',  ( -1.035089232235236967, -23.97938005842553366, 18.50000000000000355 ) ) ;
#5632 = CIRCLE ( 'NONE', #5320, 0.2000000000000040079 ) ;
#5633 = CARTESIAN_POINT ( 'NONE',  ( 21.45978020622680660, -11.31361425370673857, 18.32606194987845427 ) ) ;
#5634 = ORIENTED_EDGE ( 'NONE', *, *, #3022, .T. ) ;
#5635 = AXIS2_PLACEMENT_3D ( 'NONE', #1511, #1642, #577 ) ;
#5636 = EDGE_CURVE ( 'NONE', #3184, #3505, #580, .T. ) ;
#5637 = CARTESIAN_POINT ( 'NONE',  ( 0.000000000000000000, 0.000000000000000000, 18.50000000000000000 ) ) ;
#5638 = DIRECTION ( 'NONE',  ( 0.000000000000000000, 0.000000000000000000, 1.000000000000000000 ) ) ;
#5639 = VERTEX_POINT ( 'NONE', #5575 ) ;
#5640 = CIRCLE ( 'NONE', #4599, 0.7000000000000061728 ) ;
#5641 = CARTESIAN_POINT ( 'NONE',  ( 11.19077787638121180, -21.36417773346515503, 18.45554555356761028 ) ) ;
#5642 = ORIENTED_EDGE ( 'NONE', *, *, #28, .F. ) ;
#5643 = EDGE_CURVE ( 'NONE', #3191, #1633, #4260, .T. ) ;
#5644 = DIRECTION ( 'NONE',  ( -1.000000000000000000, 0.000000000000000000, 0.000000000000000000 ) ) ;
#5645 = ORIENTED_EDGE ( 'NONE', *, *, #3199, .F. ) ;
#5646 = TOROIDAL_SURFACE ( 'NONE', #2968, 1.200000000000001510, 0.5000000000000000000 ) ;
#5647 = EDGE_CURVE ( 'NONE', #2256, #4276, #961, .T. ) ;
#5648 = DIRECTION ( 'NONE',  ( 0.000000000000000000, 0.000000000000000000, 1.000000000000000000 ) ) ;
#5649 = DIRECTION ( 'NONE',  ( 0.000000000000000000, -1.000000000000000000, 0.000000000000000000 ) ) ;
#5650 = DIRECTION ( 'NONE',  ( 1.000000000000000000, 0.000000000000000000, 0.000000000000000000 ) ) ;
#5651 = CIRCLE ( 'NONE', #5955, 0.5000000000000004441 ) ;
#5652 = FACE_OUTER_BOUND ( 'NONE', #2357, .T. ) ;
#5653 = ORIENTED_EDGE ( 'NONE', *, *, #636, .F. ) ;
#5654 = DIRECTION ( 'NONE',  ( 1.000000000000000000, 0.000000000000000000, 0.000000000000000000 ) ) ;
#5655 = FACE_OUTER_BOUND ( 'NONE', #1976, .T. ) ;
#5656 = DIRECTION ( 'NONE',  ( 0.000000000000000000, 0.000000000000000000, 1.000000000000000000 ) ) ;
#5657 = DIRECTION ( 'NONE',  ( 0.4683729507120808488, 0.8835308591335442330, 0.000000000000000000 ) ) ;
#5658 = ORIENTED_EDGE ( 'NONE', *, *, #1422, .T. ) ;
#5659 = DIRECTION ( 'NONE',  ( -0.7071067811865473507, -0.7071067811865477948, 0.000000000000000000 ) ) ;
#5660 = CARTESIAN_POINT ( 'NONE',  ( -25.62500000000000355, 3.138157422815092905E-15, -0.5000000000000000000 ) ) ;
#5661 = CARTESIAN_POINT ( 'NONE',  ( -21.37194197594381961, -11.20044614766066537, 18.44971682622087172 ) ) ;
#5662 = ORIENTED_EDGE ( 'NONE', *, *, #1934, .T. ) ;
#5663 = CARTESIAN_POINT ( 'NONE',  ( -12.18749999999998401, 21.10936921724570325, 0.000000000000000000 ) ) ;
#5664 = LINE ( 'NONE', #1242, #5188 ) ;
#5665 = ORIENTED_EDGE ( 'NONE', *, *, #5234, .F. ) ;
#5666 = CARTESIAN_POINT ( 'NONE',  ( -12.69211370146487283, -20.62422489614738552, 18.00000000000000000 ) ) ;
#5667 = VERTEX_POINT ( 'NONE', #3585 ) ;
#5668 = ORIENTED_EDGE ( 'NONE', *, *, #19, .F. ) ;
#5669 = CARTESIAN_POINT ( 'NONE',  ( 24.15920512820513366, -0.8737462865769658471, 0.5000000000000004441 ) ) ;
#5670 = DIRECTION ( 'NONE',  ( 0.000000000000000000, 0.000000000000000000, 1.000000000000000000 ) ) ;
#5671 = DIRECTION ( 'NONE',  ( 0.000000000000000000, 0.000000000000000000, 1.000000000000000000 ) ) ;
#5672 = EDGE_CURVE ( 'NONE', #3505, #5762, #240, .T. ) ;
#5673 = EDGE_CURVE ( 'NONE', #4344, #4081, #1796, .T. ) ;
#5674 = DIRECTION ( 'NONE',  ( 0.6930633158547533368, -0.7208767163783379450, 0.000000000000000000 ) ) ;
#5675 = EDGE_CURVE ( 'NONE', #5577, #4248, #1896, .T. ) ;
#5676 = CYLINDRICAL_SURFACE ( 'NONE', #5681, 0.2000000000000077827 ) ;
#5677 = VERTEX_POINT ( 'NONE', #1545 ) ;
#5678 = LINE ( 'NONE', #6197, #6246 ) ;
#5679 = CARTESIAN_POINT ( 'NONE',  ( -23.97438332875069378, 1.036802741164140063, 18.49999999999999645 ) ) ;
#5680 = CARTESIAN_POINT ( 'NONE',  ( -12.79451998428732651, 20.36811947315375448, 18.45554554181468632 ) ) ;
#5681 = AXIS2_PLACEMENT_3D ( 'NONE', #6101, #718, #3743 ) ;
#5682 = DIRECTION ( 'NONE',  ( -0.000000000000000000, -0.000000000000000000, -1.000000000000000000 ) ) ;
#5683 = VERTEX_POINT ( 'NONE', #2522 ) ;
#5684 = CIRCLE ( 'NONE', #1043, 26.12500000000000355 ) ;
#5685 = ADVANCED_FACE ( 'NONE', ( #2131 ), #6114, .F. ) ;
#5686 = CARTESIAN_POINT ( 'NONE',  ( 21.53606473526127729, 11.41659059083033512, 18.07330398571939867 ) ) ;
#5687 = DIRECTION ( 'NONE',  ( 0.000000000000000000, 0.000000000000000000, 1.000000000000000000 ) ) ;
#5688 = CARTESIAN_POINT ( 'NONE',  ( -0.9086991660284281513, -24.29835810325142020, 18.26997308932349284 ) ) ;
#5689 = TOROIDAL_SURFACE ( 'NONE', #2598, 0.7000000000000058398, 0.5000000000000000000 ) ;
#5690 = DIRECTION ( 'NONE',  ( 1.000000000000000000, 8.673617379883787770E-15, 0.000000000000000000 ) ) ;
#5691 = CIRCLE ( 'NONE', #3016, 0.2000000000000057288 ) ;
#5692 = ORIENTED_EDGE ( 'NONE', *, *, #5977, .T. ) ;
#5693 = EDGE_CURVE ( 'NONE', #6270, #56, #863, .T. ) ;
#5694 = DIRECTION ( 'NONE',  ( -0.000000000000000000, -0.000000000000000000, -1.000000000000000000 ) ) ;
#5695 = ORIENTED_EDGE ( 'NONE', *, *, #2432, .F. ) ;
#5696 = CARTESIAN_POINT ( 'NONE',  ( 0.8990460756401799092, -24.85874777928036394, 0.5000000000000000000 ) ) ;
#5697 = CIRCLE ( 'NONE', #23, 23.87500000000000355 ) ;
#5698 = ORIENTED_EDGE ( 'NONE', *, *, #1735, .F. ) ;
#5699 = AXIS2_PLACEMENT_3D ( 'NONE', #5433, #5365, #3435 ) ;
#5700 = DIRECTION ( 'NONE',  ( 1.000000000000000000, 4.336808689942043768E-15, 0.000000000000000000 ) ) ;
#5701 = EDGE_LOOP ( 'NONE', ( #5401, #5976, #906 ) ) ;
#5702 = CIRCLE ( 'NONE', #555, 0.2000000000000005107 ) ;
#5703 = EDGE_CURVE ( 'NONE', #1567, #707, #2310, .T. ) ;
#5704 = ORIENTED_EDGE ( 'NONE', *, *, #2790, .F. ) ;
#5705 = CARTESIAN_POINT ( 'NONE',  ( 0.9861000903781769189, -24.10886775320467734, 18.44971682622087883 ) ) ;
#5706 = DIRECTION ( 'NONE',  ( 1.000000000000000000, 0.000000000000000000, 0.000000000000000000 ) ) ;
#5707 = DIRECTION ( 'NONE',  ( 1.000000000000000000, -7.105427357600988448E-15, 0.000000000000000000 ) ) ;
#5708 = AXIS2_PLACEMENT_3D ( 'NONE', #2229, #5671, #4162 ) ;
#5709 = DIRECTION ( 'NONE',  ( 1.000000000000000000, 0.000000000000000000, 0.000000000000000000 ) ) ;
#5710 = CARTESIAN_POINT ( 'NONE',  ( -11.32291608346460521, -21.35935851955340681, 0.000000000000000000 ) ) ;
#5711 = ORIENTED_EDGE ( 'NONE', *, *, #1338, .F. ) ;
#5712 = EDGE_CURVE ( 'NONE', #4737, #5308, #4568, .T. ) ;
#5713 = DIRECTION ( 'NONE',  ( 0.000000000000000000, 0.000000000000000000, 1.000000000000000000 ) ) ;
#5714 = ADVANCED_FACE ( 'NONE', ( #2482 ), #5547, .F. ) ;
#5715 =( BOUNDED_SURFACE ( )  B_SPLINE_SURFACE ( 3, 2, ( 
 ( #4411, #1965, #1481 ),
 ( #3365, #406, #6320 ),
 ( #4122, #2644, #1578 ),
 ( #2160, #6029, #1092 ),
 ( #6063, #2520, #5967 ),
 ( #5546, #4094, #3096 ),
 ( #5996, #545, #3612 ),
 ( #3551, #150, #579 ) ),
 .UNSPECIFIED., .F., .F., .T. ) 
 B_SPLINE_SURFACE_WITH_KNOTS ( ( 4, 2, 2, 4 ),
 ( 3, 3 ),
 ( 0.000000000000000000, 0.0001311096522626862399, 0.0002622193045253724797, 0.0005244386090507449595 ),
 ( 0.000000000000000000, 1.000000000000000000 ),
 .UNSPECIFIED. ) 
 GEOMETRIC_REPRESENTATION_ITEM ( )  RATIONAL_B_SPLINE_SURFACE ( (
 ( 1.000000000000000000, 0.7760564330438622926, 1.000000000000000000),
 ( 1.000000000000000000, 0.7754047934802865694, 1.000000000000000000),
 ( 1.000000000000000000, 0.7971915883079622178, 1.000000000000000000),
 ( 1.000000000000000000, 0.8534865031514483613, 1.000000000000000000),
 ( 1.000000000000000000, 0.8868869947387639785, 1.000000000000000000),
 ( 1.000000000000000000, 0.9695438062023739034, 1.000000000000000000),
 ( 1.000000000000000000, 1.001548216897278687, 1.000000000000000000),
 ( 1.000000000000000000, 1.000000000000000000, 1.000000000000000000) ) ) 
 REPRESENTATION_ITEM ( '' )  SURFACE ( )  );
#5716 = DIRECTION ( 'NONE',  ( 0.03614255580462647638, 0.9993466443931802168, 0.000000000000000000 ) ) ;
#5717 = CARTESIAN_POINT ( 'NONE',  ( -12.69211370146484086, 20.62422489614739263, 18.00000000000000000 ) ) ;
#5718 = CARTESIAN_POINT ( 'NONE',  ( -0.6795804279942098125, -24.20715947483622443, 18.07330398227686175 ) ) ;
#5719 = ORIENTED_EDGE ( 'NONE', *, *, #1064, .T. ) ;
#5720 = FACE_OUTER_BOUND ( 'NONE', #606, .T. ) ;
#5721 = ORIENTED_EDGE ( 'NONE', *, *, #3395, .T. ) ;
#5722 = AXIS2_PLACEMENT_3D ( 'NONE', #5160, #1714, #4763 ) ;
#5723 = DIRECTION ( 'NONE',  ( -0.000000000000000000, -0.000000000000000000, -1.000000000000000000 ) ) ;
#5724 = DIRECTION ( 'NONE',  ( -0.5309736936810949270, -0.8473883033289135724, 0.000000000000000000 ) ) ;
#5725 = DIRECTION ( 'NONE',  ( -0.000000000000000000, -0.000000000000000000, -1.000000000000000000 ) ) ;
#5726 = ADVANCED_FACE ( 'NONE', ( #1093, #612 ), #4575, .T. ) ;
#5727 = CIRCLE ( 'NONE', #984, 0.2000000000000022593 ) ;
#5728 = VERTEX_POINT ( 'NONE', #54 ) ;
#5729 = VECTOR ( 'NONE', #720, 1000.000000000000000 ) ;
#5730 = DIRECTION ( 'NONE',  ( 1.000000000000000000, 0.000000000000000000, 0.000000000000000000 ) ) ;
#5731 = FACE_OUTER_BOUND ( 'NONE', #1301, .T. ) ;
#5732 = ORIENTED_EDGE ( 'NONE', *, *, #2955, .F. ) ;
#5733 = AXIS2_PLACEMENT_3D ( 'NONE', #3257, #802, #6131 ) ;
#5734 = ORIENTED_EDGE ( 'NONE', *, *, #5243, .T. ) ;
#5735 = VERTEX_POINT ( 'NONE', #2035 ) ;
#5736 = CARTESIAN_POINT ( 'NONE',  ( 12.83628904474054444, 20.48561223297643963, 18.00000000000000000 ) ) ;
#5737 = AXIS2_PLACEMENT_3D ( 'NONE', #4851, #3886, #2438 ) ;
#5738 = DIRECTION ( 'NONE',  ( -0.000000000000000000, -0.000000000000000000, -1.000000000000000000 ) ) ;
#5739 = DIRECTION ( 'NONE',  ( -0.000000000000000000, -0.000000000000000000, -1.000000000000000000 ) ) ;
#5740 = CIRCLE ( 'NONE', #2962, 24.37500000000000000 ) ;
#5741 = CARTESIAN_POINT ( 'NONE',  ( 0.000000000000000000, 0.000000000000000000, 0.5000000000000004441 ) ) ;
#5742 = ORIENTED_EDGE ( 'NONE', *, *, #6097, .T. ) ;
#5743 = CARTESIAN_POINT ( 'NONE',  ( -20.11554220139738902, 12.86003837256330939, 18.50000000000000000 ) ) ;
#5744 = CARTESIAN_POINT ( 'NONE',  ( 0.8990460756402148812, 24.85874777928036394, 0.5000000000000004441 ) ) ;
#5745 = FACE_OUTER_BOUND ( 'NONE', #3986, .T. ) ;
#5746 = CARTESIAN_POINT ( 'NONE',  ( -20.48561223297645384, -12.83628904474053023, 0.000000000000000000 ) ) ;
#5747 = VERTEX_POINT ( 'NONE', #3739 ) ;
#5748 = EDGE_CURVE ( 'NONE', #1181, #1221, #4263, .T. ) ;
#5749 = EDGE_CURVE ( 'NONE', #1633, #3189, #6133, .T. ) ;
#5750 = CARTESIAN_POINT ( 'NONE',  ( -24.20715954415954485, 0.6795804451154464632, 18.13682064111326753 ) ) ;
#5751 =( BOUNDED_SURFACE ( )  B_SPLINE_SURFACE ( 3, 2, ( 
 ( #2843, #4903, #1907 ),
 ( #5772, #966, #4803 ),
 ( #1446, #1869, #5838 ),
 ( #407, #379, #2355 ),
 ( #3834, #4867, #480 ),
 ( #2454, #1841, #5804 ),
 ( #1386, #3366, #6381 ),
 ( #1419, #6263, #902 ) ),
 .UNSPECIFIED., .F., .F., .F. ) 
 B_SPLINE_SURFACE_WITH_KNOTS ( ( 4, 2, 2, 4 ),
 ( 3, 3 ),
 ( 0.000000000000000000, 0.0001311096522626896822, 0.0002622193045253793644, 0.0005244386090507587288 ),
 ( 0.000000000000000000, 1.000000000000000000 ),
 .UNSPECIFIED. ) 
 GEOMETRIC_REPRESENTATION_ITEM ( )  RATIONAL_B_SPLINE_SURFACE ( (
 ( 1.000000000000000000, 0.7760564330438588510, 1.000000000000000000),
 ( 1.000000000000000000, 0.7754047934803103281, 1.000000000000000000),
 ( 1.000000000000000000, 0.7971915883079283560, 1.000000000000000000),
 ( 1.000000000000000000, 0.8534865031514777822, 1.000000000000000000),
 ( 1.000000000000000000, 0.8868869947388591246, 1.000000000000000000),
 ( 1.000000000000000000, 0.9695438062021889403, 1.000000000000000000),
 ( 1.000000000000000000, 1.001548216897414578, 1.000000000000000000),
 ( 1.000000000000000000, 1.000000000000000000, 1.000000000000000000) ) ) 
 REPRESENTATION_ITEM ( '' )  SURFACE ( )  );
#5752 = ORIENTED_EDGE ( 'NONE', *, *, #1290, .F. ) ;
#5753 = CARTESIAN_POINT ( 'NONE',  ( 36.94112549695543635, 1.394261440736957444E-13, 4.874999999998889777 ) ) ;
#5754 = CARTESIAN_POINT ( 'NONE',  ( 11.41659067360699531, -21.53606469138012613, 18.13788111813277126 ) ) ;
#5755 = CARTESIAN_POINT ( 'NONE',  ( 20.25059063300642848, -12.88637327980683267, 18.50000000000000000 ) ) ;
#5756 = EDGE_CURVE ( 'NONE', #419, #1104, #3139, .T. ) ;
#5757 = EDGE_LOOP ( 'NONE', ( #5721, #3121, #568, #5450 ) ) ;
#5758 = EDGE_CURVE ( 'NONE', #4382, #4433, #4989, .T. ) ;
#5759 = DIRECTION ( 'NONE',  ( 1.000000000000000000, 0.000000000000000000, 0.000000000000000000 ) ) ;
#5760 = DIRECTION ( 'NONE',  ( 1.000000000000000000, 0.000000000000000000, 0.000000000000000000 ) ) ;
#5761 = FACE_OUTER_BOUND ( 'NONE', #4089, .T. ) ;
#5762 = VERTEX_POINT ( 'NONE', #4675 ) ;
#5763 = ORIENTED_EDGE ( 'NONE', *, *, #6332, .T. ) ;
#5764 = ORIENTED_EDGE ( 'NONE', *, *, #3927, .F. ) ;
#5765 = CARTESIAN_POINT ( 'NONE',  ( -21.30380534126280878, 11.51504584269469866, 18.00000000000000000 ) ) ;
#5766 = CARTESIAN_POINT ( 'NONE',  ( -24.35907445708376429, -0.8809747977378823425, 18.13788913655712065 ) ) ;
#5767 = CARTESIAN_POINT ( 'NONE',  ( -20.74138881856664085, 12.80475756209767724, 18.09393492550590921 ) ) ;
#5768 = ORIENTED_EDGE ( 'NONE', *, *, #4757, .T. ) ;
#5769 = CYLINDRICAL_SURFACE ( 'NONE', #271, 0.2000000000000091982 ) ;
#5770 = EDGE_CURVE ( 'NONE', #1851, #2832, #4777, .T. ) ;
#5771 = DIRECTION ( 'NONE',  ( 0.9993466443931803278, -0.03614255580462648332, 3.409059956091249463E-17 ) ) ;
#5772 = CARTESIAN_POINT ( 'NONE',  ( -21.30380527266652990, -11.51504582286045419, 18.07330398227676937 ) ) ;
#5773 = CARTESIAN_POINT ( 'NONE',  ( -12.79451998428759829, -20.36811947315372251, 18.45554554181483198 ) ) ;
#5774 = EDGE_LOOP ( 'NONE', ( #3377, #4486, #172, #5886 ) ) ;
#5775 = ORIENTED_EDGE ( 'NONE', *, *, #821, .F. ) ;
#5776 = EDGE_CURVE ( 'NONE', #188, #169, #2002, .T. ) ;
#5777 = CARTESIAN_POINT ( 'NONE',  ( -0.8737462865769576315, 24.15920512820513011, 0.5000000000000004441 ) ) ;
#5778 = CARTESIAN_POINT ( 'NONE',  ( 0.000000000000000000, 0.000000000000000000, 0.5000000000000004441 ) ) ;
#5779 = DIRECTION ( 'NONE',  ( 1.000000000000000000, 0.000000000000000000, 0.000000000000000000 ) ) ;
#5780 = ORIENTED_EDGE ( 'NONE', *, *, #3405, .F. ) ;
#5781 =( BOUNDED_SURFACE ( )  B_SPLINE_SURFACE ( 3, 2, ( 
 ( #3600, #73, #627 ),
 ( #1142, #3113, #3629 ),
 ( #3668, #4111, #1178 ),
 ( #5116, #698, #4624 ),
 ( #5633, #3017, #4986 ),
 ( #4012, #5982, #1559 ),
 ( #296, #3757, #2244 ),
 ( #6148, #5180, #1274 ) ),
 .UNSPECIFIED., .F., .F., .T. ) 
 B_SPLINE_SURFACE_WITH_KNOTS ( ( 4, 2, 2, 4 ),
 ( 3, 3 ),
 ( 0.000000000000000000, 0.0001311096522626877849, 0.0002622193045253755697, 0.0005244386090507511394 ),
 ( 0.000000000000000000, 1.000000000000000000 ),
 .UNSPECIFIED. ) 
 GEOMETRIC_REPRESENTATION_ITEM ( )  RATIONAL_B_SPLINE_SURFACE ( (
 ( 1.000000000000000000, 0.7760564330438608494, 1.000000000000000000),
 ( 1.000000000000000000, 0.7754047934803235398, 1.000000000000000000),
 ( 1.000000000000000000, 0.7971915883079188081, 1.000000000000000000),
 ( 1.000000000000000000, 0.8534865031514868861, 1.000000000000000000),
 ( 1.000000000000000000, 0.8868869947388331454, 1.000000000000000000),
 ( 1.000000000000000000, 0.9695438062022421200, 1.000000000000000000),
 ( 1.000000000000000000, 1.001548216897376387, 1.000000000000000000),
 ( 1.000000000000000000, 1.000000000000000000, 1.000000000000000000) ) ) 
 REPRESENTATION_ITEM ( '' )  SURFACE ( )  );
#5782 = AXIS2_PLACEMENT_3D ( 'NONE', #3061, #1120, #82 ) ;
#5783 = DIRECTION ( 'NONE',  ( -1.000000000000000000, 0.000000000000000000, 0.000000000000000000 ) ) ;
#5784 = CIRCLE ( 'NONE', #3725, 24.87500000000000000 ) ;
#5785 = CARTESIAN_POINT ( 'NONE',  ( 0.000000000000000000, 0.000000000000000000, -0.5000000000000000000 ) ) ;
#5786 = CARTESIAN_POINT ( 'NONE',  ( -20.48561223297644673, 12.83628904474054622, 0.5000000000000004441 ) ) ;
#5787 = CIRCLE ( 'NONE', #3221, 0.1999999999999987899 ) ;
#5788 = EDGE_CURVE ( 'NONE', #4096, #3599, #5061, .T. ) ;
#5789 = VECTOR ( 'NONE', #4436, 1000.000000000000000 ) ;
#5790 = AXIS2_PLACEMENT_3D ( 'NONE', #5389, #3331, #4315 ) ;
#5791 = AXIS2_PLACEMENT_3D ( 'NONE', #383, #5068, #1127 ) ;
#5792 = CIRCLE ( 'NONE', #1261, 0.2000000000000057288 ) ;
#5793 = VERTEX_POINT ( 'NONE', #1253 ) ;
#5794 = ORIENTED_EDGE ( 'NONE', *, *, #6341, .F. ) ;
#5795 = AXIS2_PLACEMENT_3D ( 'NONE', #1051, #5510, #3453 ) ;
#5796 = DIRECTION ( 'NONE',  ( 1.000000000000000000, 0.000000000000000000, 0.000000000000000000 ) ) ;
#5797 = FACE_OUTER_BOUND ( 'NONE', #2582, .T. ) ;
#5798 = EDGE_CURVE ( 'NONE', #476, #4528, #5162, .T. ) ;
#5799 = AXIS2_PLACEMENT_3D ( 'NONE', #4211, #6271, #6211 ) ;
#5800 = CARTESIAN_POINT ( 'NONE',  ( 36.06244584051393076, -2.121320343559637056, 10.29469496883574742 ) ) ;
#5801 = ORIENTED_EDGE ( 'NONE', *, *, #4824, .T. ) ;
#5802 = DIRECTION ( 'NONE',  ( -0.000000000000000000, -0.000000000000000000, -1.000000000000000000 ) ) ;
#5803 = CARTESIAN_POINT ( 'NONE',  ( 33.94112549695428527, 0.000000000000000000, 19.24999999999998934 ) ) ;
#5804 = CARTESIAN_POINT ( 'NONE',  ( -21.36417773346529003, -11.19077787638165589, 18.45554555356731186 ) ) ;
#5805 = AXIS2_PLACEMENT_3D ( 'NONE', #3518, #3964, #4509 ) ;
#5806 = CARTESIAN_POINT ( 'NONE',  ( -12.88508917693700084, -20.24402363218237966, 18.50000000000000000 ) ) ;
#5807 = ORIENTED_EDGE ( 'NONE', *, *, #1613, .T. ) ;
#5808 = AXIS2_PLACEMENT_3D ( 'NONE', #472, #4403, #3357 ) ;
#5809 = CARTESIAN_POINT ( 'NONE',  ( 12.74187277952941244, -20.51089085741969242, 18.32606195575475638 ) ) ;
#5810 = EDGE_LOOP ( 'NONE', ( #5875, #3522, #209, #5254 ) ) ;
#5811 = CARTESIAN_POINT ( 'NONE',  ( 12.94248386286735020, 20.65508984389606439, 18.07330398571938446 ) ) ;
#5812 = CARTESIAN_POINT ( 'NONE',  ( 20.62422489614738197, -12.69211370146487461, 18.00000000000000000 ) ) ;
#5813 = CARTESIAN_POINT ( 'NONE',  ( 1.079348823583825334, 23.85058974358974382, 18.50000000000000000 ) ) ;
#5814 = CARTESIAN_POINT ( 'NONE',  ( 24.03656888321114593, -0.8963195990437280436, 18.45554554181479290 ) ) ;
#5815 = VERTEX_POINT ( 'NONE', #1747 ) ;
#5816 = DIRECTION ( 'NONE',  ( -0.000000000000000000, -0.000000000000000000, -1.000000000000000000 ) ) ;
#5817 = CARTESIAN_POINT ( 'NONE',  ( 20.48561223297645029, 12.83628904474053734, 18.50000000000000000 ) ) ;
#5818 = CARTESIAN_POINT ( 'NONE',  ( -12.18749999999998401, 21.10936921724570325, 18.50000000000000000 ) ) ;
#5819 = DIRECTION ( 'NONE',  ( 1.000000000000000000, 0.000000000000000000, 0.000000000000000000 ) ) ;
#5820 = AXIS2_PLACEMENT_3D ( 'NONE', #2677, #991, #4431 ) ;
#5821 = DIRECTION ( 'NONE',  ( -0.000000000000000000, -0.000000000000000000, -1.000000000000000000 ) ) ;
#5822 = EDGE_CURVE ( 'NONE', #4528, #5728, #1716, .T. ) ;
#5823 = EDGE_CURVE ( 'NONE', #1641, #2929, #664, .T. ) ;
#5824 = AXIS2_PLACEMENT_3D ( 'NONE', #2467, #2437, #1432 ) ;
#5825 = ORIENTED_EDGE ( 'NONE', *, *, #6082, .T. ) ;
#5826 = ORIENTED_EDGE ( 'NONE', *, *, #616, .F. ) ;
#5827 = CARTESIAN_POINT ( 'NONE',  ( -21.26694261329554791, 11.25378883326026624, 18.45003803226556727 ) ) ;
#5828 = DIRECTION ( 'NONE',  ( 0.000000000000000000, 0.000000000000000000, 1.000000000000000000 ) ) ;
#5829 = CIRCLE ( 'NONE', #2028, 0.7000000000000015099 ) ;
#5830 = CARTESIAN_POINT ( 'NONE',  ( -20.51089085741969242, 12.74187277952939112, 18.32606195575471375 ) ) ;
#5831 = ADVANCED_FACE ( 'NONE', ( #5227 ), #804, .F. ) ;
#5832 = EDGE_CURVE ( 'NONE', #5565, #4837, #3194, .T. ) ;
#5833 = DIRECTION ( 'NONE',  ( 0.000000000000000000, 0.000000000000000000, -1.000000000000000000 ) ) ;
#5834 = ORIENTED_EDGE ( 'NONE', *, *, #6306, .F. ) ;
#5835 = CIRCLE ( 'NONE', #3684, 26.12500000000000355 ) ;
#5836 = CARTESIAN_POINT ( 'NONE',  ( 21.35935851955342102, -11.32291608346458922, 18.50000000000000000 ) ) ;
#5837 = FACE_OUTER_BOUND ( 'NONE', #6061, .T. ) ;
#5838 = CARTESIAN_POINT ( 'NONE',  ( -21.52511365561559487, -11.40134118055112289, 18.14610353506309792 ) ) ;
#5839 = CARTESIAN_POINT ( 'NONE',  ( -12.94248378347677608, -20.65508989364220938, 18.00000000000000000 ) ) ;
#5840 = EDGE_LOOP ( 'NONE', ( #4642, #3241, #9, #5272 ) ) ;
#5841 = TOROIDAL_SURFACE ( 'NONE', #1410, 24.87500000000000355, 0.5000000000000000000 ) ;
#5842 = CARTESIAN_POINT ( 'NONE',  ( 12.94248378347673878, -20.65508989364223780, 18.00000000000000000 ) ) ;
#5843 = ORIENTED_EDGE ( 'NONE', *, *, #2241, .T. ) ;
#5844 = DIRECTION ( 'NONE',  ( 0.000000000000000000, 0.000000000000000000, -1.000000000000000000 ) ) ;
#5845 = CIRCLE ( 'NONE', #487, 0.4999999999999988898 ) ;
#5846 = CARTESIAN_POINT ( 'NONE',  ( 21.28522193946021801, -11.09433928992345031, 18.50000000000000355 ) ) ;
#5847 = CARTESIAN_POINT ( 'NONE',  ( 1.034631306459087519, 23.98071256972637855, 18.50000000000000000 ) ) ;
#5848 = DIRECTION ( 'NONE',  ( 1.000000000000000000, 0.000000000000000000, 0.000000000000000000 ) ) ;
#5849 = ORIENTED_EDGE ( 'NONE', *, *, #1657, .F. ) ;
#5850 = CARTESIAN_POINT ( 'NONE',  ( 12.69211370146486750, 20.62422489614739263, 18.00000000000000000 ) ) ;
#5851 = CARTESIAN_POINT ( 'NONE',  ( -11.41659067360704150, -21.53606469138010482, 18.50000000000000000 ) ) ;
#5852 = DIRECTION ( 'NONE',  ( 1.000000000000000000, 0.000000000000000000, 0.000000000000000000 ) ) ;
#5853 = DIRECTION ( 'NONE',  ( 0.000000000000000000, 0.000000000000000000, 1.000000000000000000 ) ) ;
#5854 = CARTESIAN_POINT ( 'NONE',  ( 21.53606469138012613, 11.41659067360700064, 18.00000000000000000 ) ) ;
#5855 = ORIENTED_EDGE ( 'NONE', *, *, #5920, .T. ) ;
#5856 = EDGE_CURVE ( 'NONE', #3911, #646, #1381, .T. ) ;
#5857 = DIRECTION ( 'NONE',  ( -0.000000000000000000, -0.000000000000000000, -1.000000000000000000 ) ) ;
#5858 = DIRECTION ( 'NONE',  ( 0.000000000000000000, 0.000000000000000000, -1.000000000000000000 ) ) ;
#5859 = ORIENTED_EDGE ( 'NONE', *, *, #28, .T. ) ;
#5860 = DIRECTION ( 'NONE',  ( -0.000000000000000000, -0.000000000000000000, -1.000000000000000000 ) ) ;
#5861 = EDGE_CURVE ( 'NONE', #5092, #3391, #3658, .T. ) ;
#5862 = DIRECTION ( 'NONE',  ( -1.000000000000000000, 0.000000000000000000, 0.000000000000000000 ) ) ;
#5863 = ORIENTED_EDGE ( 'NONE', *, *, #3271, .F. ) ;
#5864 = CARTESIAN_POINT ( 'NONE',  ( -24.35907445708376429, -0.8809747977378658002, 18.50000000000000000 ) ) ;
#5865 = FACE_BOUND ( 'NONE', #22, .T. ) ;
#5866 = LINE ( 'NONE', #3776, #535 ) ;
#5867 = EDGE_CURVE ( 'NONE', #2249, #4837, #2816, .T. ) ;
#5868 = CARTESIAN_POINT ( 'NONE',  ( 21.29999642732219201, -11.45194477367955166, 18.26915352020174410 ) ) ;
#5869 = ORIENTED_EDGE ( 'NONE', *, *, #2166, .T. ) ;
#5870 = CARTESIAN_POINT ( 'NONE',  ( 21.19489102498121014, 10.99055137102643975, 18.49999999999999645 ) ) ;
#5871 = VERTEX_POINT ( 'NONE', #4197 ) ;
#5872 = DIRECTION ( 'NONE',  ( 1.000000000000000000, 3.469446951953515108E-14, 0.000000000000000000 ) ) ;
#5873 = FACE_OUTER_BOUND ( 'NONE', #1943, .T. ) ;
#5874 = CARTESIAN_POINT ( 'NONE',  ( 12.18750000000001776, 21.10936921724568194, 0.5000000000000004441 ) ) ;
#5875 = ORIENTED_EDGE ( 'NONE', *, *, #5749, .T. ) ;
#5876 = CARTESIAN_POINT ( 'NONE',  ( 24.19707470663169957, -0.6944764848610921470, 18.14610353985112567 ) ) ;
#5877 = EDGE_CURVE ( 'NONE', #75, #5457, #676, .T. ) ;
#5878 = ORIENTED_EDGE ( 'NONE', *, *, #108, .T. ) ;
#5879 = CARTESIAN_POINT ( 'NONE',  ( 11.25381541919760409, -21.26694784793046722, 18.45002166485600625 ) ) ;
#5880 = CARTESIAN_POINT ( 'NONE',  ( -21.10936921724570681, -12.18749999999998046, 18.00000000000000000 ) ) ;
#5881 = CARTESIAN_POINT ( 'NONE',  ( 21.19489102498121014, 10.99055137102643975, 18.50000000000000000 ) ) ;
#5882 = CARTESIAN_POINT ( 'NONE',  ( 24.16039006379756415, 0.7445863490942528085, 18.27208252806133615 ) ) ;
#5883 = DIRECTION ( 'NONE',  ( 0.9993466443931801058, 0.03614255580463037604, 0.000000000000000000 ) ) ;
#5884 = AXIS2_PLACEMENT_3D ( 'NONE', #3390, #1440, #5350 ) ;
#5885 = CIRCLE ( 'NONE', #111, 0.5000000000000000000 ) ;
#5886 = ORIENTED_EDGE ( 'NONE', *, *, #1766, .F. ) ;
#5887 = AXIS2_PLACEMENT_3D ( 'NONE', #1038, #3379, #5341 ) ;
#5888 = CARTESIAN_POINT ( 'NONE',  ( -12.18750000000002309, -21.10936921724567839, 18.00000000000000000 ) ) ;
#5889 = CARTESIAN_POINT ( 'NONE',  ( 36.51537760445545899, 1.551665424877595845, 10.71866849930188970 ) ) ;
#5890 = ORIENTED_EDGE ( 'NONE', *, *, #251, .F. ) ;
#5891 = TOROIDAL_SURFACE ( 'NONE', #4971, 23.87500000000000000, 0.5000000000000000000 ) ;
#5892 = DIRECTION ( 'NONE',  ( 0.000000000000000000, 0.000000000000000000, 1.000000000000000000 ) ) ;
#5893 = TOROIDAL_SURFACE ( 'NONE', #1874, 23.87500000000000000, 0.5000000000000000000 ) ;
#5894 = CIRCLE ( 'NONE', #315, 0.5000000000000001110 ) ;
#5895 = ADVANCED_FACE ( 'NONE', ( #2745 ), #4706, .F. ) ;
#5896 = AXIS2_PLACEMENT_3D ( 'NONE', #5025, #3640, #3154 ) ;
#5897 = DIRECTION ( 'NONE',  ( -0.000000000000000000, -0.000000000000000000, -1.000000000000000000 ) ) ;
#5898 = VERTEX_POINT ( 'NONE', #1412 ) ;
#5899 = DIRECTION ( 'NONE',  ( -0.000000000000000000, -0.000000000000000000, -1.000000000000000000 ) ) ;
#5900 = DIRECTION ( 'NONE',  ( 0.000000000000000000, 0.000000000000000000, 1.000000000000000000 ) ) ;
#5901 = FACE_OUTER_BOUND ( 'NONE', #4825, .T. ) ;
#5902 = CARTESIAN_POINT ( 'NONE',  ( 21.19489102498119593, -10.99055137102646107, 18.50000000000000000 ) ) ;
#5903 = ORIENTED_EDGE ( 'NONE', *, *, #2252, .T. ) ;
#5904 = AXIS2_PLACEMENT_3D ( 'NONE', #6185, #3730, #5700 ) ;
#5905 = AXIS2_PLACEMENT_3D ( 'NONE', #3722, #2334, #3183 ) ;
#5906 = EDGE_CURVE ( 'NONE', #1372, #1181, #4152, .T. ) ;
#5907 = CARTESIAN_POINT ( 'NONE',  ( 12.80475756209729177, -20.74138881856650585, 18.09393492550590210 ) ) ;
#5908 = ORIENTED_EDGE ( 'NONE', *, *, #1766, .T. ) ;
#5909 = CARTESIAN_POINT ( 'NONE',  ( 12.83190030536352033, 20.55277510732826229, 18.36113832892215925 ) ) ;
#5910 = AXIS2_PLACEMENT_3D ( 'NONE', #1169, #3006, #4979 ) ;
#5911 = DIRECTION ( 'NONE',  ( 0.000000000000000000, 0.000000000000000000, -1.000000000000000000 ) ) ;
#5912 = DIRECTION ( 'NONE',  ( 1.000000000000000000, 0.000000000000000000, 0.000000000000000000 ) ) ;
#5913 = ORIENTED_EDGE ( 'NONE', *, *, #6370, .T. ) ;
#5914 = CARTESIAN_POINT ( 'NONE',  ( 20.52776745544119663, -12.92790769136945350, 18.32606194987845072 ) ) ;
#5915 = AXIS2_PLACEMENT_3D ( 'NONE', #2161, #2712, #6226 ) ;
#5916 = CARTESIAN_POINT ( 'NONE',  ( -12.18750000000002309, -21.10936921724567839, 18.50000000000000000 ) ) ;
#5917 = EDGE_CURVE ( 'NONE', #4081, #4389, #2835, .T. ) ;
#5918 = CARTESIAN_POINT ( 'NONE',  ( 20.48561223297645739, 12.83628904474053201, 18.00000000000000000 ) ) ;
#5919 = CARTESIAN_POINT ( 'NONE',  ( 21.30380534126281589, 11.51504584269467202, 18.13681289817117204 ) ) ;
#5920 = EDGE_CURVE ( 'NONE', #1048, #2533, #4468, .T. ) ;
#5921 = CARTESIAN_POINT ( 'NONE',  ( 2.555503256301506915E-14, 24.37500000000000000, 18.50000000000000000 ) ) ;
#5922 = FACE_OUTER_BOUND ( 'NONE', #177, .T. ) ;
#5923 = EDGE_LOOP ( 'NONE', ( #2073, #5965, #2973, #1002, #4731 ) ) ;
#5924 = CIRCLE ( 'NONE', #5722, 0.7000000000000078382 ) ;
#5925 = CARTESIAN_POINT ( 'NONE',  ( -12.83056251991506080, 20.24754637904261401, 18.50000000000000355 ) ) ;
#5926 = EDGE_LOOP ( 'NONE', ( #4077, #328, #6195, #724 ) ) ;
#5927 = DIRECTION ( 'NONE',  ( -0.000000000000000000, -0.000000000000000000, -1.000000000000000000 ) ) ;
#5928 = AXIS2_PLACEMENT_3D ( 'NONE', #916, #3407, #4390 ) ;
#5929 = DIRECTION ( 'NONE',  ( 1.000000000000000000, 0.000000000000000000, 0.000000000000000000 ) ) ;
#5930 = VERTEX_POINT ( 'NONE', #5288 ) ;
#5931 = CARTESIAN_POINT ( 'NONE',  ( -12.83628904474054799, -20.48561223297643963, 18.50000000000000000 ) ) ;
#5932 = AXIS2_PLACEMENT_3D ( 'NONE', #5422, #5353, #3421 ) ;
#5933 = CARTESIAN_POINT ( 'NONE',  ( 2.555503256301506915E-14, 24.37500000000000000, 18.00000000000000000 ) ) ;
#5934 = DIRECTION ( 'NONE',  ( 0.000000000000000000, 0.000000000000000000, -1.000000000000000000 ) ) ;
#5935 = ORIENTED_EDGE ( 'NONE', *, *, #677, .F. ) ;
#5936 = CIRCLE ( 'NONE', #4906, 0.2000000000000022593 ) ;
#5937 = CARTESIAN_POINT ( 'NONE',  ( 24.15920512820513366, 0.8737462865769509701, 18.00000000000000000 ) ) ;
#5938 = ORIENTED_EDGE ( 'NONE', *, *, #5788, .T. ) ;
#5939 = CARTESIAN_POINT ( 'NONE',  ( -21.29999605053877687, -11.45193771944827432, 18.26916786085717348 ) ) ;
#5940 = DIRECTION ( 'NONE',  ( 0.000000000000000000, -1.000000000000000000, 0.000000000000000000 ) ) ;
#5941 = CIRCLE ( 'NONE', #5534, 0.7000000000000061728 ) ;
#5942 = ADVANCED_FACE ( 'NONE', ( #5797 ), #2622, .T. ) ;
#5943 = DIRECTION ( 'NONE',  ( 0.000000000000000000, 0.000000000000000000, 1.000000000000000000 ) ) ;
#5944 = ORIENTED_EDGE ( 'NONE', *, *, #5020, .T. ) ;
#5945 = CARTESIAN_POINT ( 'NONE',  ( 24.20715954415954485, -0.6795804451154422443, 18.00000000000000000 ) ) ;
#5946 = CARTESIAN_POINT ( 'NONE',  ( 20.90936921724568620, -12.18750000000000888, 0.5000000000000004441 ) ) ;
#5947 = AXIS2_PLACEMENT_3D ( 'NONE', #2309, #1828, #4822 ) ;
#5948 = DIRECTION ( 'NONE',  ( 0.6930633158547250261, -0.7208767163783651455, 0.000000000000000000 ) ) ;
#5949 = DIRECTION ( 'NONE',  ( 0.000000000000000000, 0.000000000000000000, 1.000000000000000000 ) ) ;
#5950 = CARTESIAN_POINT ( 'NONE',  ( 24.26231685946488881, 0.8001869388306722675, 18.31245502271040948 ) ) ;
#5951 = ORIENTED_EDGE ( 'NONE', *, *, #677, .T. ) ;
#5952 = DIRECTION ( 'NONE',  ( -0.000000000000000000, -0.000000000000000000, -1.000000000000000000 ) ) ;
#5953 = EDGE_CURVE ( 'NONE', #4091, #1506, #3019, .T. ) ;
#5954 = EDGE_CURVE ( 'NONE', #2646, #375, #1702, .T. ) ;
#5955 = AXIS2_PLACEMENT_3D ( 'NONE', #479, #6380, #3457 ) ;
#5956 = EDGE_CURVE ( 'NONE', #4698, #34, #1861, .T. ) ;
#5957 = ORIENTED_EDGE ( 'NONE', *, *, #2329, .F. ) ;
#5958 =( BOUNDED_SURFACE ( )  B_SPLINE_SURFACE ( 3, 2, ( 
 ( #5842, #2909, #4839 ),
 ( #3938, #5907, #2974 ),
 ( #1486, #3839, #511 ),
 ( #1910, #449, #410 ),
 ( #2458, #2423, #5809 ),
 ( #908, #4907, #4415 ),
 ( #484, #4810, #2489 ),
 ( #1356, #3336, #5301 ) ),
 .UNSPECIFIED., .F., .F., .F. ) 
 B_SPLINE_SURFACE_WITH_KNOTS ( ( 4, 2, 2, 4 ),
 ( 3, 3 ),
 ( 0.000000000000000000, 0.0001311096522626911459, 0.0002622193045253822918, 0.0005244386090507645835 ),
 ( 0.000000000000000000, 1.000000000000000000 ),
 .UNSPECIFIED. ) 
 GEOMETRIC_REPRESENTATION_ITEM ( )  RATIONAL_B_SPLINE_SURFACE ( (
 ( 1.000000000000000000, 0.7760564330438575187, 1.000000000000000000),
 ( 1.000000000000000000, 0.7754047934803253161, 1.000000000000000000),
 ( 1.000000000000000000, 0.7971915883079133680, 1.000000000000000000),
 ( 1.000000000000000000, 0.8534865031514925482, 1.000000000000000000),
 ( 1.000000000000000000, 0.8868869947387151287, 1.000000000000000000),
 ( 1.000000000000000000, 0.9695438062024670511, 1.000000000000000000),
 ( 1.000000000000000000, 1.001548216897208521, 1.000000000000000000),
 ( 1.000000000000000000, 1.000000000000000000, 1.000000000000000000) ) ) 
 REPRESENTATION_ITEM ( '' )  SURFACE ( )  );
#5959 = CARTESIAN_POINT ( 'NONE',  ( 34.63305338677882617, 3.550712797294745204, 7.026700394042229902 ) ) ;
#5960 = CARTESIAN_POINT ( 'NONE',  ( 0.7399416439029331549, -24.33884255578726297, 18.17948586170156489 ) ) ;
#5961 = ORIENTED_EDGE ( 'NONE', *, *, #97, .F. ) ;
#5962 = DIRECTION ( 'NONE',  ( 0.000000000000000000, 0.000000000000000000, 1.000000000000000000 ) ) ;
#5963 = EDGE_LOOP ( 'NONE', ( #4379, #367, #2784, #1797 ) ) ;
#5964 = DIRECTION ( 'NONE',  ( 1.000000000000000000, 0.000000000000000000, 0.000000000000000000 ) ) ;
#5965 = ORIENTED_EDGE ( 'NONE', *, *, #6119, .T. ) ;
#5966 = CARTESIAN_POINT ( 'NONE',  ( -11.52291608346458496, 21.35935851955342457, 0.5000000000000004441 ) ) ;
#5967 = CARTESIAN_POINT ( 'NONE',  ( -20.51089085741971374, -12.74187277952946573, 18.32606195575478480 ) ) ;
#5968 = CARTESIAN_POINT ( 'NONE',  ( 11.25381541919763961, 21.26694784793044590, 18.45002166485600625 ) ) ;
#5969 = ORIENTED_EDGE ( 'NONE', *, *, #5502, .T. ) ;
#5970 = CARTESIAN_POINT ( 'NONE',  ( -23.67499999999999716, 2.704757084947590219E-14, 0.5000000000000004441 ) ) ;
#5971 = VERTEX_POINT ( 'NONE', #3921 ) ;
#5972 = ADVANCED_FACE ( 'NONE', ( #4280 ), #6256, .T. ) ;
#5973 = CARTESIAN_POINT ( 'NONE',  ( 0.8737462865769546339, -24.15920512820513011, 0.5000000000000004441 ) ) ;
#5974 = CARTESIAN_POINT ( 'NONE',  ( -21.19489102498119237, 10.99055137102647528, 18.50000000000000000 ) ) ;
#5975 = LINE ( 'NONE', #65, #2105 ) ;
#5976 = ORIENTED_EDGE ( 'NONE', *, *, #5331, .T. ) ;
#5977 = EDGE_CURVE ( 'NONE', #4067, #1057, #4340, .T. ) ;
#5978 = CARTESIAN_POINT ( 'NONE',  ( 36.89686594046333568, -0.5236655705197094113, 11.08252963715727368 ) ) ;
#5979 = DIRECTION ( 'NONE',  ( 0.000000000000000000, 0.000000000000000000, -1.000000000000000000 ) ) ;
#5980 = DIRECTION ( 'NONE',  ( -0.000000000000000000, -0.000000000000000000, -1.000000000000000000 ) ) ;
#5981 = ORIENTED_EDGE ( 'NONE', *, *, #6233, .T. ) ;
#5982 = CARTESIAN_POINT ( 'NONE',  ( 21.31751579123367790, -11.22246241333553840, 18.46587281468485742 ) ) ;
#5983 = ORIENTED_EDGE ( 'NONE', *, *, #1062, .F. ) ;
#5984 = EDGE_CURVE ( 'NONE', #3189, #4014, #1179, .T. ) ;
#5985 = AXIS2_PLACEMENT_3D ( 'NONE', #2067, #4481, #60 ) ;
#5986 = CARTESIAN_POINT ( 'NONE',  ( -20.24754637904148424, 12.83056251991012964, 18.50000000000000355 ) ) ;
#5987 = ORIENTED_EDGE ( 'NONE', *, *, #5584, .F. ) ;
#5988 = DIRECTION ( 'NONE',  ( 1.000000000000000000, 0.000000000000000000, 0.000000000000000000 ) ) ;
#5989 = AXIS2_PLACEMENT_3D ( 'NONE', #3503, #1039, #4494 ) ;
#5990 =( BOUNDED_SURFACE ( )  B_SPLINE_SURFACE ( 3, 2, ( 
 ( #1069, #3041, #5717 ),
 ( #1200, #3660, #6106 ),
 ( #2686, #2236, #3747 ),
 ( #1295, #3174, #689 ),
 ( #4715, #1784, #290 ),
 ( #5107, #4204, #5680 ),
 ( #3266, #1692, #2753 ),
 ( #314, #722, #1233 ) ),
 .UNSPECIFIED., .F., .F., .F. ) 
 B_SPLINE_SURFACE_WITH_KNOTS ( ( 4, 2, 2, 4 ),
 ( 3, 3 ),
 ( 0.000000000000000000, 0.0001311096522626862128, 0.0002622193045253724255, 0.0005244386090507448511 ),
 ( 0.000000000000000000, 1.000000000000000000 ),
 .UNSPECIFIED. ) 
 GEOMETRIC_REPRESENTATION_ITEM ( )  RATIONAL_B_SPLINE_SURFACE ( (
 ( 1.000000000000000000, 0.7760564330438622926, 1.000000000000000000),
 ( 1.000000000000000000, 0.7754047934803183217, 1.000000000000000000),
 ( 1.000000000000000000, 0.7971915883079208065, 1.000000000000000000),
 ( 1.000000000000000000, 0.8534865031514897726, 1.000000000000000000),
 ( 1.000000000000000000, 0.8868869947388151598, 1.000000000000000000),
 ( 1.000000000000000000, 0.9695438062022715409, 1.000000000000000000),
 ( 1.000000000000000000, 1.001548216897353294, 1.000000000000000000),
 ( 1.000000000000000000, 1.000000000000000000, 1.000000000000000000) ) ) 
 REPRESENTATION_ITEM ( '' )  SURFACE ( )  );
#5991 = AXIS2_PLACEMENT_3D ( 'NONE', #113, #5511, #50 ) ;
#5992 = CARTESIAN_POINT ( 'NONE',  ( -20.65508989364222714, -12.94248378347674411, 18.13788913655711710 ) ) ;
#5993 = ORIENTED_EDGE ( 'NONE', *, *, #3701, .T. ) ;
#5994 = CARTESIAN_POINT ( 'NONE',  ( -11.10217229206793377, 21.25735493726823577, 18.49991810958531602 ) ) ;
#5995 = AXIS2_PLACEMENT_3D ( 'NONE', #4084, #6087, #4663 ) ;
#5996 = CARTESIAN_POINT ( 'NONE',  ( -20.24402363218747070, -12.88508917691026667, 18.50000000000000000 ) ) ;
#5997 = ADVANCED_FACE ( 'NONE', ( #2319 ), #726, .F. ) ;
#5998 = AXIS2_PLACEMENT_3D ( 'NONE', #3134, #4098, #2230 ) ;
#5999 = AXIS2_PLACEMENT_3D ( 'NONE', #5499, #166, #4553 ) ;
#6000 = DIRECTION ( 'NONE',  ( 1.000000000000000000, 0.000000000000000000, 0.000000000000000000 ) ) ;
#6001 = ORIENTED_EDGE ( 'NONE', *, *, #2967, .F. ) ;
#6002 = EDGE_LOOP ( 'NONE', ( #4274, #1245, #4916, #4479, #2120, #5504 ) ) ;
#6003 = AXIS2_PLACEMENT_3D ( 'NONE', #4115, #3541, #4053 ) ;
#6004 = CARTESIAN_POINT ( 'NONE',  ( 24.20715954415955196, 0.6795804451154051629, 0.5000000000000004441 ) ) ;
#6005 = ORIENTED_EDGE ( 'NONE', *, *, #3770, .T. ) ;
#6006 = FACE_OUTER_BOUND ( 'NONE', #5963, .T. ) ;
#6008 = CARTESIAN_POINT ( 'NONE',  ( -21.38913919693825250, 11.38327520853301245, 18.36113832892215569 ) ) ;
#6007 = TOROIDAL_SURFACE ( 'NONE', #3126, 0.2000000000000015099, 0.5000000000000000000 ) ;
#6009 = FACE_OUTER_BOUND ( 'NONE', #3549, .T. ) ;
#6010 = ORIENTED_EDGE ( 'NONE', *, *, #4634, .F. ) ;
#6011 = CYLINDRICAL_SURFACE ( 'NONE', #2092, 0.2000000000000091982 ) ;
#6012 = CIRCLE ( 'NONE', #336, 0.2000000000000005107 ) ;
#6013 = FACE_OUTER_BOUND ( 'NONE', #321, .T. ) ;
#6014 = DIRECTION ( 'NONE',  ( 1.000000000000000000, 0.000000000000000000, 0.000000000000000000 ) ) ;
#6015 = CARTESIAN_POINT ( 'NONE',  ( 24.10889392283311139, 0.9860897536724446688, 18.44970012376541746 ) ) ;
#6016 = DIRECTION ( 'NONE',  ( 0.000000000000000000, 0.000000000000000000, -1.000000000000000000 ) ) ;
#6017 = TOROIDAL_SURFACE ( 'NONE', #4165, 23.87500000000000000, 0.5000000000000000000 ) ;
#6018 = ORIENTED_EDGE ( 'NONE', *, *, #2556, .F. ) ;
#6019 = CARTESIAN_POINT ( 'NONE',  ( -1.013914226162620613, 23.96049553960687106, 18.49991804527213191 ) ) ;
#6020 = FACE_OUTER_BOUND ( 'NONE', #1763, .T. ) ;
#6021 = CARTESIAN_POINT ( 'NONE',  ( 0.9143588065411095700, -24.28297726302204751, 18.27208253284854678 ) ) ;
#6022 = VERTEX_POINT ( 'NONE', #1118 ) ;
#6023 = EDGE_CURVE ( 'NONE', #1675, #4929, #81, .T. ) ;
#6024 = ADVANCED_FACE ( 'NONE', ( #536 ), #1073, .F. ) ;
#6025 = CIRCLE ( 'NONE', #5105, 0.5000000000000004441 ) ;
#6026 = DIRECTION ( 'NONE',  ( 0.000000000000000000, -1.000000000000000000, 0.000000000000000000 ) ) ;
#6027 = EDGE_LOOP ( 'NONE', ( #6326, #3143 ) ) ;
#6028 = DIRECTION ( 'NONE',  ( -0.000000000000000000, 0.000000000000000000, 1.000000000000000000 ) ) ;
#6029 = CARTESIAN_POINT ( 'NONE',  ( -20.61168928554877056, -12.82414064653627150, 18.31245502271018921 ) ) ;
#6030 = CIRCLE ( 'NONE', #3364, 0.7000000000000027311 ) ;
#6031 = DIRECTION ( 'NONE',  ( 1.000000000000000000, 0.000000000000000000, 0.000000000000000000 ) ) ;
#6032 = ORIENTED_EDGE ( 'NONE', *, *, #3636, .F. ) ;
#6033 = ADVANCED_FACE ( 'NONE', ( #1021 ), #4680, .T. ) ;
#6034 = ADVANCED_FACE ( 'NONE', ( #1539 ), #3028, .F. ) ;
#6035 = DIRECTION ( 'NONE',  ( 0.000000000000000000, 0.000000000000000000, 1.000000000000000000 ) ) ;
#6036 = ORIENTED_EDGE ( 'NONE', *, *, #4634, .T. ) ;
#6037 = CIRCLE ( 'NONE', #681, 1.200000000000001510 ) ;
#6038 = DIRECTION ( 'NONE',  ( 0.000000000000000000, 0.000000000000000000, 1.000000000000000000 ) ) ;
#6039 = CARTESIAN_POINT ( 'NONE',  ( -20.40936921724568265, 12.18750000000002132, 0.5000000000000004441 ) ) ;
#6040 = DIRECTION ( 'NONE',  ( 1.000000000000000000, 0.000000000000000000, 0.000000000000000000 ) ) ;
#6041 = ORIENTED_EDGE ( 'NONE', *, *, #2060, .F. ) ;
#6042 =( NAMED_UNIT ( * ) PLANE_ANGLE_UNIT ( ) SI_UNIT ( $, .RADIAN. ) );
#6043 = AXIS2_PLACEMENT_3D ( 'NONE', #3774, #2323, #4285 ) ;
#6044 = CARTESIAN_POINT ( 'NONE',  ( 36.76855216966585260, -1.021938104652321710, 10.95962747036344709 ) ) ;
#6045 = CARTESIAN_POINT ( 'NONE',  ( 20.57249578602643680, 12.93334658614964283, 18.27208253284858230 ) ) ;
#6046 = CIRCLE ( 'NONE', #5635, 0.6999999999999992895 ) ;
#6047 = DIRECTION ( 'NONE',  ( 0.000000000000000000, 0.000000000000000000, 1.000000000000000000 ) ) ;
#6048 = VERTEX_POINT ( 'NONE', #110 ) ;
#6049 = DIRECTION ( 'NONE',  ( 0.000000000000000000, 0.000000000000000000, 1.000000000000000000 ) ) ;
#6050 = CIRCLE ( 'NONE', #696, 24.87500000000000000 ) ;
#6051 = EDGE_LOOP ( 'NONE', ( #2830, #2899, #1687, #1846 ) ) ;
#6052 = CARTESIAN_POINT ( 'NONE',  ( -0.9907205764661598524, 23.94708819548019108, 18.50000000000000000 ) ) ;
#6053 = CIRCLE ( 'NONE', #4205, 1.199999999999999734 ) ;
#6054 = CARTESIAN_POINT ( 'NONE',  ( -12.18749999999998401, 21.10936921724570325, 18.00000000000000000 ) ) ;
#6055 = CARTESIAN_POINT ( 'NONE',  ( 11.52291608346460450, 21.35935851955341391, 0.5000000000000004441 ) ) ;
#6056 = VERTEX_POINT ( 'NONE', #501 ) ;
#6057 = DIRECTION ( 'NONE',  ( 0.000000000000000000, 0.000000000000000000, 1.000000000000000000 ) ) ;
#6058 = ORIENTED_EDGE ( 'NONE', *, *, #4824, .F. ) ;
#6059 = EDGE_CURVE ( 'NONE', #5532, #4191, #4020, .T. ) ;
#6060 = LINE ( 'NONE', #2969, #1358 ) ;
#6061 = EDGE_LOOP ( 'NONE', ( #3581, #1354, #1297, #6136 ) ) ;
#6062 = CARTESIAN_POINT ( 'NONE',  ( -11.22246241333545669, 21.31751579123399054, 18.46587281468498531 ) ) ;
#6063 = CARTESIAN_POINT ( 'NONE',  ( -20.52776745544118953, -12.92790769136952278, 18.32606194987842585 ) ) ;
#6064 = DIRECTION ( 'NONE',  ( 1.000000000000000000, 0.000000000000000000, 0.000000000000000000 ) ) ;
#6065 = ORIENTED_EDGE ( 'NONE', *, *, #3752, .F. ) ;
#6066 = B_SPLINE_CURVE_WITH_KNOTS ( 'NONE', 3,
 ( #3912, #4918, #5879, #1462, #1496, #3978 ),
 .UNSPECIFIED., .F., .F.,
 ( 4, 2, 4 ),
 ( -4.614725267092756368E-06, 0.0004052027286208985477, 0.0008150201825088897959 ),
 .UNSPECIFIED. ) ;
#6067 = CARTESIAN_POINT ( 'NONE',  ( 12.69211370146484619, -20.62422489614739973, 18.13681289817117204 ) ) ;
#6068 = CARTESIAN_POINT ( 'NONE',  ( -23.96049553960656198, -1.013914226161872767, 18.49991804524336203 ) ) ;
#6069 = ORIENTED_EDGE ( 'NONE', *, *, #914, .F. ) ;
#6070 = DIRECTION ( 'NONE',  ( -0.000000000000000000, -0.000000000000000000, -1.000000000000000000 ) ) ;
#6071 = ADVANCED_FACE ( 'NONE', ( #2547 ), #2513, .T. ) ;
#6072 = CARTESIAN_POINT ( 'NONE',  ( 24.35907445708376784, 0.8809747977378745709, 18.00000000000000000 ) ) ;
#6073 = CARTESIAN_POINT ( 'NONE',  ( -21.36417773346527227, 11.19077787638131305, 18.45554555356747173 ) ) ;
#6074 = CARTESIAN_POINT ( 'NONE',  ( -20.48561223297643963, 12.83628904474054266, 18.00000000000000000 ) ) ;
#6075 = EDGE_LOOP ( 'NONE', ( #1961, #5276, #3252 ) ) ;
#6076 = CARTESIAN_POINT ( 'NONE',  ( 20.11554220139739257, -12.86003837256329696, 18.49999999999999645 ) ) ;
#6077 = CARTESIAN_POINT ( 'NONE',  ( -10.99055137102647706, -21.19489102498118882, 18.50000000000000000 ) ) ;
#6078 = FACE_OUTER_BOUND ( 'NONE', #3231, .T. ) ;
#6079 = DIRECTION ( 'NONE',  ( 1.000000000000000000, 0.000000000000000000, 0.000000000000000000 ) ) ;
#6080 = EDGE_LOOP ( 'NONE', ( #4846, #2941, #5983, #2741 ) ) ;
#6081 = DIRECTION ( 'NONE',  ( 0.000000000000000000, 0.000000000000000000, 1.000000000000000000 ) ) ;
#6082 = EDGE_CURVE ( 'NONE', #2050, #1895, #5403, .T. ) ;
#6083 = EDGE_CURVE ( 'NONE', #1408, #5930, #6217, .T. ) ;
#6084 = ORIENTED_EDGE ( 'NONE', *, *, #4068, .T. ) ;
#6085 = EDGE_LOOP ( 'NONE', ( #6384, #1475, #824, #404 ) ) ;
#6086 = CARTESIAN_POINT ( 'NONE',  ( -25.62500000000000355, 3.168773592793776692E-15, 0.000000000000000000 ) ) ;
#6087 = DIRECTION ( 'NONE',  ( 0.000000000000000000, 0.000000000000000000, 1.000000000000000000 ) ) ;
#6088 = ORIENTED_EDGE ( 'NONE', *, *, #3517, .T. ) ;
#6089 = DIRECTION ( 'NONE',  ( -0.000000000000000000, -0.000000000000000000, -1.000000000000000000 ) ) ;
#6090 = VERTEX_POINT ( 'NONE', #2608 ) ;
#6091 = CARTESIAN_POINT ( 'NONE',  ( -21.53606469138011192, 11.41659067360703084, 0.5000000000000004441 ) ) ;
#6092 = VERTEX_POINT ( 'NONE', #4567 ) ;
#6093 = CYLINDRICAL_SURFACE ( 'NONE', #3877, 0.7000000000000027311 ) ;
#6094 = DIRECTION ( 'NONE',  ( 0.000000000000000000, 0.000000000000000000, 1.000000000000000000 ) ) ;
#6095 = CARTESIAN_POINT ( 'NONE',  ( -24.15920512820513721, 0.8737462865769779485, 0.000000000000000000 ) ) ;
#6096 = ORIENTED_EDGE ( 'NONE', *, *, #385, .T. ) ;
#6097 = EDGE_CURVE ( 'NONE', #4455, #3191, #1886, .T. ) ;
#6098 = AXIS2_PLACEMENT_3D ( 'NONE', #3261, #5618, #6228 ) ;
#6099 = DIRECTION ( 'NONE',  ( 0.000000000000000000, 0.000000000000000000, 1.000000000000000000 ) ) ;
#6100 = CIRCLE ( 'NONE', #5179, 0.7000000000000009548 ) ;
#6101 = CARTESIAN_POINT ( 'NONE',  ( 0.8737462865769546339, -24.15920512820513011, 18.50000000000000000 ) ) ;
#6102 = ORIENTED_EDGE ( 'NONE', *, *, #750, .T. ) ;
#6103 = CARTESIAN_POINT ( 'NONE',  ( -12.69211370146487283, -20.62422489614738552, 18.50000000000000000 ) ) ;
#6104 = CIRCLE ( 'NONE', #3524, 0.5000000000000004441 ) ;
#6105 = CARTESIAN_POINT ( 'NONE',  ( 23.97438332874189371, 1.036802741138291184, 18.50000000000000000 ) ) ;
#6106 = CARTESIAN_POINT ( 'NONE',  ( -12.69211365197591768, 20.62422484467242612, 18.07330398227675516 ) ) ;
#6107 = CARTESIAN_POINT ( 'NONE',  ( 0.000000000000000000, 0.000000000000000000, 18.50000000000000000 ) ) ;
#6108 = ORIENTED_EDGE ( 'NONE', *, *, #4889, .F. ) ;
#6109 = AXIS2_PLACEMENT_3D ( 'NONE', #809, #3141, #2295 ) ;
#6110 = DIRECTION ( 'NONE',  ( 1.000000000000000000, 0.000000000000000000, 0.000000000000000000 ) ) ;
#6111 = ADVANCED_FACE ( 'NONE', ( #1569 ), #4047, .T. ) ;
#6112 = CIRCLE ( 'NONE', #226, 0.7000000000000027311 ) ;
#6113 = LINE ( 'NONE', #5112, #2539 ) ;
#6114 = TOROIDAL_SURFACE ( 'NONE', #4170, 23.87500000000000355, 0.5000000000000000000 ) ;
#6115 = DIRECTION ( 'NONE',  ( 1.000000000000000000, 0.000000000000000000, 0.000000000000000000 ) ) ;
#6116 = VECTOR ( 'NONE', #2469, 1000.000000000000000 ) ;
#6117 = DIRECTION ( 'NONE',  ( 0.000000000000000000, 0.000000000000000000, 1.000000000000000000 ) ) ;
#6118 = DIRECTION ( 'NONE',  ( -1.000000000000000000, 0.000000000000000000, 0.000000000000000000 ) ) ;
#6119 = EDGE_CURVE ( 'NONE', #4191, #3425, #3537, .T. ) ;
#6120 = ORIENTED_EDGE ( 'NONE', *, *, #2488, .F. ) ;
#6121 = ADVANCED_FACE ( 'NONE', ( #4056 ), #4434, .T. ) ;
#6122 = FACE_OUTER_BOUND ( 'NONE', #3924, .T. ) ;
#6123 = CIRCLE ( 'NONE', #5503, 0.4999999999999990563 ) ;
#6124 = PLANE ( 'NONE',  #3020 ) ;
#6125 = ORIENTED_EDGE ( 'NONE', *, *, #2847, .F. ) ;
#6126 = FACE_OUTER_BOUND ( 'NONE', #6085, .T. ) ;
#6127 = VECTOR ( 'NONE', #5962, 1000.000000000000000 ) ;
#6128 = EDGE_LOOP ( 'NONE', ( #369, #3248, #3468, #4495 ) ) ;
#6129 = CARTESIAN_POINT ( 'NONE',  ( -23.97938005842681974, 1.035089232238980417, 18.50000000000000355 ) ) ;
#6130 = ORIENTED_EDGE ( 'NONE', *, *, #4805, .F. ) ;
#6131 = DIRECTION ( 'NONE',  ( 1.000000000000000000, 0.000000000000000000, 0.000000000000000000 ) ) ;
#6132 = CARTESIAN_POINT ( 'NONE',  ( 12.18750000000001776, 21.10936921724568194, 0.5000000000000004441 ) ) ;
#6133 = LINE ( 'NONE', #2259, #136 ) ;
#6134 = CARTESIAN_POINT ( 'NONE',  ( 0.000000000000000000, 0.000000000000000000, 18.00000000000000000 ) ) ;
#6135 = CYLINDRICAL_SURFACE ( 'NONE', #4239, 0.7000000000000027311 ) ;
#6136 = ORIENTED_EDGE ( 'NONE', *, *, #2930, .F. ) ;
#6137 = DIRECTION ( 'NONE',  ( 1.000000000000000000, 0.000000000000000000, 0.000000000000000000 ) ) ;
#6138 = VECTOR ( 'NONE', #308, 1000.000000000000000 ) ;
#6139 = DIRECTION ( 'NONE',  ( -0.000000000000000000, -0.000000000000000000, -1.000000000000000000 ) ) ;
#6140 = DIRECTION ( 'NONE',  ( 0.000000000000000000, 0.000000000000000000, 1.000000000000000000 ) ) ;
#6141 = LINE ( 'NONE', #2722, #2514 ) ;
#6142 = ORIENTED_EDGE ( 'NONE', *, *, #1741, .T. ) ;
#6143 = TOROIDAL_SURFACE ( 'NONE', #2944, 24.87500000000000000, 0.5000000000000000000 ) ;
#6144 = CARTESIAN_POINT ( 'NONE',  ( -0.9878198975695245965, -23.95017078851193659, 18.50000000000000355 ) ) ;
#6145 = PLANE ( 'NONE',  #1679 ) ;
#6146 = DIRECTION ( 'NONE',  ( -0.8473883033289135724, 0.5309736936810948160, 0.000000000000000000 ) ) ;
#6147 = AXIS2_PLACEMENT_3D ( 'NONE', #6261, #312, #3800 ) ;
#6148 = CARTESIAN_POINT ( 'NONE',  ( 21.19489102498119593, -10.99055137102646107, 18.50000000000000000 ) ) ;
#6149 = ORIENTED_EDGE ( 'NONE', *, *, #1603, .T. ) ;
#6150 = CARTESIAN_POINT ( 'NONE',  ( 11.20046818432467184, 21.37195947115396422, 18.44970012376541746 ) ) ;
#6151 = ADVANCED_FACE ( 'NONE', ( #3484 ), #2003, .F. ) ;
#6152 = EDGE_CURVE ( 'NONE', #25, #4869, #652, .T. ) ;
#6153 = CARTESIAN_POINT ( 'NONE',  ( 12.93613631549273535, 20.58865335189484114, 18.26995843408191433 ) ) ;
#6154 = EDGE_CURVE ( 'NONE', #3723, #2682, #854, .T. ) ;
#6155 = ORIENTED_EDGE ( 'NONE', *, *, #2964, .F. ) ;
#6156 = CIRCLE ( 'NONE', #2336, 0.2000000000000022593 ) ;
#6157 = DIRECTION ( 'NONE',  ( -0.9708292073077389173, 0.2397720797720769847, 0.000000000000000000 ) ) ;
#6158 = ORIENTED_EDGE ( 'NONE', *, *, #1017, .F. ) ;
#6159 = CARTESIAN_POINT ( 'NONE',  ( 12.18749999999998579, -21.10936921724569970, 18.50000000000000000 ) ) ;
#6160 = VERTEX_POINT ( 'NONE', #1768 ) ;
#6161 = AXIS2_PLACEMENT_3D ( 'NONE', #6231, #4171, #2842 ) ;
#6162 = DIRECTION ( 'NONE',  ( 1.000000000000000000, 0.000000000000000000, 0.000000000000000000 ) ) ;
#6163 = CARTESIAN_POINT ( 'NONE',  ( 21.10936921724568904, -12.18750000000000888, 0.5000000000000004441 ) ) ;
#6164 = CARTESIAN_POINT ( 'NONE',  ( -0.8873838814390458962, 24.04462480686538584, 18.45002166485600625 ) ) ;
#6165 = EDGE_CURVE ( 'NONE', #3992, #2298, #1791, .T. ) ;
#6166 = CARTESIAN_POINT ( 'NONE',  ( 20.56767331040402880, 12.72036561973901669, 18.26915352020174410 ) ) ;
#6167 = DIRECTION ( 'NONE',  ( 1.000000000000000000, 0.000000000000000000, 0.000000000000000000 ) ) ;
#6168 = ORIENTED_EDGE ( 'NONE', *, *, #1647, .T. ) ;
#6169 = DIRECTION ( 'NONE',  ( 1.000000000000000000, 0.000000000000000000, 0.000000000000000000 ) ) ;
#6170 = CARTESIAN_POINT ( 'NONE',  ( -24.34196583538599867, 0.8887057282368953093, 18.14610353506309082 ) ) ;
#6171 = FACE_OUTER_BOUND ( 'NONE', #799, .T. ) ;
#6172 = DIRECTION ( 'NONE',  ( -0.000000000000000000, -0.000000000000000000, -1.000000000000000000 ) ) ;
#6173 = ORIENTED_EDGE ( 'NONE', *, *, #5083, .F. ) ;
#6174 = ADVANCED_FACE ( 'NONE', ( #6126 ), #4557, .F. ) ;
#6175 = DIRECTION ( 'NONE',  ( 1.000000000000000000, 0.000000000000000000, 0.000000000000000000 ) ) ;
#6176 = CARTESIAN_POINT ( 'NONE',  ( 21.10936921724568904, -12.18750000000000888, 0.000000000000000000 ) ) ;
#6177 = CARTESIAN_POINT ( 'NONE',  ( -13.20797063031731611, -21.07878404530668348, 0.5000000000000004441 ) ) ;
#6178 = DIRECTION ( 'NONE',  ( 0.000000000000000000, 0.000000000000000000, -1.000000000000000000 ) ) ;
#6179 = VERTEX_POINT ( 'NONE', #3607 ) ;
#6180 = EDGE_CURVE ( 'NONE', #1104, #1675, #3123, .T. ) ;
#6181 = CARTESIAN_POINT ( 'NONE',  ( 24.37500000000000000, -2.406249427655413829E-14, 0.000000000000000000 ) ) ;
#6182 = ORIENTED_EDGE ( 'NONE', *, *, #4694, .T. ) ;
#6183 = LINE ( 'NONE', #1337, #4762 ) ;
#6184 = ORIENTED_EDGE ( 'NONE', *, *, #1100, .T. ) ;
#6185 = CARTESIAN_POINT ( 'NONE',  ( -24.15920512820513721, 0.8737462865769779485, 0.5000000000000004441 ) ) ;
#6186 = EDGE_CURVE ( 'NONE', #169, #4629, #334, .T. ) ;
#6187 = EDGE_CURVE ( 'NONE', #2517, #5086, #3948, .T. ) ;
#6188 = VERTEX_POINT ( 'NONE', #3156 ) ;
#6189 = EDGE_LOOP ( 'NONE', ( #4026, #1348, #4895 ) ) ;
#6190 = DIRECTION ( 'NONE',  ( 1.000000000000000000, 0.000000000000000000, 0.000000000000000000 ) ) ;
#6191 = CARTESIAN_POINT ( 'NONE',  ( -12.83628904474054799, -20.48561223297643963, 0.5000000000000004441 ) ) ;
#6192 = CARTESIAN_POINT ( 'NONE',  ( 19.09188309203678813, 19.09188309203678102, 19.24999999999998934 ) ) ;
#6193 = DIRECTION ( 'NONE',  ( 0.000000000000000000, 0.000000000000000000, 1.000000000000000000 ) ) ;
#6194 = CARTESIAN_POINT ( 'NONE',  ( -24.20715954415955196, -0.6795804451154022763, 0.5000000000000004441 ) ) ;
#6195 = ORIENTED_EDGE ( 'NONE', *, *, #4365, .F. ) ;
#6196 = EDGE_CURVE ( 'NONE', #3586, #3974, #2821, .T. ) ;
#6197 = CARTESIAN_POINT ( 'NONE',  ( -11.52291608346458496, 21.35935851955342457, 18.50000000000000000 ) ) ;
#6198 = CARTESIAN_POINT ( 'NONE',  ( -11.45193771944831695, -21.29999605053875555, 18.26916786085717348 ) ) ;
#6199 = DIRECTION ( 'NONE',  ( 1.000000000000000000, 0.000000000000000000, 0.000000000000000000 ) ) ;
#6200 = TOROIDAL_SURFACE ( 'NONE', #2376, 1.200000000000001510, 0.5000000000000000000 ) ;
#6201 = DIRECTION ( 'NONE',  ( 1.000000000000000000, 8.881784197001252323E-16, 0.000000000000000000 ) ) ;
#6202 = ORIENTED_EDGE ( 'NONE', *, *, #3965, .F. ) ;
#6203 = AXIS2_PLACEMENT_3D ( 'NONE', #2730, #2272, #199 ) ;
#6204 = DIRECTION ( 'NONE',  ( 0.000000000000000000, 0.000000000000000000, -1.000000000000000000 ) ) ;
#6205 =( BOUNDED_SURFACE ( )  B_SPLINE_SURFACE ( 3, 2, ( 
 ( #725, #4650, #3719 ),
 ( #2209, #1269, #5686 ),
 ( #5209, #3905, #4939 ),
 ( #4319, #2359, #3429 ),
 ( #6325, #1942, #1423 ),
 ( #6356, #4873, #4381 ),
 ( #3807, #1875, #1845 ),
 ( #5870, #4447, #2389 ) ),
 .UNSPECIFIED., .F., .F., .T. ) 
 B_SPLINE_SURFACE_WITH_KNOTS ( ( 4, 2, 2, 4 ),
 ( 3, 3 ),
 ( 0.000000000000000000, 0.0001311096522626897364, 0.0002622193045253794728, 0.0005244386090507589457 ),
 ( 0.000000000000000000, 1.000000000000000000 ),
 .UNSPECIFIED. ) 
 GEOMETRIC_REPRESENTATION_ITEM ( )  RATIONAL_B_SPLINE_SURFACE ( (
 ( 1.000000000000000000, 0.7760564330438588510, 1.000000000000000000),
 ( 1.000000000000000000, 0.7754047934803547371, 1.000000000000000000),
 ( 1.000000000000000000, 0.7971915883078719567, 1.000000000000000000),
 ( 1.000000000000000000, 0.8534865031515381784, 1.000000000000000000),
 ( 1.000000000000000000, 0.8868869947388395847, 1.000000000000000000),
 ( 1.000000000000000000, 0.9695438062022204706, 1.000000000000000000),
 ( 1.000000000000000000, 1.001548216897390819, 1.000000000000000000),
 ( 1.000000000000000000, 1.000000000000000000, 1.000000000000000000) ) ) 
 REPRESENTATION_ITEM ( '' )  SURFACE ( )  );
#6206 = ORIENTED_EDGE ( 'NONE', *, *, #5282, .T. ) ;
#6207 = TOROIDAL_SURFACE ( 'NONE', #5991, 1.200000000000001510, 0.5000000000000000000 ) ;
#6208 = DIRECTION ( 'NONE',  ( -1.000000000000000000, 0.000000000000000000, 0.000000000000000000 ) ) ;
#6209 = DIRECTION ( 'NONE',  ( 0.000000000000000000, 0.000000000000000000, 1.000000000000000000 ) ) ;
#6210 = CIRCLE ( 'NONE', #5790, 0.2000000000000059508 ) ;
#6211 = DIRECTION ( 'NONE',  ( -1.000000000000000000, 0.000000000000000000, 0.000000000000000000 ) ) ;
#6212 = CIRCLE ( 'NONE', #3431, 0.7000000000000009548 ) ;
#6213 = ORIENTED_EDGE ( 'NONE', *, *, #2443, .F. ) ;
#6214 = AXIS2_PLACEMENT_3D ( 'NONE', #1596, #567, #135 ) ;
#6215 = CARTESIAN_POINT ( 'NONE',  ( 0.8737462865769762832, 24.15920512820513366, 18.50000000000000000 ) ) ;
#6216 = CARTESIAN_POINT ( 'NONE',  ( -11.25378883326023427, 21.26694261329555502, 18.45003803226556727 ) ) ;
#6217 = CIRCLE ( 'NONE', #4870, 24.37500000000000355 ) ;
#6218 = ORIENTED_EDGE ( 'NONE', *, *, #4480, .F. ) ;
#6219 = CIRCLE ( 'NONE', #5905, 24.87500000000000355 ) ;
#6220 = ORIENTED_EDGE ( 'NONE', *, *, #5867, .F. ) ;
#6221 = CIRCLE ( 'NONE', #3447, 0.5000000000000008882 ) ;
#6222 = EDGE_LOOP ( 'NONE', ( #5244, #3806, #1517, #4301, #1390 ) ) ;
#6223 = CARTESIAN_POINT ( 'NONE',  ( 23.67499999999999716, -2.406249427655413829E-14, 18.50000000000000000 ) ) ;
#6224 = EDGE_CURVE ( 'NONE', #6179, #1625, #3741, .T. ) ;
#6225 = ADVANCED_FACE ( 'NONE', ( #5607 ), #549, .T. ) ;
#6226 = DIRECTION ( 'NONE',  ( 1.000000000000000000, 0.000000000000000000, 0.000000000000000000 ) ) ;
#6227 = AXIS2_PLACEMENT_3D ( 'NONE', #6095, #3132, #309 ) ;
#6228 = DIRECTION ( 'NONE',  ( -1.000000000000000000, 0.000000000000000000, 0.000000000000000000 ) ) ;
#6229 = ORIENTED_EDGE ( 'NONE', *, *, #137, .F. ) ;
#6230 = DIRECTION ( 'NONE',  ( 1.000000000000000000, 0.000000000000000000, 0.000000000000000000 ) ) ;
#6231 = CARTESIAN_POINT ( 'NONE',  ( -2.854010913593674154E-14, -24.37500000000000000, 18.00000000000000000 ) ) ;
#6232 = CARTESIAN_POINT ( 'NONE',  ( -2.854010913593674154E-14, -24.37500000000000000, 18.50000000000000000 ) ) ;
#6233 = EDGE_CURVE ( 'NONE', #1911, #3310, #3971, .T. ) ;
#6234 = DIRECTION ( 'NONE',  ( -0.000000000000000000, -0.000000000000000000, -1.000000000000000000 ) ) ;
#6235 = VERTEX_POINT ( 'NONE', #2254 ) ;
#6236 = EDGE_CURVE ( 'NONE', #2095, #3911, #1054, .T. ) ;
#6237 = DIRECTION ( 'NONE',  ( 0.000000000000000000, 0.000000000000000000, 1.000000000000000000 ) ) ;
#6238 = CARTESIAN_POINT ( 'NONE',  ( 11.32291608346459810, 21.35935851955341391, 0.000000000000000000 ) ) ;
#6239 = ORIENTED_EDGE ( 'NONE', *, *, #5856, .T. ) ;
#6240 = AXIS2_PLACEMENT_3D ( 'NONE', #3860, #5828, #3388 ) ;
#6241 = LINE ( 'NONE', #265, #952 ) ;
#6242 = CARTESIAN_POINT ( 'NONE',  ( 11.99537024076989589, -21.16492239553630483, 0.000000000000000000 ) ) ;
#6243 = DIRECTION ( 'NONE',  ( 0.5309736936811129127, 0.8473883033289022482, 0.000000000000000000 ) ) ;
#6244 = CIRCLE ( 'NONE', #5216, 0.7000000000000009548 ) ;
#6245 = ORIENTED_EDGE ( 'NONE', *, *, #1703, .F. ) ;
#6246 = VECTOR ( 'NONE', #3715, 1000.000000000000000 ) ;
#6247 = CARTESIAN_POINT ( 'NONE',  ( 13.20797063031728413, -21.07878404530669059, 0.5000000000000000000 ) ) ;
#6248 = ORIENTED_EDGE ( 'NONE', *, *, #3199, .T. ) ;
#6249 = VERTEX_POINT ( 'NONE', #3253 ) ;
#6250 = CIRCLE ( 'NONE', #4087, 0.6999999999999992895 ) ;
#6251 = ORIENTED_EDGE ( 'NONE', *, *, #4561, .F. ) ;
#6252 = ORIENTED_EDGE ( 'NONE', *, *, #636, .T. ) ;
#6253 = CARTESIAN_POINT ( 'NONE',  ( -11.32291608346458389, 21.35935851955342457, 18.50000000000000000 ) ) ;
#6254 = VECTOR ( 'NONE', #3450, 1000.000000000000000 ) ;
#6255 = CARTESIAN_POINT ( 'NONE',  ( -20.68561223297646023, -12.83628904474053023, 0.5000000000000004441 ) ) ;
#6256 = CYLINDRICAL_SURFACE ( 'NONE', #1366, 0.7000000000000027311 ) ;
#6257 = EDGE_CURVE ( 'NONE', #2322, #5237, #1042, .T. ) ;
#6258 = VECTOR ( 'NONE', #1938, 1000.000000000000000 ) ;
#6259 = FACE_OUTER_BOUND ( 'NONE', #586, .T. ) ;
#6260 = EDGE_LOOP ( 'NONE', ( #2036, #3100, #2798, #6310 ) ) ;
#6261 = CARTESIAN_POINT ( 'NONE',  ( 0.1941658414615245742, -24.32704558404560302, 0.5000000000000000000 ) ) ;
#6262 = CARTESIAN_POINT ( 'NONE',  ( -24.07274142745263390, 0.9398203526527491025, 18.46587281468500308 ) ) ;
#6263 = CARTESIAN_POINT ( 'NONE',  ( -21.19489102498121369, -10.99055137102643265, 18.49999999999999645 ) ) ;
#6264 = AXIS2_PLACEMENT_3D ( 'NONE', #1543, #184, #5063 ) ;
#6265 = CARTESIAN_POINT ( 'NONE',  ( 2.555503256301506915E-14, 24.37500000000000000, 0.000000000000000000 ) ) ;
#6266 = ORIENTED_EDGE ( 'NONE', *, *, #5029, .F. ) ;
#6267 = APPLICATION_PROTOCOL_DEFINITION ( 'draft international standard', 'automotive_design', 1998, #4709 ) ;
#6268 = EDGE_CURVE ( 'NONE', #4474, #800, #5366, .T. ) ;
#6269 = CYLINDRICAL_SURFACE ( 'NONE', #2600, 24.37500000000000000 ) ;
#6270 = VERTEX_POINT ( 'NONE', #943 ) ;
#6271 = DIRECTION ( 'NONE',  ( 0.000000000000000000, 0.000000000000000000, -1.000000000000000000 ) ) ;
#6272 = VERTEX_POINT ( 'NONE', #4324 ) ;
#6273 = CYLINDRICAL_SURFACE ( 'NONE', #112, 0.7000000000000009548 ) ;
#6274 = ADVANCED_FACE ( 'NONE', ( #1395 ), #6007, .T. ) ;
#6275 = ADVANCED_FACE ( 'NONE', ( #1492 ), #3322, .F. ) ;
#6276 = DIRECTION ( 'NONE',  ( 0.2777658914530155010, 0.9606487961504515116, 0.000000000000000000 ) ) ;
#6277 = ORIENTED_EDGE ( 'NONE', *, *, #4767, .T. ) ;
#6278 = ORIENTED_EDGE ( 'NONE', *, *, #1867, .F. ) ;
#6279 = DIRECTION ( 'NONE',  ( -0.2397720797721047958, 0.9708292073077320339, 0.000000000000000000 ) ) ;
#6280 = LINE ( 'NONE', #499, #5312 ) ;
#6281 = CARTESIAN_POINT ( 'NONE',  ( -20.61168928554860358, 12.82414064653634433, 18.31245502271048409 ) ) ;
#6282 = ORIENTED_EDGE ( 'NONE', *, *, #5391, .F. ) ;
#6283 = DIRECTION ( 'NONE',  ( 1.000000000000000000, 0.000000000000000000, 0.000000000000000000 ) ) ;
#6284 = CARTESIAN_POINT ( 'NONE',  ( 21.18561223297645668, 12.83628904474053734, 2.168404344971008868E-16 ) ) ;
#6285 = FACE_OUTER_BOUND ( 'NONE', #2012, .T. ) ;
#6286 = CARTESIAN_POINT ( 'NONE',  ( -1.036802741164188690, -23.97438332875075773, 18.50000000000000000 ) ) ;
#6287 = EDGE_LOOP ( 'NONE', ( #5512, #3415, #6058, #1909 ) ) ;
#6288 = EDGE_LOOP ( 'NONE', ( #3946, #5358 ) ) ;
#6289 = CARTESIAN_POINT ( 'NONE',  ( 12.90653170995611099, 20.37358679578788312, 18.45554555356735449 ) ) ;
#6290 = CIRCLE ( 'NONE', #2283, 0.7000000000000043965 ) ;
#6291 = CARTESIAN_POINT ( 'NONE',  ( 0.000000000000000000, 0.000000000000000000, 18.50000000000000000 ) ) ;
#6292 = ADVANCED_FACE ( 'NONE', ( #4880 ), #924, .F. ) ;
#6293 = LINE ( 'NONE', #3845, #654 ) ;
#6294 = CARTESIAN_POINT ( 'NONE',  ( 23.97438332875085720, -1.036802741164102093, 18.50000000000000000 ) ) ;
#6295 = EDGE_CURVE ( 'NONE', #5182, #5237, #5493, .T. ) ;
#6296 = VERTEX_POINT ( 'NONE', #1072 ) ;
#6297 = CIRCLE ( 'NONE', #2383, 0.2000000000000057288 ) ;
#6298 = CARTESIAN_POINT ( 'NONE',  ( 21.10936921724570325, 12.18749999999998579, 18.00000000000000000 ) ) ;
#6299 = DIRECTION ( 'NONE',  ( 0.000000000000000000, 0.000000000000000000, 1.000000000000000000 ) ) ;
#6300 = AXIS2_PLACEMENT_3D ( 'NONE', #6360, #6328, #4298 ) ;
#6301 = DIRECTION ( 'NONE',  ( 0.000000000000000000, 0.000000000000000000, 1.000000000000000000 ) ) ;
#6302 = DIRECTION ( 'NONE',  ( -0.000000000000000000, -0.000000000000000000, -1.000000000000000000 ) ) ;
#6303 = CIRCLE ( 'NONE', #2085, 0.1999999999999987899 ) ;
#6304 = LINE ( 'NONE', #4395, #2401 ) ;
#6305 = ADVANCED_FACE ( 'NONE', ( #3178 ), #1696, .F. ) ;
#6306 = EDGE_CURVE ( 'NONE', #4081, #3310, #2515, .T. ) ;
#6307 = TOROIDAL_SURFACE ( 'NONE', #116, 0.6999999999999971800, 0.5000000000000000000 ) ;
#6308 = AXIS2_PLACEMENT_3D ( 'NONE', #5519, #4511, #3616 ) ;
#6309 = EDGE_LOOP ( 'NONE', ( #528, #2907, #806 ) ) ;
#6310 = ORIENTED_EDGE ( 'NONE', *, *, #99, .T. ) ;
#6311 =( GEOMETRIC_REPRESENTATION_CONTEXT ( 3 ) GLOBAL_UNCERTAINTY_ASSIGNED_CONTEXT ( ( #4404 ) ) GLOBAL_UNIT_ASSIGNED_CONTEXT ( ( #4487, #6042, #5626 ) ) REPRESENTATION_CONTEXT ( 'NONE', 'WORKASPACE' ) );
#6312 = CARTESIAN_POINT ( 'NONE',  ( -12.18750000000002309, -21.10936921724567839, 0.000000000000000000 ) ) ;
#6313 = AXIS2_PLACEMENT_3D ( 'NONE', #796, #3728, #301 ) ;
#6314 = DIRECTION ( 'NONE',  ( -0.000000000000000000, -0.000000000000000000, -1.000000000000000000 ) ) ;
#6315 = CARTESIAN_POINT ( 'NONE',  ( -20.70808513007015605, 12.81022953883163140, 18.17948586170147607 ) ) ;
#6316 = AXIS2_PLACEMENT_3D ( 'NONE', #1731, #1849, #2763 ) ;
#6317 = DIRECTION ( 'NONE',  ( 1.000000000000000000, 0.000000000000000000, 0.000000000000000000 ) ) ;
#6318 = ORIENTED_EDGE ( 'NONE', *, *, #1377, .F. ) ;
#6319 = CARTESIAN_POINT ( 'NONE',  ( 12.69211370146485507, -20.62422489614740329, 18.50000000000000000 ) ) ;
#6320 = CARTESIAN_POINT ( 'NONE',  ( -20.62422484467235151, -12.69211365197583952, 18.07330398227670898 ) ) ;
#6321 = DIRECTION ( 'NONE',  ( -0.000000000000000000, -0.000000000000000000, -1.000000000000000000 ) ) ;
#6322 = AXIS2_PLACEMENT_3D ( 'NONE', #1513, #2615, #6064 ) ;
#6323 = CARTESIAN_POINT ( 'NONE',  ( -12.82414064653627683, -20.61168928554868174, 18.31245502271040237 ) ) ;
#6324 = VERTEX_POINT ( 'NONE', #4586 ) ;
#6325 = CARTESIAN_POINT ( 'NONE',  ( 21.29023094757183543, 11.39201614701060805, 18.32606195575485586 ) ) ;
#6326 = ORIENTED_EDGE ( 'NONE', *, *, #385, .F. ) ;
#6327 = CARTESIAN_POINT ( 'NONE',  ( 12.72502572552551925, 20.55121838604274842, 18.27208252806117628 ) ) ;
#6328 = DIRECTION ( 'NONE',  ( 0.000000000000000000, 0.000000000000000000, 1.000000000000000000 ) ) ;
#6329 = DIRECTION ( 'NONE',  ( -0.000000000000000000, -0.000000000000000000, -1.000000000000000000 ) ) ;
#6330 = CARTESIAN_POINT ( 'NONE',  ( 20.65508989364221293, -12.94248378347676898, 18.00000000000000000 ) ) ;
#6331 = ORIENTED_EDGE ( 'NONE', *, *, #5391, .T. ) ;
#6332 = EDGE_CURVE ( 'NONE', #2533, #75, #5697, .T. ) ;
#6333 = DIRECTION ( 'NONE',  ( 1.000000000000000000, 0.000000000000000000, 0.000000000000000000 ) ) ;
#6334 = DIRECTION ( 'NONE',  ( 1.000000000000000000, 0.000000000000000000, 0.000000000000000000 ) ) ;
#6335 = LINE ( 'NONE', #5370, #574 ) ;
#6336 = DIRECTION ( 'NONE',  ( 1.000000000000000000, 0.000000000000000000, 0.000000000000000000 ) ) ;
#6337 = CIRCLE ( 'NONE', #1808, 0.2000000000000091982 ) ;
#6338 = CARTESIAN_POINT ( 'NONE',  ( -0.6795804451154354719, -24.20715954415954485, 0.5000000000000004441 ) ) ;
#6339 = AXIS2_PLACEMENT_3D ( 'NONE', #4331, #5408, #4424 ) ;
#6340 = ORIENTED_EDGE ( 'NONE', *, *, #3636, .T. ) ;
#6341 = EDGE_CURVE ( 'NONE', #4855, #2717, #2714, .T. ) ;
#6342 = EDGE_CURVE ( 'NONE', #2249, #2929, #1166, .T. ) ;
#6343 = CARTESIAN_POINT ( 'NONE',  ( -21.16492239553630839, -11.99537024076989944, 0.000000000000000000 ) ) ;
#6344 = CARTESIAN_POINT ( 'NONE',  ( -10.98749999999998295, 21.10936921724570325, 18.00000000000000000 ) ) ;
#6345 = AXIS2_PLACEMENT_3D ( 'NONE', #3040, #2138, #4130 ) ;
#6346 = CARTESIAN_POINT ( 'NONE',  ( -20.11554220139738902, 12.86003837256330762, 18.49999999999999645 ) ) ;
#6347 = CARTESIAN_POINT ( 'NONE',  ( 36.06244584051393076, -2.121320343559637056, 5.705305031164280116 ) ) ;
#6348 = VERTEX_POINT ( 'NONE', #2144 ) ;
#6349 = CARTESIAN_POINT ( 'NONE',  ( 20.24886574288557739, -12.83026791276172140, 18.50000000000000000 ) ) ;
#6350 = DIRECTION ( 'NONE',  ( 1.000000000000000000, 0.000000000000000000, 0.000000000000000000 ) ) ;
#6351 = DIRECTION ( 'NONE',  ( 1.000000000000000000, 0.000000000000000000, 0.000000000000000000 ) ) ;
#6352 = EDGE_CURVE ( 'NONE', #1143, #1457, #236, .T. ) ;
#6353 = CARTESIAN_POINT ( 'NONE',  ( -0.8363640896100825728, -24.21517551389649014, 18.36113832892215569 ) ) ;
#6354 = ORIENTED_EDGE ( 'NONE', *, *, #5331, .F. ) ;
#6355 = AXIS2_PLACEMENT_3D ( 'NONE', #1433, #5853, #2926 ) ;
#6356 = CARTESIAN_POINT ( 'NONE',  ( 21.26443907219745810, 11.24204889892394199, 18.45554554181472184 ) ) ;
#6357 = EDGE_LOOP ( 'NONE', ( #4788, #6383, #2475, #6 ) ) ;
#6358 = CARTESIAN_POINT ( 'NONE',  ( 12.86003837256331117, 20.11554220139739257, 18.50000000000000000 ) ) ;
#6359 = AXIS2_PLACEMENT_3D ( 'NONE', #1906, #2902, #4866 ) ;
#6360 = CARTESIAN_POINT ( 'NONE',  ( 24.15920512820513366, -0.8737462865769658471, 0.5000000000000004441 ) ) ;
#6361 = DIRECTION ( 'NONE',  ( 0.03614255580462648332, 0.9993466443931804388, 0.000000000000000000 ) ) ;
#6362 = EDGE_LOOP ( 'NONE', ( #2399, #2588, #3158, #5060 ) ) ;
#6363 = CARTESIAN_POINT ( 'NONE',  ( 20.70808513006992158, -12.81022953883174154, 18.17948586170181002 ) ) ;
#6364 = ORIENTED_EDGE ( 'NONE', *, *, #2530, .F. ) ;
#6365 = DIRECTION ( 'NONE',  ( 1.000000000000000000, -2.478176394252571872E-15, 0.000000000000000000 ) ) ;
#6366 = DIRECTION ( 'NONE',  ( 0.7208767163783651455, 0.6930633158547250261, 0.000000000000000000 ) ) ;
#6367 = DIRECTION ( 'NONE',  ( -0.5000000000000013323, 0.5000000000000009992, -0.7071067811865459074 ) ) ;
#6368 = FACE_OUTER_BOUND ( 'NONE', #5367, .T. ) ;
#6369 = CARTESIAN_POINT ( 'NONE',  ( -21.35935851955342457, -11.32291608346458389, 0.5000000000000004441 ) ) ;
#6370 = EDGE_CURVE ( 'NONE', #4826, #498, #4517, .T. ) ;
#6371 = EDGE_LOOP ( 'NONE', ( #2943, #4238, #5825, #337 ) ) ;
#6372 = FACE_OUTER_BOUND ( 'NONE', #1438, .T. ) ;
#6373 = VERTEX_POINT ( 'NONE', #3077 ) ;
#6374 = EDGE_CURVE ( 'NONE', #5153, #2066, #2657, .T. ) ;
#6375 = ADVANCED_FACE ( 'NONE', ( #3663 ), #6011, .F. ) ;
#6376 = ORIENTED_EDGE ( 'NONE', *, *, #3965, .T. ) ;
#6377 = CARTESIAN_POINT ( 'NONE',  ( 11.65077714896309224, 21.97783012094686583, 0.000000000000000000 ) ) ;
#6378 = ORIENTED_EDGE ( 'NONE', *, *, #2241, .F. ) ;
#6379 = CARTESIAN_POINT ( 'NONE',  ( 20.56767331040401103, -12.72036561973903446, 18.26915352020174410 ) ) ;
#6380 = DIRECTION ( 'NONE',  ( 1.224646799147353207E-16, 1.000000000000000000, -0.000000000000000000 ) ) ;
#6381 = CARTESIAN_POINT ( 'NONE',  ( -21.28082637334613736, -11.08929415181395939, 18.49999999999999645 ) ) ;
#6382 = CARTESIAN_POINT ( 'NONE',  ( -12.72502572552560629, -20.55121838604273776, 18.27208252806131838 ) ) ;
#6383 = ORIENTED_EDGE ( 'NONE', *, *, #4970, .T. ) ;
#6384 = ORIENTED_EDGE ( 'NONE', *, *, #2121, .T. ) ;
#6385 = EDGE_CURVE ( 'NONE', #5469, #2066, #4982, .T. ) ;
#6386 = CARTESIAN_POINT ( 'NONE',  ( 0.000000000000000000, 0.000000000000000000, 18.00000000000000000 ) ) ;
#6387 = ORIENTED_EDGE ( 'NONE', *, *, #1177, .T. ) ;
#6388 = LINE ( 'NONE', #3401, #2192 ) ;
#6389 = CARTESIAN_POINT ( 'NONE',  ( 11.41659067360702373, 21.53606469138010837, 0.5000000000000004441 ) ) ;
#6390 = ORIENTED_EDGE ( 'NONE', *, *, #3428, .T. ) ;
#6391 = CARTESIAN_POINT ( 'NONE',  ( 20.55277510732833690, -12.83190030536366066, 18.36113832892208819 ) ) ;
#6392 = DIRECTION ( 'NONE',  ( 1.000000000000000000, 0.000000000000000000, 0.000000000000000000 ) ) ;
ENDSEC;
END-ISO-10303-21;
